,I,aVR,V1,V4,II,aVL,V2,V5,III,aVF,V3,V6
0,-0.017316017316017316,0.06060606060606061,-0.04329004329004329,0.15151515151515152,0.09090909090909091,-0.0021645021645021645,0.01948051948051948,0.010822510822510822,0.05627705627705628,0.06926406926406926,0.05627705627705628,-0.010822510822510822
1,-0.0173192143066684,0.06443144559484659,-0.03937905940357483,0.15156988252581063,0.0909061023961841,-0.0005798187725260431,0.021845131045156254,0.008594973105071598,0.05627696407845413,0.06926406926407917,0.06073898366300631,-0.008577331614936715
2,-0.017300130084307946,0.06025030357581957,-0.04405590605595065,0.1512425632645207,0.0909239623844433,-0.004539235007797198,0.02094638143393527,0.00867041247534415,0.056277515852494096,0.06926406926401991,0.060552551792805616,-0.008758312768903065
3,-0.017661534481035655,0.060343431823058395,-0.04105211924796374,0.1532625012621339,0.09082910341072299,-0.005508403445544162,0.026091999294118023,0.008725970975687645,0.05627459544365631,0.06926406926433379,0.06062270676463991,-0.008254764313610394
4,-0.030339704493177452,0.06302735300444505,-0.04106423593768298,0.15593301751499442,0.09127241764788908,-0.011560142485968788,0.039521646878672316,0.008319090315336848,0.05628812396225049,0.06926406926287655,0.060595943601433964,-0.011130065519972402
5,-0.04583638178258038,0.06519665848450959,-0.043450468259219936,0.15699290546662234,0.08824510165385892,-0.012868750147884307,0.05135987489149452,0.009945363472616112,0.05623544174255077,0.06926406926857695,0.06063124964515146,-0.012932018426647908
6,-0.05054756539296556,0.06498261311707478,-0.043814312928551,0.1453613545816995,0.08319588176995242,-0.01625656010957934,0.06728205665688287,-0.0020810470950322815,0.056397930325792864,0.06926406925080256,0.06053577937582671,-0.016310795730428984
7,-0.06017143123287177,0.0648591507249551,-0.03495654373154865,0.134841187612646,0.07804848880270152,-0.02153401229434336,0.07338400707139313,-0.008484464635428733,0.05612585623495215,0.06926406928215598,0.060685535037903506,-0.021443286294781466
8,-0.06068182038662847,0.06953359738897805,-0.024676389579899833,0.12071193033687416,0.0777636754777513,-0.021625734754597874,0.07824522025920336,-0.013099769962280888,0.06611427665586353,0.06926406939413914,0.06145018751534806,-0.0264435635902157
9,-0.06532462145294048,0.06892285051575314,-0.01170562403592003,0.12162658175862548,0.07320107802379204,-0.02146548489382417,0.08263158473431578,-0.013720670234967088,0.07972901180913985,0.06926406784149294,0.0754817359401288,-0.03001141741119292
10,-0.0647983010721461,0.07087866713322127,-0.003802454496824275,0.12008608416093426,0.07372343393264856,-0.0230607459545518,0.08151867467270915,-0.01754721264555151,0.08240933402884619,0.06926407803286268,0.07933046996091837,-0.034471918098918135
11,-0.06497233540387083,0.07400708431863741,0.0051423834103561635,0.11428791724940393,0.0735587898043404,-0.026416233154156865,0.0863261766435989,-0.018980996657772847,0.08221135688470761,0.06926402672935501,0.08409701632544078,-0.044636545939051205
12,-0.06492648636678534,0.07350994052525324,0.006976443802578403,0.11275390981566166,0.07360067099819673,-0.025879888152283134,0.09118578158559844,-0.024347205323239182,0.08225942128588787,0.06926424198322993,0.09213787626654782,-0.04300339762994932
13,-0.06493671998714058,0.07360583921300344,0.008991160585797508,0.1092112327258688,0.07359168936097939,-0.025990101507969224,0.09406528379598704,-0.02956862934986922,0.08224969224965613,0.06926349820841814,0.09913025597402,-0.043338992177841595
14,-0.06493482388246725,0.07359214904684794,0.008468447555939524,0.10812092374841233,0.07359324922494993,-0.02597229618151536,0.09538286780115354,-0.030375526148095276,0.08225122100355173,0.0692653029401846,0.09960269772362489,-0.04328477711972857
15,-0.06493507820066174,0.07359282289658303,0.013157798811389235,0.1082225198956774,0.07359307221519451,-0.025973918691951037,0.09523538924712954,-0.03030751456560683,0.0822510958831938,0.06926570983745357,0.09957185803558545,-0.04328971791945814
16,-0.06493506476214363,0.0735932104967126,0.012702662617224152,0.10819550644123856,0.07359310845317728,-0.025974156195390827,0.09512270258539866,-0.03029787263407117,0.08225106533916235,0.06922470158194223,0.09956672734558822,-0.04329040863942406
17,-0.06493512677265827,0.07359306059932864,0.01438266313699881,0.10849081379612655,0.07359272585394291,-0.025973932890997295,0.09621712559814656,-0.03030478426448323,0.0822511218139823,0.06954530228762645,0.09954671124214161,-0.04328998252200135
18,-0.06493467114767265,0.07359292839611362,0.017753083562664633,0.10646360870519207,0.07359504341237129,-0.025974292027395502,0.1000326546097664,-0.03030316234156406,0.08225089864113914,0.06742879228894638,0.09967586935861056,-0.043289683527540826
19,-0.06493697838084538,0.07359370295396023,0.01721999235547032,0.10349393432708566,0.07358403241625723,-0.02597292001300423,0.09945483682023852,-0.030300340419607486,0.0822518614945401,0.06454369292924592,0.09911004634652713,-0.04329176076759021
20,-0.06492720727395977,0.07359103141749791,0.017340138507649188,0.10397401564660654,0.07362805932974852,-0.025978017254998334,0.09958837349187732,-0.030313163108146045,0.08224833400947026,0.06500877283984403,0.10287839824583432,-0.04328380102094516
21,-0.0649619149142722,0.07359708151883253,0.017296700487664886,0.10388459294888036,0.07348469894146922,-0.025963242630668168,0.09956858825599453,-0.030275594186564305,0.08225807760794189,0.06492497215773699,0.10407556097918286,-0.04330691441149733
22,-0.06486959006728223,0.07360289373733292,0.017292944087830664,0.10389696191927913,0.07378477699228424,-0.025981634754421386,0.09955829949872476,-0.030322391516877104,0.08224975305256427,0.06493540569442258,0.10393142756801757,-0.04327813871995599
23,-0.06493120656562512,0.07342863260896688,0.0178965250053016,0.0982465311634077,0.06915639461146722,-0.026145711220195832,0.09953617398538836,-0.03073048415257287,0.08211350242878226,0.0649354015887165,0.10856349706914209,-0.043030965777116965
24,-0.07261564307044144,0.07485294431916073,0.022076238418530604,0.07988693722840448,0.06886282606927104,-0.03256535481951554,0.1072748965432954,-0.03447212907840313,0.08346041200402922,0.06493499662586008,0.10784671062101377,-0.045807463644122554
25,-0.10245834859920142,0.0784841688765569,0.021630372756974343,0.07807441573104554,0.06317008031198719,-0.03976945066866334,0.1399829002311278,-0.03857771316928958,0.08593109441257797,0.06493461092718888,0.10999902310968769,-0.05935551448472237
26,-0.09871889846175633,0.0773574604875803,0.02120717469302464,0.0766618253007937,0.06028266502256189,-0.038763454653885615,0.15907225101073974,-0.05309127477203021,0.09355897325243615,0.06493738351535402,0.11307382582581724,-0.060180082873020485
27,-0.09980316339289683,0.08128831197687221,0.026500770932319333,0.06749483789126236,0.060678317902682334,-0.039002009641045145,0.1649725252444779,-0.05922416579121616,0.10050283800521068,0.06492597209770928,0.11347216078651878,-0.0637848009274601
28,-0.09940094238637916,0.08235380417485914,0.04560924257378265,0.06485946956025024,0.06059274046097096,-0.03895260234847727,0.1722510534903591,-0.0640218275510933,0.09942645425674705,0.06496336216435765,0.13553405331059165,-0.06433000367473093
29,-0.09996460247341699,0.08225423756563013,0.05619771333199205,0.06118866339229991,0.06060780974566306,-0.038965100071885216,0.17689795621573942,-0.06889805271690815,0.09957639231117,0.06488532432061597,0.1428341087096982,-0.0731552078036016
30,-0.09550267341910036,0.08224506097419133,0.07550790929175515,0.0562135616346516,0.06060602773522496,-0.038973893236209874,0.18172873360414477,-0.07370877741019252,0.09957024022784461,0.06475301537984593,0.14797944175740058,-0.0736904285933779
31,-0.09526901051767882,0.08225334199971517,0.08273594860666866,0.056340470821283906,0.060606095178251385,-0.03878448576884038,0.19124207728361378,-0.07351493081180951,0.09956514611539699,0.060284533282853846,0.15813366745823065,-0.07834578330575252
32,-0.09521269679160917,0.08225045849457506,0.0818515807143605,0.05625440310021681,0.06060520351551862,-0.040269859021669886,0.19595860543010135,-0.07361922766226092,0.09956934906574005,0.06042030778230568,0.16685164707890465,-0.07778042259495994
33,-0.09525053326841176,0.08225122478135123,0.08421871727100805,0.05628322293298991,0.060611093700296666,-0.043740306923711995,0.19961119865850938,-0.07358607064433792,0.09955863936161238,0.06256000498473285,0.1687567770379694,-0.07795922067040076
34,-0.09521637498831535,0.08225105409778308,0.08995045015680879,0.05627565287625388,0.060582736945523866,-0.04319122146032761,0.1986880978980738,-0.07359522092356142,0.09960079510615978,0.06531114936391634,0.1712609969346426,-0.07791391088531276
35,-0.09532241256716525,0.08225109022960624,0.09102843867319048,0.05627732027725514,0.06069709830061596,-0.043307556968529386,0.2017111563559271,-0.07359058644657042,0.09945681276623222,0.06486783584722716,0.17694462025596552,-0.07792357748825421
36,-0.09345884622175159,0.08225108024092039,0.09090265394852887,0.05627702010341697,0.06032007763538593,-0.04328828081706759,0.20692211046167874,-0.07359847536708966,0.0997973277710594,0.06494324295085209,0.17752105540216642,-0.0779217994500059
37,-0.07948300856571874,0.08225100231742166,0.09090751496990074,0.056277057522785855,0.064483063311514,-0.043290110888426755,0.21171628259140066,-0.07359434991614562,0.09514726694016169,0.06493515803322954,0.17745430775147486,-0.07792205186710555
38,-0.0779114844260599,0.08225176012108878,0.09089511169595435,0.056277057879811125,0.06935674428363452,-0.04328124582554617,0.21654059986677882,-0.07346899664370475,0.09528919422494721,0.06493447237401725,0.17807863814394304,-0.07792442807777082
39,-0.07306601099614302,0.08224725859331704,0.09100164027844154,0.05627705247150149,0.06919427908725483,-0.04335933206968888,0.21651367735181287,-0.07465077909546927,0.09548886214795722,0.0649365640359556,0.18328697682086947,-0.07790385421132999
40,-0.0689413022228449,0.08226848558507077,0.09046773410327702,0.05627707524990917,0.06928806313366591,-0.042911127085189474,0.21555026643766367,-0.07838636029316258,0.09339567497532937,0.06492772822148853,0.18868061312462453,-0.07802165925891875
41,-0.06967651819413274,0.08218536791492376,0.09382144551665046,0.05627696844287262,0.06925753025258691,-0.04569816719382081,0.2223428070464768,-0.07781296892834308,0.09039867660097292,0.0649677251238493,0.19008849734564898,-0.07747608191677971
42,-0.06717425160229244,0.0824412275091944,0.09540657423605647,0.05627740058639401,0.06926602952863277,-0.04791620982364863,0.22979520731058356,-0.07794328946286978,0.0914222105912183,0.06481278805059244,0.19635428026629195,-0.08097132946620239
43,-0.06457979326564313,0.0820274641213909,0.0952737939098379,0.0562759734319789,0.06926196605639962,-0.04757519137906365,0.23521393759506012,-0.07791928714701406,0.08706807229629275,0.06528890563095015,0.2073121791773988,-0.08250955699224445
44,-0.06499848057702352,0.09134616617149152,0.0954241313590137,0.05627905418357328,0.06926896948546624,-0.0476216854511636,0.24229567861159199,-0.0779218240869267,0.08657185195913555,0.06074343965659912,0.20782190582392512,-0.08212385369681575
45,-0.06492726993342869,0.09069137375068717,0.09979721326063365,0.05628311282802714,0.06926112549805832,-0.047620147461897425,0.24237554924306967,-0.07791826539120274,0.08656104690623748,0.06066173251675162,0.21291802213507366,-0.0867838604527446
46,-0.0649350213442294,0.09097436703406693,0.10054213225015401,0.056186217965937105,0.06918601146502193,-0.0476181966951753,0.2469180301343093,-0.07796249033120853,0.08658690580497329,0.06057741564923455,0.21772306729289748,-0.08647523346156398
47,-0.06493529523232178,0.09090069055439709,0.1059959023682917,0.056881198114072044,0.07001489961728961,-0.047621040964783375,0.24754779595112467,-0.07767640209074869,0.08658483146518353,0.060615009458600405,0.22255829864871554,-0.08661287375665104
48,-0.06493617660766615,0.09088040385738524,0.11113727059104953,0.05239016584193132,0.07526059920065958,-0.04761025014297918,0.25163267866527617,-0.07962756392842316,0.08654818695213308,0.0606038480114204,0.22807417717346476,-0.08657183361578184
49,-0.06492808577694119,0.09100859238830317,0.11297791630865385,0.04688424828157061,0.08046119376391378,-0.0476543068496295,0.25072934325097723,-0.0854196714621524,0.08670401637403946,0.06060636395089989,0.22918462952864324,-0.08658181823811105
50,-0.06496711149465832,0.09073718937581222,0.11200474535097175,0.047692757589864396,0.08252775581413886,-0.04750393125482253,0.25317494036821553,-0.08673817464702564,0.0862092485437952,0.06060654417796428,0.2332708744752025,-0.0865798274942652
51,-0.06481089633157977,0.0954226762745198,0.12131580367906807,0.04776294248038939,0.08217449767193757,-0.04785859236664429,0.2623401367324767,-0.08656478026320132,0.09073605906139696,0.06060489575684186,0.2337476083162734,-0.0865800452903392
52,-0.06532414678593584,0.09473188913707829,0.12158984843419124,0.04758827085355592,0.08231922549684459,-0.04321777669512132,0.2680837942400684,-0.0865806533515672,0.09087774702737125,0.06060404705775968,0.23881666231240425,-0.0865799660085676
53,-0.06086572273581313,0.08807216972069826,0.12605429760663767,0.05678781725567285,0.08240041078114374,-0.04294080265435182,0.2729255795410323,-0.08654316459726416,0.09072718737759218,0.06064713234026349,0.24230470268414403,-0.08658259212974885
54,-0.060638039586172116,0.0794126715798673,0.12540046454988882,0.056520736607634216,0.08660169311173421,-0.03727883185858474,0.2778148670954239,-0.08684692917659337,0.09239423714222986,0.060318721427442865,0.24526660067907696,-0.08656254213566257
55,-0.060580584705469676,0.07773381803390833,0.12557317487356695,0.06459571390111744,0.08893943102033244,-0.03430565232809397,0.282735924520653,-0.0848165641023386,0.09525444804946413,0.06247391045570102,0.254013904825658,-0.08667132121840362
56,-0.06061764737175765,0.07795414301693196,0.12553470862315674,0.0692108321801629,0.09589843963675299,-0.03470588750377969,0.2875938346677498,-0.08058236855420287,0.09792743848587704,0.06532178429164517,0.2577747143073587,-0.08618676338257036
57,-0.06058893708184114,0.07791869370806118,0.12554319226709154,0.0745980625525228,0.09708673876643276,-0.03461830562808379,0.29269264987874194,-0.06845357710580247,0.09980729611993647,0.06486300418508482,0.2667393946488362,-0.08798881433582478
58,-0.06067034344059933,0.07792184062399164,0.12554058220484107,0.08437485636424406,0.10317246760862857,-0.03463379065330649,0.296873756181967,-0.060871369466978825,0.09954101210646954,0.0649447356790864,0.27270663908260556,-0.07229912810525851
59,-0.058890371566554,0.07792231322180729,0.12551802927803085,0.09914150331838006,0.10375460329808128,-0.03463203322100794,0.3064564286337168,-0.056421911434197065,0.09956498242496467,0.0649348040640347,0.27315469923894514,-0.056354793955681534
60,-0.04462750074799294,0.0779220964787376,0.12573642876438593,0.09987717764086163,0.10808233370965852,-0.03463339753787233,0.3073401233670404,-0.04147034950683255,0.09958037636639702,0.06493418927022716,0.28253321385946467,-0.04993243478406445
61,-0.043508140505590404,0.0779215422217697,0.12443965312636508,0.10908249875679688,0.11275610533291103,-0.03461966893695266,0.3122159030374366,-0.020440945833051744,0.09948500617495526,0.0649396713942041,0.2889399235489932,-0.027787450629731494
62,-0.029629561758434637,0.07792446588896464,0.13258474073504933,0.10779064068124818,0.11222041773632667,-0.03470276418172025,0.3253202037209404,-0.009187450331721107,0.09999402074475677,0.06490962466478394,0.2942929514477338,-0.022517534778181574
63,-0.030588226531597627,0.07791368483509224,0.13956739375293664,0.10956337776563939,0.11428542382526044,-0.034305410487886316,0.34535490949476694,0.003912811286986395,0.09689671843584538,0.065052330007106,0.30105435301439193,-0.0030064097330430102
64,-0.03052561567224555,0.07794284844258953,0.13801927467130357,0.11800950327327366,0.11643309091666265,-0.037138995871895966,0.348096442793952,0.027417292822198524,0.09541230150495246,0.06448133117681039,0.32078405266690607,0.029394596682035583
65,-0.028254237348246544,0.07792444602224734,0.1427381402156571,0.12450747933050893,0.12252922514870963,-0.0427420589461643,0.35342540941128375,0.06400106783382672,0.09146480116553181,0.06850184750608156,0.33661525439245005,0.05517034156056484
66,-0.0256081229352097,0.07744670306939716,0.14295583274332782,0.12966443399824848,0.12597539268799512,-0.043331551731803246,0.3585646345027615,0.07286927722981293,0.09089546324124638,0.06936601913910222,0.34664112921076023,0.0899421062117534
67,-0.026043412090011386,0.07315307222682305,0.14906279241448053,0.1299280636781346,0.1254990822881652,-0.043298392964909546,0.3626945056552742,0.10617819168055963,0.09088883998816794,0.06947534977842933,0.3559901377570132,0.0973444366110832
68,-0.02595527472266697,0.07371719452303602,0.1581269734690523,0.13926283391452243,0.1255415219539761,-0.043285692853081065,0.37681068330762213,0.1472772001864444,0.0909178407146588,0.07396170692540559,0.3606977968700472,0.14696499692083562
69,-0.025971996061992818,0.0735642964545627,0.16037637482560374,0.13750024427068094,0.12546246104038974,-0.04328572737937134,0.37802962163276066,0.18097446345761037,0.09090651238209828,0.07347172389381713,0.3648193445384082,0.15244444107900593
70,-0.026216621924447552,0.0735985335124523,0.16024983468634935,0.14377991658585026,0.1262333604168516,-0.043319698260337616,0.39195085602877794,0.18991913548604658,0.09090971963398102,0.07362461729847317,0.37554395658362516,0.18851243146043925
71,-0.02391114234019965,0.07359237810838343,0.15978161679721373,0.1527981376468386,0.13359132112441863,-0.04316518721666945,0.39585077443656236,0.21570889250100853,0.09090893816388076,0.07358616186843445,0.3850347315438041,0.21632733288274633
72,-0.016665279831311858,0.07359304990425414,0.16423991150358666,0.150974982247793,0.14181607117528872,-0.04371605323139438,0.399415947820133,0.22664824468342795,0.09090919460459627,0.07359444374184843,0.38780504683928696,0.2227551171652696
73,-0.01562651501241006,0.07359212301930411,0.16447753545004976,0.15481150295249937,0.14267936730989275,-0.03936273992910994,0.41515398858751057,0.24473763702612186,0.0909089578111788,0.07359255960292378,0.4111544432054225,0.24448461738243873
74,-0.009894634138277209,0.073601960468551,0.16436255027374314,0.1601708864286941,0.14626139761706175,-0.038970251533624545,0.42394632754271505,0.25544165590512824,0.0909084025331456,0.07359288501160226,0.42046944894840693,0.2510594589862623
75,-0.005681225442584775,0.07354151959689544,0.16575016729065442,0.1610085004223069,0.1514515439689826,-0.038938871684705965,0.42843582115490686,0.25558014236432225,0.09091738758761639,0.07360244303697089,0.42536970010048086,0.25172219610210556
76,0.003774855010744534,0.07383208949615291,0.16950639494474223,0.15828337612589582,0.151517807917047,-0.03896953779169062,0.4336569043490204,0.26228625836097585,0.09085663319967976,0.07352203693600579,0.4305513501030931,0.25498433503361473
77,0.008981483491653966,0.07267268339617672,0.16780019948506433,0.12670884053462966,0.15108895382897228,-0.03895864797125372,0.44293423621807887,0.27006753959696733,0.09116704252070695,0.07397697006130446,0.43421446536320846,0.260883627287909
78,0.01847207581237124,0.08084928147288883,0.1755610081060779,0.11218929857675472,0.15457937463447036,-0.038961609576045976,0.4583815628952397,0.2782998967552713,0.08883631157124565,0.07115166750931927,0.4481284711445223,0.2681096164966821
79,0.022830837014192102,0.08235381367866698,0.1776947708192291,0.08348173296553882,0.1606081181153756,-0.038960879714564974,0.4743460429945927,0.280170543606697,0.08037339149049536,0.06897528955892067,0.46920142113343216,0.2780755715700018
80,0.028045194323291837,0.082345370785898,0.17749532356926082,0.034196038590283084,0.162833965231519,-0.038961200970752105,0.4872054593172916,0.29600723282236335,0.0698196711173717,0.06929952116005858,0.4803369312419213,0.28024654526551523
81,0.032207465466005517,0.08143853603291308,0.17748612920272744,-0.006665471996642541,0.1647206294142641,-0.03896087640151561,0.4971406836416153,0.3105128644772594,0.06929091709976565,0.06926920660547443,0.48591949724374944,0.3023237248040233
82,0.04119450071600557,0.07746132353204459,0.17753401641007463,-0.04080431104460836,0.1645381760386454,-0.03895928079551646,0.5056114154226184,0.3237517414296448,0.06922782035039407,0.06934323502400078,0.5059223607562033,0.290333793607872
83,0.043556555889995484,0.07803837301508738,0.18947550532538343,-0.11262922788831653,0.16459082723358082,-0.038978501390018926,0.5156171146526848,0.15433445378171623,0.0692787537859814,0.06841381732645538,0.5180717028223495,0.21836809618013928
84,0.04327785060137082,0.07789599784937185,0.20073348697298826,-0.15560955093951997,0.16915958463224526,-0.038856483941023506,0.5339895123277388,-0.0008727102922088197,0.06925284176913558,0.0644931508593111,0.530616485090509,0.14472508424869882
85,0.04330358266604717,0.07793210862978188,0.19838743135012502,-0.22599448436241848,0.16874453064640055,-0.03945921537076451,0.5387307110174387,-0.06421124131142207,0.06929798273516352,0.06493494573749709,0.5412460143525176,0.07589297003127735
86,0.043086942890266405,0.07791008246811623,0.20302799825600798,-0.2619185771473566,0.16868443788048001,-0.03585557731969992,0.5490782747706081,-0.10798717840205652,0.06914404521276478,0.06537608009397189,0.5626707770105881,0.04608047851849764
87,0.04472302321817469,0.07789057324913165,0.20343941502132032,-0.29111174075147483,0.16961057377921818,-0.03522759287476763,0.5609792974656199,-0.12850927674908816,0.06958770774895341,0.061448276286797575,0.5750998059020848,0.031858312908395144
88,0.04802300159209673,0.07842269453356279,0.20845823512262215,-0.3191822331447349,0.16302791885502332,-0.02658035881872966,0.5765191101652574,-0.1383219539444179,0.06499894271492312,0.0605238449382748,0.5845624238387038,-0.0023928179652247406
89,0.04768131063389297,0.07411123457555675,0.21242382667584425,-0.32915991332464173,0.15604611077713193,-0.026031443325018506,0.5874879017215461,-0.14743362721337794,0.06500299010350677,0.060589340284139724,0.5925867319699529,-0.008681242521858545
90,0.047100326712563055,0.06317702109682204,0.21203684621495353,-0.329689483791582,0.15592209172682753,-0.025967995360825107,0.596939085270584,-0.1468191302864701,0.06490496063360647,0.060772253263950846,0.6193374636302114,-0.014061455318254331
91,0.04889659273174396,0.06789226152822542,0.21212024249510306,-0.3393104255184703,0.1512106821835396,-0.0256775860591658,0.6111243140524666,-0.1484928960542544,0.06494364480517958,0.05937742594436243,0.6279052265166836,-0.017295376729009743
92,0.025868373910820353,0.06956342007039161,0.2122025611674019,-0.34258864736583095,0.144566214504764,-0.02797861854134094,0.6161765579977836,-0.1519164510488792,0.06493472862270988,0.05581390037038703,0.6475420899947556,-0.01934079210295028
93,0.021831662170041663,0.06898592432814689,0.21186717121768556,-0.3538712468927514,0.1316807564478766,-0.03022003915067029,0.6266696558937094,-0.15156827012058693,0.06492834760280522,0.05641254743254562,0.657933184841453,-0.021154614266852695
94,0.02084178147928907,0.07364939410631113,0.2161275883806948,-0.3580850431876449,0.12806339875076544,-0.03349357982457227,0.6361888251530081,-0.15099745883551927,0.06495698191440849,0.056140207844742246,0.6605457906976316,-0.0279486561028674
95,0.015215822575957817,0.0733671016421839,0.22078700008298052,-0.3761794330915073,0.12241162322371806,-0.03474732386479739,0.646429049121795,-0.15829616872971544,0.06489871618355458,0.05658471307164061,0.6840729470472042,-0.03359814632524459
96,0.012679562657462968,0.07477624769478197,0.22228896687523755,-0.3923253508275827,0.12104710717151329,-0.03463731377730311,0.6530121115761771,-0.17308065354960056,0.06477208499459018,0.05197708869216494,0.6892472481603956,-0.0558889903450353
97,0.01304141786708631,0.07837354763545824,0.2304820358482098,-0.4207242782803379,0.12122559686984144,-0.03503718017017638,0.6570789259339025,-0.19096751635386916,0.059688370794458684,0.05202097994139956,0.7063590060818514,-0.09769891019533433
98,0.013004128393834153,0.07781724353588156,0.2287646583303681,-0.42400898916185226,0.12120765682091122,-0.039391078300849945,0.6712812150750409,-0.24982961267841772,0.0545870330363945,0.0519173821072787,0.724202988432482,-0.11651397166746913
99,0.012937658867808217,0.07795020677616936,0.23232490826827776,-0.4445244563704549,0.12135924795851692,-0.03883543728730913,0.6811181400261505,-0.28238332435466207,0.05158913631740627,0.051957044090735274,0.7396221531924116,-0.14754895124656603
100,0.01283906647883034,0.0778956560391375,0.23397668334548596,-0.5182171816928196,0.1200289134877379,-0.03899120905462049,0.6891851484034961,-0.3318688757081292,0.05202568200167301,0.051945734623209956,0.7473414235766803,-0.21111394970959257
101,0.00827404198304235,0.07793020687964608,0.2337314263204875,-0.5746342040927391,0.11675180183238697,-0.03895498942441889,0.6874009985675169,-0.37130079127076204,0.05193464304059562,0.05194912032158343,0.75689366353263,-0.2688177505342023
102,0.008987174225356569,0.07837663647745144,0.23372750562719236,-0.5791345889692553,0.11478531370361418,-0.038961974759623826,0.6929572845099213,-0.4277071635285967,0.051949242697101175,0.051946061136098266,0.7571734304650927,-0.3273728591228378
103,0.007189835671466817,0.08241912643212686,0.234412504062272,-0.557800096941289,0.1099066917362101,-0.03896096769411545,0.7001030706345781,-0.5097349468646994,0.051947827735901654,0.05195104051651935,0.7804146546851366,-0.3569916059920635
104,0.001273389400284502,0.08389343389435423,0.23856804090017297,-0.5326151614822718,0.10106879134560479,-0.038961020063757595,0.7053646514346066,-0.5953789808452026,0.05195783110131722,0.051963822846135974,0.7867282694111495,-0.42287413181412337
105,0.00029735644148555897,0.08663112316894055,0.23789506920898412,-0.5219605855781588,0.09527460261161118,-0.03896106796121543,0.7053161010014725,-0.5714968893240235,0.051874944181838266,0.05175869760611239,0.8041672836098481,-0.4260734758891899
106,-0.0038756510019198236,0.08932800664317997,0.23845560279573208,-0.48760162095293524,0.09497754196588191,-0.038960916948431956,0.7192332643761421,-0.5324294253121832,0.052338559352303776,0.053319218196483116,0.8064192390442555,-0.4117012770565446
107,-0.004202993705405352,0.09178456324768262,0.23521893727606663,-0.44907838497085584,0.0906288198087077,-0.03896162421052908,0.7184242740583886,-0.5218898553377145,0.04945708133581385,0.056722079061664404,0.8160097787609836,-0.4056573600539138
108,-0.013801345480362678,0.08248139250663004,0.229689130050506,-0.4387510980728993,0.09005365460564589,-0.038958633390565586,0.7177071111994664,-0.5119697764927973,0.04734261863682278,0.05618158328622153,0.8175438732773082,-0.3927392252519649
109,-0.016891453857225038,0.08236678861395835,0.22941980907884343,-0.4147493275332087,0.08297476701199491,-0.03896914679902876,0.7108090626909681,-0.49744606927095847,0.047644998816866346,0.05629168688641688,0.830089144463836,-0.37444183726044633
110,-0.021448038448507276,0.08219455293723248,0.2243855237882987,-0.4031569039287296,0.06990258144818585,-0.03894253754962652,0.697111044073313,-0.4772373237705633,0.04762839055932721,0.05628000618639515,0.8401091601706022,-0.36860508137182113
111,-0.032689433592867786,0.08226834272855489,0.21957313908651768,-0.3872343105042414,0.05764402882552254,-0.038946452302832286,0.6870085238132917,-0.47146232955062506,0.047808040985616494,0.056280819135767025,0.8454611204439195,-0.35916674185952013
112,-0.042000167072577206,0.0822468399981091,0.21460829834561912,-0.35356534964525815,0.05290058384503305,-0.039486936837590206,0.6678176785572025,-0.4397912099942377,0.04574398365403568,0.056143168352112,0.8562692963108636,-0.35447516922931155
113,-0.055188991837586805,0.08225194682427435,0.2096920567312086,-0.3398728257045673,0.03878078845003234,-0.043735083030338184,0.666556539636611,-0.429639906766116,0.038380785133931276,0.05737513426094211,0.8618899655954265,-0.3487116931118127
114,-0.056136119515444075,0.08225094727886788,0.20477162339235389,-0.313625681096715,0.034176326929287223,-0.04316625364468426,0.6526977205815168,-0.4044040810781707,0.036940990898728265,0.06117215079757932,0.8454546522585605,-0.33652463864544496
115,-0.06062961228005577,0.08225109086634894,0.1998259923620912,-0.27756937577495916,0.028798299240680465,-0.04331866915138186,0.6447841540623359,-0.401042063227586,0.034260281068513546,0.060040694129215845,0.8400855034097753,-0.32263883989693126
116,-0.06052036034956184,0.08225107357774379,0.19492774405477958,-0.22783667353657583,0.025626600211215853,-0.04328455944281394,0.6306638618893678,-0.36476347163350414,0.034691432508854605,0.0637697337230144,0.828453288117229,-0.3004871621864936
117,-0.060639880347005126,0.08225122089086159,0.19022759634614006,-0.20960557637671168,0.026055676450176594,-0.043290821103791614,0.6135900297630967,-0.33710005631936096,0.03462671902830861,0.06508318292684984,0.8180011567299456,-0.2838899365466346
118,-0.06059632038664832,0.08225018588902512,0.19102521903095607,-0.17447022143768792,0.02595740241313382,-0.04329000727129602,0.5971395166445216,-0.3041037108067262,0.03463020839366116,0.06492808783308845,0.8031514504862901,-0.26435168354868993
119,-0.06060840465501037,0.08225550616487112,0.187284207054224,-0.1383818217279936,0.02597826872502446,-0.04329002056426269,0.5943426692286474,-0.26959372413809624,0.034645465810115926,0.06492903588949894,0.7878591571408463,-0.26344363591588443
120,-0.060605583302313484,0.08223298611808941,0.1808880333101989,-0.11371223231414021,0.025971385258452967,-0.0432900514874777,0.584932614799446,-0.23615133827596138,0.03454824040899954,0.06495286735248121,0.7774877675045723,-0.24032326270609172
121,-0.06060613800572302,0.08231081514558368,0.18234921525744502,-0.0819073947916376,0.025955804317513185,-0.04329005592224744,0.5700031449135462,-0.20555784859924425,0.03504999154231261,0.06484154819382022,0.7664693617308977,-0.21427912923582165
122,-0.060606052575848675,0.08212577925696199,0.1784728650050948,-0.05388926977233847,0.026171656843213625,-0.04328996876008092,0.5518198055857746,-0.18579585111020352,0.03193202962513669,0.06537392265456948,0.7441910929213741,-0.1907971190076094
123,-0.06060605629427399,0.08203469298985425,0.1734131502269543,-0.024392885324508177,0.024573114301035114,-0.043290341429126016,0.5409789099936292,-0.16873240275671328,0.030062427251175555,0.062047878183448944,0.7335962858776903,-0.18116518879177712
124,-0.060606110282357226,0.07293509934214583,0.16846926050707633,0.0023317240865615534,0.021231394905067136,-0.04328909410141065,0.5296964822674736,-0.14597630025727817,0.030331287077407447,0.060402242571839605,0.7145190986485099,-0.1495479896282078
125,-0.06060573451247092,0.07360087390874685,0.16393363310416745,0.012683291028352618,0.021615907101303906,-0.043291856361012876,0.5230201951849094,-0.1278039666117503,0.03030372551684162,0.06062530215981049,0.7083436968569586,-0.138601555510885
126,-0.060607724566409074,0.0751489338786815,0.1560479708284802,0.050764436641805036,0.022051913762300975,-0.04329485826740516,0.48923822361473057,-0.09435918962300059,0.030301742275776183,0.060608425522255364,0.6838370884596617,-0.1295156092770832
127,-0.060598917008708536,0.08048234502510543,0.1425824304733728,0.06761677496207377,0.017712223597496007,-0.04321297239984996,0.4608406151911561,-0.08372163118256576,0.030301255448815446,0.06060422174276225,0.6603246298472714,-0.11704574990791114
128,-0.0606319068660565,0.08571145518418431,0.1325446051829905,0.1131306040641348,0.01732401632311115,-0.04394976322929732,0.4457889886512867,-0.06830116628283558,0.030315724475698955,0.060606691981648725,0.6409489382124893,-0.09112961672272966
129,-0.060534455877593256,0.0867283941350322,0.1273524632214397,0.12012371049504983,0.017330659725521783,-0.0519392624572696,0.43467141121784053,-0.05150424639613682,0.030246133017906143,0.060605892598321,0.6168348605727407,-0.09254850007184137
130,-0.060677567805509446,0.086594104316496,0.1100983806461223,0.13576516865422494,0.017045946976614944,-0.05693020173288629,0.4109029732373958,-0.030758179364293547,0.030512881303553258,0.06060609801863758,0.5914399541926811,-0.08132646861686746
131,-0.05583158258263372,0.0916962807427753,0.09504260418649677,0.13869382252839405,0.019126477459048764,-0.05615806116311397,0.39800242903877814,-0.019028742901190016,0.027238770200207256,0.060606053729073295,0.5763330626725627,-0.06589489058951327
132,-0.050823116138586276,0.09556331103157138,0.0952839809454961,0.16610613546307618,0.021592742085341232,-0.056292194693197954,0.37903842459593307,0.0026850009724734367,0.017484978629944425,0.060606061634890344,0.5710489288797576,-0.06511639272129406
133,-0.047258260110943855,0.09514683051774168,0.08664964807108527,0.18174541049808904,0.024650136202473145,-0.0562769575082299,0.34820613709999415,0.008655438509233166,0.017423937497739128,0.06060606057806769,0.5528675329772937,-0.06061786828397106
134,-0.04765028614797786,0.09525918203211435,0.07680749110763668,0.18181523334437175,0.02605429096890113,-0.056276379350858045,0.3119546824365255,0.008640384345985432,0.017269090921576958,0.06060605731728332,0.5192498211828719,-0.060686985280510496
135,-0.047857671533181295,0.0952340566143128,0.07683352750742636,0.1818222825644872,0.026113794590011608,-0.056277333131861305,0.29494163630911113,0.00866530873613872,0.017306532353166957,0.06060608707099338,0.4980126092184784,-0.06057295543866357
136,-0.046749498440164614,0.09523876557865713,0.063842746648241,0.18181626111273427,0.021522521106718494,-0.056276976301463395,0.28551368077325345,0.008655388672421811,0.01743013595535933,0.06060591329623103,0.46030862980070664,-0.06061566786866699
137,-0.055556513016884995,0.09523798925726941,0.05638784840461941,0.18182085724528585,0.021001173464333237,-0.05627707533409422,0.2697758258948826,0.00866095227048219,0.016851961276114477,0.0606067293683459,0.4304288493618421,-0.06060357121611986
138,-0.05628995692178186,0.09523619369966525,0.05627473067756082,0.18180815889843047,0.016819309084837832,-0.05627705247620029,0.23356609707815756,0.008648605221878387,0.020857990131104353,0.06060351850127514,0.4252635412192527,-0.06060731780667243
139,-0.060945390602284225,0.09525497913616425,0.056763017885077004,0.18185462480397346,0.01744452084415286,-0.05627705690242554,0.22854799507171547,0.008685689891240205,0.02171178143664744,0.06061361897996498,0.40172895324113506,-0.06060359882863999
140,-0.06047328972535205,0.09514093986333734,0.05203756585939428,0.18171645395092414,0.0172879781168644,-0.056277056164640196,0.19943843575206252,0.008618235551650692,0.021654941002539674,0.06059519495230849,0.3739509287861939,-0.060609505537289166
141,-0.060642391072230364,0.09568653575807909,0.03692230549507293,0.18191817239133473,0.017321018094701483,-0.0562770558054319,0.18299847980378164,0.008402269030583281,0.02163727244982944,0.060536764379008234,0.3578322986377856,-0.06062800149360612
142,-0.060605515609384576,0.09222565152811761,0.040212926403276644,0.17740615895510722,0.01731540810839174,-0.0562770614859314,0.17504271683771538,0.004083239889948955,0.021652166377424953,0.06143249065162066,0.34576715220333487,-0.0603577978011666
143,-0.06057474712020268,0.0907342070038939,0.0329685624759302,0.1760865015940974,0.017316011262915366,-0.05627702390163939,0.1557936410580438,0.003377363669993069,0.02162032462754679,0.06506657922834315,0.32263142845175596,-0.06233512664570416
144,-0.060708284260192036,0.09092074346999304,0.026567050280864337,0.1663618760398466,0.0173160489127526,-0.05627721420552413,0.15577041202464956,-0.0025587132896427575,0.021746124387132106,0.06693172214829053,0.29475016739850124,-0.06329231024937677
145,-0.0604223126248441,0.09091290615651786,0.02176345004272751,0.1643178732579338,0.017316002761618404,-0.05627641162685689,0.14128113157845637,-0.004580897867007989,0.021296849348982416,0.06951776070517685,0.2646748140503834,-0.06016039578946546
146,-0.06506892111823984,0.09090704179478049,0.01644198741338987,0.16450897626134847,0.017316032692887864,-0.05627920377654638,0.12164257066335803,-0.004285633950677064,0.025353096173856716,0.06961546358607355,0.2339650161012163,-0.06067520422156317
147,-0.06483949049815538,0.09090973427278956,0.007960117888477917,0.16460315007844362,0.017315963072826963,-0.05627231426974516,0.10640234636964048,-0.004333780894048572,0.03034276940134886,0.06529629295171102,0.21897897132879304,-0.06061523693757759
148,-0.06496766106161429,0.09090892984910134,-0.0024469733905233835,0.16428735372782813,0.017316220740906507,-0.05627179295766708,0.08232774997082831,-0.004329251211867936,0.034749024978741806,0.06495345015945905,0.20705776129391612,-0.06062523718543148
149,-0.06492682962879766,0.09090912440074786,-0.013271256295573854,0.16893744956525422,0.017315404918024767,-0.05642001257652153,0.0710005208054434,-0.004328686267744148,0.035609874085820586,0.06491110839774977,0.19388453969043945,-0.060055803931187535
150,-0.06493468217750757,0.09090908544653031,-0.02161355778415549,0.16873728479011696,0.01731698202136143,-0.055129275763176784,0.0572561904313202,-0.004329094889043541,0.03945145310523636,0.06494386297184146,0.15649601851087916,-0.05582342008920491
151,-0.06494328382765288,0.09090909141735173,-0.02629094887213318,0.168869784464854,0.017320817193231162,-0.05148744532091321,0.042862546438392435,-0.0043291180041339404,0.03884647380804142,0.06493264185862502,0.14343140620606545,-0.056428745541535257
152,-0.06491141135304584,0.09090909099938663,-0.029912806514651544,0.16879143672859054,0.017257266953983136,-0.052053855212209676,0.036686692597671794,-0.004328372903071813,0.03898329604798341,0.06493562068120474,0.13664500250766934,-0.05612543265938154
153,-0.0649578487693509,0.09090909052696268,-0.03489702830106559,0.16896593271299232,0.01769011262464406,-0.05192740565319142,0.024251935496085494,-0.004331328377672056,0.038957580417766285,0.06493495955851811,0.11792695216949263,-0.05673123854106677
154,-0.0652455397877972,0.09090909313085986,-0.04007465248476258,0.16835659609167267,0.015016470951834253,-0.05195252915021684,0.015519240481927358,-0.004322640388927528,0.03896148637097919,0.06493507960950484,0.0987306820983617,-0.052505331255973696
155,-0.06966667341424858,0.09090907980431691,-0.04330596198151417,0.17272942072223268,0.014810461610085318,-0.05194657383291417,0.006758902702127702,-0.004334144603648886,0.0389642855695329,0.06493506433126627,0.08696619047603579,-0.05192715915325062
156,-0.06913934293272743,0.0909091371429132,-0.04538612247464025,0.1731289388936315,0.02101146414085207,-0.05192335648775103,-0.008995310326006761,-0.004421306039383079,0.0389298328878499,0.06493506380686204,0.06314021342070525,-0.05193058326111374
157,-0.0692955959278351,0.09090893434309809,-0.047532009004618805,0.177795355002011,0.02157094746110967,-0.05217356814149309,-0.01346102982935529,-0.0034207612249896255,0.03914703982337407,0.06493507114302309,0.05308678986053503,-0.05195603187180261
158,-0.06925759039065124,0.09090944479819041,-0.05096408198542701,0.1771337112083253,0.025967839978066908,-0.050399076296165336,-0.012985948742039233,0.0004414368298741343,0.038077962812282325,0.06493502995866986,0.05292884213268862,-0.05194564691966388
159,-0.06926419105686968,0.09090943198618384,-0.05209375355100669,0.17911407523866632,0.03550018971216916,-0.04719144172727789,-0.01888540012519565,3.812207963012625e-06,0.04475122934691656,0.06493522841255148,0.0423064389648447,-0.05194865348910252
160,-0.06926643627207642,0.09089877397632574,-0.052033254269489786,0.18223267988864808,0.03974590253034108,-0.047706901622564364,-0.03155263823193841,-0.0004411303101456058,0.04792738719940259,0.06493442335737686,0.030754631789397448,-0.05194788470636256
161,-0.06926518150369133,0.09098441918084868,-0.05705044248284111,0.18173492304384584,0.046733218195111656,-0.04760487566606353,-0.029605317015999263,0.0035458252103985006,0.05107328863552901,0.06493707870066281,0.025634950001975656,-0.051948216077527934
162,-0.06920259993400953,0.09051108522557222,-0.06215555308562716,0.1818276847833587,0.05445437002550797,-0.04762031752771298,-0.032645640866037634,0.004394374968031852,0.06538984668026104,0.06493140408845971,0.016963636205050488,-0.05194778735948263
163,-0.06973383347271869,0.09346717107224724,-0.06526818469187799,0.18182398270841021,0.06110918156262486,-0.04761923746308631,-0.03643510345424636,0.004335751938152804,0.06984983248189977,0.06492322852797588,0.01530736551932884,-0.051947201870394595
164,-0.0661347215105117,0.09550615575604095,-0.06499523787665995,0.18184357559260508,0.0758570408738833,-0.04761891280533567,-0.050204973845912985,0.004368175585855926,0.07528592119137954,0.06510754156243732,0.005974486300925157,-0.05196043539882047
165,-0.05751584729656288,0.09519793007896771,-0.0644482113552009,0.18146596663113265,0.08192165734028871,-0.047619093155146355,-0.051599788682395134,0.004026018740193674,0.07826773405669607,0.06364564192979844,0.0023861633561745948,-0.05186622994353837
166,-0.03338369919033965,0.09523988257305482,-0.06895247466514058,0.18442659116752153,0.09154897096951418,-0.047619035558922794,-0.06543554775454093,0.006294203553401879,0.0778252382017602,0.06015431548972168,-0.006501325036950798,-0.05236102465089446
167,0.00346180422219763,0.09535352494229765,-0.06925268710953308,0.1913465285269871,0.10056400785162617,-0.04761905050650382,-0.06449158046547317,0.009030268327172386,0.07801042944511341,0.06070577350069214,-0.012414355589254595,-0.04929231013673978
168,0.028339440705478777,0.09421317772668397,-0.078513057189035,0.19041142581153958,0.10607860151725214,-0.047619046316005484,-0.06601209284553813,0.008591011419070848,0.07773598752645931,0.060588103938583715,-0.017316838644425344,-0.04736894356381772
169,0.06190809280957247,0.09044440554466852,-0.07774846104450577,0.1900459150370275,0.11814637326517195,-0.0476190497109295,-0.07176451551599244,0.008666200084962696,0.07790618554834078,0.060608282949658004,-0.01807964213417749,-0.04765000072931124
170,0.0816611528146001,0.09101833264596075,-0.07761295671742101,0.1944386394833968,0.13397678649788067,-0.04761904779518047,-0.07340770069559248,0.008658033376267034,0.06934921797847433,0.06060606967322229,-0.027669546739641164,-0.04761917389595099
171,0.12405577818728891,0.09088792544313824,-0.08032041679425565,0.1948069569732701,0.1422988912644019,-0.04761900313777306,-0.076832439657368,0.00865991337355283,0.06354138899510536,0.060605952156943525,-0.03219786547945365,-0.04761754024495475
172,0.19071237754765152,0.09091213069720958,-0.08253962025623168,0.1993282603510926,0.1459412575803548,-0.04761939960241809,-0.07804964702564916,0.008639892709016309,0.0263158317754326,0.06060610379086769,-0.035109624476911724,-0.04761962435818093
173,0.2311561156245854,0.09090893957509513,-0.082233180061454,0.20002087205895963,0.16010112138546706,-0.047617110079573456,-0.07792093901092359,0.008758572782464693,0.0028942204908249526,0.06060604845966531,-0.03411571868343148,-0.047619014668667595
174,0.2505540371566909,0.09090900562312652,-0.08222685322976694,0.20403595501500743,0.16479375365102014,-0.047627770678624344,-0.07794561825408566,0.008205058842489234,-0.05760444257827617,0.060606062598709,-0.038325954975102314,-0.04761846206057913
175,0.271521469420914,0.09090913168325053,-0.08193607645523869,0.2030203442785669,0.17097895795745746,-0.04758619001031139,-0.07768378475875762,0.011719038325548343,-0.10804078157359712,0.06060606351975105,-0.03902037474295465,-0.04762139839801726
176,0.3234383568923026,0.09090907899932246,-0.077511028341834,0.2060366506697028,0.1796603921964301,-0.04771514971577989,-0.07953435771156712,0.013159733244707561,-0.13735518525463172,0.06060605049080857,-0.03928059688371816,-0.047612149857604626
177,0.3477556911779366,0.09090909165277922,-0.078049087818818,0.21169050742984308,0.18385291276290747,-0.04749244818358402,-0.08267295557071595,0.0129696176617836,-0.17815549158853897,0.06060607403873639,-0.04369742336738136,-0.04762813583373524
178,0.3607687258414055,0.09090909924249302,-0.0778827882997245,0.21204000646473092,0.18950597432059155,-0.05214793458513454,-0.08216511221410029,0.012931637252898106,-0.2515928478637663,0.060606164624076024,-0.04311793773672269,-0.04768939677067329
179,0.36622371275497234,0.09090906349840615,-0.0779617213897435,0.21681494244409372,0.19023343036700563,-0.05184241467303851,-0.0822648554842262,0.013587995042374673,-0.29649046692003184,0.06060494483100763,-0.0435553312654149,-0.04681823722229726
180,0.3765303138067221,0.09090913537272718,-0.07781724601083134,0.22185632817788983,0.19456414162877295,-0.05197976154266421,-0.08224986716993754,0.019212820452870896,-0.3391005250495554,0.06061289983354669,-0.04235322805407486,-0.04282441746784217
181,0.3869330789121101,0.09090930599639296,-0.07810098946904194,0.22525186471413708,0.199891421157885,-0.051947757515376086,-0.08225088977460006,0.021975037372300776,-0.4073307788638012,0.06057299779859331,-0.050354305202000564,-0.04341001313573805
182,0.3903275747706794,0.09090642193579558,-0.07343800801705401,0.22662226141128983,0.1892529601920363,-0.05191681558093198,-0.08225121764699023,0.021543744417203775,-0.46429023303083333,0.0607398962136745,-0.05208431804072626,-0.04325608158775191
183,0.388758558311744,0.0909260450433758,-0.07369377599521294,0.23268418368494273,0.11560947803160777,-0.05205645404403984,-0.0822510288110328,0.021765168761363588,-0.4884416117291464,0.06016559018794415,-0.05196751769067289,-0.04332382967441114
184,0.4026854798009533,0.09082584740625077,-0.07355988576991375,0.2335264010396826,0.059621753960732396,-0.0517164306124416,-0.08225113486630119,0.02141248717754749,-0.4937824162028406,0.06466613849481156,-0.05193401071552419,-0.04322664133413133
185,0.4094845586766119,0.09124813816476367,-0.07360164994017263,0.23766570097600961,0.0032117257092051836,-0.05636500554809601,-0.082250907720134,0.02606240279494368,-0.5034101813509662,0.06500368765873488,-0.05195278853580086,-0.04319735671334605
186,0.43014718853968364,0.08787393049145932,-0.07359122823713586,0.23805675080052507,-0.026158323296560548,-0.056077843100692464,-0.0822516898726473,0.025763357711286662,-0.507180562295857,0.06966372195362167,-0.05194680892042748,-0.038625311346335435
187,0.44330896332614095,0.08246417780632319,-0.07359339182360351,0.2390417564662001,-0.05020130665878289,-0.0572040422694309,-0.08224950283281665,0.026982823198859134,-0.5164290514151024,0.0688510495769991,-0.05194832394386648,-0.03908330559934256
188,0.4591671535404822,0.08223756193498478,-0.07359303830110347,0.24859932243783328,-0.06470207553743478,-0.06290368667030624,-0.08225178403579148,0.03217232805463244,-0.5280812091487125,0.07114687414173447,-0.05194800378762825,-0.03892044088050357
189,0.47711475146259436,0.08289919060145678,-0.07359307114469611,0.25236918463071784,-0.08331251633163304,-0.0652223086956185,-0.08227853188841695,0.03759091461717163,-0.5260640661631643,0.07397467815201039,-0.05194805763267548,-0.03900167858788916
190,0.5372866329194728,0.08674568795438455,-0.07359309052901561,0.2603333434188015,-0.08857266509296328,-0.06488118458521369,-0.08201683109682678,0.03869983735509887,-0.5500905190014154,0.07352149326109148,-0.05194805207924166,-0.03884017626289845
191,0.5649214533434684,0.0883940227633116,-0.07359296780013758,0.2672475578581572,-0.09579993891174068,-0.06494238037808706,-0.08383199839164553,0.04281988826143476,-0.5714113797897729,0.07360279235328288,-0.05194805162537864,-0.0392814841051266
192,0.5968908103767029,0.09131032618758371,-0.07359362529122117,0.272202721828328,-0.09727761958692466,-0.0649348402589976,-0.08700546796105325,0.04324783126092805,-0.5782700846491591,0.07359277500505364,-0.051948052106165925,-0.03469119385622504
193,0.5598582906612631,0.09083742385295031,-0.07359068877030955,0.27275420668307904,-0.09990974070948948,-0.06493480534781226,-0.08649261331795159,0.04779737208473505,-0.6239098765400344,0.07359272613393805,-0.05194805171615624,-0.03470040688206459
194,0.559271975519356,0.09091768949208878,-0.07360158000393467,0.2727444939173305,-0.0996010699439538,-0.06493517971724118,-0.08659431637197008,0.04841371114492523,-0.6817697852207876,0.07359324903616525,-0.05194805283067939,-0.03460122338764906
195,0.5155488897525697,0.09090923378889733,-0.07357107603915675,0.2805994803590645,-0.09939531403480979,-0.06493503013633853,-0.0865787610148426,0.052548400316327286,-0.7237820684174657,0.07359289532847352,-0.051948048736240544,-0.034644696474626833
196,0.48436355360487665,0.09090866872169638,-0.0735994517023255,0.2975926538167483,-0.10407594600196635,-0.06493507640577184,-0.08657991424883502,0.05137248400267746,-0.7905031726884992,0.073593701748605,-0.05194806080800322,-0.034612743520940605
197,0.4679380956874097,0.09090899589624314,-0.07401904353882212,0.2986738135191672,-0.11001562418191209,-0.06493505093061752,-0.08658021789441442,0.054956787253770345,-0.8270212533685035,0.07359067016820213,-0.05194804449036222,-0.034699036372399975
198,0.4562607524346163,0.09091050754896549,-0.07835396943389047,0.2999049778540387,-0.12550797883968853,-0.06493510330885369,-0.08658004138096691,0.05635953118081888,-0.8149528949774874,0.07360050461435268,-0.051947925113289724,-0.03442599787389296
199,0.4416336187415054,0.09090263326126859,-0.07779739729299129,0.31637293593364846,-0.13997186919147733,-0.06493499934520618,-0.0865800986958254,0.0598822224362594,-0.7802851810565126,0.07358028771885766,-0.051949222459255914,-0.034986443682846556
200,0.43925866741930064,0.09093267564717834,-0.0779515375435246,0.3285733893939113,-0.1547324129281297,-0.06493480871486523,-0.08658008385236532,0.07420141558135528,-0.7450100978878083,0.07354311046800979,-0.051941228077924194,-0.025671097403382716
201,0.40254684132775803,0.09084540154177353,-0.0779164728363248,0.33359633209410305,-0.16949834318708393,-0.06493850648185279,-0.0865800870738665,0.07788243683823103,-0.7383327852605625,0.07429726333571189,-0.0519799156020213,-0.026169493993440616
202,0.40437283483327824,0.09094941502950168,-0.07792243563670076,0.34292475438829545,-0.18665311858549236,-0.06491271787830892,-0.08658008655423129,0.07896310347905956,-0.7228287835503237,0.07836044264467378,-0.05182387937724154,-0.02593132806544139
203,0.3945868285791334,0.08593586004497142,-0.07792261505499755,0.3486883504955339,-0.24071283458181142,-0.06504677930876035,-0.08658008655509203,0.08438012422676684,-0.6908828194970936,0.07791381113822322,-0.05233067137166056,-0.025873990920901712
204,0.37821525756470425,0.08194090358305339,-0.07792763322581736,0.3574729726032267,-0.33278615206728884,-0.06446902434073058,-0.08658008589744716,0.0891624945331386,-0.6848548563258375,0.07748060894540386,-0.047834902460713265,-0.026459687678476645
205,0.3518171556515293,0.08233752728654471,-0.07786510854506434,0.3612490592227447,-0.3236364610702142,-0.06827653648370303,-0.08658009262556926,0.09412510134277965,-0.6610816347166606,0.08126498280827121,-0.04766244921757295,-0.02255286796927893
206,0.3388001061534955,0.0822522085610383,-0.07826530433032783,0.36981961291779025,-0.3165695852475436,-0.06937351329308816,-0.08658005171748782,0.09897985464746399,-0.6311567896983605,0.08234642335379644,-0.04759187751681815,-0.02172797907294796
207,0.3110987761741485,0.08216759983596601,-0.07572686849633121,0.3789675936825455,-0.2924970700938068,-0.06926581215968122,-0.08658024941026939,0.10392120017725508,-0.5999286787698108,0.0822479537627282,-0.04762794751242411,-0.017262950542949962
208,0.2574886340171083,0.08250943770910418,-0.07326007603664,0.39795244870534835,-0.2825765217944895,-0.06925581184324356,-0.08657944497029343,0.10980949159008944,-0.5649879120591548,0.08260599908128195,-0.04761675188655193,-0.012987613239956921
209,0.21662354009468174,0.07821242997040308,-0.07364737021477101,0.4079202191081967,-0.2661680440238424,-0.06928508118014416,-0.08658213286424123,0.12337057648212554,-0.5301901824982191,0.08807208331511075,-0.047619538854051624,-0.011213769781897287
210,0.1921886331741347,0.07351572114987491,-0.07358729303207615,0.42447993461129074,-0.2601214339354715,-0.06916140697355204,-0.08657606512880128,0.12670842014646022,-0.4816343625855214,0.09134992634065259,-0.0476189730398854,-0.0015417026952342856
211,0.1542853837303195,0.07284719392700516,-0.07358907600753345,0.4406457895268045,-0.2505250975782271,-0.0697197271807623,-0.08657098557524101,0.13472419069014466,-0.4745018424560857,0.09037482071223772,-0.04761903271356219,-0.0002902852921960866
212,0.1364638579919895,0.06876692494973925,-0.07364087791482038,0.45448593287877276,-0.23664105107858038,-0.0661704985922766,-0.08673793728482347,0.14179984577276267,-0.38579561954963365,0.09401558669407309,-0.04761902233703586,0.003123337624635992
213,0.10637459804423853,0.06941783581997206,-0.07328160962204788,0.4701569106104222,-0.2334493351434967,-0.0647738048375299,-0.08537293230907296,0.14630706407392485,-0.3681567337439688,0.09540432671407709,-0.047619773734726624,0.004307502348445548
214,0.08040701901139946,0.06911338528046311,-0.07560409961016941,0.47447163107177526,-0.23429162381006954,-0.06494435742776317,-0.08178549775392628,0.1551815727593809,-0.31758664278144116,0.0952203309415098,-0.04761377053920777,0.008324880503236974
215,0.028650179803854706,0.06966543436492921,-0.07828465153983855,0.4917714363288771,-0.21397393057400863,-0.06493915140762119,-0.0823883439018816,0.17405007786474305,-0.30827309244491014,0.0951524062144406,-0.04764692650276604,0.017966678539274708
216,0.01929798307656878,0.06518515172893968,-0.07786085403790852,0.5111887385409818,-0.19959176569542794,-0.06493299702763569,-0.0821118777243077,0.17911131507039454,-0.2475411527816357,0.09612491362537715,-0.04749777404292634,0.02186967222666614
217,-0.00762627588723118,0.06496082135315702,-0.07792429147950418,0.518232562796337,-0.18906336310347663,-0.0649357083871155,-0.08257853669838235,0.1876281753315209,-0.21537301020534735,0.09969555068414121,-0.048055912779029035,0.021531990818877793
218,-0.017416687974019195,0.06508250558842196,-0.07791812278855328,0.5414068702282114,-0.16115528193933643,-0.06493490343815762,-0.07799773866838136,0.1966337986331035,-0.2085066983058673,0.10159601656199171,-0.043835500797370315,0.021879836716704727
219,-0.025062736102687097,0.06363772984467575,-0.07806202352824274,0.5476184873274107,-0.11878886111528456,-0.06493509890400706,-0.07798637843606789,0.20753867318330324,-0.1766016296215756,0.10428114700301265,-0.043265321698844436,0.02076697657320067
220,-0.053285442228424754,0.06004590988762325,-0.07677585825418305,0.5678712227388779,-0.1116371654774413,-0.06493505924218568,-0.07789366954432961,0.20701247813624005,-0.13564192175642945,0.10377630075043785,-0.04287837854498268,0.02840697832203903
221,-0.07641698073837883,0.061160897892443375,-0.07312559031099443,0.5788589509316107,-0.107810338975461,-0.06493506551375841,-0.07792437224595801,0.21905310484989174,-0.11562046324617922,0.10402183776468,-0.03854375495859439,0.03404198075938471
222,-0.07799976274718486,0.05722643333660681,-0.07373027993213432,0.5944841537067389,-0.09337505711966124,-0.06493506498426768,-0.07795126797455769,0.23858672130156156,-0.10360802420008002,0.10412112210481539,-0.039083573811687665,0.04347690257912895
223,-0.07829496450756569,0.0561171646206061,-0.0734564867086263,0.614654596924705,-0.07427415855939705,-0.06493506491081753,-0.07779771048999831,0.24811595312670173,-0.08927784644620922,0.11324429932952984,-0.038931623889079094,0.043078717590715215
224,-0.08263710331858082,0.05619758770926787,-0.07390530952575,0.6300343464484792,-0.05175723610795491,-0.0649350647930447,-0.07832532709613566,0.2580894055283598,-0.06664567075880536,0.1122907824148865,-0.03896686587047166,0.04361847535351895
225,-0.08213093520419959,0.05159011687940552,-0.06930976854428657,0.6466459059983038,-0.04024020983424646,-0.06493506575246072,-0.07389780759115956,0.26816204602997334,-0.04758957002563824,0.11272591117145075,-0.03896028016476269,0.041888543999981834
226,-0.08228920466537505,0.05229666993301945,-0.06944147076023217,0.6551785050713662,-0.016731690460446955,-0.06493506140370407,-0.07361841471231569,0.2757896784674773,-0.017146435444697097,0.11208289467280626,-0.038960901839638955,0.052619000357945395
227,-0.08221120396016222,0.05033332947986216,-0.068252912194062,0.67397916551327,-0.0066708244744968755,-0.06493507753846481,-0.07356959170916795,0.27921587737706555,0.0025968436359860695,0.11576754411454845,-0.03895980862926772,0.06825513111868521
228,-0.08236382237116587,0.04516334643416069,-0.06447992560129048,0.6905631829993781,0.01507289002272965,-0.06493503187344254,-0.07359590953539848,0.2927007714233945,0.0175410902247484,0.11707568523993174,-0.03897527285900079,0.06908328978825543
229,-0.08199602869183459,0.03972579450815423,-0.06503545135817686,0.7117439966273007,0.02777772717389567,-0.06493508023347792,-0.07362113187173194,0.2986684567595256,0.029851988031224807,0.11685197933932667,-0.038872358939306885,0.07354624197314606
230,-0.08662281756412285,0.03916114694730152,-0.06494648637216692,0.722104576476301,0.039645374044523785,-0.06493563931212214,-0.0734615179118634,0.3038995249931608,0.05549005267798299,0.12186853966251338,-0.039392572999144976,0.07338193857114823
231,-0.08649804601463593,0.03464374709262655,-0.06484118129068825,0.740937651092411,0.05459660893069978,-0.06493015333795664,-0.07407376882417178,0.3140288670453129,0.0698742110360989,0.12585460469311088,-0.03614824478334136,0.07492686289759169
232,-0.08661118736322009,0.03471551527412342,-0.06506327776166634,0.7468522911904429,0.06022047756696471,-0.06496296341968044,-0.06974745204153288,0.32343744101834015,0.08616324925253796,0.12544762378443608,-0.03444199600210222,0.0874897282645188
233,-0.08657307683687775,0.03458387851143513,-0.06040291673375763,0.7688357451149141,0.06058113896884374,-0.06480665717049613,-0.06932203127880773,0.3348455578995466,0.08996259147151704,0.12556966764836952,-0.03459411905220611,0.09995157081143156
234,-0.08657353266767175,0.034724927277251905,-0.06071301492745119,0.7827468381717819,0.06575289091216792,-0.0654303156147516,-0.06466695165490463,0.335964047164603,0.09042809906144109,0.12551235359430013,-0.03452799895071994,0.1104123436927425
235,-0.08661272691565933,0.034254867794109176,-0.060572566313412436,0.7838514233216953,0.07493413889083403,-0.06122966195467039,-0.06526693635950048,0.3552577719834654,0.09948289357606638,0.12561587990907314,-0.02992684895745962,0.11245987464420815
236,-0.08647944186752046,0.03602829244128358,-0.060614599656187616,0.8054961679398391,0.07965905793563093,-0.060714914408324445,-0.06341396958053079,0.36366356033021935,0.09941833960270319,0.12542125896399361,-0.030638455472813853,0.11668559729553162
237,-0.08675055234328705,0.023353958405007147,-0.06060365958924049,0.8087131126840836,0.0826236688100241,-0.05609872615259508,-0.060178859666631355,0.36870092573164354,0.09963064935274904,0.1302433765309034,-0.0287778210073917,0.11698371880676849
238,-0.08210298591107476,0.021654057686834143,-0.060608446789455914,0.831366586167759,0.08217241300312593,-0.056399042747903645,-0.060698535484773726,0.38288300947025034,0.09954846280130743,0.13447521697005338,-0.023005045848950682,0.12237822316461038
239,-0.08234868735577462,0.01703329361911623,-0.0606020211568761,0.8365020019764347,0.08226443778505549,-0.056156514988555985,-0.06058291463419353,0.384267260975332,0.09957157809041074,0.1341145527994211,-0.021452498538332365,0.12568291285916908
240,-0.08221822525817322,0.01740708838411501,-0.06059511249372474,0.8528453053942282,0.08224965755729799,-0.05670703985503855,-0.06062443291899236,0.3927441230360367,0.09956621110620283,0.1341924078738028,-0.021671079572241465,0.12684154520758978
241,-0.08225983563139586,0.017533980419709154,-0.060779404548609674,0.8641590664047389,0.0822509887331047,-0.05355500100148925,-0.06062963095463588,0.40861518372588784,0.09956721071274055,0.13431903719248586,-0.02164458063821373,0.13488080203361
242,-0.08224910692014632,0.015507447365316231,-0.05929472071571494,0.8669375350897491,0.08225118676319577,-0.05171096977104787,-0.06004543394762673,0.41802684559146486,0.09956713039868248,0.13377565542551018,-0.021613079675898463,0.145259726720265
243,-0.08225145449751498,0.009694320038896894,-0.05593719941972761,0.8800103042923636,0.08225104438301163,-0.05197566583594,-0.0558236449264353,0.4234836749526734,0.09956732706550486,0.13813543796400465,-0.021897302290879,0.15126649931183092
244,-0.08225102851923333,0.00854983090683031,-0.055910009906859154,0.8825898454540441,0.08225109198902768,-0.05194883326296975,-0.05642885314961258,0.43296513638730033,0.09956438917284736,0.1385172880957071,-0.019954271458458957,0.15149976564750342
245,-0.08225108610122324,0.008625785669851041,-0.05960420004660393,0.8955734803575145,0.08225108308052402,-0.051946430616070294,-0.056124865092210416,0.4332272458188165,0.09958414453891579,0.13854856066330018,-0.016929430777609483,0.15193091408602427
246,-0.08225111651727554,0.0084337299024859,-0.06071576547375684,0.9006082668071311,0.08225107077232656,-0.05194876911455139,-0.05673689184804474,0.4379400594557728,0.09948357189128564,0.1385346713887398,-0.0173067211868519,0.15719076410317936
247,-0.08225078232471578,0.00394110676262528,-0.060609662605548016,0.898763929280049,0.0822511159054352,-0.051947309449225494,-0.05253745530290212,0.4359666131197339,0.09990876814917174,0.13844948246270217,-0.01756459989081119,0.16186035837450433
248,-0.08225283692765097,0.004447263738146125,-0.060563915099345667,0.8804571833057075,0.08225104526200672,-0.05195062219108309,-0.051924998165631744,0.4444691138751074,0.09656581028625433,0.13888643798849373,-0.013242494471642493,0.1674087404018019
249,-0.0822427605619203,0.00432988321745434,-0.06087961634476933,0.867314103355857,0.08225068015013064,-0.0519386886187743,-0.05201502497765214,0.4516386980322857,0.09116761687937898,0.13576851375113655,-0.008503928414551857,0.16857282387105652
250,-0.0822845709865725,0.004203475487107183,-0.05881077982582532,0.859670665348441,0.08225507532639234,-0.05197446978111092,-0.051085805184267544,0.44360793042982455,0.0909230623757738,0.13056611270954896,-0.008736671303223023,0.1726172607101468
251,-0.08213983280622338,0.00475886044004505,-0.05588184761971088,0.8348934989689311,0.08222711012415328,-0.05192025923382302,-0.04739671539485741,0.42890768304784316,0.09089173590364186,0.12572665099266508,-0.008633683971966916,0.17309644564734503
252,-0.08250311667037011,0.0002546571228897129,-0.056351561792203984,0.8277572841033721,0.08236598659690095,-0.051615150964438875,-0.046042713926205014,0.4237183552738423,0.09091542174151651,0.12104224600736728,-0.008663512916636034,0.1777532814636857
253,-0.07787512622863538,-7.245394848326955e-05,-0.05626690973965796,0.8092164846781248,0.08178685206833214,-0.047431451481948314,-0.040116233756827026,0.4130374652815753,0.09090735581289157,0.12123564171830789,-0.008659137886756456,0.1771522037392487
254,-0.07800750700608375,0.0018828736664049889,-0.05627737315039542,0.8096031890453006,0.08567536747676155,-0.04622212202716919,-0.03880147930147031,0.40655405265032435,0.09090948957124231,0.121555155092401,-0.008650528511293547,0.1790500827670546
255,-0.07787042327707876,0.014382192166090024,-0.05627741471188496,0.8113875035653056,0.08669035405489584,-0.0429428261813061,-0.03897871980815032,0.4050202198939038,0.09090900409281762,0.11891191648929283,-0.00867279253279784,0.1821111111856622
256,-0.07803965862819857,0.012548069986854083,-0.05627687632451952,0.7962548862831446,0.0866030894757086,-0.04292103723580054,-0.03896190606830813,0.40068088154389375,0.09090913497882112,0.1170374211473257,-0.008696721837632511,0.182252153127208
257,-0.07743313676368518,0.014297309379577228,-0.05627723670333262,0.7628436512265039,0.08603573830351344,-0.046777555752916755,-0.03895984445438971,0.3878474480822466,0.09090906957378637,0.11334923407845629,-0.008004588908166995,0.17814764704519492
258,-0.08107486977380313,0.027654666383345704,-0.056276426193757945,0.7483305788121882,0.08182780385742527,-0.0476960732386058,-0.038961577438019854,0.381348705644665,0.09090854145225842,0.11264279387094107,-0.0038704553245281527,0.17776926761435405
259,-0.08203133341210622,0.030327497142812715,-0.0562794348300803,0.7344022227250508,0.08227077138993559,-0.047627377425396154,-0.03896038284732689,0.37184467846976615,0.09091392066985493,0.10800589216398508,-0.004452328017180565,0.16844386986750798
260,-0.08639938038291163,0.034673205351624194,-0.056269943420454306,0.7104398710338452,0.08267944315758723,-0.04761213967979644,-0.03896342406237807,0.3624691154415951,0.09088139254331111,0.10301253539410418,-0.004293319826954414,0.16467612828028547
261,-0.08672306962539453,0.03453114517473754,-0.05628730865308267,0.6949722385724127,0.07914824960147121,-0.047621437711692416,-0.03895229269583998,0.3495206738926014,0.09103721649128564,0.09921923895838426,-0.004364836822167736,0.16203529807462022
262,-0.09130336174323456,0.034672904954712556,-0.05634306753865447,0.6719179111106699,0.07775946945994422,-0.04761844608980743,-0.03898616147681769,0.3344601433285344,0.09041346947587633,0.09955791143334625,-0.004253192529878744,0.1551373099435811
263,-0.09077688931316844,0.03460734921014727,-0.05548666885461827,0.66441137026497,0.07793340664074669,-0.04761901966135296,-0.03893008111098357,0.33014171196530795,0.09461129318618353,0.10000504339318558,-0.004308947745685899,0.15424958642373438
264,-0.09094423233053632,0.03469625855781477,-0.051482882454054815,0.6488240991159909,0.07794026425555535,-0.047619627097022034,-0.03868743894766175,0.30885853164122606,0.09512924107872549,0.09632145674787253,0.000300344697577038,0.1451353979644602
265,-0.09090117742129018,0.03440740334577914,-0.05206551075293151,0.6150806056667436,0.07777199779225556,-0.047617498063625835,-0.034236688401213175,0.2944106451590007,0.0997472624318746,0.09507564684232728,-9.914582295174839e-05,0.13877877494558283
266,-0.090910575164463,0.03783253545195169,-0.05192331309049526,0.5732448520386358,0.07901486631698107,-0.04761946398953808,-0.03475704630603134,0.29446501348036586,0.09944453381695141,0.09524943098644294,-6.940347604739557e-05,0.13852978276698144
267,-0.09090888609003854,0.04750861651288891,-0.0519523085267816,0.5513715544531878,0.08478534674828747,-0.04764851894784092,-0.034598118906338425,0.27054406691841,0.0996881268809845,0.08977504579038739,0.0004492332712642009,0.13886445512330894
268,-0.09090909879099064,0.0528073479429523,-0.05194734798833817,0.5274336393158529,0.08683930018673709,-0.047374747920172385,-0.03464782790125612,0.2631804225263568,0.09913594163397074,0.08169721237313587,-0.003122734766573382,0.13541969078141372
269,-0.09090910362260855,0.06212041630279938,-0.05194734337977538,0.5102278292572607,0.08653491629144731,-0.049262599941337325,-0.03460074924446893,0.24523441164910784,0.10230641638599416,0.0811184592991852,-0.004482374204516245,0.12492449073485798
270,-0.0909090344327155,0.06689204313933542,-0.05195983754848587,0.4706973452063392,0.08658526428069654,-0.05237149689146668,-0.03470087436148217,0.2233418435491368,0.1041376758130025,0.07544849146917197,-0.0043219509525879414,0.12099165071869777
271,-0.09090940363310385,0.06926717686450597,-0.05186781366114103,0.45713714204725214,0.08658025830225269,-0.05183809303919666,-0.03468185671020131,0.21341625358690683,0.10384898787355555,0.0708236528023459,-0.004326171709893134,0.11701871380631737
272,-0.09090761505940817,0.07187484670819505,-0.0523584885891251,0.4108509503702926,0.0865799637996115,-0.052041175579690506,-0.039272599344440925,0.19277260848001912,0.10387617100043132,0.06548952744632314,-0.004315230576068776,0.11001855562552423
273,-0.0909150172242916,0.07716104462299603,-0.04930037067258462,0.38763542345845386,0.08657876791194975,-0.05182587997838022,-0.03884777542057334,0.18670711324754635,0.10451132627795086,0.06489388637533909,-0.0044221493567749666,0.10409120960671807
274,-0.09088946158965218,0.08203974409579093,-0.047369732514916156,0.37864745240542746,0.08658779004956975,-0.05661966853068165,-0.0389669034523714,0.16775094594770923,0.10812167386697508,0.06490891040552275,-0.003887853467547376,0.09922067902186275
275,-0.09095320019409073,0.08696549280065857,-0.04764917195437578,0.3723505266913865,0.08654567770600367,-0.061695103857525614,-0.039075208776866495,0.1587454766002621,0.11171342083981646,0.06512991907033569,-0.007251557839801217,0.09441631689200908
276,-0.09094506463070452,0.09195457106752282,-0.04761946449829694,0.3570348462601506,0.08670891021350578,-0.06498477693192792,-0.038505971841818566,0.15745096751303628,0.11770968807116788,0.0635672953913228,-0.008852992422219704,0.08893343261747981
277,-0.09618791772883319,0.0965038706300018,-0.047617474409983464,0.33893481174694473,0.08620344878307831,-0.06690347995500308,-0.042639675745017785,0.14298737608908496,0.11669667808597105,0.060079086170418156,-0.00864128315942445,0.08732918763162081
278,-0.09881659062727333,0.10386881881661866,-0.04761965762455801,0.31951759180468114,0.09077957479285226,-0.06964134854035745,-0.04333149552073553,0.11281811385133084,0.11699069535855453,0.06104334876261699,-0.00865512543240786,0.07911657951410517
279,-0.09468245171106332,0.11168061556870856,-0.04761887709318004,0.29252179312101806,0.09104364979208916,-0.06919858309516093,-0.043303826886428504,0.09954729409247237,0.1168164037219186,0.05760874347575127,-0.008659933005177709,0.0668114808693891
280,-0.09536996984504842,0.11276341251616268,-0.047619083942500424,0.27605580734444324,0.09641303403958161,-0.0692714443459907,-0.04328255529056414,0.07540158847421706,0.12148462930883235,0.052222916220622854,-0.008657340283856906,0.05715929854146916
281,-0.09521168008377723,0.11235702460184052,-0.04761905228554531,0.24307345184576176,0.09999074674757728,-0.06926438073545796,-0.043292435257114466,0.06922583829408725,0.12087096444690514,0.05196051901723042,-0.008658329592693557,0.05192189159608926
282,-0.0952422304475067,0.11702601058918195,-0.047619014969605744,0.22994464576668439,0.09902836690569045,-0.06926359972914559,-0.04328942890610592,0.064146127663623,0.12281936556947073,0.051893796082409155,-0.008657328460660084,0.045176932958664456
283,-0.09523775853175924,0.11683594421609855,-0.04761907519710195,0.2156611345751146,0.1024440202327023,-0.06926424407508239,-0.04329017719692346,0.05957338858431938,0.125935026683795,0.05222791859288954,-0.008660199392962753,0.02881133413428128
284,-0.0952380265659339,0.116577639572941,-0.04761953796529712,0.20629760960942106,0.10371446358201883,-0.06926402011549089,-0.04329001685548953,0.053004750118561504,0.12554545043574591,0.05015166716725695,-0.008652997657935322,0.029413251284858218
285,-0.09523813912524515,0.11902710819420034,-0.04761454821569841,0.19535467321272595,0.10777818012425688,-0.06926408369220745,-0.04329005303788065,0.04156762809802749,0.1252786840369641,0.047222411736576694,-0.00865410015068752,0.022771843739926252
286,-0.09523807907784947,0.12110529295854673,-0.04764519816057214,0.17874246408376623,0.10820744884367346,-0.0692640551625487,-0.04329004639664126,0.018813226940986368,0.12946031437722957,0.04769473682988232,-0.0087962210223103,0.022235040499275535
287,-0.09523810705780499,0.12455742930480859,-0.047497375883413566,0.17235542480508817,0.10876703868369693,-0.06926410273446035,-0.04328987188064539,0.005482107785216024,0.13427504294657852,0.04760839588827489,-0.007525338332643676,0.014507011082038002
288,-0.09523806069123077,0.12564029711964245,-0.04809040896650504,0.14889806533853783,0.11272443744071028,-0.0692640392277968,-0.04329135149563344,-0.004148775036948842,0.13465553109744144,0.04761951160565447,-0.003868061815203448,0.008689061547387997
289,-0.09523821519713223,0.12554694891643303,-0.043984202312196484,0.1388286976198736,0.11413822257168975,-0.06926361525292606,-0.04328292835178892,-0.00971984265935567,0.14034992466543536,0.047619373837803916,-0.0044346495074374355,0.008534248671080682
290,-0.09523777483472981,0.12553707415694215,-0.04328026503605096,0.12539861162617502,0.11732012334449461,-0.06926832998768495,-0.04332195185498306,-0.02347328767520492,0.14317870688250123,0.047618895239702023,-0.0043090439070913224,0.0020839914391286344
291,-0.09523832612542005,0.12552296800448173,-0.04350402124955316,0.1073380399847437,0.11680460769775002,-0.06923903498229166,-0.04316952310754444,-0.027698710831484095,0.1427870905976107,0.0476190938480136,-0.004331844246843107,-0.004853466285744343
292,-0.09524288207795371,0.12564845639702724,-0.04801296752332319,0.09933486520342331,0.11687075412748815,-0.06938192214433658,-0.043648202141111515,-0.030298499832683814,0.14287001032028515,0.04761903621059218,-0.004328834454028273,-0.0060217531235261254
293,-0.09519496641013439,0.12507698695204603,-0.0474936126446128,0.08625794001692678,0.11692008887218894,-0.06879900508772985,-0.03914743029716452,-0.03299074047784991,0.14285435375160224,0.04761904997629231,-0.004327027055679248,-0.011474454453486216
294,-0.0954893635157391,0.1288109367497754,-0.04764471923648798,0.07740397471270156,0.11710755860611773,-0.0727956909214491,-0.039069945703976636,-0.037311610838635836,0.14285623217811638,0.047619047235192793,-0.0043458074217498244,-0.01662740956119171
295,-0.09351412024541234,0.1299861831292004,-0.0476391430107766,0.06807707410072332,0.12164927196804602,-0.07366270312488743,-0.03818828932875035,-0.05099185144467188,0.14289320385887153,0.04761904765460506,-0.004232536067079165,-0.01743262521993139
296,-0.08774395286362287,0.1298701294284266,-0.04753167183591425,0.06916702002566558,0.12074667952739322,-0.07360229365840869,-0.03417842103789391,-0.05625072722236219,0.14258744483832914,0.04761904762375657,-0.004775518309055104,-0.017495883159645714
297,-0.08641736938331182,0.1299846696488359,-0.04780315072254202,0.06963842480078668,0.12338410018929286,-0.07358615572337171,-0.03474896624149503,-0.05720575447043503,0.14463554406747797,0.04761904761550567,-0.00134769774369784,-0.021695275595432908
298,-0.08659839458365232,0.12881840335183026,-0.04311306569082463,0.055694753660427344,0.12543217679491334,-0.07359543388559905,-0.03460877062574629,-0.06856085513399132,0.1475848721745374,0.0476190476203147,0.00018291645001949084,-0.02384249508882121
299,-0.08658086242767857,0.1250765702602636,-0.03809452496313413,0.05641835354744554,0.12882301041319638,-0.07359244769889046,-0.034628381301055125,-0.07343335085949468,0.14710989764593815,0.047619047618414304,-1.3879680908322517e-05,-0.032782081831185
300,-0.08657890322379638,0.1256494221557362,-0.03428738992218799,0.047041435400211086,0.12998746572205458,-0.07359321246860093,-0.03465141852724036,-0.07871814410010675,0.14719707249548475,0.04761904762044478,-3.3763896416686724e-06,-0.03741022257545255
301,-0.086580537379996,0.125520357764765,-0.03462123581061083,0.038200195741033456,0.1298708927745348,-0.07359304840487799,-0.03463559171130012,-0.0827835391290189,0.1471854971233625,0.04761904761440013,1.986355844899467e-06,-0.03927017746399597
302,-0.08657993386302945,0.1255440477766367,-0.035074597214875096,0.03646931549306839,0.1298945565364852,-0.07359307675479913,-0.0341722493719231,-0.0821893576900216,0.14718298808081812,0.047619047630641974,-6.492821559500082e-07,-0.03871925035119877
303,-0.08658023655284536,0.1255410009398918,-0.03134986448285007,0.03424228132595095,0.1296337031383953,-0.07359307358527888,-0.0298686212272244,-0.08225094604093318,0.14721283061187165,0.04761904761839782,2.0607397188774376e-07,-0.04328132859720966
304,-0.08657962602419363,0.12554103612385692,-0.030183808901519615,0.034927308086210994,0.1314676463203499,-0.07359307367284813,-0.030427748193100235,-0.08213789963664168,0.14703044033998272,0.04761904737888664,-2.0747277165974953e-07,-0.047830284265270924
305,-0.08658145647062904,0.12554116372852522,-0.030302708262970983,0.030259676446477694,0.1356213911608723,-0.07359307182981717,-0.03027327163426994,-0.08327044488144385,0.14850233937322524,0.04761904955270796,5.779996240364998e-07,-0.04753350588242444
306,-0.08657787720519754,0.1255411320794834,-0.030311080835345037,0.02980504000392456,0.1477683210241482,-0.07359308368210613,-0.03030899046295504,-0.0870458004816554,0.15781134347193626,0.047619036897241916,-1.232609876821647e-06,-0.047643660304972094
307,-0.08657000614128464,0.12554104019265275,-0.03028218461659863,0.02577077853912963,0.1521263226906485,-0.0735930278597357,-0.030302103243974553,-0.08646947984209634,0.1601032920027898,0.04761909614289881,-1.7310338676272027e-06,-0.047613190741514
308,-0.08670713199715051,0.12554146712575467,-0.030405695249404018,0.02430761018746089,0.15130520323230862,-0.07359324685984997,-0.03030310394738564,-0.08660197450840072,0.1642658123537413,0.047618863795496236,4.0163822364687044e-05,-0.047620249760992266
309,-0.08561365085424476,0.12554008970883168,-0.02984663223911601,0.021217475560592884,0.15594248346903522,-0.07359256154341944,-0.030303052189937944,-0.0865767813526992,0.16458630113415276,0.047619590864406654,-0.0002854224570348945,-0.047618738484348826
310,-0.07976807071074557,0.12554268847816422,-0.03341959242786438,0.02172682994178139,0.1565015998508363,-0.07359378706472415,-0.030302952618696918,-0.0865803109254012,0.16991596212408575,0.047618290680589544,0.001865786911876915,-0.047619246845982253
311,-0.07801735729433416,0.1255501914341433,-0.03478611150916949,0.02163341689591956,0.16044276188773654,-0.07359796216044029,-0.030303465532493804,-0.08658015766065726,0.17348697891982998,0.047613861225725404,0.004723443028468897,-0.04762033520924574
312,-0.075051788886144,0.12543534238557044,-0.034624868540025576,0.02164556217645854,0.16159259486238683,-0.0735388881559616,-0.030300882757176326,-0.08658004772996827,0.17307509186050074,0.047676534192920283,0.0042260421567996325,-0.0476048154034472
313,-0.06995364622142182,0.12620255801740843,-0.034627515010862545,0.021645364552913913,0.16769677892073442,-0.07392833853387161,-0.03031199094462301,-0.08658009894771342,0.1731765234388357,0.04726335734850896,0.004420718880505476,-0.04770709544692586
314,-0.06498475774226235,0.12128997818780994,-0.034634161558642865,0.021644858710405016,0.1685761428231541,-0.07146375750651045,-0.030271985186330983,-0.08658008337581444,0.17316510113480352,0.04984766560299142,0.0043008017431357525,-0.047190988192861764
315,-0.06498813274748198,0.11619545466322792,-0.034631414889762235,0.02164507145592158,0.17269044243241224,-0.06904478601572044,-0.03038021023085187,-0.08658008749411378,0.1731408810887945,0.05176325943444578,0.008932806173487918,-0.05040312168610301
316,-0.06491086380837047,0.1169964809817529,-0.0346320755906178,0.021645009262980165,0.1731614124369247,-0.06888621739591355,-0.030298647801640127,-0.08658008565873535,0.17315237996845415,0.05554687658819812,0.008542998579820452,-0.052172576969536186
317,-0.06494407087758311,0.11687325115705864,-0.03463245908798985,0.021645024228940633,0.173180855189816,-0.0732921447418801,-0.03491499031349998,-0.0865800883502494,0.1736550076569538,0.05587264052760434,0.00869140333250843,-0.05192397638688994
318,-0.06492496625696864,0.11688473050151718,-0.03463063076178898,0.021645021216394826,0.1731568804340563,-0.07363623213775387,-0.03451672477686396,-0.08658008876029581,0.1779254150072424,0.06506529891923872,0.008650055659673353,-0.051947050230155396
319,-0.06496860187344326,0.11683617953714186,-0.03463437190243061,0.021645021687373457,0.1731325946258891,-0.07873336539228365,-0.03466549573039636,-0.0865800317564621,0.1773926131292434,0.06531945183860267,0.008659580549435044,-0.05193952020636988
320,-0.06482583723673105,0.11720770463036592,-0.034642464388024215,0.021645021649292037,0.1732968157135257,-0.083435777499847,-0.03462398572934857,-0.08658048033835838,0.17739559919790496,0.06973073802685938,0.00865777301778622,-0.05202093498487628
321,-0.06517628956009815,0.11480237114315067,-0.034498784026416804,0.021645021641337286,0.17263265213928572,-0.08885718486811464,-0.03463366172618008,-0.0865780123573189,0.17793720144165723,0.06973684149794357,0.008658023910692664,-0.05156102366186859
322,-0.060544529597715065,0.11265151130657507,-0.03565942401654289,0.021645021646311182,0.17695899471850207,-0.09087773702048484,-0.0346317775409629,-0.08658912105746489,0.17376099580137297,0.08169585633011274,0.008658013497766995,-0.054433057221319796
323,-0.06076056373384794,0.1092721318882374,-0.041582992793699834,0.021645021644672923,0.17720627056124225,-0.0935936828837768,-0.03463205615330839,-0.08654732321361698,0.1731318131879696,0.08688183528174487,0.008658010862404343,-0.056673654361516966
324,-0.059963855667104445,0.10811650502158045,-0.04308299854429709,0.021645021645106236,0.18647436876078685,-0.09915434206088028,-0.034632038673647246,-0.08666907224232799,0.17314861282850694,0.09025796720530987,0.008657978725648476,-0.055913131419099364
325,-0.052653823093201,0.10822462623125939,-0.04666711468778013,0.02164502164498466,0.18576886019473324,-0.09959161378340746,-0.03463203182910241,-0.08651361192377122,0.17312142845953502,0.09093145892492575,0.008658157042721307,-0.06053642777009201
326,-0.04494710208753041,0.10809735362681493,-0.047714214551077716,0.021645021645082658,0.18749383942039002,-0.09979862619199507,-0.034632036657169414,-0.09113179226826047,0.1734345645982987,0.09092360479411693,0.008657411060324825,-0.06054091050136304
327,-0.04016916516175171,0.10018626151622886,-0.047625311476753904,0.021645021644991422,0.1910048549627127,-0.09732690926342032,-0.03463202863942317,-0.09102516701247414,0.17128465735280238,0.09096049929417274,0.008659944490036112,-0.060635440284706965
328,-0.038553651321878414,0.0885696379774386,-0.04760909894751058,0.02164502164402164,0.1899815271639963,-0.07044902677306905,-0.034632058927545964,-0.0893816664351797,0.1660478887438684,0.09055827565925349,0.008654134516335637,-0.06059725195086039
329,-0.0393794272077931,0.08086087528872304,-0.047643614109930864,0.021645021653648223,0.19354614885044386,-0.04182074751041964,-0.03463194973254433,-0.08614560376268716,0.1609037130554291,0.09315526924888967,0.008649552120283276,-0.0606082275290877
330,-0.025182079341217193,0.05804621659149403,-0.047502935968242954,0.021645021595804524,0.19826687412788813,-0.004155193531520988,-0.03463225098228644,-0.08666906113567222,0.15997173295269454,0.09557048467165649,0.008808388325390831,-0.06060557307806431
331,-0.015612348973307922,0.0374941878885199,-0.04811583883579138,0.021645021872588557,0.20773038334236188,0.02496205763666885,-0.03463197591131562,-0.08656577697501375,0.15974051907628642,0.09516552013312903,0.007490975266165029,-0.060606275829625404
332,-0.006814246962712721,0.009116643514120518,-0.044244731262281824,0.021645020761216154,0.21226209250044753,0.06992220969836134,-0.03462796580346483,-0.0865814124989564,0.14545596763052795,0.09527887136709294,0.0034647116071362693,-0.06060579697394272
333,-0.002541219089744765,-0.024091813084552285,-0.04346558393307529,0.021645024380926227,0.21206243530839644,0.11937392844903337,-0.03466581464010255,-0.08658054430480051,0.14268386863044422,0.09536536685750516,0.0070646221479624995,-0.06060516544687643
334,0.002937740566842593,-0.03818203406023588,-0.038975287086721516,0.021645016893276296,0.21213716197191015,0.1606599362359164,-0.034441771652741954,-0.08657632484703423,0.1432938307393211,0.1006261729874617,0.008868523019862507,-0.06061868245102324
335,0.004532316380990573,-0.07251325220396802,-0.03904307874489435,0.0216450037634887,0.21212329112714454,0.20728057844183187,-0.03550674232875525,-0.08660391582644776,0.14019622181462307,0.1040219748569103,0.008691410760430953,-0.060523216848215156
336,0.004299845135976622,-0.10506221816294722,-0.038927237695070394,0.021645265415514436,0.21209772324853646,0.24962495658755357,-0.02879000370669582,-0.08646047062211062,0.1382791867274681,0.09138891966267344,0.008661495571005314,-0.06102268132095152
337,0.004330941197424136,-0.13200343596091996,-0.038972700480280474,0.021643432322427724,0.21219675745750488,0.2656980227276809,-0.025384086366389766,-0.08708161802371091,0.13856001791867797,0.06116881651121351,0.013615975215236205,-0.05792923067038131
338,0.004357020742733268,-0.13793505341251036,-0.038949417135615026,0.02165299523164757,0.21198551143586328,0.31676934872250456,-0.02637550225482518,-0.08313306428914687,0.1385286448167175,0.04222310561612392,0.018754764387023354,-0.05606045147431579
339,0.004089392957094873,-0.15535424721085875,-0.03899657263405919,0.021611592193146966,0.21675331684708254,0.3371165954959579,-0.017034573861240646,-0.08243977746025329,0.1384935714465155,0.02107590827361195,0.02163932987773604,-0.05623152474824927
340,0.005935425074945133,-0.1564768689723049,-0.03886048583600692,0.02176088346616901,0.22104296232474568,0.3420551464224252,-0.017676076923961857,-0.07791162611226263,0.1387874960889909,-0.01748543548727443,0.02397440130271748,-0.056263945889799764
341,0.008653823099163575,-0.17018130983109767,-0.0390728044997484,0.0213595139820706,0.22069524563426077,0.36017169596402104,-0.01598532112386431,-0.07753820636119393,0.13680625220918083,-0.057203806282107104,0.026282803429489895,-0.05165857699259045
342,0.01141050581142062,-0.16839452495898818,-0.03449031414504102,0.025978408476008102,0.2207737644996507,0.36125209425463006,-0.012549942193570746,-0.07312179860090702,0.1337929804027099,-0.11863533152959323,0.025935729204609896,-0.05199690973528917
343,0.013193749483257222,-0.16903912483759276,-0.03387689554673014,0.025896172869074703,0.22089829182434814,0.37886919463986735,-0.013084826088680435,-0.07372906797381082,0.13427785424218242,-0.17633476720533733,0.025969016559410647,-0.05229223815238822
344,0.013022553221369505,-0.1683935957152195,-0.029802964744428877,0.026005216126987935,0.2203400562159184,0.3871898179984593,-0.012969082954459627,-0.07355275965608737,0.13418845154911777,-0.2197046165820276,0.025893431641400684,-0.049555976647258214
345,0.013051103915854772,-0.17224006218891574,-0.030426470191239282,0.02596506546196394,0.22461114497766077,0.3989458063837671,-0.012988986903116513,-0.07363206283606784,0.13419881090286623,-0.271472105367996,0.02683874386328094,-0.047318885709533375
346,0.01774125145124182,-0.17348212397927193,-0.030277644260071103,0.025976196984257058,0.22511889999109996,0.4054793605260495,-0.012987157755369405,-0.073496825804764,0.13418968305880163,-0.2813977465222999,0.03074361785943565,-0.04766342776541089
347,0.02533008641478725,-0.1742041489684829,-0.030307228238563636,0.02597343429749623,0.22512025072213226,0.4234998058652317,-0.012994212551634592,-0.07371422357483998,0.13429730610753504,-0.2813305594045827,0.030311189956526263,-0.047616469346947736
348,0.035523862996942615,-0.1956904918412605,-0.030302427311056073,0.025974594504190398,0.22515817782279476,0.43360935243924437,-0.012924563634242886,-0.06905944895670395,0.1333961959456329,-0.28647644244735765,0.02983734924674115,-0.04761938282093262
349,0.03684686070956967,-0.2016245504976727,-0.030302026716963488,0.025973294531585853,0.2247795461543489,0.45043091576144434,-0.01334332915779636,-0.06937057242224264,0.12508660769008698,-0.2949533661879749,0.033911272562803005,-0.047604907960579416
350,0.038866823487560466,-0.22765359929744503,-0.030316047430095666,0.025969440244493165,0.2272415467814682,0.47360529606099927,-0.010736077372883224,-0.06923065460055805,0.12062731830366946,-0.29500939998467174,0.03455863570285213,-0.04770843076884185
351,0.042550010766030974,-0.21158172449013551,-0.030218519314492195,0.026026055645509836,0.23022890616615557,0.47132065182570765,-0.008324177325911198,-0.06927250070321132,0.12130813552848752,-0.30308836116650684,0.03927547194220259,-0.047187607006529166
352,0.043344735374756825,-0.19502465439938352,-0.03072437967854934,0.025649713348414937,0.22584173822781745,0.5320418660590799,-0.008732335898603758,-0.06926228605321176,0.12120369477433177,-0.31049486617464933,0.04352925489571634,-0.050434913109438324
353,0.043302651070918574,-0.16238974603340714,-0.02756856896167771,0.028042195425531668,0.2250436737503755,0.6092208110150111,-0.00861337079248726,-0.06926437071396785,0.12121319086707925,-0.314614319311741,0.04334572226582157,-0.05216632535020132
354,0.043285787434873955,-0.16031319853227177,-0.025749389319803615,0.030659713496177972,0.22510024260805583,0.625126636098363,-0.008549080867856544,-0.06926403777531197,0.12117754561146381,-0.3237494714247468,0.04259046200579018,-0.05192525317461754
355,0.0432700260130144,-0.1532988603237198,-0.02598191089812557,0.030240944986640497,0.2251112339104226,0.6721856503411335,-0.003370514814257394,-0.069264066897563,0.12145190895426736,-0.3336415214114662,0.04820382541327372,-0.0519463410578567
356,0.04340202557174951,-0.1247985469724141,-0.025956451062260372,0.03031001714581468,0.225128300927391,0.6627415474393525,0.0005464728022521053,-0.06926407175252293,0.11957837752207223,-0.3431537768549883,0.05575139021238925,-0.0519497976475426
357,0.042815976139213605,-0.1062371865587619,-0.026525348490320122,0.030303217981267856,0.22499498565224346,0.6072580663868462,-0.0015662354721423313,-0.06926406785959485,0.11434394272267662,-0.35572741690358645,0.05639878589989808,-0.05194742978664199
358,0.046583959717999904,-0.10704160855438792,-0.030789871650887826,0.030305206036503697,0.2255948420335629,0.615134636033803,-0.007334556451136295,-0.0692640723264258,0.10907741342744122,-0.37275423699270394,0.056316601139406515,-0.051948211168536325
359,0.0476611785388459,-0.09694910596148304,-0.02998809724955846,0.030283833478101718,0.22179724156426647,0.585945160936643,-0.008620474496448816,-0.0692640569936873,0.1081298268290189,-0.39802365240080007,0.06091047839020265,-0.05194805843188481
360,0.047667754903647365,-0.0923467116717016,-0.03198869792437811,0.03040660470710287,0.22086888406242455,0.553547077218022,-0.011888215601826454,-0.06926411314160331,0.10822521562645322,-0.4279893768017614,0.06052640838682677,-0.051947897735577564
361,0.04312995736804281,-0.07356919367035736,-0.0412351481795503,0.02984538421085672,0.21657289341788225,0.5338691744993005,-0.021488374996061994,-0.06926395259649847,0.10821492726203655,-0.48073673852539067,0.06043322031611837,-0.05194848022176286
362,0.04250415449277321,-0.06713430380151578,-0.04648058190486935,0.033427206869826295,0.21204354034233439,0.5327071951566706,-0.026111197522792375,-0.06926413651348656,0.10834084236871849,-0.5277613749311236,0.06150652156842269,-0.05194780454931979
363,0.03845363228673986,-0.04347332414797283,-0.06049208363346088,0.0347877104643911,0.21124135203732272,0.4987616647682963,-0.025897465122107655,-0.06926598618073929,0.10728269006175908,-0.5199734619184125,0.054332855594964764,-0.05194099922268039
364,0.03911687807212297,-0.03696416644689556,-0.0652995462457511,0.03462381131482861,0.20758067252786352,0.4756204262976557,-0.026086299096255067,-0.06924733703900059,0.09871065301200325,-0.47876377317702895,0.05155852491510603,-0.05200961349479379
365,0.03881013105361526,-0.017076020424334013,-0.07072928943003151,0.03462779885734088,0.20603138142972072,0.4602719474610069,-0.02552919097476519,-0.06935985618072676,0.09471823201946862,-0.4693289679850953,0.05203811781174854,-0.05159563066893832
366,0.03937338779560184,0.012707428029563508,-0.07358519380439262,0.03463413784787392,0.20061694498888927,0.44230246413091806,-0.028866725706613635,-0.06882084033639557,0.09531517020126165,-0.440672884665147,0.04747647024456255,-0.054197432556959114
367,0.03497015444018612,0.018491245801469585,-0.07581249842683803,0.034631267717152324,0.19567349822795596,0.41186123232410604,-0.030506150053586967,-0.07221698905388277,0.09523335492036554,-0.412219971243484,0.04680744014251424,-0.0567209317771264
368,0.03465246415183896,0.020738216517396376,-0.07848687713603031,0.034632783394680317,0.19109253986870367,0.37774710626528946,-0.030287087439271047,-0.07380888890536236,0.09523617286410124,-0.3891243209010182,0.042816621865644985,-0.05584527230309695
369,0.03454493863245263,0.07191102820047139,-0.07715771583021161,0.03462964699691011,0.18156012298541044,0.352759905380814,-0.03031034429736555,-0.07353160265392197,0.09523990428516402,-0.37720890531726287,0.0432926283706444,-0.060390794602253384
370,0.035104882219145546,0.08467847369750361,-0.08630538812057369,0.03463969137931161,0.17620377059976944,0.3096005909722514,-0.03013950822041858,-0.07339659147789257,0.09523259566912222,-0.3627392186297261,0.04372861915806577,-0.06056113335789215
371,0.03152866582907444,0.12993437861379445,-0.08648855755098046,0.03461624258010174,0.16707203998614184,0.2794907594159083,-0.031562293477882246,-0.06887892271588016,0.0952631689487525,-0.3554119677738556,0.03970679294994429,-0.060680967523700925
372,0.022750434855693443,0.1493741493463601,-0.08642588983289134,0.03460391766441209,0.16240884395521105,0.2412521000278407,-0.034805879990484435,-0.06947058671845874,0.09513764011167494,-0.33847011018538053,0.03890389788445649,-0.060284020174163136
373,0.021510095070983865,0.1514300628604587,-0.08805477568246142,0.035214036679490045,0.1598356156729805,0.2268985476387902,-0.03657284785943656,-0.06881596214482125,0.09556399254463586,-0.30670433822924786,0.03894875320873089,-0.06261853528010707
374,0.02165116840233573,0.1841484780300376,-0.09131274707072548,0.03949583878677625,0.16023953951366415,0.20162721548974286,-0.04257976251006355,-0.07196143700868224,0.09137208681616266,-0.2999291176670718,0.03897433914975879,-0.06530230502567078
375,0.02166699954230793,0.19930425073144803,-0.0909533407550427,0.038408800086852914,0.16015682572301876,0.18651552253229206,-0.043041825908329695,-0.07386610756515971,0.08638397712318761,-0.26862019812063404,0.03892046413852108,-0.06486166161430551
376,0.02176911085650995,0.19469007449955297,-0.09049551368880922,0.04166577624863925,0.16017962646867184,0.17221038815647666,-0.047556237634834776,-0.07348664958038514,0.08197141412460926,-0.26124563140417406,0.03915046415859019,-0.06496361016263968
377,0.020084192634434492,0.19406355792007704,-0.09503694345846259,0.043087956591884476,0.16028060481516307,0.13377338349901763,-0.0478957481220906,-0.07355888985085486,0.08234905158628422,-0.23357736774488375,0.03717726879673313,-0.0649442233944503
378,0.012906273047122992,0.1902925497552522,-0.09538649926951445,0.04711325584489806,0.15907018092148692,0.09575896470552711,-0.05234731725279516,-0.06908802423163955,0.0822248884755051,-0.2216111582841622,0.02749066587781082,-0.0644059464151605
379,0.007775746051776401,0.18855263630990302,-0.09963179751875313,0.047594859407475855,0.1460435589657002,0.07176285063545983,-0.05206687622931526,-0.06830151386344371,0.082256501864451,-0.18215495875680796,0.02604117015142044,-0.06042878605978179
380,-0.003943843822189174,0.18540564494189277,-0.10191772601015012,0.052585410422074645,0.1374579573074884,0.049227388995619445,-0.05023158515813135,-0.06443844378890465,0.0822516582779222,-0.16381863606106023,0.02154978977712874,-0.05898828762973157
381,-0.0039095186121524865,0.18741135537597392,-0.11027946754623015,0.05657476906542778,0.1387669447537416,0.026040530566300686,-0.044414086188773017,-0.06505109088650311,0.0822469962561557,-0.1598033360261715,0.02230219896717959,-0.05584390368263774
382,-0.008212115491003218,0.17399586893310387,-0.11829821748522353,0.05618808249535458,0.13844093117843792,0.011720750656209724,-0.043136288810546895,-0.06491255301336406,0.08225199325957061,-0.1362734876038321,0.026387262946760918,-0.05636109783629705
383,-0.008639916599063643,0.17326966160070353,-0.12104129881681393,0.05629883101091745,0.13863447025029832,-0.008833439461190806,-0.04330555294281835,-0.06493834018214253,0.08233326304484408,-0.1032326393772477,0.025860859925104018,-0.056264831468624966
384,-0.013683677855496696,0.1728947334020956,-0.1255499366093174,0.05627258715339873,0.1338949797413409,-0.029759585142058446,-0.043290761901360136,-0.06493488368928459,0.08149389377066112,-0.07918497427855906,0.025999789151329753,-0.05627773008924858
385,-0.0171262382884651,0.16475196154908195,-0.11671401644055138,0.05627778023167349,0.12497245964725681,-0.03926284337366948,-0.04330039047362159,-0.06493497106064336,0.07578599908742355,-0.04678561452907191,0.025969061645213613,-0.05627737770333867
386,-0.02047856233795127,0.1529877756122239,-0.11258698187649678,0.05627698596311727,0.1162948993120591,-0.04647736846551009,-0.043209288981488674,-0.06493518630066082,0.07331428433044508,-0.043278370148980616,0.02597511041506091,-0.056276894795918166
387,-0.025954278620571605,0.14892944803661912,-0.11133580148737468,0.056277029371442785,0.10201088532514825,-0.06543377733849319,-0.043713664358222756,-0.06493457990966466,0.0735622886056279,-0.007443641947683075,0.02597378608882145,-0.056277114842990125
388,-0.03161530668282667,0.14450119768868122,-0.10843285915623256,0.056277317325499794,0.10478983532241783,-0.06925443547933012,-0.04065671164901221,-0.06493732102263348,0.07385190629746699,0.01192242990700185,0.02596639344067055,-0.05627700076771585
389,-0.03468811974017063,0.13479624191535267,-0.10375716281758865,0.056275370953457506,0.10055556519041657,-0.07202028343678071,-0.03913011366051117,-0.06492605033943696,0.06955636259091978,0.021093859377149384,0.026039530027463828,-0.05627723139282358
390,-0.038580029003482494,0.13414235470488897,-0.09580377197373303,0.05628557174774519,0.09969848874582385,-0.0738275407441491,-0.03524600540383529,-0.06496422217828295,0.06477415863250957,0.046759303952790224,0.02560184607666119,-0.05627649780391897
391,-0.038938895810779126,0.12383407702228147,-0.09517206476980125,0.05624110119628206,0.09540579175147168,-0.07355468859073816,-0.03460413316538413,-0.06487620189160594,0.06521272715319787,0.05647311495498033,0.02833259979671839,-0.056278182903422555
392,-0.03899064193559163,0.11570789229147614,-0.09524240697795854,0.05640284105296806,0.0904303195183592,-0.07355891252850201,-0.034615383582044704,-0.06481467390471118,0.06348108973742993,0.056393820404226934,0.030490264145207675,-0.0562793548114096
393,-0.03893045059464326,0.10829781816045839,-0.09532388143468319,0.0559601014143647,0.08625169740820661,-0.07420856737280611,-0.0346321643452074,-0.060270513018771864,0.0601705655589888,0.06128015747507783,0.0306241945724436,-0.05623470188344291
394,-0.03907386197031457,0.10453304604540647,-0.09443861741030599,0.060598135362797026,0.08668108505346682,-0.0783757610975153,-0.03467835107943415,-0.06064948932101369,0.060706793729006336,0.06742046983645035,0.026151268407830962,-0.05656894440988307
395,-0.03847307753822897,0.09449091010904338,-0.08920372673821231,0.06099358450620356,0.08655477678744661,-0.07779998179233079,-0.03440011615260963,-0.0609774438848161,0.06056110679597806,0.07630763033177398,0.026028893980784902,-0.054384748239309944
396,-0.042147983104975535,0.0901848872108986,-0.08381328105259506,0.06514516609955075,0.08658543012580695,-0.07794937933523727,-0.03556471870501725,-0.05802805829225987,0.06066944424040597,0.07812030686877876,0.02590753191826774,-0.0515648842136427
397,-0.04310533820737903,0.09521379173306437,-0.08248932395024093,0.06648090209955727,0.08657919832077257,-0.07791759680197848,-0.027717329059941575,-0.056019798036079524,0.06070861797201934,0.07788545056970682,0.026218337758216387,-0.052018894235948146
398,-0.047417166368794506,0.09518083098846859,-0.07855906445356046,0.06959146204433221,0.0865801379595953,-0.07792119856663822,-0.02579937210674714,-0.05629029149405422,0.06527594083337365,0.07792688799249231,0.024319272183048534,-0.051938635957426274
399,-0.04751154649252189,0.09526073914080005,-0.07798261586276051,0.06963505517712375,0.08658003025405238,-0.07792267107658404,-0.025962942893342132,-0.056284888392415675,0.06481228538586296,0.07792198908549737,0.01836455339488473,-0.05194827013005979
400,-0.048368298612723765,0.09523881467553168,-0.07317394688629827,0.06564963271202738,0.08658155533951978,-0.07794982084359496,-0.02598669022633747,-0.05667274485787283,0.06497561788253974,0.07792192439263688,0.01756788945180324,-0.051950479660446254
401,-0.05240533612126697,0.09520498765061522,-0.06831518622954984,0.06488361800483344,0.0865695482095951,-0.07768743714442436,-0.025969402258885388,-0.061097705178011476,0.06489442472041972,0.07792182726143798,0.013315010626452213,-0.051930529971607
402,-0.05179993276619773,0.09536851964556117,-0.06348814098178165,0.0649223259033887,0.08663566186079608,-0.07951338420154992,-0.02597534164166353,-0.06011642990060994,0.06505491330074264,0.07792393302173767,0.013005948845873775,-0.05204627354530946
403,-0.05209900769953288,0.0948623211098896,-0.05788286581002025,0.06494256195485754,0.0863366041931912,-0.08282451010262538,-0.02597355016525586,-0.06295025956374546,0.06462613731496479,0.0779134626046377,0.013126451295706592,-0.051497605984493024
404,-0.05150545570421425,0.09947177674087292,-0.056936096310848956,0.06493262990058742,0.08747580373943462,-0.08157276428254062,-0.025974749019405368,-0.06524320207005736,0.0692304323624647,0.07795521662142389,0.01171322602774121,-0.054949932668228854
405,-0.05578665673768099,0.09979897076867773,-0.04934205372637834,0.0649356939764075,0.079147499621724,-0.08628071526442647,-0.025972132705210024,-0.06488720795731082,0.06919140340630706,0.07782159618932814,0.00852478950041289,-0.056432241635381866
406,-0.05628851547694104,0.1044934940405506,-0.047439015233716325,0.064934928455838,0.07783194359878222,-0.08245720343562661,-0.02597612715890217,-0.06493876171967475,0.0692947719776439,0.07808062002577407,0.006501157706784779,-0.0563054750739997
407,-0.056295443913836646,0.10258504153577956,-0.04753406170065825,0.06493508896844949,0.07759777830573533,-0.08209290588765857,-0.025996225644119034,-0.06493592716543542,0.0692551030687055,0.07342261199070461,0.0012211627593369044,-0.05648965856579425
408,-0.05626895180558326,0.09694353595168975,-0.041650655885730255,0.06493506211512066,0.07320802979810441,-0.0775066182109031,-0.025752339465282086,-0.06493454380173713,0.06926621825569128,0.07369503059860928,-0.00394297941219646,-0.06098865315520213
409,-0.05627996757007282,0.09499238438510126,-0.03375202606116731,0.06493506486402932,0.07371301657556399,-0.07805709028749215,-0.027507036498710283,-0.06493526518513168,0.06926364040239791,0.07356060971777442,-0.004331627103797748,-0.060483502404521175
410,-0.056274082917160295,0.09527692592015002,-0.03525594628217821,0.06493506509616159,0.07356276195260751,-0.07788833145342029,-0.03034255068344378,-0.06493486232208187,0.06926413486292264,0.07359788365633575,-0.00437872110716784,-0.06062793812110176
411,-0.056286616253045985,0.09523492409351236,-0.031917885411084236,0.06493506487336527,0.0735995358649255,-0.07792482081174781,-0.032879714427657664,-0.06493573115863184,0.06926406455661867,0.07360675572685194,-0.004052848236775725,-0.06064157438145173
412,-0.056246345136574796,0.09523750633530056,-0.030065891916953007,0.06493506495242894,0.07359196011526048,-0.07793701705104993,-0.035289700438807796,-0.06493284287723886,0.06926406804393438,0.07354087385438485,-0.006118782985663434,-0.06046369534513806
413,-0.05634249759571266,0.09523797862247788,-0.030331146506715718,0.0649350649310028,0.07359319729754425,-0.07788483268001854,-0.03062552922745385,-0.06494017179525227,0.06926406898838294,0.07371383555865849,-0.008622773860292667,-0.060936143138303256
414,-0.05636438968830091,0.09524125050459689,-0.030303630206055716,0.0649350649358561,0.07359307917463248,-0.0778954084624343,-0.030313410936168076,-0.0649387074013394,0.06926407537778687,0.07367928276915683,-0.011615520297133216,-0.05627997295978562
415,-0.06082729353226704,0.09522190758905241,-0.030301493549049697,0.06493506493494872,0.07359307275575004,-0.07896111421811562,-0.030420018534294848,-0.06479740914640533,0.06926403831003143,0.08340393596941068,-0.013258342848690373,-0.06100637753654856
416,-0.061333189243895705,0.09530450880239895,-0.03030352326461241,0.06493506493507176,0.0735930229990771,-0.08746856780965943,-0.029197094671410146,-0.06606449730389545,0.06926419571696979,0.086772084310554,-0.01286112954594522,-0.060455129057260026
417,-0.06718936508271091,0.09501851092523228,-0.030303401626503506,0.06493506493506783,0.07359335855254712,-0.08633233087090049,-0.02550919188951717,-0.06962260817891397,0.06926364987524991,0.08659856572012493,-0.01752406126170518,-0.06064814833267412
418,-0.06955291045616907,0.0957009203495239,-0.030300701375787716,0.06493506493506344,0.07359181145630635,-0.08663749674768416,-0.026082397770875176,-0.06961504579782962,0.06926497795072085,0.08625805237537304,-0.017210363504313313,-0.06059630799075837
419,-0.06920702595286043,0.08638750154695111,-0.03031167103001122,0.0649350649350654,0.07359776084578618,-0.08656906044610588,-0.025952915092965188,-0.06614901533283284,0.06926527041064319,0.08926094891769329,-0.01734879487606498,-0.06060793372258034
420,-0.06927277308944296,0.08691015114930291,-0.030279479957618,0.0649350649350648,0.07357957247901023,-0.0865816579733781,-0.025977143121397265,-0.06477964349807587,0.0692350904159409,0.09480038500338006,-0.017307840776776006,-0.060605793546197044
421,-0.06926343517921325,0.08536558567467752,-0.03031996628480801,0.06493506493506496,0.07360993094337158,-0.08658001158522044,-0.02597383592229313,-0.06494254771436762,0.06947109499103041,0.09525813514223196,-0.01731771877094794,-0.060606073463681895
422,-0.0692638964740473,0.0814067887046126,-0.03067184123465729,0.06493506493506493,0.07373669824845829,-0.08658005011191608,-0.02597395046111149,-0.06493955653978065,0.06781403235711683,0.09525012433919083,-0.017315738334581693,-0.060606068323958324
423,-0.0692641690977437,0.08497170597620937,-0.03505346142470731,0.06493506493506493,0.07199830824789306,-0.08658002204360148,-0.025974065282929268,-0.06493291681829698,0.06200415665189503,0.09523234258320112,-0.017316043609961633,-0.06060605691499901
424,-0.06926403666353091,0.08681585846727455,-0.03450715776230252,0.06493506493506493,0.0640055946127466,-0.08658059109875743,-0.025974013566457618,-0.0649357223164073,0.06040520968699112,0.09523985404339445,-0.017316020562953234,-0.0606060617354193
425,-0.06926407779836347,0.08655127016122242,-0.03466159308788438,0.06493506493506493,0.06517195008442381,-0.086577668691059,-0.02597402913622416,-0.06493489891158855,0.060638834144286974,0.09523765889677076,-0.017316014808526178,-0.06060606032180725
426,-0.06926406736891935,0.0865798137701511,-0.034628369352711526,0.06493506493506496,0.06488413111373349,-0.08658968537007596,-0.02597402529410347,-0.06493511109571228,0.06060197659450904,0.09523818596440542,-0.017316018172453457,-0.06060606068131592
427,-0.06926406961337947,0.08658153972579466,-0.03462579791572784,0.06493506493506482,0.06494395449303646,-0.08654944009321176,-0.025974026092703925,-0.06493502007705632,0.060502867959373215,0.09523808013427143,-0.01731601708971052,-0.06060606054195075
428,-0.06926406921635138,0.08657951910950648,-0.03464259960739219,0.06493506493506537,0.06493404204696092,-0.08663930721343502,-0.02597402596034712,-0.06493514139824177,0.061565636300681056,0.09523809705553112,-0.01731601736585512,-0.06060606071238508
429,-0.0692640692658123,0.08658024603133384,-0.03469586238621733,0.0649350649350633,0.06493503302846008,-0.08673001560356029,-0.025974025973583392,-0.06493525664795342,0.06537541423888715,0.09523809639743185,-0.01731601730710841,-0.060606060872223935
430,-0.06926406929430735,0.08658004972217068,-0.03385219664944323,0.06493506493506938,0.06493507779720195,-0.09109943849382379,-0.025974025974842826,-0.06493191694752115,0.06494233935369287,0.0952380787959548,-0.01731601731710263,-0.060606056235893095
431,-0.06926406902026051,0.08658009356724347,-0.029837723613605947,0.0649350649350613,0.06493540656658164,-0.09203758120412378,-0.025974025973763595,-0.06495634583994592,0.06449560724645625,0.09523820554022008,-0.01731601731603526,-0.06060609014899484
432,-0.0692640706531104,0.08658008563774433,-0.030422998142806097,0.06493506493500062,0.06493310502056883,-0.09572520715849345,-0.025974025973841075,-0.06482633523664816,0.06854329315952452,0.09523753189683155,-0.017316017315725525,-0.06060590966352471
433,-0.06926406278716402,0.08658008659836945,-0.03026922787137526,0.06493506493565485,0.06494381988476265,-0.09512945939023658,-0.02597402597522112,-0.06539712633012186,0.06931600657775863,0.09524048918310757,-0.01731601731785918,-0.06060670205654809
434,-0.06926409490662265,0.08658008629150554,-0.030336398672538376,0.06493506493162277,0.06490225157159275,-0.0952579028462009,-0.025974025969473773,-0.06166830273172593,0.06927223794645672,0.09522967406313211,-0.017316017306117,-0.06060380417470372
435,-0.06926398611239924,0.086580089454458,-0.030243323548786033,0.06493506495122063,0.06503120003439113,-0.09523566329224345,-0.025974025987374017,-0.060461784802148644,0.0693083874489664,0.09525948828004839,-0.017316017360011256,-0.06061179281487867
436,-0.06926424490647168,0.08658006992691836,-0.030180886903117158,0.0649350648713662,0.0648029685633352,-0.09523809718824734,-0.025974025955684033,-0.060611178562465895,0.06893881393999884,0.09523401369295094,-0.017316017153398828,-0.06060496696686778
437,-0.06926432019203473,0.08658016355026542,-0.02562005913503802,0.06493506513711583,0.06945402258570507,-0.09523604362607806,-0.025974025846314686,-0.061032406836881804,0.07135402396762111,0.09480906830646987,-0.017316017771352183,-0.06049363499581248
438,-0.06925837141555517,0.08657979119625839,-0.026117623781539437,0.06493506455067666,0.06916377699922183,-0.09525577936853011,-0.02597402738184056,-0.06542987620222722,0.07382420749105656,0.09047825130057319,-0.017316016880922228,-0.06160824774860047
439,-0.0693046426555904,0.08658096676411571,-0.02583187546174565,0.06493506390625103,0.06927412896871551,-0.095139069741716,-0.025974017254185553,-0.06444128762266021,0.07395257293329274,0.09103376159086704,-0.017316011232506312,-0.06540083609342122
440,-0.06904971632653016,0.08657885939599923,-0.026446206937664356,0.06493508132337186,0.06936900454780186,-0.09568867029991764,-0.02597406857018266,-0.06731152650629013,0.06962900129455925,0.09087989945644381,-0.01731607510593884,-0.06482387421978515
441,-0.07020932212243042,0.08657151795710182,-0.022668040349184924,0.06493495468237254,0.06879934769537878,-0.09221400929907177,-0.02597385085843323,-0.06956648968582936,0.06927640878351259,0.09091272880915667,-0.017315677027519714,-0.06495720136083905
442,-0.06297776471871921,0.08667468170551319,-0.021530440824143307,0.06493562752294602,0.07263450916608469,-0.09073340416576403,-0.02597462035464982,-0.0692178925064597,0.06938239121789921,0.09091503190646506,-0.01731761671082636,-0.06493168504492464
443,-0.06062872122281196,0.0857950919493358,-0.021643930643654517,0.06493267231813465,0.07369861534021724,-0.09092166591857012,-0.02597262209400724,-0.0692673780800122,0.06812506559611527,0.09089911536983654,-0.01730974318249281,-0.0649353069254034
444,-0.05646928451393961,0.07749880695867854,-0.02165068880847788,0.06494351220562841,0.07359508843334057,-0.0909126263434933,-0.025973458797697867,-0.06926502181531118,0.06447227911941159,0.09084803746689166,-0.017335561555583415,-0.06493513339861395
445,-0.056331853401032625,0.07300688179665199,-0.0216437456215713,0.06491332495922943,0.07358726924385404,-0.09090709341959073,-0.02600816569203267,-0.06926327609218563,0.06504090092384027,0.09165141309698242,-0.017282044546778324,-0.06493502135049684
446,-0.05624584593431787,0.07368893205209892,-0.021640255854037525,0.06494201296266834,0.07359533072765947,-0.09090973194111608,-0.025712417367150707,-0.06926591313908997,0.06491526557124105,0.09585002813653304,-0.017184686059109403,-0.06493510948394132
447,-0.05628721161896492,0.07358396097817019,-0.021668916531717906,0.06534582047377048,0.07359243215294015,-0.0909089261071729,-0.02769535305281949,-0.06925583407353232,0.06493735044492509,0.09439599340403025,-0.011831913491559171,-0.06493490424035456
448,-0.05627440075727242,0.07359109993536773,-0.02155634338752059,0.06969128916972217,0.07359322251424603,-0.09090912940270264,-0.030624951129191613,-0.06929758776700452,0.06493528842643868,0.10026695125318269,-0.008802762607457156,-0.06493571001925857
449,-0.05627765620616839,0.07360614867956779,-0.021891447564605714,0.06913862472660055,0.07359305556563793,-0.09090907374664534,-0.030558032558210754,-0.06915210706380917,0.0649418894258173,0.10795364588894754,-0.005426297555593675,-0.06493291173405108
450,-0.05627690605030309,0.07351156065500165,-0.017482970847023806,0.06929648536510784,0.07359304191568525,-0.09090911627245297,-0.027030851749727976,-0.06951339482166144,0.06487319340794451,0.10783777104583964,0.005714765729180926,-0.06493985965709714
451,-0.056277179428837504,0.07400253866636211,-0.012809512865992407,0.06924911012327122,0.07359312741146148,-0.09090911627700336,-0.021778345248385202,-0.06487185932264848,0.0652924072906471,0.11708027634779093,0.012383996634976703,-0.06493998540284678
452,-0.056277012295728734,0.07091852910939796,-0.013070502438936751,0.06929212945845808,0.0735933842052417,-0.0909083631970458,-0.021698070649084508,-0.0650220750144258,0.06266193828092763,0.12135989571743627,0.016016087871378638,-0.06479374347439022
453,-0.05627513800152927,0.06891384252383433,-0.012952138546857528,0.06921967635420383,0.07358944647372638,-0.09091438987226909,-0.021446791776636102,-0.06490294665640058,0.06028534053823294,0.12115757228890046,0.03487800660612624,-0.06607490630960813
454,-0.05629332039617138,0.06954848862798867,-0.013041271850322842,0.06906161198274097,0.07361589238676437,-0.09088099226706811,-0.033247619317401375,-0.0649439324400232,0.060656581046472834,0.12122718421330927,0.03935373055263649,-0.06972703980308056
455,-0.056184403005589446,0.06487713197754434,-0.012798109626522221,0.06455921120936961,0.07348058305887777,-0.09103210811925679,-0.06379765300107997,-0.0649330269545099,0.06060193713445007,0.12120864779034905,0.044875004796965844,-0.0691492424758302
456,-0.056708252468045055,0.06501823026830057,-0.013561078749470929,0.06505873916541917,0.07405930287276673,-0.09046023680410906,-0.09809451293258989,-0.0649354523204792,0.060605234491066216,0.12121282363617615,0.04795525272039605,-0.06931664650463155
457,-0.05343586772414029,0.06492354814266332,-0.012072331995096858,0.06490287217358401,0.07025157090361249,-0.09467175636917526,-0.11957543166340473,-0.06493501085348677,0.06060658097035255,0.12121190695873062,0.04754499166450067,-0.0691720339637782
458,-0.05162669172547008,0.06483718866297399,-0.040283040023894906,0.06494208982105178,0.06915238783219399,-0.09526185930053342,-0.19535094209586532,-0.06493506713714993,0.06060588941588125,0.12121222865256948,0.047622419146267726,-0.06933977464190637
459,-0.052201027822802434,0.06539542395053705,-0.04974219540575717,0.06493385406209937,0.06926328182572923,-0.09528144647306452,-0.24266129950546775,-0.06493506664906758,0.060606105720515606,0.12121385889734465,0.04764714982025049,-0.06470086801931031
460,-0.04754471583050244,0.061701476449916935,-0.07457243494151543,0.06493511607353795,0.06927029750610357,-0.09498902575926557,-0.33996051758380896,-0.06493506414744904,0.06060604768468054,0.12119607286147753,0.04759929290524129,-0.06498599057138048
461,-0.047549872460128415,0.06047724754533189,-0.1106683337428177,0.06493503691017642,0.0692569973391119,-0.09688220742618703,-0.4106119122146073,-0.06493506515984124,0.060606073530317356,0.12130593702269618,0.04113698783503287,-0.06525227042591339
462,-0.048799049709735476,0.06060765945169026,-0.14311164218987188,0.06493741271369008,0.06929134911406941,-0.09952239360458824,-0.531773952584453,-0.06493506494110125,0.06060603458663958,0.12077190577019441,0.002943519696253309,-0.06271526608625178
463,-0.05200398046426523,0.06061141179297142,-0.21379956730533234,0.06491684793794801,0.06914334717879567,-0.10251429211649225,-0.6477852790542685,-0.06493506469255446,0.06060604131587278,0.12412004729297402,-0.06100841545398754,-0.06027502078242721
464,-0.05440116272929194,0.06060440101621899,-0.2742688242456434,0.06503448398894492,0.06972407062900485,-0.10371719255528354,-0.7173600826993767,-0.06493506573500336,0.06060676493590674,0.12574915053548363,-0.12257848625466296,-0.06065980230473741
465,-0.05613855250782731,0.060603491604017526,-0.3796040923412776,0.06448958168633354,0.06564449229432837,-0.10795156574313591,-0.7478776238849633,-0.06493506345862554,0.06060082805504789,0.12550643139473813,-0.2608305681365449,-0.060600925256168205
466,-0.05990794134537437,0.060620417224595415,-0.4666146411869727,0.06797271214362927,0.06487884011060492,-0.1081862779412014,-0.7686172848891992,-0.06493506038614118,0.06063403539578778,0.1254873516002319,-0.334347469623518,-0.06060454360510338
467,-0.06065289925499759,0.06055175914212291,-0.5890916217658269,0.06952678176999962,0.06490896092254574,-0.10825618051242504,-0.7974986037154567,-0.06493513270797503,0.060483024029523276,0.1263349885543284,-0.458423387277938,-0.06061883217730604
468,-0.060620144533317565,0.06076083212016297,-0.6511029203483292,0.06912673150255551,0.06512090647218906,-0.10819536191957803,-0.8007756356794921,-0.06493461512052653,0.06105627733459661,0.12949789943484918,-0.47429355836374887,-0.060524463460539836
469,-0.06059814982127914,0.05659357713988367,-0.7115516701070016,0.07378755179100634,0.0636306404355145,-0.10833004655776284,-0.80089971888934,-0.06493734075004484,0.056844799725310986,0.13521003727412717,-0.5591281018090765,-0.06101807934616086
470,-0.060608625431828156,0.04730662007943631,-0.7438020475299056,0.07348987781412604,0.060045821842960354,-0.10779283504681626,-0.8008359665054041,-0.06492547267564966,0.056254850295448466,0.14665191325855734,-0.5983360354343096,-0.05795832399925363
471,-0.06060539130834322,0.046927735504306615,-0.7637950749971318,0.0736240869911539,0.06116842410533267,-0.1114131544532677,-0.8009599507852995,-0.06496845126418221,0.05625966639323321,0.14723008381657376,-0.61071731060901,-0.0560255378745781
472,-0.060606211757622194,0.042764838684084,-0.7662347834392357,0.07359308454121098,0.057284382480034875,-0.11296038764977198,-0.8005447542982225,-0.06485235197464086,0.056285046812505186,0.14718207335086386,-0.6183947778564132,-0.05630802747525406
473,-0.060606022001118615,0.04342079526988561,-0.7709675194168119,0.07356098606189554,0.05614070396285091,-0.10822310506014515,-0.804464565780606,-0.0649327068028621,0.05627465040369069,0.14718618181369675,-0.6240791942308788,-0.05627708716434988
474,-0.06060609368199871,0.04325534347605755,-0.7704097394183231,0.07370524245518975,0.05627928138065699,-0.10827214047096957,-0.8138160403122655,-0.06043395581338321,0.05627764567629963,0.14715480304302586,-0.6233580703097564,-0.056284062881427385
475,-0.06060605016442586,0.04332055281505684,-0.770555070428109,0.07334543590181944,0.05671445381983324,-0.10839716743901404,-0.8324218903851931,-0.05969227452589433,0.05627693572137045,0.14743789689017084,-0.6234572918547667,-0.056209896079791606
476,-0.060605528466336656,0.04324666953393433,-0.7715149129614253,0.07798640605726102,0.06103370464833368,-0.10683227625732145,-0.8543145805340021,-0.055770850491926746,0.05627707553273349,0.14550451246887894,-0.628203065254783,-0.05665096523672888
477,-0.0606105363842066,0.04308495676588355,-0.7848400754527101,0.07791315432178172,0.06048179688473521,-0.10149333402663832,-0.9075519667524661,-0.05643004712102515,0.056277054618492334,0.14241134139111966,-0.6264901968970085,-0.05390002199489616
478,-0.06058064202862739,0.038436684883540156,-0.7873479143411087,0.07738656923309464,0.06063598099217257,-0.09652967437000898,-0.9160674550725697,-0.05612175115129479,0.05627705599452617,0.14306973921415456,-0.6349443429558568,-0.05163637428417774
479,-0.06072410902535735,0.029882896806412294,-0.8004441711523491,0.08160301171028661,0.060600008748918834,-0.09207793685351208,-1.004947814240897,-0.05666834121242137,0.05627705646649525,0.14245856500532766,-0.6486140605413983,-0.052020655425952134
480,-0.06014061859438179,0.021572653791303693,-0.8112019593577664,0.08700581591748499,0.060607007797856806,-0.08263193960518078,-1.1354567664062045,-0.05206633407174333,0.0562770562139992,0.14706658625360736,-0.6559302260859923,-0.051908345145520035
481,-0.06410245937390005,0.013998764606292558,-0.843201987555696,0.08925300149389453,0.060605999443601566,-0.07761543291670467,-1.149222250093836,-0.05172742339312749,0.056277056293242665,0.14739335856931354,-0.689660299087457,-0.051673863456748806
482,-0.06501652718569798,0.004503644157735641,-0.864316253743458,0.09449583270719278,0.06060612323537175,-0.07260720122111441,-1.1106567360438764,-0.047344956883256496,0.05627705627468781,0.15193702780235618,-0.7094783134652433,-0.04737276746844591
483,-0.0649414619139666,0.004317660313515747,-0.93206846613373,0.09948964977908611,0.06060503466548261,-0.06781094992840506,-1.0888142754737404,-0.046650827132725683,0.05627705627349039,0.1513816677334984,-0.7834628658063628,-0.0466476393900752
484,-0.06492552710904205,0.004329001014963974,-1.0555702854338174,0.0995165998506908,0.06061279174322742,-0.06247646272601495,-1.0685830150464775,-0.04073764889881427,0.05627705628689024,0.15154901431057038,-0.8124029752171565,-0.04071129455384295
485,-0.06495966660024068,0.0043101038589147735,-1.0652048431721683,0.09958990626939775,0.06057223671946566,-0.06033101073132341,-1.0399095935489562,-0.038587416799996936,0.05627705628197661,0.15150795058760058,-0.9539385320816813,-0.03870319795875039
486,-0.064817247219421,0.004466232004766776,-1.0154476419855276,0.09956647229998698,0.06074853641805242,-0.060652962087820034,-1.026052060971002,-0.039416321038444384,0.05627705602681393,0.1515163790651839,-1.0113284558878506,-0.03903256290246238
487,-0.0654498982704302,0.0032137506731223266,-0.989976480571953,0.09953732500479914,0.060106536514711977,-0.06060101528379586,-0.9979014025781834,-0.03496374461489541,0.05627705817562672,0.15151502022151392,-1.0755341354579253,-0.038893978477220564
488,-0.06162403641737347,-0.005653926084240092,-0.9596471400361974,0.09969220195659009,0.0646200216414833,-0.06060570554681718,-0.9766578717947754,-0.03465262292114306,0.056277046028920766,0.15151514331612384,-1.0474136950461832,-0.03887462288018593
489,-0.06106387233285137,-0.009091020224448344,-0.9326925876599195,0.09916448777114995,0.06489403204696363,-0.060607216736767236,-0.9483129111799101,-0.034616190904350204,0.056277101678300016,0.1515151560511538,-1.0301321860703299,-0.03425940985759453
490,-0.052397562275664694,-0.008606262287232458,-0.914677019732123,0.10361281040276749,0.07415498463818194,-0.060600275590846873,-0.9139577064065816,-0.03458523512015224,0.05627688873643927,0.15151518339472406,-1.0060861422618885,-0.03503415836243949
491,-0.04747269281269483,-0.008657355970339625,-0.8891455924762504,0.10387646103396955,0.07335688633878985,-0.060635762937260015,-0.8796326274226864,-0.034920087303574876,0.056277525721410766,0.1515149671565213,-0.9777472499392931,-0.03276179300159816
492,-0.04841367586600053,-0.008650424175028744,-0.8614811471265238,0.10374921313010661,0.07366243026389391,-0.060477234892899134,-0.822713783467429,-0.0325629301222613,0.056276597675434095,0.15151595589929454,-0.9424654217513168,-0.029910824888738897
493,-0.05239426505780069,-0.00873650592445917,-0.8425423175481286,0.10519528579713883,0.07357639334149839,-0.0610714901247225,-0.7507729407963661,-0.0268345447370983,0.056270891575681214,0.15151224447836756,-0.9059619592246483,-0.030407348414913597
494,-0.05183811215499418,-0.008227505249031349,-0.8042573409891325,0.10825173057900445,0.0735958740657232,-0.0567649995811492,-0.7071342814233533,-0.0258656168624675,0.05633599315542403,0.15152298621544114,-0.8615376011250222,-0.03020632689451885
495,-0.05194686034773143,-0.01133310149549769,-0.7616080508663088,0.11082327565395667,0.07359451355947937,-0.056294700055505166,-0.6255842506863181,-0.02598154796995063,0.055928921043365235,0.1515097878721018,-0.8462123599449236,-0.030362817172660074
496,-0.05203682370148131,-0.012574651899147476,-0.7045356116509748,0.11240253353648251,0.07358952477995508,-0.051111531064165557,-0.5734121243256898,-0.026072124670812217,0.05849341644420291,0.1513934693765153,-0.8122253461609057,-0.025729151059572502
497,-0.051711111654102776,-0.01995182416204136,-0.6697460580760597,0.1163236199530702,0.0735814285818391,-0.04096471602102161,-0.5235345354259575,-0.025063042479281167,0.06093437538068709,0.1526665422010544,-0.7906262949120337,-0.026024460188300562
498,-0.05623508488641738,-0.030153108475989253,-0.6147921630357096,0.11690268235611405,0.07376233624577114,-0.032263210340235944,-0.4304056960005486,-0.02108558358849211,0.06056008358171426,0.15476350458648916,-0.7259813434145675,-0.02629660586015104
499,-0.061200335835675516,-0.03469591167021002,-0.5847363806958232,0.1171637743362631,0.07233069409825228,-0.030410314427118085,-0.4206994463422306,-0.02219235702009587,0.06059700956237262,0.15085744540666557,-0.6929344133516524,-0.02372131721263184
500,-0.06527432853878674,-0.0354740173501125,-0.5030704381205918,0.12280880898883038,0.06880954401958106,-0.027751186689372362,-0.3835892187236786,-0.018719428355117754,0.06056327190889845,0.15208880160309815,-0.6798982047686325,-0.021319894884850293
501,-0.06483453738695631,-0.03997928070218915,-0.45494301436535584,0.12431419274502568,0.06936610041738264,-0.022589308032056957,-0.34779430333415273,-0.01700347256483847,0.06127920149830638,0.14792769656874377,-0.6193196806018452,-0.021696467621134613
502,-0.06495976136499917,-0.050581757737201284,-0.37437267028795723,0.12058657638762589,0.06924460259490214,-0.017503673196820717,-0.2860675884706722,-0.017548115229152145,0.06539453818538112,0.1471259541448814,-0.5645943353807151,-0.021641297439626922
503,-0.06492995162415635,-0.05714234347884744,-0.3499406317796542,0.12177815619330658,0.06926816823804766,-0.017348053666722815,-0.270956761487093,-0.012974645994908133,0.0648141333862961,0.14717579166596942,-0.5380336652775803,-0.021646971278294347
504,-0.0649358177044017,-0.05614783365439051,-0.31389894818426345,0.11761547650918469,0.06926322797033964,-0.017294353276281278,-0.22576295453771475,-0.0184769326321962,0.06496164507181941,0.14719284133532257,-0.47608448228115946,-0.02160832736233781
505,-0.06493519872036223,-0.056284735900989945,-0.28463049299061705,0.1168242304871935,0.06923693196881389,-0.017324768874761934,-0.19756118705252632,-0.021949190681341102,0.06493035518502924,0.1471854287913982,-0.4338589090417659,-0.021887489354161464
506,-0.06493544350229653,-0.05627483883599164,-0.2574669547532114,0.11687260610314518,0.06949676909885309,-0.017306102310811592,-0.181140083571601,-0.021567394500518866,0.06493553740836726,0.1471787514309776,-0.3816879244573021,-0.019991211356927142
507,-0.06492730930127164,-0.056330980599982594,-0.22393425205621068,0.11689006427000209,0.06769113749567661,-0.017350051936903824,-0.15823056866049853,-0.02165355560365098,0.06493504451361923,0.1472194656003005,-0.36410890063155843,-0.014599872089077556
508,-0.0649894665271197,-0.05593844450020457,-0.2087987017527593,0.11688080763171357,0.06450878946688221,-0.017200180338387897,-0.1327142823236015,-0.021672757919516002,0.06493745202359372,0.14707100177261148,-0.3054813528638029,-0.009933900502535235
509,-0.06464986886121525,-0.05845164487932839,-0.1704083905472707,0.1168836837397486,0.06502291808642349,-0.017595250960245973,-0.11626764159834087,-0.021570966542284613,0.06491633051791383,0.14746393500400723,-0.28248934203101755,-0.004588358082048112
510,-0.0669343182363486,-0.06094188656858625,-0.14610242908129067,0.11688315536382218,0.0649207224684326,-0.012967868816856146,-0.0917529160840055,-0.021625004867150542,0.06503724495242204,0.14283761282125887,-0.2313272368160432,-0.00431308866624178
511,-0.07266238562411201,-0.060551107645212376,-0.11647287377930478,0.11688254442205612,0.06493641332107476,-0.013033998394906638,-0.07849103159319887,-0.017015589525132116,0.06447906191710237,0.14293763379256838,-0.21321486770023484,0.0003173300967231108
512,-0.0737110697000781,-0.06061196733277084,-0.09701481694836367,0.1168845790680837,0.06493521865088187,-0.013215440067075318,-0.05920425495607575,-0.017433658088572848,0.0680401123957305,0.1428256488498728,-0.16147798095920177,-0.000124254223810985
513,-0.07358753613148535,-0.06061001685686364,-0.09853367425210124,0.11688324421304988,0.06493515066053895,-0.011272137110701307,-0.027074055820281488,-0.01728216521472031,0.06942213832408047,0.14286607247800345,-0.14761969920928225,3.572734329031125e-05
514,-0.07360781442986568,-0.06055800309220094,-0.06513735993759333,0.11685112400207984,0.06493365196843609,-0.0082585429666356,-0.010788980159957764,-0.01732618898887402,0.06925566875928833,0.14285504590074313,-0.1133167817160951,-1.061250343677171e-05
515,-0.07340382473810303,-0.060919928144817344,-0.03231681303490641,0.11713637200472565,0.0649425194883965,-0.008702565091261312,0.008979741346530202,-0.0173057163924181,0.06925980646416538,0.14285755224830862,-0.08458777885191195,1.0388726186026505e-05
516,-0.07494544550127737,-0.05857846881094055,-0.0035972934797838165,0.11519776083917183,0.06490310561514738,-0.008748115873675237,0.03816764717777108,-0.017341574451486482,0.06926616267383356,0.14285708262924937,-0.053551990882513556,-2.5575079874059107e-05
517,-0.07840255589221909,-0.055951210877560255,-0.004833099098913199,0.11214214956197233,0.06504942572452983,-0.008534232366699944,0.05694578398227818,-0.017285048260893072,0.06926342511717713,0.1428571463714021,-0.03135752097623058,3.097626615037615e-05
518,-0.07768954860082748,-0.05622016483022155,0.00586362850482676,0.11263573683441207,0.06462927105916697,-0.013116143431698113,0.05942077697222837,-0.017033997157575424,0.069264229405587,0.14285714382549847,-0.023685455682114324,0.0002820786803708653
519,-0.07840401953953921,-0.05653682291300304,0.019785453274170684,0.11254172632336812,0.06919437085842199,-0.013761190382909533,0.07313878667681864,-0.012587021023749997,0.06926403603214498,0.14285714749167155,0.0239230138554068,0.0047283943272133635
520,-0.0739720755026662,-0.05189626513049674,0.0294796752717974,0.11255497982360416,0.06900808552942553,-0.01745473388071532,0.09619007622882822,-0.01311343841140837,0.06926407455906655,0.14285711037476478,0.04985461487028794,0.0042062274487459075
521,-0.07360726162320427,-0.05157980380231624,0.0382724387904826,0.11255439823300453,0.07110436261267125,-0.01944840413115446,0.09592804403372725,-0.012947759030133696,0.06926406906140974,0.14285729991715485,0.05999100861633769,0.004350738615104544
522,-0.06897450305224283,-0.046240608399003194,0.04298500846648855,0.11255366086911901,0.07887300602535831,-0.021548830332419985,0.10941301842420072,-0.013025275915211307,0.06926407002825928,0.142856510861641,0.08893064824121943,0.0043612134887241446
523,-0.06938886839999511,-0.041101830007520254,0.04332171920610562,0.11255607458997838,0.07756992601715679,-0.02505135309494693,0.11933808363348394,-0.012882715487528847,0.06926405601135391,0.14285920353714682,0.12605889213541463,0.004203525404362185
524,-0.06920951809908096,-0.03864070321415911,0.04851813790868593,0.11254474224764863,0.0784593316039303,-0.026062120240595753,0.12673080827636146,-0.013200794641692156,0.06926415876593882,0.14285287575229538,0.1434967298787726,0.004591026355452446
525,-0.06935913309004162,-0.03904980074395167,0.05224819001179627,0.11259243457107579,0.0743254004639674,-0.025979292036848633,0.1334881991279262,-0.008541313214310967,0.06926361356889092,0.14284959553198598,0.1632048349796123,-3.0985579454516686e-05
526,-0.06892354319967622,-0.03887292869836761,0.05196736527398432,0.11242551632415551,0.07367315273102966,-0.02600822346569681,0.13805121651200528,-0.009211789075988764,0.06926599632698133,0.14300830445062138,0.16452775790050522,-0.0012294602256464377
527,-0.07237031737426976,-0.03897416864597722,0.051501440449589854,0.11284564139928793,0.0690280848862209,-0.025688469177882735,0.14290826538257015,-0.01447464511760703,0.06925735159473137,0.14167650869905093,0.17478461813554783,-0.008711225818412029
528,-0.07771566916943495,-0.03434553918868958,0.05517723309507721,0.10820249012189795,0.06468915534443972,-0.02784512505965255,0.1433512966567186,-0.01872996419782657,0.06928069307163705,0.13796468204469156,0.1833513091217568,-0.014127144104862079
529,-0.07792451156657451,-0.03474888646477117,0.05636441088358479,0.107258523134927,0.06502158059057907,-0.030689937899022076,0.14795203401549817,-0.02707897167359019,0.0692650184546226,0.139087247046817,0.18783076753689254,-0.022398208237848945
530,-0.07751152340695663,-0.03459691845949282,0.05629455330247334,0.09864586428927768,0.06491160244284508,-0.030228917957186182,0.14519687164047904,-0.03078185700112844,0.06889223150371537,0.13530743468539114,0.1932862800646298,-0.024645245768443628
531,-0.07198257693805232,-0.03464794763387546,0.05711597813607642,0.09982390322058739,0.06494040958944712,-0.030318533367227198,0.1424970200672489,-0.03023921335530927,0.06371151136129345,0.13400229555452048,0.19503296429915493,-0.026137717531572565
532,-0.06892811469582384,-0.034600316014447734,0.06555101138523875,0.0995068636195673,0.06493405366730486,-0.030299787121176477,0.14292526760015303,-0.03030454958086292,0.05856038622217147,0.1342358607276152,0.19475098035039076,-0.025970036420021353
533,-0.06934208848437695,-0.034717527626051285,0.06633790316309103,0.09958110483931959,0.06493520634624442,-0.030202156119956323,0.14284765615523276,-0.030304401459734016,0.05594879083478456,0.12929782136682616,0.19482545299751647,-0.025967270308538824
534,-0.06924884655799142,-0.030660496982405798,0.06973764208036394,0.09955831810797458,0.06493505872359662,-0.03124111725160927,0.14285752654162306,-0.030311050905987312,0.05634122334527312,0.12450588656335736,0.19516033205005173,-0.025981431933164236
535,-0.06926633986039749,-0.016433987819842105,0.06917069509053636,0.09957483270953006,0.06493505161929479,-0.035193440630977964,0.1428574512490316,-0.030251682377436244,0.05626761065365945,0.11926084095397957,0.1995506397695277,-0.02594629854800414
536,-0.06926392136397991,-0.01194821374962612,0.06927797184787624,0.09965427391240406,0.06493514840116592,-0.03408125371302129,0.1428569587174848,-0.030541218855340134,0.056277613337592215,0.11642316610802436,0.19901482104361,-0.026098465149525484
537,-0.0692640175381691,-0.008408211010496805,0.06926320223770499,0.09865636891271388,0.064934587345779,-0.03759514956138997,0.14285744119436425,-0.02938206569758898,0.05627729045125228,0.11744971654308527,0.19913879173675225,-0.025493720410169597
538,-0.0692640971916104,-0.007299447028951327,0.06926374343999048,0.09515428169141105,0.06493731670492583,-0.03924521785426378,0.14285592567182528,-0.03748596332905401,0.05627693652933817,0.11316099324549728,0.1992284259048179,-0.029626032323022376
539,-0.06926406030513427,0.001574373122025504,0.06926423880609824,0.09299287932715519,0.06492609913463106,-0.03877922746749123,0.1428619494800805,-0.03909294159886625,0.05627709582927469,0.1126865779465356,0.19882696967693322,-0.030269456349932923
540,-0.06926407158439764,0.007913468306544037,0.06926401639775781,0.09134124811575205,0.06496412477120779,-0.04344896411597374,0.1428415704963541,-0.03907483707406147,0.05627703543109462,0.10814399891492614,0.20313354935432804,-0.03515640597609246
541,-0.06926406875403433,0.01274162570909515,0.06926408246817613,0.08444969840346972,0.06487488078543051,-0.04319100493014466,0.14288939314299826,-0.04514677680049395,0.05627710445155088,0.107087749106423,0.20813588243365927,-0.04465922975767148
542,-0.069264069356673,0.017899236132029206,0.06926406651783691,0.07799631702621905,0.06483261375381706,-0.04332258342517067,0.14291213014053594,-0.05241893798679819,0.05627690668853879,0.09717890477618048,0.21223978850611916,-0.047851542435162465
543,-0.0692640692520312,0.026667566390370163,0.0692640697163207,0.07781530215005615,0.06026960135609148,-0.04328159643743661,0.14853417535010427,-0.05385324002073548,0.05627735395771929,0.09546157912633774,0.21338907387235595,-0.0476407372079063
544,-0.06926406926422062,0.02575072424344251,0.06926406921510617,0.0734052995594834,0.06072563167599482,-0.04329188274537075,0.1577944918699769,-0.056308460825957606,0.05627771060340584,0.09256042669716098,0.21691896109489567,-0.04727426714504084
545,-0.06926406926854886,0.026031464693232698,0.06926406923741942,0.07244548796627905,0.06057859481390329,-0.04328971110065379,0.16041966744670433,-0.05926503290418517,0.05626547807331388,0.09069241401298131,0.21635638635297105,-0.05061405135116383
546,-0.06926406923132951,0.02595916567185936,0.06926406959567129,0.06916414414539197,0.06058945792604436,-0.04329010071995936,0.16011655165710645,-0.06436354515130716,0.05635627729685748,0.09086783309386007,0.2164433400849644,-0.05584396253700721
547,-0.06926406944714379,0.025985420554736387,0.06926406707799507,0.06685827770309281,0.060692854324363894,-0.04329005459504403,0.16018398078715232,-0.06928356148343605,0.05587025958543698,0.09087232659980503,0.21650203550969224,-0.06070361505315487
548,-0.06926406841939375,0.025954798450398935,0.06926408030402087,0.0645236842307816,0.06036062376216543,-0.04328954632025835,0.16017162102273336,-0.06969107842423977,0.058888396105962325,0.08623320142192162,0.2165114226654758,-0.07022481001833003
549,-0.06926407257373089,0.025934124645358655,0.06926402304689644,0.06529385675486289,0.06474613105269994,-0.043293787144149595,0.16017323393395033,-0.07413216175154998,0.060864060357598435,0.08696634708585091,0.22151524852124632,-0.0746493381789944
550,-0.0692640587013436,0.026726660865033804,0.06926422734357733,0.060663997621451686,0.06942957350519487,-0.04326984211781178,0.16017320344833494,-0.0730774284373278,0.06057315201213526,0.08478519279995325,0.2266781065555481,-0.08007448687026314
551,-0.0692640904822041,0.02994261799300046,0.06926370018130298,0.06067258589450055,0.06918454833913903,-0.04337967799081956,0.1601731536889863,-0.0760685036851346,0.06060628453338725,0.08188914754546325,0.22941719636912228,-0.0825608386121825
552,-0.06926411073980634,0.03561677392368446,0.06926383660368576,0.06057660281291606,0.06928856503153233,-0.04295786395306371,0.16017307733391067,-0.07820654251531667,0.060609153171349975,0.08220577721750956,0.23186169318442912,-0.08219120937493181
553,-0.06926329142896259,0.047098974412420835,0.06927382254344722,0.060614818421621974,0.06925792390891847,-0.04666717468465887,0.16017358458285944,-0.07788100405569069,0.060592224434160284,0.08258501176811592,0.2341752674606826,-0.08225972719660612
554,-0.0692694648469245,0.04762794308042107,0.06919098197019377,0.06060407282821582,0.06926536978650936,-0.05186394643554522,0.16017144975607203,-0.07792423702220456,0.06067986790095091,0.07803738974959415,0.23340347387163976,-0.082250627931954
555,-0.06923592877132403,0.04769679444814705,0.06965544149128933,0.06060586871141927,0.06926384719002038,-0.05190458778784758,0.1601787744549254,-0.07792320332002359,0.06027255976962056,0.0779810611517038,0.23805816277912442,-0.082250846714494
556,-0.06938693537882558,0.04765677287063169,0.0667581387620502,0.060607968531630155,0.0692640943566732,-0.05196936036859994,0.16016108296049428,-0.07792146576497955,0.06320774032115882,0.07789964096582624,0.23820841481363858,-0.08225119793012747
557,-0.06881060791028111,0.05203006866891057,0.0646584433466292,0.060602485753640786,0.0692640723380885,-0.051941485081982354,0.16015736068920525,-0.07792262701749948,0.06874712965953098,0.07789034225637206,0.24487702322031477,-0.0822510453685595
558,-0.07296957072437014,0.0537912267287351,0.06497251546788269,0.06059438317984107,0.06926402862826568,-0.05194969183199168,0.1605731771770439,-0.07792022693640975,0.069328491685678,0.07811378248043178,0.2515942845135004,-0.08225109732117243
559,-0.07363111698797575,0.06332878178052069,0.06493397677757401,0.06077544248667695,0.0692643486686518,-0.05194770070890929,0.16616871039897474,-0.07792930130308183,0.06954114868180489,0.07602838689895651,0.25285830110106494,-0.08225105568183703
560,-0.07360708478609457,0.06523398679802589,0.06493383183785845,0.059339513306303805,0.06926259732938067,-0.05194813786922361,0.16875207897943367,-0.07789885261243956,0.07396894458983387,0.06628298508926997,0.2584452796161867,-0.08225116211706837
561,-0.07358558428714883,0.06445420429458838,0.06493469041545853,0.05574795279996465,0.06927052372825804,-0.05194798839304977,0.17134341334959272,-0.07796822174204351,0.0735595050774551,0.06501575283151093,0.26311664990843825,-0.08225092414529879
562,-0.0735955806114235,0.06873346264767972,0.06494038661166122,0.05670017811502051,0.06924029702130974,-0.05194792302608351,0.17303140799190334,-0.07802459331144292,0.07319261300017642,0.06048241034540108,0.2682936197440893,-0.08225073225704496
563,-0.07359187517546677,0.06927765752264332,0.06490981830538191,0.053462477780940154,0.0693314862177738,-0.05195031230726612,0.17678111761406537,-0.083061769384629,0.07640638520455995,0.06071230438792064,0.2685504850798031,-0.08225724462579082
564,-0.07359561225694286,0.06927545302205032,0.065031923467116,0.04780557405118651,0.06918777310399844,-0.05193259127946311,0.1814121064270543,-0.08816042360833015,0.07813980824441255,0.06056365347624325,0.273821140226302,-0.0822089234889447
565,-0.07358475933949511,0.06932071278021659,0.06464629592545452,0.04763460296704857,0.07409795533715757,-0.052027536313176574,0.1953250039959688,-0.09119596658873741,0.07789984670946502,0.060645011669064906,0.2782468175152827,-0.08246782561831519
566,-0.07361375916134173,0.06889761632819691,0.06898409800066925,0.0383474200060206,0.07821069205962296,-0.05160853550274216,0.19536980528901254,-0.09203077372494148,0.07792035759181674,0.06047957994147104,0.2855259200179345,-0.08132526523687718
567,-0.07359014976570724,0.0716183687509148,0.07392234012659517,0.03946385575534842,0.07785490418011669,-0.054764453851300826,0.19943128776670785,-0.1052842660244042,0.07792092226144462,0.06104646892651663,0.2935498709335212,-0.08875766933894297
568,-0.07317619686030506,0.07386795552290121,0.07902600362315569,0.037136194207265015,0.07782927578730296,-0.06024533103876772,0.2007642670279428,-0.10857066596532851,0.07794189492759726,0.05676490569687431,0.29423592080452327,-0.09117947491601491
569,-0.06883894734199951,0.07363737156582585,0.08268163280094976,0.034683259502704726,0.07838636428493231,-0.06061132713432836,0.2062936163683653,-0.10821988105060286,0.07781632240848026,0.056269875973639756,0.2980483695119128,-0.09090015612424189
570,-0.0693871457798541,0.0734817474097173,0.08184261243210654,0.03169543850319763,0.07448942880249736,-0.060621014273077097,0.2109623940992861,-0.10821079574653915,0.0783764988979081,0.056257395760567944,0.3077592679921415,-0.09059332891818378
571,-0.06924251092093078,0.0782072207903507,0.08463979394748748,0.03011265300298415,0.07351759842254399,-0.060595355004417095,0.21616812309542296,-0.10823110472296037,0.0747048175147121,0.056285295053138576,0.3164399918725581,-0.08517246074382383
572,-0.06923526688045717,0.07697754670354809,0.09027456917423576,0.030317267435836317,0.07360680037011784,-0.06063413082438532,0.2164365353985581,-0.10822335926484306,0.0733833089103185,0.05627464427325783,0.31672227992466,-0.0819085734268896
573,-0.06937475366896041,0.07316046233769685,0.09096572617541056,0.030306639410994998,0.0730438799194673,-0.06048530281929352,0.21650623881994543,-0.1082255279042512,0.07362092886158476,0.056277676433646624,0.32295804893506774,-0.0823332726030627
574,-0.06904213393099141,0.07370055399909706,0.09091519902076382,0.03030092199815511,0.06900976050957726,-0.06106717832671087,0.21616462563186137,-0.10822502415766301,0.068994185751177,0.05627677350750313,0.32408298389587975,-0.08223460996945803
575,-0.0736723497875334,0.07357090230700432,0.09090401934556018,0.030303713679738352,0.06803975014734717,-0.05698107072380002,0.21826352182386324,-0.10822512124834685,0.06937688197610008,0.05627757848401996,0.3309270715914119,-0.08225365949428301
576,-0.07394303300159878,0.07359663999762303,0.09091105449286595,0.030302854725525824,0.061939753866056636,-0.056226824624375414,0.22096406943771402,-0.10822510717100785,0.06923127122625054,0.05627627977414303,0.33694894435029105,-0.08225083458418622
577,-0.07955494109968608,0.07359276132377686,0.0909074716642938,0.030303065197638868,0.06085188584241005,-0.05626537602270072,0.22291365295811597,-0.10822510755277812,0.06927186326591003,0.05627286221397689,0.34629296211432176,-0.08225072748938637
578,-0.08268456273302673,0.07359302334702174,0.09091408564714994,0.030303034884391518,0.056938171804064755,-0.05627347216246948,0.23261718569393075,-0.10822511347451524,0.06926268160887208,0.056327022540902216,0.35668128393603404,-0.08225476833832338
579,-0.08171680676635236,0.07359310780642614,0.09089214699349266,0.030303004757794502,0.05623774047193958,-0.056343816248497054,0.23765328262501254,-0.10822507596175147,0.06926379668601308,0.05596183194302722,0.3696606827128379,-0.08222799481556171
580,-0.08539149016517068,0.07359306253079435,0.0909497706421433,0.03030301527229098,0.05626155501420754,-0.055937619945429146,0.2515885904793184,-0.10822526667218689,0.06926478332956712,0.058302363827938644,0.37558262337244075,-0.08236457777079541
581,-0.0867434685018192,0.07359307493551442,0.09092374093064809,0.03030370872644904,0.05628812119080428,-0.058677634954221146,0.25155217435487043,-0.10822445677570942,0.06926877570443409,0.06108975778242732,0.38351832116100637,-0.08178442545340636
582,-0.08656196070723517,0.0735930796028357,0.09639167927699079,0.030297912981057978,0.05625557420944518,-0.06381639288901628,0.2561101164012057,-0.10822730086325019,0.06921091377196942,0.0601206916090637,0.38909335875631473,-0.08564366820589855
583,-0.08650669596954591,0.0735930514322015,0.10590455179270267,0.030330643514055938,0.05636961324533399,-0.06894805490439095,0.25459471286336505,-0.10822012462329243,0.06959431757200393,0.06457233075514622,0.38804004881456544,-0.08667871599982818
584,-0.08735848865762773,0.07359312246888276,0.10767811224351527,0.0301803173305257,0.05590173942544628,-0.06924150663217833,0.26022848551830885,-0.10822098815775708,0.06715503126340595,0.06492520121501356,0.41051781635716994,-0.08658389012239756
585,-0.0913721443089948,0.07359313493418009,0.1132093225896555,0.03075969295392508,0.05753790583004335,-0.06967415636115629,0.2706487298590092,-0.10836400105374229,0.06461789590153699,0.06482012091252429,0.41594785370008985,-0.08657411333486573
586,-0.09078911731543586,0.07359153434187281,0.11711218967369352,0.026592596537203934,0.04443207493195305,-0.07515297878675872,0.2803818089845653,-0.10709289191084405,0.06488614266768025,0.06604796612387731,0.42663836088848456,-0.08658115550830162
587,-0.09093763059553789,0.07360409978520994,0.12028455348661975,0.025945226625521227,0.04332434745458068,-0.0782620697176343,0.29019415806997534,-0.10349223985972913,0.0651606155625071,0.06972851334403792,0.4345583204590014,-0.08658599982861369
588,-0.09089610602951628,0.07353535084525957,0.1254511439521851,0.0260141814952638,0.04322527795675796,-0.07784353063760273,0.2994688643660797,-0.10374773889367606,0.06051590483665716,0.06915557783434516,0.44097404658752604,-0.08655140471900603
589,-0.0909301896638354,0.07384146619129717,0.1306913516769489,0.025415583362471166,0.04330057831125329,-0.07793712854894065,0.30516986580606814,-0.10481193190977152,0.06084683166620741,0.06928923567461595,0.4522744844668446,-0.0866858849564082
590,-0.09090732899910582,0.07271487080190268,0.14026730304185966,0.030000070157933798,0.04336329034623342,-0.07791988531232547,0.31433603918187775,-0.09630845387900373,0.05938764271438778,0.06924821567834133,0.4567967249499363,-0.08628546313258521
591,-0.09048603116726694,0.08131277836419998,0.14274046254325443,0.04291667836335876,0.04293326704382389,-0.07792223741531275,0.31594770611904915,-0.09135922279819034,0.055827997579180035,0.06927641223161207,0.4751112405209825,-0.08685787501484689
592,-0.08615442622111823,0.08225344549127739,0.14509624044313277,0.058887709425057916,0.04599897483803076,-0.07792303412311252,0.3183748427653503,-0.0678492601765151,0.05637708206070351,0.06943731239793302,0.4809689988979163,-0.07321403621457737
593,-0.08670000711719114,0.08229359819244254,0.14748102989994433,0.06900468233040688,0.05117812784639098,-0.07791358810612807,0.3271551710679039,-0.06451466891892392,0.05626437692803344,0.06750645344140566,0.4945462780101816,-0.0706437737917239
594,-0.08657299067960057,0.08222931024068836,0.14723655726304616,0.07279933437340472,0.05603963480578548,-0.07797196125056938,0.3374025653259595,-0.05769148574857362,0.0562630959073515,0.0596728807319268,0.49358353650487974,-0.052471547371005414
595,-0.0864951545005787,0.08228315943941264,0.1470357084088507,0.08239479398752388,0.06092957823581359,-0.07768677303171338,0.33750063422393684,-0.047089754493129854,0.056284976101354495,0.06083683561543738,0.5038937494281648,-0.03985932783983789
596,-0.08686828841259044,0.08212771457790909,0.1516918328983094,0.08210197045767935,0.06606314408976276,-0.07885261167782065,0.34628829408482426,-0.03930792488694563,0.056568770319567786,0.060558270586844265,0.5153013168310138,-0.03557067909141239
597,-0.08273732327296233,0.08270475802307704,0.15146675334773874,0.0822630400081044,0.06928181354236149,-0.07087285223096279,0.365589258706851,-0.014681809600175323,0.06199620138894614,0.06061386901624234,0.5330292401721476,0.005306669523487958
598,-0.07784249194652783,0.07851261065252864,0.1511959667978119,0.0828243134142367,0.07134330868905904,-0.06912190063363297,0.3646583166153066,0.014477850022655845,0.06528156230697153,0.060605333128175606,0.5402529359312135,0.016411300373858784
599,-0.0780221417412907,0.07789728778520037,0.15373293001211333,0.09479828581898317,0.0734740996875165,-0.06924615037980657,0.37235117855308264,0.057761334356256244,0.06482934090411462,0.06060598283603628,0.5586210612728011,0.04373015395871915
600,-0.07767159300895858,0.07790479162075964,0.15570169053483174,0.09939350553040256,0.07700652145204463,-0.06927788035671242,0.38941749187426894,0.0827517739508701,0.065042087007197,0.06060590106868922,0.5776761015924334,0.04870031172553423
601,-0.07910540798116196,0.07793009816407098,0.15932674621200082,0.10710799975664795,0.0777667110656466,-0.06925902856964275,0.40559449038476203,0.12662179639288532,0.06465914215813115,0.06060758354773137,0.5847235412530819,0.09539660661468269
602,-0.0704769720155106,0.07791963697883528,0.16008888168196553,0.10819805771612627,0.08227908755736463,-0.06926697838305189,0.41563825283331435,0.15939176732254376,0.06892196938723687,0.06059819092057048,0.5977781346816298,0.13736202259678215
603,-0.0639824340784452,0.07792282704466286,0.16471079817050596,0.11279261141808103,0.08215975258825403,-0.06925677555638363,0.4208106507321572,0.18980783706183488,0.07372398085716661,0.0606394270026517,0.6132884571310836,0.18560451705599249
604,-0.06532745927328479,0.07792132153824045,0.16938029063942578,0.11288501424313052,0.08232042933478416,-0.06928869945167057,0.4314257090534823,0.21326827049264818,0.07350369175835149,0.06048914574573202,0.6259036889560393,0.19917526483472417
605,-0.060828751870456874,0.07792403355417592,0.1759827507648981,0.12042054130854328,0.08204767385767495,-0.06920219465081465,0.4384935150769945,0.23532964250262492,0.07370448893959163,0.06090034357839701,0.6436015419830263,0.2216503883266148
606,-0.055987023699045305,0.07791912658806432,0.18271682221006996,0.12650912822033114,0.08381052047037207,-0.0692709273159768,0.4496468122121565,0.2467450350988117,0.07315983954678723,0.05628589399681675,0.6531626291753717,0.24671686550906727
607,-0.05020943954785715,0.07790535261413233,0.18126434351624252,0.12446545009372223,0.09263521419061997,-0.06429661602454728,0.4716309807793386,0.2526212678455145,0.07636506142257611,0.05635316276231299,0.6829530288289957,0.25225861018303364
608,-0.04141885475295999,0.07811866515020267,0.18482616242961558,0.13261088375953806,0.09879804019892326,-0.05952559553950359,0.48069965305048756,0.26530630984778114,0.07812779112726538,0.05624644781427292,0.707797365389494,0.266506060089333
609,-0.03656661201557983,0.0764999299937713,0.18985230636000078,0.134371968869374,0.10377274042341483,-0.054233608168251804,0.48001073036892,0.26353863196806854,0.07794544274637036,0.056283583940479984,0.7139925061392104,0.2678049393323885
610,-0.03479071222862017,0.07315399284602785,0.19481203294893024,0.134311809761746,0.10403678452193002,-0.051623638781625736,0.4989567140893116,0.2656573767847018,0.07797623572121039,0.05628593692335614,0.7277925447833603,0.27282576630622335
611,-0.03133037559166586,0.07368541073985442,0.19477356493002954,0.13972440037621697,0.10917315639139655,-0.052012393955680664,0.507251419191734,0.27589388837248724,0.08313997465199899,0.05623566736522147,0.7380544796136589,0.2800164012463382
612,-0.03022225966283042,0.07357774800511618,0.1945755357585705,0.14139182097235004,0.11428041622128905,-0.051938326236977014,0.5136030136220846,0.29665903909135477,0.0869078680941024,0.05640105952719643,0.7420647749777667,0.2880967935966634
613,-0.03030203343294821,0.07359456748480303,0.1965063900931251,0.11520618240876918,0.11702840213851938,-0.05194867856332784,0.5220748636404123,0.29857749195152933,0.0864922518838021,0.05610051961827235,0.7688173377257786,0.29836639103055024
614,-0.029458781061191548,0.07359323221574289,0.19967073794754617,0.07620020301366588,0.11865896031251244,-0.05194792637324357,0.5259095074910851,0.30783895601472866,0.08659110992154963,0.06054893381995121,0.7791108728347595,0.30351670342937176
615,-0.020722433211106683,0.07359295811823652,0.1985684434014342,0.02338368114922329,0.12783231421846852,-0.05195164742463783,0.5345202122622541,0.3216066290231996,0.08661059708978988,0.05578244624464098,0.781678934969173,0.31386237372381104
616,-0.022257614106398864,0.07359300653309175,0.20298123930456305,-0.0317401323645339,0.1336827068021646,-0.051925053388220045,0.5439326343318972,0.3196469209965462,0.0864883125996776,0.056436480351279905,0.8011114096188765,0.33144376314447743
617,-0.01931092339877065,0.07359363493537387,0.2033969768846061,-0.09476842094009752,0.13853561449146107,-0.052060285671539,0.5584616631160533,0.18026631896386613,0.0866391152315234,0.056228756094866335,0.8187240399917762,0.30127785492555803
618,-0.01700277093468158,0.0735906629011102,0.20795755946851008,-0.1488166528209965,0.1384615235430272,-0.051490364173338875,0.5587371637399932,0.015223291458918367,0.0820933968677526,0.056318524791625586,0.828117329933391,0.23016692796362812
619,-0.017367717860116816,0.07360136398510198,0.20857782657343793,-0.21863905071687376,0.13855497536564942,-0.05533949084534065,0.5716197327805468,-0.028195748729135234,0.08142389870645868,0.05616625924057053,0.8511593033966348,0.12588358014342646
620,-0.017310565271537744,0.07357359652572375,0.21259879854901975,-0.2801192702111897,0.13851924972760654,-0.05643573197585999,0.58937976454426,-0.08993059631229727,0.07742236722948183,0.05651757602734948,0.8644338420293073,0.10348983404466187
621,-0.01731444301865841,0.07358154002367052,0.21211561003910567,-0.2926178356462022,0.13853553268479943,-0.05635829168817597,0.5939871054437215,-0.10382783990747925,0.07804147429447726,0.0518733957839286,0.8877859894537548,0.08628553743251187
622,-0.017334059174904697,0.07411839541557182,0.21168927321560418,-0.3216808862341161,0.1385065266104036,-0.06091474311662348,0.6112479167360336,-0.11613704037226612,0.07790471910179389,0.052179670310348064,0.8979513736366574,0.07192119790490047
623,-0.017195684416193114,0.07834864895974253,0.21568429085180008,-0.33364757545216334,0.13859256840746906,-0.060582325935086244,0.6308824529798717,-0.13612639603764715,0.07790402610259146,0.0507643881943199,0.9103929671712839,0.022995199104964163
624,-0.017938094034207347,0.07790380444552633,0.21653954850170895,-0.33311493185803454,0.1384241230086975,-0.060141388950293646,0.6319514029105062,-0.13376744032401722,0.07795739639122921,0.0471669812514793,0.920762182630474,0.022837739744609932
625,-0.013052544975498055,0.07748945966149227,0.21661780189033406,-0.33765163075373306,0.14328906767318592,-0.0635600532231555,0.636482983210868,-0.13386856066253722,0.07808794929232046,0.04772487590682481,0.9332115234624871,0.016573588967901936
626,-0.0024884540505451494,0.08111708406347343,0.22188204555868182,-0.339811476059538,0.1465440013296805,-0.06206975108724167,0.6371046179030803,-0.13732752117662322,0.07572761379077879,0.04759082134749009,0.9483916270773821,0.01228969990456186
627,0.004622526481076171,0.08238719887890421,0.2255352822820828,-0.35152921945707133,0.1337985743911697,-0.06033474851588152,0.650098299144785,-0.13874556737074498,0.06354728475167774,0.04764534357010467,0.9799326097874954,0.013495619345648685
628,-0.004031745168160654,0.08224819738481692,0.22459974252159942,-0.35385354337846414,0.122805267896728,-0.0606829426203501,0.6583285074965186,-0.1384670818991807,0.06529283138729719,0.047600369075049734,0.9869623552857553,0.008647438171617795
629,-0.009560697396961249,0.08225334637191355,0.22788056749212052,-0.36393657988202066,0.11874825994691918,-0.05605199571761672,0.662880355058126,-0.14924464948624666,0.06486027283878365,0.047267373844995346,0.9973532158053491,0.0012572239270026346
630,-0.02282265917104257,0.08218923951583355,0.22971981557383706,-0.38073098787256116,0.1138146895830919,-0.0562578525145853,0.6696438737766437,-0.17247977584400556,0.06493976208383573,0.042878455835707874,1.0095456453738958,-0.03287174065632605
631,-0.021024587305909764,0.08261294211306557,0.22928297979849793,-0.39667247241479464,0.10850468217589843,-0.05698867510915834,0.6788212904523876,-0.17919557910081726,0.0649534595756391,0.043389757266154884,1.0094476360798337,-0.04570381296019858
632,-0.023480702729587657,0.07992049120618018,0.2292404851634908,-0.41133850991858784,0.10823267349022195,-0.05162250683464866,0.6796553026006255,-0.24366953928561233,0.06495215234937038,0.043377863472351785,1.0171006416972037,-0.10728521886848638
633,-0.028579056527457836,0.0774968905547458,0.22021170474310522,-0.42854429512190195,0.10372724120249945,-0.04767613085127573,0.6791719230298335,-0.3262518546927815,0.06435688265253448,0.04283178893551974,1.0284997978241741,-0.1293509515210655
634,-0.03379986945854752,0.07832334442773434,0.2201151581734626,-0.4645575682678702,0.10290363525920534,-0.043392884741387625,0.6756165233349526,-0.3367897147054938,0.060474543805588914,0.04684213365943016,1.0295377434715143,-0.17625264716619302
635,-0.03480248314704734,0.0737253032218605,0.21398944554641341,-0.501441924268028,0.09975165736589602,-0.051380742155202094,0.6705382316050026,-0.39761047841173924,0.058709609251717636,0.04768345550093591,1.0425848734381886,-0.2358827663977662
636,-0.034634519050588584,0.0736494121500788,0.21207259637642903,-0.558599439097008,0.09527580477016534,-0.051858778657863376,0.6604864544143698,-0.43755677550730454,0.05680590312351319,0.04762583597117704,1.0478531426908304,-0.2722871551424384
637,-0.03912564125051296,0.07356753207772641,0.2097798743705588,-0.5463406812643749,0.08819771013167382,-0.052054956723497456,0.646209610862691,-0.5058833198884908,0.04989732289930303,0.04765846090056787,1.0526548544515428,-0.3643604186018389
638,-0.03983563805485014,0.07358376236184942,0.19995961798628614,-0.5227794762604855,0.07931515136615072,-0.051621567278645794,0.6372697549189358,-0.6293093148617759,0.047647956063880045,0.0473151929016692,1.0596612926072817,-0.37321981560268147
639,-0.04378814376283627,0.07367702321748618,0.19912899638921516,-0.4984265892542197,0.07781075493911777,-0.05392333204848449,0.6244526885034513,-0.5615304700854391,0.04337710257035202,0.049588947812343104,1.06355870294106,-0.4023210382218723
640,-0.043174532114852435,0.07325322813119123,0.1988768207682574,-0.4920716507113503,0.07790485993547444,-0.05664737980387752,0.6147324474735596,-0.552095074510763,0.04336594040608251,0.05231712447332607,1.0420181114209635,-0.4057899829785637
641,-0.04329266916916914,0.07675569113426856,0.19238245406686527,-0.45603198515016174,0.07789774879739332,-0.05621046441796613,0.6121401062183,-0.5220467125275258,0.043255620712163934,0.05189013912158931,1.0300084253270358,-0.3829166347002074
642,-0.04335620852899135,0.08207865317864987,0.18495560956215956,-0.4323299808197596,0.07816272037735547,-0.05628527046900835,0.5951205986154189,-0.5149657123207223,0.04330036164686073,0.05193442104661112,1.0276752393530415,-0.37655886809491296
643,-0.043155486008157565,0.08222100472532239,0.18805946841659915,-0.4151430192072245,0.07627276950287798,-0.05627710143691822,0.587422117089655,-0.5151036736971206,0.04328752040807676,0.05194555889836572,0.9994156171635453,-0.3765828665989656
644,-0.04789615443068786,0.082270836529619,0.17409766036929103,-0.40401741471082386,0.07104238210660213,-0.05627660398858608,0.5773514641584908,-0.48662575577022704,0.04329056921672605,0.05244297254056111,0.9890455163858523,-0.35308017120254526
645,-0.05862736035404961,0.08224456955427928,0.16475687746326614,-0.39139972634645226,0.06582477059816343,-0.05627758886028652,0.5671400331687835,-0.47889527882030936,0.04328992354981858,0.05645793341313342,0.9705316800350343,-0.3503172334568024
646,-0.07107613476828321,0.0822527620892279,0.16037603692845118,-0.3578642460104528,0.06476376769910673,-0.05627496767561385,0.5509647547397303,-0.45522183724007903,0.043290115727563534,0.05785397774925062,0.9603870533754828,-0.3421580116986462
647,-0.07718623430218219,0.0822507222736697,0.1555110528046025,-0.33730944003443636,0.06075403716415117,-0.05628625386674444,0.5455255505783525,-0.4428153703845257,0.04329030435913142,0.0610448697662151,0.9441072508882997,-0.33739237339500733
648,-0.08480244292322163,0.08225114375436514,0.14964839029843316,-0.3160261009907902,0.037099354969346604,-0.056242489647520426,0.5306513484350297,-0.41832615082712366,0.04328656992504925,0.06051985769525605,0.9338026693677736,-0.3144004125113337
649,-0.09224762443088108,0.08225107572718829,0.1405713502721331,-0.27305623723556255,0.02799809653718605,-0.05637793830163533,0.5168261484575242,-0.3959272048328219,0.04331254893835766,0.060618901482644,0.9185955249567543,-0.3074632749004265
650,-0.10262355432776661,0.08225108186534567,0.13796477188465706,-0.2496549067655067,0.021190131470614566,-0.05614573126026086,0.4974479600452293,-0.37717847637420615,0.043177807735503254,0.06060524825801794,0.9178621206277487,-0.29486661606047615
651,-0.10818027152778897,0.08225108163996679,0.1399098694041599,-0.22759500508158675,0.019454522390691804,-0.060755517256985685,0.4814027888568129,-0.3712489490471054,0.04375638043524159,0.0606057623229153,0.8892272018422661,-0.29447358140446594
652,-0.10847102282720336,0.08225108977628376,0.12802203191662373,-0.22156862384386491,0.017408556498175097,-0.06110129770145401,0.45593788759877857,-0.33756244609281844,0.039926571191137114,0.06060621759842074,0.8742286670368462,-0.2873951546279677
653,-0.11296557381468449,0.08225104222269386,0.12162150675365707,-0.15683453494189475,0.01383162507497544,-0.06687176555875972,0.43834384752006866,-0.2976821717543246,0.03885706729247768,0.06060601177584315,0.859059657254601,-0.26354068271178654
654,-0.11242433823631356,0.08225125396458105,0.11225760528978561,-0.14268805839680282,0.01288038603680087,-0.06957645691604764,0.42544799926259397,-0.27670950621986573,0.038958119954095746,0.06060607010397877,0.8357707177171018,-0.2502104241593079
655,-0.11258737097326012,0.08225047834494113,0.10532904916846751,-0.11588838249262326,0.012862069311175004,-0.06920013541024783,0.40562524834844016,-0.22471896585340245,0.03896706832438113,0.060606070115583104,0.8194259516678207,-0.22712751693738253
656,-0.1125468767350122,0.08225258626351033,0.08803994047382353,-0.06495907066602255,0.007604194622352376,-0.06926741833064597,0.3776845806414118,-0.2019760310651073,0.03895875114246537,0.06060602109690812,0.7984919100435728,-0.21297928840823638
657,-0.11255540618477353,0.08225116702111693,0.08479902432049076,-0.048856883957281876,0.004289379062888263,-0.06927964625367196,0.36300410835030106,-0.20056355369646597,0.03896167730900919,0.06060614531495337,0.7631475694988782,-0.19331821553957534
658,-0.11255395267992908,0.08221825781495262,0.07989202448358136,-0.008335937919656249,0.0025073783409385133,-0.06928942660571685,0.34328893479048167,-0.176755275211296,0.03896089213396312,0.060606189227209645,0.7435420260241862,-0.16846349014950684
659,-0.11255411186252494,0.08251137427484423,0.07159150010727558,-0.004857622150141937,-0.00044075453973024044,-0.0686834031924715,0.31957018935125486,-0.15832997159511292,0.0389610637832209,0.060603228466718215,0.7273684504434927,-0.16369481805666938
660,-0.11255412353597476,0.08050929608711627,0.06160203161125684,0.028796519268694705,0.0002156333313096934,-0.06448377542819768,0.3059878428638591,-0.1302006328205554,0.03896104455908214,0.06062607972387786,0.7022494791915946,-0.1427454190556112
661,-0.11255408503038855,0.07751946615815686,0.05177940803725463,0.03726385478948764,-0.00038062555854286137,-0.0650581446507463,0.28458781089631097,-0.09133893251547086,0.03896103030682572,0.06050142537627034,0.6761822462783366,-0.12487443915720955
662,-0.11255424838778443,0.07800115265545363,0.046940628066322806,0.08364291762174023,0.004315381710603962,-0.06490649202298744,0.2685431555439876,-0.09172670878710538,0.038960908698855774,0.0610590097258965,0.6608315874273608,-0.11455017183508205
663,-0.11255349605691561,0.07790502709729355,0.04224150545178954,0.09801238589644995,-0.000708810952534232,-0.06494259396608734,0.24671205210467073,-0.06398762785659122,0.03896226694565752,0.057430352350730116,0.6223313392192877,-0.09355290381140015
664,-0.11255650217264221,0.0779278005969126,0.035202261034178506,0.12244540563544687,-0.00460664922416658,-0.06492821711711078,0.20890504248241462,-0.05230484462308841,0.038953821678449185,0.0560542407856356,0.6034267531455956,-0.08349499878749168
665,-0.11254661216649169,0.07801395827874183,0.027447896718854007,0.13329513983160385,-0.004246386684925919,-0.06493889442075447,0.2008238191860676,-0.03927319194329355,0.03899497014773145,0.05633410463485344,0.5706045250991613,-0.07383034192581828
666,-0.11256835123361436,0.07701290093979957,0.022835781898426753,0.14653209703203238,-0.004349244749464348,-0.06503372574517668,0.18172678420810934,-0.02464797901916128,0.038827606927439265,0.05169477521040423,0.5588256027534226,-0.05964283506182297
667,-0.11259080696323849,0.07303038205097352,0.018242276766407675,0.1549997591310039,-0.004324828177907255,-0.063998632667058,0.18042356234705628,-0.016964581229842447,0.03937974565626891,0.05207535547702787,0.5248145285393271,-0.05544311612451776
668,-0.11193723030204689,0.07415244529594912,0.008729598219687756,0.15970981824715247,-0.004329687488819761,-0.060139408412003645,0.1646350104026857,-0.015815299273589763,0.034827306620693596,0.05181926293065849,0.5101803101607185,-0.04993515629807773
669,-0.10777226029485537,0.07058135991996281,0.004031219118102423,0.16018312222922063,-0.004328939473115943,-0.06071955280203524,0.14379086456701487,-0.012956942193250413,0.03449903981919545,0.05240088038426293,0.4881800962915419,-0.047299572425744035
670,-0.10834811757580061,0.06908783372658248,-0.002861600969043141,0.16019058718854554,-0.004328996536098942,-0.06058298241426662,0.13333593184891684,-0.010158928284423996,0.029909541774482143,0.04899247021114874,0.4535279162051018,-0.04768401246882618
671,-0.10819676081915947,0.06927656973929067,-0.017801241538738292,0.1601656793609335,-0.0043290101905808466,-0.06060971873398686,0.11125109388395571,-0.008357296141110075,0.030435969886355566,0.047429152309306985,0.42674581274872975,-0.047608747477767825
672,-0.10823098851011115,0.06926753891432172,-0.021351322585741322,0.16017536696848478,-0.004329004321122439,-0.060605753550937114,0.11040313778859963,-0.008838375193206674,0.03026413849934766,0.04763498582208119,0.4068745679696509,-0.04761991655988758
673,-0.1082230401128086,0.06926311242195837,-0.027314790181244084,0.16017262511479255,-0.004328993973435098,-0.060606003758607856,0.09195992994944853,-0.004129411810745237,0.030328379493750016,0.047621993617601104,0.39299432302571563,-0.04761922602503996
674,-0.1082265933289262,0.06925829668513285,-0.034034292144463144,0.16017326878268423,-0.004329051038332109,-0.060606098813256376,0.0875627222329429,-0.005117947143530849,0.03024062903243244,0.0476171306987262,0.3789711799599162,-0.047618695460932565
675,-0.10823993266943083,0.06929494974087981,-0.03877412266359891,0.1601731431386009,-0.0043288365519209,-0.060606040063346224,0.07249803307459571,-0.009170193256873575,0.030449240919092655,0.047619683489908006,0.3403584295818574,-0.04762069038060097
676,-0.10807647707360277,0.06913916858610845,-0.04390190421427486,0.16017316129064196,-0.004329454203031863,-0.060606105213038886,0.04880372240992635,-0.008128720976696218,0.030356125621507593,0.04761888166393637,0.31800436936502136,-0.047611008259827746
677,-0.10931080304423992,0.06966666987988616,-0.05414079013644245,0.16017315911778604,-0.004328693088226273,-0.06060588733538734,0.04368473201969119,-0.011374426143763544,0.039605720270094465,0.04761908384023626,0.2926438202942847,-0.04765251544001102
678,-0.11506982997602658,0.06521710629949978,-0.06285070512576867,0.1601731776604003,-0.004322109646799404,-0.06060665241081551,0.010401074600985147,-0.013225656127554001,0.038461331950532154,0.047619041405468486,0.2798293355787504,-0.047504305941995166
679,-0.1171461610096877,0.06496800516407909,-0.06498610924523168,0.1601730455784838,-0.0043906660106857185,-0.060604648364329036,-0.0023949410147469036,-0.012958441269259538,0.040773551729076075,0.047619047831769463,0.24751634943879128,-0.0478929129861477
680,-0.11683623118143655,0.06490917484506545,-0.06684745683070005,0.1601737339998366,-0.003971755363062476,-0.06060554483516431,-0.00880361982091909,-0.01298652304884069,0.04367759611148231,0.04761904742803475,0.24134728988072382,-0.04326411292182676
681,-0.11688886575678996,0.0649439268906706,-0.07650895306683693,0.16017075924769067,-0.0065744775182990135,-0.06064015714163547,-0.01262576288055248,-0.012988552119165055,0.04321527598681331,0.047619061080041256,0.2154781505016372,-0.04337145409051776
682,-0.11688315835015993,0.06493258872227187,-0.07809003823163616,0.1601814589583684,-0.00885855197873743,-0.06034408253701494,-0.02020049054613761,-0.012986415485106304,0.04330066314750086,0.04761894388917463,0.19997504611500408,-0.04325881430943041
683,-0.11688278215378338,0.06493621567185895,-0.07810759409171521,0.16015284501523364,-0.009030996423824583,-0.06234041834430663,-0.028033413558438098,-0.012987185003389334,0.04328963334619725,0.047619611436770876,0.18893818872428486,-0.04329699971797855
684,-0.11688357595631528,0.06493277695746469,-0.08260494479909598,0.16017079208953844,-0.004567636592311065,-0.06533792878595986,-0.0383563117151925,-0.012986958171174016,0.043291334790772275,0.047616532865306815,0.17102448500975076,-0.043296722293180774
685,-0.11688119049423852,0.06494016397377213,-0.08214412004063838,0.16063297071315524,-0.004237542185765107,-0.06486500456521274,-0.04344723223941966,-0.012987077886937749,0.04327465343275967,0.04762842195620321,0.15019917966803384,-0.04325776560298365
686,-0.1168917528849504,0.06493880617819241,-0.08222011343848415,0.16493756139258553,0.00036602484978246613,-0.06492146344593214,-0.04838567208258447,-0.012986847712498603,0.043382393833232225,0.04759215624428461,0.13929805381330157,-0.043383741682256186
687,-0.11684973185088186,0.06479606221105286,-0.08250302190205247,0.1643774111438052,-0.00010938948025380091,-0.06496386713353652,-0.05328957375115912,-0.012987205523070238,0.04285232716183853,0.04765057834151585,0.12485286304440853,-0.04318011362471635
688,-0.11698754270701958,0.06607906950874494,-0.08137370188709873,0.16453233627785582,-7.206096970524168e-05,-0.06522528869794714,-0.05807692702471988,-0.012988889223267724,0.046174848492260306,0.04792978605131013,0.11588323500588263,-0.047833014885207414
689,-0.11668727434979967,0.06972406084842588,-0.09021002033321199,0.16449393360534842,0.00045583465706229207,-0.06966611026749833,-0.06353576961591809,-0.012967951490870985,0.04782952102001817,0.05214452623517275,0.10111699759784466,-0.04751133937428899
690,-0.1213312675540215,0.06915949842010352,-0.09093637930814326,0.16451010100797378,-0.0031959870691116,-0.06913917378515191,-0.06483446947099052,-0.013101953990776904,0.047586154152956486,0.053268411719725725,0.08299434674854451,-0.047652626364213115
691,-0.1211490130921919,0.06928353020531665,-0.09564437221959109,0.16449214812787216,-0.00444906811132293,-0.06929538286347374,-0.06832553158723269,-0.012436919074572637,0.047576705156867245,0.056860621063696874,0.07849940787639567,-0.047610060801217276
692,-0.12103822594917861,0.06926140106709433,-0.09482427497533533,0.1644362791396246,-0.004343493554612724,-0.06925749005703084,-0.07355523332296503,-0.016292332318184923,0.04826739696730803,0.05571261704379499,0.06071518668859056,-0.04762321334223836
693,-0.12263164441260067,0.06926416023956238,-0.09709895471570519,0.16528158181894592,-0.004662879646193066,-0.06926517001400767,-0.07390607796395883,-0.014052807021059443,0.05249734069927343,0.059772211821220285,0.04468021078756149,-0.047610953372140136
694,-0.12858058491227636,0.06926627171341948,-0.0999498608966304,0.16925525943431702,-0.009025256731099248,-0.0692639578570718,-0.07812277638635066,-0.012880581471345036,0.05136269486821993,0.06068502678737909,0.03458578593896712,-0.04763498647379671
695,-0.12962627902669643,0.06924632110004988,-0.09949562113143016,0.1689077160403455,-0.008796811987625719,-0.06926405929660073,-0.0793634381278042,-0.012969767307944285,0.054847244170473215,0.06061312562917868,0.02761952518156431,-0.047649739425908264
696,-0.1335834841317257,0.06936365680078145,-0.09957663600967095,0.16805793366028055,-0.006889332388474157,-0.06926407843175118,-0.08239792446463434,-0.013149536898933088,0.05575592836433847,0.060599562463600626,0.005718687565188593,-0.04701206082729433
697,-0.1342330086677438,0.06881182034131803,-0.0995668731595317,0.17518231795759118,-0.001360209005963415,-0.06926406603227295,-0.08453866196595713,-0.01178793359905295,0.06378494813371054,0.0606083514358093,0.00205342143288249,-0.042836286473175327
698,-0.13423999055820723,0.07233218177321439,-0.09956677731377639,0.1817169466823328,0.0028647505958337917,-0.06926407013539515,-0.09028875957036213,-0.008117217792313693,0.06927483914485416,0.060605442452845826,-0.012583553221587515,-0.04341244634272367
699,-0.13394603256172005,0.07376272545587528,-0.09956692119819668,0.18187478199412957,0.012340247004045502,-0.06926406907085754,-0.09096802942309479,-0.009124155800937676,0.07467272025535965,0.060606199919154786,-0.01958784729988152,-0.04326261973184374
700,-0.1358671170258474,0.07357638092487136,-0.09956894396038188,0.18633873671296905,0.017592479414085625,-0.06926406928860726,-0.09091363304352008,-0.005756700976424178,0.08405722970369092,0.060606034792618085,-0.03615798070179279,-0.04329454561771278
701,-0.13730770863397418,0.07350818196972177,-0.09955845988865408,0.18714715582598002,0.03278046430736533,-0.0692640692903308,-0.09090449877746026,-0.0006019306869731022,0.08693461393267414,0.0606060640188527,-0.04750592313210044,-0.043290964948498906
702,-0.1300328675185312,0.07445968441638272,-0.09960004447630579,0.19094281726318527,0.0460392038039765,-0.06926406925051903,-0.09091074083304279,0.004261846549819148,0.08603104550133649,0.06060606053446358,-0.052681958672269553,-0.043289355650494576
703,-0.11197234937462773,0.07838802041349151,-0.09946987764921816,0.19049251096422604,0.056378819989997046,-0.06926406871835841,-0.0909086372532889,0.00886776432259065,0.08981766145665177,0.06060606046459303,-0.06298943204577617,-0.043262005637202686
704,-0.10420123928198544,0.07780735157329745,-0.09969715573222046,0.19001394502550067,0.060639186506315154,-0.06926407391341899,-0.0909092013972582,0.008568541347879172,0.09067601235761981,0.06060606072861455,-0.07145902590507715,-0.04352905454714926
705,-0.09515094421096183,0.0779453631359585,-0.0950352360391551,0.19429475897812495,0.0656614094983149,-0.0692640428955575,-0.0909090470898443,0.008684159576523428,0.09515067043724301,0.060606060217945505,-0.07487717371241898,-0.041673076575861376
706,-0.07001967966916788,0.07791889714186848,-0.09535955731832021,0.19473989409081663,0.08023548686454565,-0.06926419050124583,-0.09090916050771634,0.008652285086338104,0.09565730794203353,0.06060606231750114,-0.08671084655205004,-0.038541214830952235
707,-0.04156230353539467,0.07792147985987205,-0.09511434791297012,0.19939472072743872,0.09068804861863122,-0.06926360218668524,-0.09090902350788758,0.008656911448004402,0.09007909978398242,0.06060605402734187,-0.09472380565718061,-0.03904561644676544
708,-0.005299709188707936,0.07791831748183345,-0.09568085167493627,0.19880895025810144,0.09548702079394325,-0.06926549085427777,-0.09090824430157445,0.008665036289411577,0.06716325755909346,0.06060608062660485,-0.09924021756128935,-0.03894784912813281
709,0.04069042723981169,0.07797191434952755,-0.09238080643531477,0.20062748152686286,0.10204336797473597,-0.06926178812441497,-0.09091727314523493,0.008646427868210748,0.050399410067532936,0.06060602848050045,-0.10417439484518064,-0.03896207480034463
710,0.07981268744659782,0.0776013705973535,-0.09070153699863275,0.20402207939103098,0.11664110243309987,-0.06925308128082815,-0.09086039761203449,0.008602153399450672,0.010583946637811963,0.06060590586103598,-0.10928735795059419,-0.038961264194616284
711,0.11316519841805599,0.07999024192696327,-0.09092869706073674,0.20284192506003784,0.12302649570140042,-0.0694003274632662,-0.09114121548910056,0.00938753173650235,-0.0071255434595628815,0.06060797954583691,-0.11279358932846523,-0.038960967478273816
712,0.1726019162779618,0.08260445927539953,-0.09091148785852461,0.20717359392411003,0.13146544539361144,-0.06822639385449025,-0.08997610222387208,0.013462029128697555,-0.0929217794995643,0.06059383195198351,-0.11355230772737145,-0.03896064583368865
713,0.23149909088954657,0.08219110556743313,-0.09090723497765554,0.20743577454481094,0.13441735007920524,-0.0624531602149987,-0.0978095249100468,0.012805285520230738,-0.14483169263017706,0.06066654804247313,-0.12427919605897017,-0.03896319849602
714,0.25568445936467415,0.08225732911197231,-0.09090972379889599,0.21666868229553962,0.13765474200705932,-0.06034158403676224,-0.09974474558877998,0.013269556669409724,-0.20292661902570247,0.06035605886655556,-0.14021618247153467,-0.03895206688170647
715,0.2719773628025247,0.0822515135583904,-0.09090892416459981,0.21598300222670908,0.14728794303103296,-0.060652477853138105,-0.09957761267855927,0.012112531697222616,-0.24750701979773304,0.061453604147405444,-0.14724103693646673,-0.03899146392993957
716,0.30767121459578745,0.08225139432235355,-0.09090912744969598,0.21869221861391896,0.14761113183573413,-0.060600676156625795,-0.09955453483985115,0.020918083798173698,-0.3165570295273668,0.05272739865139296,-0.14741168720332107,-0.038890524290151586
717,0.31849882427506404,0.08224572896805293,-0.09090908444033118,0.22755841653419495,0.1518580457489686,-0.060605899250782844,-0.0995716058671562,0.02165536102973671,-0.34132998963135924,0.051970953865595464,-0.16121535587319602,-0.03891588631449514
718,0.3366318829351552,0.08227964498041465,-0.09090909167017176,0.2318087169125468,0.15255087672515946,-0.06060638111708259,-0.09956636246290783,0.02683869466362775,-0.3753595778240241,0.05190306229725285,-0.15952664523710172,-0.03431862250272497
719,0.3409110961874774,0.08212901753044038,-0.09090909092773779,0.23687552696130507,0.15973892214171154,-0.06060591337748943,-0.09956503253050222,0.03066216081305824,-0.41566071923404263,0.05196500675888976,-0.1621163363747331,-0.034750856480879444
720,0.35036670816723686,0.08267807629086169,-0.09090909086500347,0.24172885000095307,0.15383645462516402,-0.060606239805530183,-0.09957575416088556,0.029939864763197356,-0.4588285678565663,0.051943853290385034,-0.16488575978800743,-0.0345987807829339
721,0.3551185082544305,0.07838703083318496,-0.09090909093460015,0.24668124415392684,0.14224411724204009,-0.06060540869446062,-0.09954234590247776,0.0322981801247458,-0.47302232550145545,0.05194663418368314,-0.16437041446911388,-0.034639916628946193
722,0.3547147300230498,0.07792914306945208,-0.0909090908550205,0.25195854841611387,0.05865160200565541,-0.06060844068306989,-0.09959554652756442,0.038133788126303955,-0.4898607254908783,0.05195716387061597,-0.16467891560616657,-0.034629923821207324
723,0.36690842337970314,0.07741879384397043,-0.09090909112819638,0.26116046334703963,0.032053559345915375,-0.060599359752874934,-0.09985478761843193,0.03882225578512909,-0.5056451693374622,0.05192181274955743,-0.1644249320754618,-0.03463401015999814
724,0.3836863978039104,0.07316067491260334,-0.09090909011415065,0.26604912429221456,-0.016863543013383935,-0.06061299094328606,-0.10429509581699109,0.04308425062166853,-0.505299801477537,0.051975220670747314,-0.17370097261220807,-0.03463020087455979
725,0.39510739405762174,0.07371473087434757,-0.09090909306239782,0.2680024181414061,-0.051425424510529456,-0.060690485299106874,-0.10377141912914847,0.04780528335326216,-0.5152432693081389,0.05228317132919852,-0.17289693814237964,-0.034609819379496594
726,0.41263463928771915,0.07356492145083483,-0.09090908945001254,0.27370382354118833,-0.08390264635654628,-0.059729837481623346,-0.10392763964873047,0.04730802727643352,-0.5235758749809806,0.05647282439559974,-0.17342242319655626,-0.03484799014413917
727,0.4299713446415938,0.07359842079517524,-0.09090905702593069,0.2810935315392787,-0.09946633354923402,-0.05590150226828549,-0.10388953071949941,0.0492440130453453,-0.5313772624985332,0.057628604805744166,-0.17224944299501244,-0.03313031246291081
728,0.4590028013285449,0.07359234126892118,-0.0909093922470084,0.2812780289236616,-0.10819990149983388,-0.05596200409149745,-0.10389669276487108,0.0519017968404631,-0.5645357633537215,0.06118699119600668,-0.17918606689716005,-0.029872705108297228
729,0.4876556218340772,0.07359309532189383,-0.09090735920990599,0.2860287731920591,-0.10750920373572356,-0.05909979292427593,-0.10389726473472857,0.05487309436054725,-0.5728166806472419,0.0600438069393952,-0.18222016717673867,-0.03038355991903371
730,0.5498781888125007,0.07359300068061726,-0.09091708712275086,0.2902996048430591,-0.12138374842499297,-0.06089548816995149,-0.10389728695393519,0.056042117350264355,-0.5940707322408395,0.06412886649147409,-0.18171955724777297,-0.030318879756919284
731,0.5532597926483156,0.07359394359928341,-0.09087835661548868,0.2998247377886182,-0.12099141449006726,-0.060432411678279986,-0.10385931262843401,0.060413803770672896,-0.6173778304308399,0.06500856963551088,-0.1867676686988905,-0.030244440606595063
732,0.5428429981213067,0.07358798868286184,-0.09100126352748088,0.3141212301460554,-0.12103629006576148,-0.06518318605201738,-0.10416637801616697,0.06084013784045868,-0.6770518916066982,0.06494393103485523,-0.1962803009045297,-0.030158902759761446
733,0.5307773277860134,0.07361660994584673,-0.09077490384914814,0.32394469989712543,-0.1229611602116128,-0.06952423815930792,-0.10213057417637585,0.07003553445188747,-0.7683292817049261,0.06491589975501455,-0.1993821344866558,-0.025780310398362493
734,0.49243557121703396,0.07350264465362255,-0.09549207085814093,0.3297593012719856,-0.12587200224565567,-0.06917396848695617,-0.09919626289545234,0.0687490290677361,-0.7979215455260239,0.06502238500913214,-0.19907151745167434,-0.024877470919332623
735,0.4685541133422975,0.07386307724563008,-0.09434595878032796,0.32892259860367556,-0.1271536406037688,-0.06928815813664524,-0.09952393891085294,0.0710683183522007,-0.8400065557797625,0.06449899426541869,-0.19914726854704176,-0.0210326594375733
736,0.44925452208106204,0.06957147799661427,-0.09047833235722819,0.3333013905737286,-0.14124468592746509,-0.06925867356903509,-0.09990827185373173,0.07560068872385178,-0.796743907089797,0.0676645382485504,-0.19913254353637724,-0.022284960633638478
737,0.43018350988564036,0.0647921222273934,-0.09101375681122453,0.3518590530145613,-0.14281537081091072,-0.06926509893788803,-0.09538128516198222,0.08477600641806135,-0.7680290754151404,0.06909319243504425,-0.199133261101049,-0.018121978316164095
738,0.4072689503462579,0.06501386765675925,-0.09090407277419638,0.3575966508567879,-0.1582653842925687,-0.06926383151087263,-0.09529192957621149,0.08648292106083039,-0.7715770594294555,0.0730599909630175,-0.19913200424017363,-0.01779559925893539
739,0.3840753674292406,0.06490367214561815,-0.09085460205582958,0.37219337509612044,-0.18190203972507485,-0.0692640975640015,-0.0952098094107164,0.09089172953301052,-0.7499341777964686,0.07360395011114643,-0.19917675329200657,-0.008699199620606694
740,0.37665306325863157,0.06497459648395429,-0.09102583371193176,0.3806844161200584,-0.21548657332274648,-0.06926619685760481,-0.09524661973983836,0.09124921486118875,-0.7160217928896496,0.07402898744650337,-0.19883929630461208,-0.008791535491336855
741,0.36356620721959987,0.06479996460855622,-0.09116362479652379,0.39401154196158134,-0.2683936087929178,-0.06924654144215456,-0.09523802122810503,0.09577145696888348,-0.6949970397166433,0.07841225765595188,-0.20105062320624795,-0.008764033484053106
742,0.34771866306901256,0.06536365811482789,-0.10027286142760551,0.4057783097357004,-0.30263310724334064,-0.06936226048651027,-0.09522951853737756,0.10618454279521437,-0.6754488228252944,0.07741196247591618,-0.20380946103032843,-0.00745018620662385
743,0.3423122715674084,0.06082251003928259,-0.09932225435272224,0.4108979573955563,-0.35202445935584276,-0.06881640892815177,-0.09526853653114854,0.12054010929309762,-0.6494097130370445,0.08037885146460662,-0.2035112109950728,-0.0013220587300410151
744,0.3284807338510861,0.06048591363342191,-0.09963221066042734,0.42058558364010185,-0.32694870907150686,-0.07227153904953365,-0.09516760159810457,0.12352065436750613,-0.613348663086755,0.08221564138009518,-0.20317683626254726,-0.0007207180680751622
745,0.320244773923969,0.05588332140735763,-0.09955270877564101,0.43046271852301254,-0.3246641881182359,-0.07379691037813273,-0.09519481569535516,0.13233191056062155,-0.5918935398208058,0.08547692405008071,-0.20778552060297759,0.007312931393868778
746,0.2914980400591519,0.056431295108976265,-0.09956967814713363,0.43948329965080946,-0.3084851441114448,-0.07354044537562618,-0.09061905848619581,0.1424559547502156,-0.5650095631546901,0.09076893863269304,-0.20770626813502954,0.00864139760835794
747,0.2700295629511703,0.056130723939171935,-0.09956678685050686,0.4545048786171908,-0.2940405623681465,-0.07335747764054437,-0.09088634722231166,0.14744391701281465,-0.5287012203933578,0.09081299007113142,-0.2078911019193729,0.013383507575275806
748,0.20147100089872458,0.05675100617859192,-0.09956709569351527,0.4676016985386391,-0.2880016892600246,-0.06888016920868463,-0.09163606209764952,0.15285911005252487,-0.48423302374260385,0.09168686971781294,-0.2074092935479609,0.018121086963712747
749,0.16011391273802883,0.05290447550614793,-0.09956711571868052,0.49086790887589565,-0.2739579250779393,-0.0693876792280375,-0.08610885042341185,0.16466439478639877,-0.4382741011260892,0.0957021051253389,-0.2101814686246741,0.023589477175511908
750,0.1314103522278481,0.051849185626406356,-0.0995670933216058,0.5137486817449995,-0.2648298864453032,-0.06923236986014517,-0.08164922079540363,0.17765594915514446,-0.41484416689184594,0.09508815639354425,-0.21245149177244738,0.025438842195511666
751,0.129658868095135,0.05194496765546565,-0.09956710112154123,0.5239223571505357,-0.24854072355381573,-0.06927088331903467,-0.08234203675934024,0.18743724178799928,-0.328498207309892,0.09539715256377965,-0.2119830837382937,0.03154392579439657
752,0.07091129617050085,0.05192174030047444,-0.09956710009883747,0.5341921253594262,-0.24254814292262583,-0.06926288841206339,-0.08224480804190669,0.19391546671908635,-0.3218097318924569,0.09478520048295007,-0.21223550628297425,0.03466211082673226
753,0.03795961293267843,0.05218489061183665,-0.09956709618157124,0.5491891456001214,-0.23197290197983192,-0.06926420167063362,-0.08224905926135609,0.1986515367733857,-0.27920351366770774,0.09926790270464525,-0.20757781868528863,0.038596711710143665
754,0.019222993145793114,0.05032008620232359,-0.09956710913145876,0.5640847875201762,-0.2054207163330743,-0.06926407509976303,-0.08225315540546167,0.20358588076051531,-0.256791390347493,0.09961382586908278,-0.20789990760063515,0.03899448887344395
755,-0.0005391095683285303,0.04547200389959983,-0.09956709153325372,0.5768685200494957,-0.19994683954421064,-0.06926406076033415,-0.08224450710149553,0.20764789167850162,-0.23300730856546514,0.10428206880474764,-0.20775890421449209,0.04402938428632518
756,-0.020255192846557447,0.037108737102260085,-0.0995669618054408,0.5847663425591759,-0.18617552258127124,-0.06926407226971794,-0.0822816793872465,0.21095406756554191,-0.20255999247662027,0.10347243996521335,-0.20780049755400393,0.04913206398899978
757,-0.037058233761326456,0.030484382118913297,-0.09956836944707288,0.6065636694172262,-0.17355699596087815,-0.06926406922681211,-0.08212538490247083,0.22328060459996882,-0.15949872825186057,0.10584252108785996,-0.2077904875692412,0.05198517244866005
758,-0.0463575669445531,0.030323402366795444,-0.09955970694683139,0.6268699848239099,-0.16351101182664093,-0.06926406578819704,-0.08267886048594893,0.2298341177209347,-0.16019386467226301,0.10812105073971097,-0.2077924859238496,0.054113149754128356
759,-0.0749526527096494,0.025680946473237307,-0.09960153300155145,0.6509211183284083,-0.1406152711997644,-0.06926408267634478,-0.07832433251523865,0.23846227294005687,-0.13703789741833491,0.11143019369408948,-0.2077921873857642,0.05892613784683332
760,-0.09909945892406133,0.026113384662705956,-0.09943355353918142,0.6652331654956115,-0.1297316731594051,-0.06926403209263146,-0.07792660456149536,0.2612117684148961,-0.10201484056010054,0.11237882354323155,-0.20779222064165156,0.06797183017667346
761,-0.11365462714203849,0.025832855721432926,-0.09997387252627446,0.6788616429005168,-0.10022111370151096,-0.06926410220198477,-0.07803101025803963,0.2683187901225744,-0.07586518172536426,0.1167885373154282,-0.2077919573719541,0.07347922609974848
762,-0.11405887487569621,0.02646400284115648,-0.0953894613380907,0.6882201176602191,-0.07701929339146958,-0.06926458406577413,-0.07683505413315553,0.27847563815728765,-0.051671818742821,0.11681398968332506,-0.20779389801160073,0.07829833381719688
763,-0.11735704046616953,0.022782117123855514,-0.0950440652478857,0.69894188277338,-0.06011439720233759,-0.06925926138806271,-0.07339267590078659,0.2918676934438731,-0.03919571726891236,0.11691960918740817,-0.20778364155442336,0.08423183193988426
764,-0.11679294379818328,0.021783855343563807,-0.09070169265482575,0.7266912424659958,-0.04071561457770358,-0.06929227117582602,-0.0718197897576817,0.29520430398077674,-0.03496165851909536,0.11684660031222245,-0.20782821583974523,0.09265462896102725
765,-0.11689591616199499,0.01749344984381535,-0.08955776253822721,0.7357021283838944,-0.03681008541894727,-0.06913144845317577,-0.06576825758633346,0.30487398984583736,0.006866464884493188,0.11701175860394342,-0.20766802489423764,0.09955250327055176
766,-0.11688250450785816,0.012282682561510185,-0.08652601327503363,0.7449279269081849,-0.009273390583249157,-0.0697868472717405,-0.06520418199270267,0.3195585539659677,0.01882774826838873,0.11638492686816933,-0.20808997004214888,0.1070520146383643
767,-0.11688274097817833,0.0026407738359329734,-0.08391362344885743,0.754442083803821,-0.00042845227652070494,-0.06554620756245721,-0.060759152281877685,0.33892299090285977,0.04129369442580827,0.12052179342713408,-0.20344496887182123,0.1115367178172074
768,-0.11688329823100393,0.00015308418023615876,-0.08193262954599084,0.7662241384181327,0.01805536439434438,-0.06520689912619784,-0.06043376470491335,0.34620637301010715,0.056746243826416236,0.12108807712711457,-0.20301661626345913,0.11655322661641099
769,-0.11688306121324558,-0.0023865172137823056,-0.08244441698956338,0.7880857436627627,0.024361912347597773,-0.05585197885151458,-0.05586824845270606,0.35109607149723177,0.07338243345397331,0.12569181420664108,-0.1989256443335065,0.12151286692859749
770,-0.11688312809547288,-0.003861903878619871,-0.07772194098098333,0.7991024188984205,0.042066543443167397,-0.05178766119174682,-0.05641022549407162,0.35979490168678796,0.08040703024338698,0.1252683136805833,-0.19750955523702565,0.13232562487206057
771,-0.11688312627338451,-0.011053312539758813,-0.07333873941519148,0.8096454839539332,0.044238332903264635,-0.052002661335915,-0.05624245418092563,0.36016792081843835,0.09004295786318532,0.12685034965438402,-0.1943710819829715,0.14528714098765946
772,-0.11688307547480538,-0.01722052800953279,-0.07368252763494092,0.8216781218971515,0.055128182447073314,-0.051933587961011114,-0.05628463790473283,0.36557583988910797,0.10878860104604088,0.1303136213803033,-0.19489658866061224,0.14732784667171597
773,-0.11688321521969769,-0.017296132241921607,-0.07357104251483695,0.8266590335383313,0.06797421251728442,-0.051951255428219406,-0.056275695803406536,0.37132474396168824,0.10900358108204573,0.12977199745724907,-0.19476929316715205,0.14717571869694326
774,-0.11688315724290113,-0.017328213769911435,-0.07358951861209488,0.8360122724417341,0.06933219874568042,-0.051947480458966876,-0.056277224965554776,0.37090169316947985,0.11034173819981061,0.1298873149060732,-0.19482796253686918,0.14711477483087024
775,-0.11688073277336151,-0.017312085584493323,-0.07362345970040911,0.8427940355342075,0.06925803906830208,-0.051948101724922466,-0.05627705702431036,0.3874184554329946,0.10286196937880612,0.1298694481655928,-0.19514191356051627,0.15016911124305696
776,-0.11690139322150218,-0.017316880311525232,-0.07351500790781314,0.8541359873088221,0.0646409688654552,-0.05194805250236936,-0.05627703632336877,0.39394130752404877,0.10411702757191034,0.12987008906710654,-0.19954927271712972,0.16449671838267507
777,-0.1167832296067363,-0.017316413867337625,-0.07359087336715174,0.8674556287054028,0.06503593837345485,-0.05194853258687886,-0.056277152154515835,0.395256760566903,0.10385826260117045,0.12983770191745939,-0.1990024186647651,0.16472132345421786
778,-0.11733479727978487,-0.017314040751072526,-0.06896978314747834,0.8864096880568735,0.06500002096705222,-0.05194416969240645,-0.05627654392714931,0.4085648864149063,0.10390019834554379,0.13013110474359108,-0.1991965866940159,0.16949026218206234
779,-0.11388905277021587,-0.01732019536798338,-0.06938136258449709,0.8870168687119975,0.06449328276119326,-0.051969554098118195,-0.05627937605039388,0.416002682416683,0.10389634509499732,0.1281371249199073,-0.1990036241355376,0.16790641045779472
780,-0.11239289354246222,-0.01732365218484765,-0.06923075185581726,0.8918213977569746,0.06793808870890013,-0.0518508394035826,-0.056268187633292374,0.427897281746328,0.10389585616802284,0.12536286443479955,-0.19952108059848056,0.17373981905853836
781,-0.11252218858486264,-0.017165263223483038,-0.06927185462268091,0.8826162775861669,0.06944643975243321,-0.05231590526031423,-0.05630397999873455,0.4283725532121392,0.10389592312673693,0.12340245219418691,-0.19503179163225584,0.17759591697022897
782,-0.1123942327940568,-0.018498970635713954,-0.06926256851232977,0.8796079413520392,0.06924941662494176,-0.048553617568114715,-0.0562331964756874,0.43164640310113017,0.10389757362880536,0.11397022671624374,-0.19484673326164276,0.1811652098042665
783,-0.10785828772198482,-0.02238971149698126,-0.06926428318855578,0.8715658916734491,0.06926098180442726,-0.04353825473962089,-0.056077281985045455,0.4410779855523876,0.1038896089049814,0.10844587429909405,-0.19477828095894703,0.1817230818731061
784,-0.10839600882046523,-0.019409882733072942,-0.06926405912366297,0.8482374216740896,0.06926599612827315,-0.03878266497353185,-0.05157479617174092,0.44550071566868277,0.10391951421669478,0.1037293409526798,-0.19481407885210525,0.18628550208665298
785,-0.10794720191205709,-0.013649431009678829,-0.06926406306037212,0.8474507577337774,0.06926343158992054,-0.03929668764463665,-0.052071468485287736,0.4361509824971939,0.10383372839490769,0.10400025431837946,-0.19480288937072135,0.1868601733655777
786,-0.10928110828377663,-0.013205940282601433,-0.06926407219504946,0.8325618793933334,0.0692642392118737,-0.037193821734695216,-0.05191569893221601,0.4287425746094334,0.10393193004616541,0.10377930787716161,-0.194805704870588,0.19073122602633608
787,-0.1013844247002851,-0.008641751271582166,-0.06926406842173599,0.8108753935651714,0.06926402000084492,-0.03626431633633156,-0.05195521132408249,0.4167086650485323,0.09892297239837503,0.10433199743007587,-0.19480506715657353,0.19204434687989122
788,-0.10304919555183212,-0.0082009954410778,-0.06926406925637055,0.8053074284789677,0.06926411899014023,-0.03954469032853379,-0.051946711562077086,0.41377268888625024,0.09492829322545616,0.10110591195759991,-0.19480529747752398,0.19787748708724276
789,-0.10393417176250702,-0.004234140889992709,-0.06926407010336275,0.7821775287755087,0.06926396041905697,-0.03842022018595533,-0.051948324858704126,0.4018883716331973,0.09532960217671785,0.09934557920916642,-0.19480527836184322,0.19960325395764092
790,-0.10392102950115326,-0.0017372691078237138,-0.06926406653887927,0.7756832263387777,0.06926408433971784,-0.043066418970814556,-0.05194803578103344,0.3862817533729619,0.09521598013452613,0.09958673547584222,-0.19480254568678151,0.19535658259796512
791,-0.103884189915357,0.010335035662823053,-0.06926407383171965,0.758013085856811,0.0692662172842646,-0.04341253728259797,-0.05194589654916561,0.38089811781767685,0.09524255037184925,0.09956271547563723,-0.1948246443739039,0.1904014967754801
792,-0.10389978904043463,0.012598309328159986,-0.0692640891864375,0.7444346131218385,0.06924656655012362,-0.05323747575103218,-0.051965557707741805,0.3748376851690638,0.09523740321741367,0.09970855219310078,-0.19470189873381974,0.1909994805767129
793,-0.10389517329589854,0.020200206239058105,-0.069263812523294,0.7277156099514765,0.06936191324558011,-0.056196776466282204,-0.05185020703234068,0.3607006798935092,0.09523814703261761,0.09842605040956805,-0.19525640624199087,0.18682928070207622
794,-0.10389629526128526,0.025918749883200254,-0.06926571654717864,0.7056274792133511,0.0688165830315597,-0.05805339936014633,-0.052395538619671535,0.3503676901128173,0.09523809763922525,0.09466620815463439,-0.19164718891828322,0.1768213982701355
795,-0.10389609917690133,0.03128790503641246,-0.06925592307137138,0.6887155423617858,0.07223757002696468,-0.061010541412239744,-0.04897455027167506,0.3472732409075649,0.09523821001580682,0.09583016272294043,-0.19024447069396672,0.17313133716617396
796,-0.10389603711442362,0.03969172658270952,-0.06929753259943865,0.6832985755611657,0.0737816207468892,-0.060529773846448316,-0.047430503153140735,0.3345549823919758,0.09523732185987388,0.09193508672821414,-0.19053737963626147,0.16535014997257735
797,-0.10389606998386502,0.03883585554778427,-0.06915259102832552,0.6621336652898703,0.07357691829457617,-0.06061655891267905,-0.0476351982738768,0.31835755566940654,0.09524191832016922,0.09102621492464738,-0.1860000719718548,0.16100958170774773
798,-0.10389786202477119,0.03857560236740949,-0.06950595099207357,0.6390270148528744,0.07359024113486413,-0.06060567877946225,-0.047621862693885304,0.29894941558531546,0.09522237256701903,0.08670361846575458,-0.18524757488952337,0.15587892621041954
799,-0.10388271051442093,0.04192953823913381,-0.06485546618893777,0.6181094999733476,0.07359519657322618,-0.06060534736454511,-0.047617161786055684,0.2931944708639728,0.09529086258639188,0.08179308405774713,-0.18166177268239825,0.1555237067176053
800,-0.10396909877493217,0.04358698827779719,-0.06503582898017221,0.5921766267496056,0.0735908997770125,-0.060609440144385796,-0.047619672708656836,0.2808765173514397,0.09511977932085974,0.07680156182761055,-0.1797204743155988,0.1511767671398272
801,-0.10356669588212174,0.04311389584033522,-0.06482728668724767,0.5724416012317045,0.07360099482489536,-0.06058737220816858,-0.04761892369135072,0.2765239602202465,0.09975950331309452,0.07220019827972986,-0.17681294659079133,0.15081371285868367
802,-0.10642752860309423,0.05310009297932881,-0.06533759038046821,0.5437285115486299,0.07356031064784246,-0.06069297617338319,-0.047618900600757394,0.2556975073471956,0.10882543135834595,0.06522328246314966,-0.18078946441784607,0.14211939997622075
803,-0.11200611804188125,0.0665219452487623,-0.06238736733512233,0.5279648239844908,0.07370811503765337,-0.06026644295094364,-0.04761968878663671,0.2485653228394619,0.10774069580793703,0.0544892301641578,-0.1860065300244544,0.13837580063694976
804,-0.11259875925012804,0.07095595826004125,-0.06022573305274463,0.5049436233543106,0.0732972711502818,-0.06378140998863009,-0.047617382180164584,0.2392264417048728,0.11009732604101322,0.04849758221519891,-0.18611078401094186,0.13524107834348936
805,-0.11256143066609076,0.0736771278975775,-0.06094131252824596,0.4817971515953401,0.07789098701280064,-0.06908986957730943,-0.04761962603012988,0.2351098913328813,0.1129346552037562,0.04345424349715198,-0.1861681096680687,0.13039192921833495
806,-0.11254904832200391,0.07588513891240928,-0.05629228241009885,0.4354993580657865,0.077744616093547,-0.0692366145817223,-0.047649346796252844,0.19711666685340154,0.11248226197513095,0.04319378682627391,-0.1861405838719826,0.11577511712692073
807,-0.11255583456254833,0.0817608923532086,-0.05635115893237104,0.418348354612283,0.07891078087249624,-0.06927079313152516,-0.04736456555317804,0.1763976218522499,0.1125639788478976,0.03788042683786196,-0.18614830936949014,0.09833540739969061
808,-0.11255365123185788,0.0821142045424704,-0.05625136855745605,0.3886743094267442,0.08270868279992674,-0.06934020352975132,-0.04931243955066316,0.16811876209474166,0.11255377137420176,0.03432447107642294,-0.18614922725205602,0.10021155779954542
809,-0.11255421716746754,0.0867577744161058,-0.05625874906681043,0.36604872479901235,0.08213977571443198,-0.06885081119171929,-0.05192673272541698,0.1517867573071996,0.1125537872445951,0.03460941190558509,-0.18613930670811554,0.09780119587434077
810,-0.11255409275145803,0.08598383015769136,-0.05639725347770921,0.3515520811194268,0.08227385633054807,-0.07193549940279319,-0.054803723156252246,0.1360565517612735,0.1125541773764839,0.03506984480040702,-0.18616404918832954,0.09261209391133303
811,-0.1125541153381115,0.09034846033292604,-0.05581877105217838,0.3277812376098971,0.08224744114923815,-0.07384024596515802,-0.05648549730855747,0.12754758387832998,0.1125545598097045,0.031339564371043516,-0.18617327814576737,0.08765072655312012
812,-0.11255411242874432,0.10249788344947573,-0.059985934239516696,0.3177351626212534,0.08225134700354889,-0.07356255380943455,-0.05625907960885314,0.1065875028427129,0.11255183533960492,0.03011503352447906,-0.1855566237072526,0.08302132055526813
813,-0.11255411242527831,0.10669151927442115,-0.060631120464984596,0.29450018655388394,0.08225091754207961,-0.07359270042347858,-0.05627735760966372,0.09522495400378199,0.11256301032682191,0.030286396741474833,-0.18136533932056756,0.07353900837979445
814,-0.1125541130003959,0.10843858815654957,-0.06054134261868829,0.2630800658052561,0.08225420641106373,-0.0736034620941262,-0.056234111651038796,0.08923952644925899,0.1125266800076128,0.02568245030781473,-0.1819406876200648,0.06399962748387683
815,-0.11255411014204467,0.10821869398427167,-0.06145916203433177,0.24380321625597953,0.08223009348302392,-0.0735233465702736,-0.05657503969440809,0.06794492882523571,0.11260017725187348,0.02608408948346088,-0.18179062965671347,0.06033447482861065
816,-0.11255412400006992,0.10824292726871583,-0.06540401071966744,0.2405766769286519,0.08235783297932522,-0.07397156402654617,-0.05436044220872072,0.05337197278134588,0.11275095460692887,0.025968488753423457,-0.18182324967674782,0.048977641671306985
817,-0.11255406627086632,0.10766545819801486,-0.06481915215123446,0.2218770419533747,0.08179686220218484,-0.0711889893971272,-0.05156665807114531,0.050280648089208804,0.11726249959240531,0.025859941876166796,-0.18181752669823928,0.03766497812538084
818,-0.11255426742261174,0.1034449571274702,-0.06495905239542162,0.220598001281347,0.08546230427232322,-0.0689661665321985,-0.052018857770345345,0.04152170885642091,0.11673667817511442,0.02642912270415007,-0.1818181899067463,0.03697564370293928
819,-0.11255375472541626,0.10401907228134184,-0.06493070838134604,0.20048904230899883,0.08680133736302854,-0.06930813600326374,-0.05193858023688633,0.03532025438480114,0.117027839403811,0.022285364530469642,-0.1818181983663198,0.027398283111244474
820,-0.1125539155565131,0.10386838728148202,-0.06493635153647898,0.18887343630732167,0.08652865254051181,-0.06926138642092282,-0.05194829657848719,0.02670346856115264,0.11640968660547375,0.02160763990327921,-0.18181826250542257,0.02172513595862955
821,-0.11256318911465521,0.10390119445231165,-0.06493858895251427,0.18323576193786972,0.09106242930264849,-0.06926300632991073,-0.0519484078630547,0.00787162610897336,0.12025873606556596,0.021630211104965425,-0.18181766940655367,0.021694604964959084
822,-0.11248541069304512,0.1038954492632095,-0.06488687676281979,0.16950616981503228,0.09172797874127488,-0.06926461932811002,-0.051947897055883464,0.009654990812541904,0.12131368856866395,0.021652686138213237,-0.1818205229275356,0.021383153798192025
823,-0.11292749520682814,0.10389611004779649,-0.06524926712431464,0.14026311791435425,0.09573768380143852,-0.06926389698427214,-0.051948095711076295,-0.006402758080321674,0.12121550168548972,0.021642620523246035,-0.1818093192832519,0.012794328275362891
824,-0.11020729063511514,0.10389617416123541,-0.06290785825417378,0.1308051911554165,0.09511557539064587,-0.06926411263248981,-0.05194805234186521,-0.02888814238314589,0.12120529432122414,0.02164562899991199,-0.1818441301603086,0.001222849607700358
825,-0.10791238009899036,0.10389574938106155,-0.06024543073698044,0.11312512548461083,0.09526340606903651,-0.0692640603278424,-0.05194800820646091,-0.02645473922430277,0.12121992332000145,0.02164488473412863,-0.18178458143002976,-0.002079339792941114
826,-0.10827476675457698,0.10389801294141349,-0.06066861428963764,0.09848233475826193,0.09523393631859034,-0.06926407003242525,-0.05194819757186708,-0.043999074964242615,0.1211819796458641,0.021645072898297563,-0.1815432059342187,-0.011124959541907044
827,-0.10822083180343489,0.10388752142820815,-0.060599088392836925,0.09001665443699072,0.09523851326800295,-0.06926407073411758,-0.0519477715013023,-0.05205916116819068,0.12134216750848027,0.02164495734162777,-0.1771047061917878,-0.016975189034436414
828,-0.10822437213894785,0.10392812735032766,-0.060605735283987244,0.08210768146039955,0.09523819657983966,-0.0692640719687004,-0.05194734602850006,-0.052157940881827,0.12073618683183694,0.021644918080112065,-0.17752541986191592,-0.02182252320167945
829,-0.10822560750429465,0.10380550232715688,-0.060606499424684115,0.07010960457998906,0.09523715861976544,-0.06926401284133757,-0.05195963020634357,-0.06116514437887217,0.12504014624655896,0.021647169316953083,-0.17788349384646215,-0.026295721545638293
830,-0.10822493914058377,0.10398708866024407,-0.060605998039102535,0.0694182442650857,0.09524419915600058,-0.06926446508738077,-0.05186963816978195,-0.06133774960030831,0.12550349569595504,0.021629959363280785,-0.17468158720870203,-0.02545964099759726
831,-0.10822515342109341,0.09930996595949773,-0.06060555774333765,0.06650632882154461,0.09520682394042931,-0.06926200833857252,-0.05235058570054766,-0.06697120828644937,0.1304056586395878,0.021723444991935913,-0.17284092095225584,-0.028935025417509846
832,-0.10822509799683849,0.09990516632700874,-0.06060843173025539,0.056879452709306076,0.09537221160465796,-0.06927296325961069,-0.049385278620930145,-0.07187929127994028,0.13515857513978816,0.021306583224959555,-0.17339319981519466,-0.04047685418187973
833,-0.10822511015496909,0.09795580134145052,-0.06059752413431301,0.05166277450802542,0.09475703417405351,-0.06923217434673277,-0.04734860493551095,-0.07611972259514542,0.14052373509065796,0.02441971278840019,-0.1687180505715456,-0.04380562830330458
834,-0.10822510795859337,0.09493743459651548,-0.060628395518074946,0.041925551927519324,0.09913270795883909,-0.06934866440356903,-0.04765608151762935,-0.08570859654993312,0.14286812151316255,0.0299185735360621,-0.16892122043230254,-0.0429194500376401
835,-0.10822510823369949,0.09486821228570914,-0.06059741176799961,0.03932021669503078,0.09951503340443321,-0.06921719161169658,-0.047617774230731214,-0.08656963160909238,0.14525089590678322,0.030312789203577974,-0.16882059856558757,-0.04757162552440076
836,-0.10822510818974822,0.09879171423521226,-0.06019226356393479,0.035223055972532155,0.1039772165561239,-0.07385351197851313,-0.04761777699290603,-0.09158614052186653,0.1509516082777673,0.030316579075364156,-0.16872927851583572,-0.047580353124834045
837,-0.10822510862987822,0.09966542176343905,-0.05584723262679123,0.02951753858986078,0.10554535186399071,-0.0734798331554001,-0.04761962044044177,-0.09553776298877482,0.151560418159581,0.030298291766730222,-0.16929690810934145,-0.0473954238695067
838,-0.10822510581688496,0.09980107248545646,-0.05640187510353121,0.03047053714192772,0.11371058225473658,-0.07362657232355409,-0.04761887490308991,-0.09512318046333133,0.15152268431349047,0.030297856372096598,-0.1655178776974592,-0.049310489963308446
839,-0.10822511969009083,0.104274429729704,-0.056247239000781345,0.03022299689922691,0.11143629151064614,-0.07358495185218268,-0.04761909034026,-0.09538728215581363,0.15151005319466512,0.030334657216089186,-0.16440857167466538,-0.05189514285458183
840,-0.10822506194516197,0.10377414461278701,-0.056283521032062155,0.030330320483168607,0.11836258608118694,-0.0735947193225445,-0.0476190386556495,-0.09473778736719972,0.15151684572840973,0.03017894330303333,-0.16450455755323357,-0.05494921215239118
841,-0.10822526263936837,0.10392715309931123,-0.05627434343728535,0.025320547621665895,0.12161947584008191,-0.0735928144781998,-0.047619049303552693,-0.09893148171471233,0.1515147470490212,0.030684489575923752,-0.16400265393112037,-0.056105240690584215
842,-0.1082247542045993,0.10388949392075769,-0.05627943815629437,0.02127166596867424,0.12117137266807308,-0.07359309452215658,-0.047619047059741876,-0.09945400520447034,0.15151507956198432,0.02618902135708745,-0.15999142025372734,-0.060360588334164904
843,-0.10822488748132066,0.10389735430698616,-0.05629710041151306,0.022090954243766482,0.1212083536728361,-0.07359307640548138,-0.04761904677197204,-0.10406601576361407,0.15151571364442976,0.02601281550991637,-0.15857028381408622,-0.06050404072345645
844,-0.10823429722991149,0.10389568544370731,-0.056067620558674106,0.019365353424841036,0.12121387355579523,-0.0735930890508911,-0.04761906299042134,-0.10378841598538835,0.15151378237446106,0.0259948903312618,-0.1554014978084858,-0.06139822334928047
845,-0.10815598589543363,0.10389546463446768,-0.05775830828596518,0.0168772380759741,0.12122271700063113,-0.07359295775415006,-0.04761894155287234,-0.10393162035709308,0.15151451698396307,0.025675211010289314,-0.15596063295886375,-0.06507288482356705
846,-0.10859973438296903,0.10390775358037066,-0.06104026712471635,0.017747613486578703,0.12115116646558671,-0.07359365409701744,-0.04761959755644163,-0.10388686456538718,0.1515494037492681,0.027954320108035776,-0.15573969862231785,-0.06683239864474805
847,-0.10587010398452024,0.10381604166690339,-0.060513557065054444,0.013204108820555156,0.12147705007431765,-0.07359066096662188,-0.0476166697168161,-0.10389811767120334,0.151254483428412,0.030802309615602753,-0.15594141178407425,-0.06965421430225056
848,-0.10358484868444115,0.10430670945855336,-0.060628875531345466,0.01302734043678559,0.12025223725848064,-0.07360131108364774,-0.04762766083667532,-0.10389574772435553,0.1532456387408572,0.029780072858753934,-0.15128789670774448,-0.0691950650023276
849,-0.10394530904861085,0.10124366710678097,-0.06058946011898692,0.012960600031001641,0.12893090407285587,-0.0735736232116706,-0.047595418187276625,-0.103896146044344,0.15636817363324296,0.03431008227556292,-0.1516248016416623,-0.06927223550818387
850,-0.10389196800336663,0.09932187110007978,-0.06055999963837088,0.01299730428566774,0.12976106921862554,-0.07358402770542244,-0.04763972854790081,-0.1038961048140725,0.155314114232739,0.034658498222354193,-0.15148119426308715,-0.06926424735323315
851,-0.10389549783058556,0.09959060565164134,-0.06132964171318371,0.012976746374212506,0.13902555218115512,-0.07409224243918675,-0.04794972093428057,-0.10389610161528648,0.15959033555144272,0.039220217753201815,-0.15152580235985466,-0.06926361430988917
852,-0.10389461114271431,0.09956514168689921,-0.06508667214900235,0.013020913020215207,0.1383512376971069,-0.0783494978620621,-0.05235755976509049,-0.10389610429522432,0.16020002307370929,0.03946535564272744,-0.15150400645468784,-0.06926424609264861
853,-0.10390894964519905,0.09971425315515131,-0.06680900207920917,0.012871633315043499,0.1382570310236526,-0.07787310985192457,-0.05182307769827622,-0.10389610636547847,0.1601892770280403,0.04687228773746577,-0.1515451121917233,-0.06926400916883113
854,-0.10383040395530191,0.09832910535599255,-0.06965629929017966,0.013268307018388891,0.1406801027827552,-0.07761672409050428,-0.05197920960155045,-0.10389609184691363,0.16016655025073548,0.05518903319710258,-0.15146172491240398,-0.06926412926605541
855,-0.10417585748966247,0.09546939363038523,-0.06919462037656317,0.008647041055733206,0.14322091498844589,-0.08057156728311572,-0.051941501689381026,-0.1038961488633689,0.16016883787708072,0.05601338459510503,-0.1513320281984945,-0.06926388679209734
856,-0.10133380917128061,0.09072791395435757,-0.06927334847726987,0.008745544529626835,0.14273562226053751,-0.08612371430728508,-0.05194915641026476,-0.10389597573209915,0.1602041259690888,0.05987649385791375,-0.146955812613618,-0.06926458319741986
857,-0.09247483244319059,0.08311641765863022,-0.06926526740808744,0.008558435138051474,0.14299596371758544,-0.08660535974731591,-0.051947936516491,-0.10389624767070482,0.16004867908161408,0.06456377739180695,-0.14624258646979996,-0.06926349308443736
858,-0.08238508433549888,0.0788171595518322,-0.06922748275792182,0.009042198485001627,0.1430700789910119,-0.08661143986231916,-0.051948043374914474,-0.10389762390685582,0.16056685407024412,0.0788357192047411,-0.14067893471999154,-0.06925797797037288
859,-0.07679062607724187,0.07357800207397698,-0.06953328054343685,0.006276358100529011,0.15860959647030154,-0.08637573834201441,-0.051948059702833956,-0.10388091999939429,0.15610110500067648,0.08233924715470577,-0.1360334073535427,-0.06932491715461356
860,-0.06378762900788161,0.07203128775621084,-0.06748131971759748,0.004026286269031134,0.16953876208942262,-0.08777346527784093,-0.051948056734994,-0.10398717734608696,0.15588023947654522,0.08229219247943316,-0.1306476259192121,-0.06889910188796604
861,-0.06522681445227878,0.055047249734334745,-0.06441858916923904,0.004374726253533067,0.17037570358486215,-0.07926832820154833,-0.05194801098576263,-0.1034616836220837,0.15581481319489315,0.08191499376801473,-0.12978328433350628,-0.071547389634931
862,-0.06514594207636962,0.053137058324746446,-0.06545570122698632,0.004325886346947707,0.17363320331360055,-0.07581800347975315,-0.05194823412881901,-0.10674463579372202,0.1558746007519389,0.08473589795809525,-0.12986429784984932,-0.07346614669184025
863,-0.06268653344927827,0.03281152043554617,-0.06112854591326871,0.004328024762995198,0.17301641999287373,-0.049396339656969934,-0.05194738499201224,-0.10844601000706454,0.15573260969459646,0.08995480947741999,-0.13001779168650762,-0.07702796892394781
864,-0.056736336347035614,0.001226270601595887,-0.06059230046878832,0.004329542088884145,0.17332944975314332,-0.029713981947248395,-0.051949917472133525,-0.10818431918543175,0.1563036768873069,0.0948439396874599,-0.12869192759665943,-0.07800194465173392
865,-0.05670364968125043,-0.02507044464921983,-0.06058556178090305,0.004328832750323333,0.17299878235475294,0.03588676033862447,-0.05194613843048115,-0.10818158518336618,0.15254376089467153,0.09978009675279471,-0.12539529531005686,-0.07792149130530016
866,-0.04752027009515136,-0.0288219213598949,-0.06063122437911728,0.004329048169930531,0.18257131193864476,0.043697200324238905,-0.05192468389870696,-0.10900347114259236,0.15134735190796067,0.10403612082330034,-0.12348459420678436,-0.07807377169401421
867,-0.048047340883338716,-0.08530133843190367,-0.06050600174313816,0.004328994935135172,0.186337843685174,0.11036880103820816,-0.052175116756570675,-0.11177855316285044,0.1515008009179318,0.10485809438370601,-0.11822892325008023,-0.07670063310733541
868,-0.045431181689948884,-0.10600688079947032,-0.06105534331546792,0.004329005899080218,0.18607143868918707,0.15387809982522996,-0.0503878783034661,-0.1076757944501764,0.14642199393736427,0.10994961459846968,-0.11291641902657643,-0.07313615034337434
869,-0.038051721736828775,-0.14178412819056,-0.05758823769690881,0.004329004283615896,0.1862464800313428,0.18173701496011718,-0.04761457930160187,-0.10823084409824307,0.14246367935714552,0.11648487572028447,-0.11260887839721499,-0.07369573081248551
870,-0.03916881162711525,-0.15108163013551051,-0.05609557833883811,0.004329004446931464,0.18580324801837947,0.21124319664319507,-0.04489605691744108,-0.10864201379151164,0.14332952884635758,0.10688548430436308,-0.10802867405828949,-0.07357413186456228
871,-0.038952310015332614,-0.1622040402437935,-0.05629895958973118,0.004329000403165726,0.18918062491634077,0.2341218594125792,-0.04305292728915564,-0.10439343437168781,0.14041125069245033,0.07296099009784207,-0.1076672866974132,-0.07359555292498168
872,-0.03886188575127235,-0.16480824868648072,-0.056353369554217804,0.004329033243764964,0.19456015597061854,0.26813429153183366,-0.04331706429522767,-0.10388764959243002,0.1382388644378423,0.05218769603466192,-0.10170500056604725,-0.07359303081536529
873,-0.039138557196419024,-0.16447654622421629,-0.05543076076072714,0.004328850181602279,0.19479712213316192,0.2884785120901013,-0.043293090815458526,-0.10387653582974614,0.13857020655864097,0.023609729886241427,-0.09976837411254659,-0.0735930020664438
874,-0.03451972010315531,-0.16450285521148883,-0.0517285823180642,0.004329683060818031,0.19467264907548498,0.31712500942073163,-0.04324820323893372,-0.10390410652545036,0.138525757008024,-0.01629023914646407,-0.09644030487130723,-0.0735928719246032
875,-0.034202912230253894,-0.16443473968613156,-0.05035082424290864,0.004326505072844605,0.19598565150477426,0.3352624812481035,-0.04357903385174165,-0.10389519865671921,0.13852578682392225,-0.1191187495336217,-0.09572142111927696,-0.0735944391343454
876,-0.028693559846034333,-0.16512575256479056,-0.04441456059405818,0.004336033509704511,0.1993115242650863,0.34215789805932334,-0.0414291442784747,-0.10388974754194356,0.13854098972874096,-0.17169255204475503,-0.08713388005451754,-0.07358676114731132
877,-0.024486105023297424,-0.17421697578962972,-0.04312466670850605,0.004321712172599045,0.2010400711283333,0.34742251267460367,-0.03888735209348522,-0.10392262756550999,0.13845430820556312,-0.2004695230550412,-0.08200335145152522,-0.0736173228388044
878,-0.016405780148759572,-0.19056469662771794,-0.04333476115312211,0.004240967828872798,0.20687386716248776,0.35437868454326504,-0.03640165109113818,-0.1038155009989332,0.13887869456754917,-0.22587716565573152,-0.07704699769211457,-0.07351968725660044
879,-0.010064728070559035,-0.19865108270549342,-0.043366469466356514,0.005240539522285458,0.20797036775782932,0.3589896410248959,-0.030647190133906117,-0.10402221459559606,0.13600001276855328,-0.25418581374717625,-0.07177142249763223,-0.07370786893987925
880,-0.0012742833373424684,-0.19934305972128466,-0.04198754629466119,0.008780640573553036,0.2077088179638208,0.3638301588026372,-0.03039299637371864,-0.09923483345648287,0.1308739300291538,-0.25966034989194714,-0.069367708680391,-0.06887336226870934
881,0.004262090105609854,-0.19934485664413526,-0.03372236972178357,0.010720650061289411,0.21263428274128807,0.3702712803274333,-0.02580762949844045,-0.0942131645650617,0.12577819105508017,-0.2597720986754878,-0.06644676694201206,-0.0646555747035044
882,0.009557697735426775,-0.21399332596390055,-0.03484287997537195,0.013317743182894273,0.2165377933080938,0.3840031771065083,-0.025476433190265865,-0.09055991972044102,0.12560393084981095,-0.2598287925614407,-0.06513775038863744,-0.06502587499616184
883,0.01784874065636028,-0.21403853130157938,-0.03471057539764588,0.013034427814239705,0.2177964042910306,0.3968502447857987,-0.019708355529947635,-0.09089180136789578,0.1248952497014415,-0.25923057193780347,-0.060925646101757755,-0.06491164923374225
884,0.018420399708357325,-0.1945822812127472,-0.034186979161030334,0.012773090245573243,0.2212426646828038,0.4174455478666632,-0.016994862740667253,-0.09135497177493268,0.1206167346100156,-0.262850803898955,-0.06055630594692024,-0.06494012533995032
885,0.023425318355671822,-0.1669276873487582,-0.03860078089074289,0.017417047199906447,0.22068015579566325,0.4206505013808351,-0.01741469462489214,-0.08752734807743295,0.12207116866714503,-0.263036695267819,-0.05565275510820053,-0.0649341809747461
886,0.03179881919094578,-0.13702811545884305,-0.038977472683218384,0.01722336822855096,0.2207961893434929,0.49132623900752764,-0.017198946464271204,-0.08647961105766519,0.11625481220957838,-0.27588928973390214,-0.04922408190303145,-0.06493516620541162
887,0.035150487228411416,-0.11046080896350208,-0.044033649000261015,0.017348731490328284,0.220777724070088,0.5200696762179783,-0.017554215044146355,-0.08657663032066218,0.1091899989514071,-0.2770175060824043,-0.042747884041438096,-0.06493506848783731
888,0.034334859685562845,-0.09958545252571874,-0.04874129090436336,0.017307167178685,0.22077952755177807,0.5779996953883226,-0.0129197948241908,-0.08658359314810067,0.10429134354521521,-0.2836731204232554,-0.041405048677740273,-0.06493505877160267
889,0.03900827123208684,-0.09004814357567414,-0.05425289263677981,0.01731800947569848,0.22076696306688431,0.5829392223318403,-0.0134774497183794,-0.08659720916356584,0.10389661794117173,-0.3020577020230272,-0.035379332757962165,-0.06493506725263369
890,0.038880901997087144,-0.0854808819957528,-0.05591479952239897,0.01731568684273488,0.2208703722558967,0.5565410702052301,-0.018692039434585764,-0.0864767542233844,0.10387778653443874,-0.32359744291843134,-0.03468442970591372,-0.06493506428935564
891,0.03899142443151781,-0.08054650807191828,-0.061648992100815724,0.017315950602111475,0.22029132701625684,0.5508011836646735,-0.023051709836859887,-0.08703843326355667,0.10390344182687017,-0.3540936650326181,-0.030416129567364402,-0.06493506508568014
892,0.0389528031868535,-0.07502421942578867,-0.07275738716814159,0.017316086297101366,0.22367061430961885,0.5116556054020588,-0.030836826588909304,-0.08344004851081119,0.1038939699003774,-0.365617573470131,-0.021181189233608722,-0.06493506490196262
893,0.03896133752481904,-0.0725245492642483,-0.0736330751193745,0.017317913017509484,0.22230014734960565,0.5019887531287907,-0.037764059066818824,-0.08210113474377437,0.10389677536302941,-0.4054645742622858,-0.021841880021756483,-0.06493506495157032
894,0.03896727312465832,-0.05044062421310288,-0.07388196326779889,0.017299371243908217,0.22059907933015524,0.4855853384082254,-0.04283340741918342,-0.08225653554890605,0.10389533980767232,-0.4357122579953099,-0.021588021180375682,-0.06493506492269227
895,0.038940978476552736,-0.04752228544858837,-0.07932915658057098,0.01741159337692589,0.2207568799630997,0.4658399940569597,-0.04320041926969892,-0.08223268817785202,0.10389805268494026,-0.49071329143058845,-0.021656454772803202,-0.06493506477263866
896,0.038994314120026095,-0.03623702856306208,-0.08224082508683882,0.016872213922348164,0.22050146366173895,0.44646980471986825,-0.04782961501498313,-0.08246753879862376,0.10389371424309991,-0.46601809764047036,-0.02165113916584092,-0.06493506648903473
897,0.03910335407529088,-0.0037495283926202187,-0.08444374088952986,0.020254303610849032,0.21627048537739962,0.4348181199138208,-0.04750747721609551,-0.0807368479596497,0.1038749222972652,-0.4499985673563315,-0.021619149423902927,-0.06493505574292638
898,0.044294740942677456,0.01922667152932576,-0.08699530044163711,0.021839195842028186,0.21507057673939733,0.43170611818714133,-0.04765435940360042,-0.07749870403773863,0.10411594032304282,-0.43357433614714225,-0.021681823517332135,-0.06493510839758185
899,0.04825274346310623,0.03712856550998064,-0.08627703064977975,0.02162791252329881,0.21212437915882323,0.41897283524208767,-0.047610425157863255,-0.07797889205396528,0.10235781278021916,-0.41001912980595473,-0.021899124848822813,-0.06493489268863929
900,0.04562600578320093,0.0530219671675909,-0.0905474171579384,0.021642309051667964,0.20925703848843957,0.3932076606825435,-0.047619247616678184,-0.07801184628749644,0.09947996461105714,-0.39147303750367823,-0.02636770946755918,-0.06493561393919385
901,0.04282235019138342,0.07011493437636686,-0.09518792539189576,0.021646899489159953,0.20826393492599468,0.3788498591307118,-0.047624610801080006,-0.07772276881529043,0.09715614415180718,-0.38237451605329187,-0.025849835733768388,-0.06493401015513628
902,0.04373659903096498,0.09849115859843921,-0.09744731514768912,0.021644417812745675,0.200214510592707,0.3312718633066821,-0.0476053964728552,-0.08238253686766486,0.0919292247919931,-0.3587223572940608,-0.026003332133539354,-0.06493233382965204
903,0.039648464327500285,0.11000447461743665,-0.10991308367689985,0.021645036437015625,0.1947972228398454,0.2929001886074642,-0.04761114107455397,-0.08199035172762392,0.08682038993166678,-0.34602275968466817,-0.02597623455024217,-0.0649793429196674
904,0.03479179043044066,0.14809344329361282,-0.10655424302341315,0.02164562660858339,0.19442129631795962,0.26067584535694427,-0.0479850589045626,-0.08353864365053516,0.08660350941663453,-0.3159464823257207,-0.02594628400328222,-0.0646364347967613
905,0.025191677437893273,0.16774372786025785,-0.11682477099062279,0.02164279133498806,0.18934675783176222,0.2252150950406964,-0.05347406233266291,-0.08702540704791412,0.08655976250222325,-0.30379352152730604,-0.026032871024759926,-0.06686395826795483
906,0.021487524236837734,0.1862557472467597,-0.12156215236107919,0.02165060488241995,0.18305256405712644,0.203176031082904,-0.056544398016903565,-0.08648147168664443,0.0865871760867853,-0.2924060678337152,-0.026089692973057903,-0.06964241775354148
907,0.02117633599732872,0.18359844921315363,-0.1249227452461919,0.021644707307620203,0.17228428816151917,0.19509180187679917,-0.05722533837142763,-0.08659594155204238,0.08657818728540914,-0.27263889068286623,-0.030681298918395074,-0.06919290310762635
908,0.010721032300097359,0.17854656556873702,-0.12989349305638284,0.021529616293407997,0.16576954914300912,0.14387361080631217,-0.07014455749712466,-0.08658348431291131,0.0865805139829887,-0.2438644159281215,-0.029971370487502452,-0.06927857408037662
909,0.0010288839643551643,0.17339780018900644,-0.1307365980375565,0.022657345458821237,0.16073664727002207,0.12130990123868951,-0.07395656370078207,-0.08657916578179532,0.08657999746398566,-0.23817296491533832,-0.031812999127411805,-0.0692630620301771
910,-0.0034664551871616362,0.17318449245405826,-0.14192300590585052,0.02644472405850361,0.16013470259188303,0.08758277479960892,-0.07370104540949987,-0.0864669795334456,0.08658012601980362,-0.2101745728147941,-0.037739382242692715,-0.06915048215513375
911,-0.004482950872588539,0.17314054318731406,-0.14797725528972017,0.025839893569423164,0.1601534789221008,0.07017394944170523,-0.07449625049026144,-0.08758600486191695,0.08658008166466963,-0.18936436040527826,-0.038713526889731883,-0.07027009746404402
912,-0.004389563586944125,0.17316174891112632,-0.146479297139892,0.026084014652400466,0.16027492696003165,0.05554200541911176,-0.08546220936521273,-0.09137428482134562,0.08657949864769257,-0.15651045708259143,-0.04280282678511446,-0.07405872059615076
913,-0.008957712157220304,0.17318622645023798,-0.15084771103535755,0.025707732786212207,0.15940064558212885,0.039246259254711556,-0.07185221243747054,-0.09080035449074671,0.08658488305717309,-0.14388808270081374,-0.04329130918905737,-0.07348202686694136
914,-0.008593644566395291,0.17304294942101145,-0.14798532318344781,0.029963296614786878,0.15149957700830788,0.015067557000950712,-0.07393482612827515,-0.09092233009816118,0.08655336853812412,-0.13538799923622968,-0.04332037425005695,-0.07361515483863149
915,-0.008413675971557736,0.1735647929859199,-0.14284154847893016,0.034702022875517824,0.14480506676215402,-0.001687195321771771,-0.07396060285165465,-0.09093207726994762,0.08602093925842844,-0.11235107195853501,-0.04321315392087943,-0.07358970952604424
916,-0.010577496508050215,0.16638785010104037,-0.1374242448984905,0.03530878650331323,0.1358964257650768,-0.020805600466510282,-0.0702508180025912,-0.09087106593399907,0.0697579382912094,-0.10101481535286913,-0.04366904548660934,-0.07359331192968326
917,-0.01632500745270412,0.14704433684351506,-0.12820752160605944,0.039448667375274034,0.1342677903921789,-0.030827190309774734,-0.06915415477974537,-0.0906688248013681,0.06430035219633767,-0.05423694127308024,-0.04088948629731625,-0.07359314223939245
918,-0.01745349893110852,0.14128689611864254,-0.12392868055854624,0.03883548467257158,0.12984442605931723,-0.0415063646577236,-0.06926248468392408,-0.0861918255797691,0.06497650177686984,-0.052053081088781594,-0.038664006159592,-0.07359303471839
919,-0.017294461463916104,0.12835124951893495,-0.11844965805534999,0.0389881815093663,0.13004894986121443,-0.056167353912770036,-0.06926977732361252,-0.08670400938300908,0.06494930323503638,-0.03500659464951564,-0.03900441203579687,-0.07359308824673834
920,-0.01726480744396851,0.11905720414129607,-0.11654338473667047,0.038956321277478494,0.12906224800690944,-0.06000310009497621,-0.06926283329382461,-0.08655049286809556,0.06492746507048576,-0.01999413028140682,-0.03895863860249315,-0.07359305909846427
921,-0.017972425784491503,0.10141673156682071,-0.11724448354146187,0.03896149377069758,0.12331561442917073,-0.06841011049667058,-0.0692589408453276,-0.086577919485954,0.06493743673751749,-0.001600782247947902,-0.0389603247042537,-0.07359312061640824
922,-0.022480951841619967,0.10013758103649982,-0.11264965989276489,0.03896099326857344,0.12127340679280486,-0.07740655448126169,-0.06928995712532932,-0.08660886735829242,0.06493458729346789,0.018392662470058694,-0.03895750827714338,-0.07359291884914852
923,-0.03208852043983251,0.09216581171378886,-0.11272075079448397,0.038963559142765586,0.11856870084290004,-0.0816635266904328,-0.06916529250763205,-0.08651378856104196,0.06493467475430867,0.04119001550858231,-0.03898545088051347,-0.07359341650069301
924,-0.040151216420659955,0.0866742543088598,-0.11149793427479707,0.03894191335875011,0.11345354339079866,-0.08662999512093922,-0.06956002815953059,-0.08650909564753521,0.06493673822818698,0.05205194005742837,-0.03884399156874154,-0.07359343973362871
925,-0.03832021084989454,0.07701536040694072,-0.10846488977788275,0.03906402068876801,0.10833620685952006,-0.08647701078553637,-0.06523334452016631,-0.08192524185849369,0.06493154611655191,0.0570187567984135,-0.039426390925664356,-0.07358285246616761
926,-0.04279769904969927,0.07338062265079504,-0.10386177729779457,0.0385043149137498,0.10804852137855649,-0.08688063457591254,-0.06026565640248557,-0.08237105943434973,0.06492887819774723,0.06155040813694399,-0.03544052409316962,-0.07366729721045986
927,-0.043306230179045155,0.07365502052384894,-0.0986892081308422,0.0420699051717717,0.10343855033262468,-0.08476262005980961,-0.05592230208846811,-0.08221796172138972,0.06505962042014635,0.06891291832347497,-0.034560573827737834,-0.0732000118857304
928,-0.04330672671815215,0.07357825608008324,-0.10032591705723881,0.04344894529677909,0.10438326594378068,-0.08185775784432693,-0.05669219300977708,-0.0822588476859704,0.06393803248797023,0.07433219702905332,-0.03461949531650159,-0.0760973087435491
929,-0.0432813508119573,0.07359630634264536,-0.09148015291902019,0.043281068504213545,0.10165056880296201,-0.0823259061668676,-0.05424038974111302,-0.08224902002309979,0.058669550249373904,0.07333867744457119,-0.034688081143530856,-0.07819313303298459
930,-0.043299316079389416,0.07359165805737439,-0.08652488368950029,0.04328553047680569,0.10004161747382145,-0.08224023161457351,-0.051586477662203575,-0.08225298510701091,0.05340823686500245,0.07394193698431553,-0.03430236653064507,-0.07790685161725472
931,-0.043256457108756384,0.07359430987714863,-0.08627185366053489,0.04329612512618161,0.09330837361909264,-0.08225187291291383,-0.05201358351332732,-0.08224966570380825,0.05176734195572839,0.0693438972257279,-0.03671765438180098,-0.07790400002213275
932,-0.04342236352419508,0.07360413969257294,-0.07892562251244639,0.04326520283109676,0.08700672723676459,-0.08225795445617658,-0.05193853714631816,-0.08222667214447879,0.05189369180359523,0.06932836950972923,-0.03886445344338966,-0.07757795554810036
933,-0.04285408653758382,0.0734790262626797,-0.07318594376245725,0.043406156640838495,0.0822439965418109,-0.08219072771551249,-0.05194794492770592,-0.08247576076559003,0.05197565509639419,0.06923458048367849,-0.04223050633187196,-0.07317893749398212
934,-0.047320730344376984,0.07428139751955504,-0.07126399141336559,0.04282355521772084,0.07725457254085194,-0.08260250266296519,-0.051979812553700044,-0.08070610567109039,0.047344049448517334,0.06927289288772565,-0.04340480339825095,-0.07371154187835768
935,-0.047653201488071895,0.06918390465032682,-0.06616693094608236,0.04675098239350463,0.07324914078647507,-0.08001892115031564,-0.05169857738556032,-0.07749403003603697,0.04773440814196038,0.06926222143560999,-0.04329124399034361,-0.07359398433761224
936,-0.052667224049084055,0.0642825867819027,-0.05738103495128007,0.047704132615484014,0.0736926103734415,-0.07759349253074282,-0.05360526151586458,-0.07801012275755682,0.04758545262280794,0.0692631896098584,-0.0433431601345692,-0.07347490524712172
937,-0.05767581079003379,0.0650127983999104,-0.047537867533335984,0.04762529313994336,0.07356800912134857,-0.07797518308000881,-0.05669344719134893,-0.07790784813744427,0.047627082891800517,0.06926817629428349,-0.04283725262114601,-0.07398350335011711
938,-0.06097965474197539,0.06497524143527668,-0.04656350345494514,0.04761257200112721,0.07360278027647682,-0.07791728815902084,-0.056193433888938896,-0.07792336172205343,0.04761744789642862,0.06925642821767308,-0.04640049746911832,-0.06951547723830402
939,-0.06052575581777012,0.06512002164197032,-0.038004174538138306,0.047621371723511594,0.07357735291386697,-0.07792138312111525,-0.056289669651046544,-0.07792226528892841,0.047619291285852204,0.06923993271013375,-0.05533276889052616,-0.06930035479402193
940,-0.060591474432482334,0.06964010028578843,-0.03921883287588349,0.04761841415501395,0.07361771965182384,-0.07792251411276502,-0.056276844694315334,-0.07792194344948573,0.04761903043542113,0.06961968095529035,-0.05595778840605627,-0.06923909468068129
941,-0.06070045035021434,0.0691398812944353,-0.03890339286008494,0.04761918896572436,0.07370178250777543,-0.07792234290648908,-0.056280606246812796,-0.07792212343634501,0.04761904263088778,0.0666117496761515,-0.06000663999267978,-0.06926547136740535
942,-0.06045080507853133,0.0692960189800452,-0.03897153893536082,0.04761903221701493,0.07213756472360877,-0.07791992556372784,-0.05622904780995587,-0.07792206585022615,0.04761905037755573,0.060112382875709074,-0.06063100800450851,-0.0692992762674613
943,-0.06510970296442549,0.06925770373055651,-0.03895970785317023,0.04761901917346153,0.06431812447374825,-0.07793131934687506,-0.05658677325038279,-0.07792208083135892,0.04761904690886537,0.05816288988695307,-0.06062381829430532,-0.06910652920220364
944,-0.0646567178079875,0.06926352720521624,-0.03896104283486653,0.04761907162139385,0.06322835258625388,-0.07788992329454106,-0.05429912965389702,-0.07792207655608804,0.04761904697030617,0.05595961850061159,-0.06059779420586947,-0.06981335531770823
945,-0.06626723382941471,0.06926766942572254,-0.03896126356304642,0.04761952861651958,0.06005577656281391,-0.0780014851261232,-0.05157527283814603,-0.07792208017274926,0.0476190511323272,0.05638805482140725,-0.06060867698350209,-0.06509305960090023
946,-0.06967902722995573,0.06926923455117792,-0.03895969688139008,0.04761469463868259,0.06111782086094615,-0.07792663193909832,-0.052017940261145,-0.077922078047905,0.04761903585232185,0.056281474772638354,-0.06060484152425146,-0.06926964880063913
947,-0.06928889894815096,0.06914276976625174,-0.038968323982152595,0.047644323225921444,0.05672700271323706,-0.08248734706828131,-0.05193378606070724,-0.07792203049617102,0.04761907290203624,0.06092813257103874,-0.06060857235008408,-0.0691563586409142
948,-0.06884172759086497,0.07025296522912018,-0.0389283514304693,0.04750079909815642,0.05627357281333429,-0.0826627215436609,-0.05194905917574844,-0.07792245448759354,0.047619083360752074,0.060236049046364135,-0.06059864314504017,-0.06937177367816519
949,-0.07307742168295049,0.07556155763735148,-0.03908294125906464,0.04808378278537269,0.05625755059147274,-0.09045999541468111,-0.05205931746321708,-0.07792000206929661,0.04761822270510651,0.06233267086281343,-0.060618645187976335,-0.06887748253529886
950,-0.07360897527686734,0.08070010158044144,-0.038615135784527174,0.04408043108993792,0.056285113003231135,-0.0959649075486346,-0.05096407664638749,-0.0779314334430231,0.047624909609906244,0.06533764896218384,-0.060657788618680576,-0.07165037069927561
951,-0.07361037930104006,0.08281032293649239,-0.043180205951739756,0.04322113939836735,0.05627470574144683,-0.09500984062485143,-0.04715277132340127,-0.0778867975876494,0.047588365753323696,0.06485578463962216,-0.059889220867526405,-0.07389419313175975
952,-0.07358936978010842,0.07857052633597293,-0.04322866427072061,0.04328082322470635,0.056277623175194136,-0.09552205255002674,-0.04773182040145396,-0.07802548237223433,0.04775177566117278,0.06494692837106773,-0.055808820483950444,-0.0735480118487288
953,-0.07357069057702247,0.0735892328796295,-0.043319540038940334,0.04329694292939173,0.05627694426989068,-0.09118885495900267,-0.047595539894886095,-0.07778426153837815,0.047142902050652226,0.06493429679118376,-0.05642709892999032,-0.07359599459340735
954,-0.07370922794505085,0.06902779105848567,-0.0432810655617082,0.04328768558457584,0.056277064473987524,-0.08643446322985089,-0.047624662257709484,-0.08237843268309324,0.051516028902665635,0.06493480315618592,-0.05612554426675177,-0.07359409409527767
955,-0.07312666528940663,0.06935770560376221,-0.04329224978214007,0.04329067030341085,0.05627707242633271,-0.08665744331556759,-0.04761529298636079,-0.08295721597120821,0.05191739384860738,0.06493513360895942,-0.05670518105388608,-0.07359252963773234
956,-0.07704383608568761,0.06923941717221124,-0.04328959238503206,0.04328990350335669,0.056277120830241306,-0.08655727271776345,-0.047606419028280784,-0.08698973789416985,0.05656003800125567,0.06493547745834054,-0.05231439304330021,-0.07359324541015787
957,-0.07801190743061685,0.06926147106395836,-0.04329011485534646,0.04329006886763181,0.056276163223619995,-0.08657803267303699,-0.04779236397034502,-0.08688355567535884,0.05615959397882542,0.0649328609570723,-0.05195927530912762,-0.073593030052549
958,-0.0779251974360969,0.06929537475619917,-0.043290037313078115,0.04329004000412028,0.056282902367303794,-0.08661227044032928,-0.04633733903531079,-0.08380695433847744,0.05628696522343576,0.06494403983918588,-0.052066872399942614,-0.07359308284194138
959,-0.07795238544662166,0.06917404041233398,-0.04329004217494419,0.04329004332556552,0.05624758777316631,-0.08646987614716982,-0.042836940479346775,-0.08202504018800613,0.05638794638361546,0.06490547435507013,-0.050803537953207474,-0.07359307201895887
960,-0.07765854953669699,0.06934124477553552,-0.0432900439903221,0.043290043221601134,0.05640155903967911,-0.0868164857553776,-0.04339091256313314,-0.08227516821710046,0.055818960938318514,0.06499841427310232,-0.04718478801129823,-0.07359307376080376
961,-0.07965136431524983,0.06468998787383379,-0.04329004317257424,0.04329004496460977,0.05583884840734263,-0.08216995858432875,-0.043272071149282415,-0.08225267505968231,0.059889567891542414,0.0650252996531348,-0.04760114728025404,-0.07359307360416563
962,-0.08265949034539453,0.06504719224905493,-0.043290042760816376,0.04329003358365916,0.06012132453356323,-0.08234069652074633,-0.04329091442828161,-0.08224932245921013,0.060665332334207206,0.06959855884568551,-0.0480456815593093,-0.07359307358081874
963,-0.08217200395478272,0.06490155731544664,-0.04329004570928948,0.04329008772593948,0.060614450304116024,-0.08221883780154367,-0.04329058036536068,-0.08225171740446026,0.06066226909209262,0.06914337059876158,-0.0438254481123518,-0.07359307359749667
964,-0.08225658623885335,0.06494318975037698,-0.04329003515259229,0.043289872770102815,0.060624744669510955,-0.08225936689568052,-0.04331800854681193,-0.08225090879214593,0.060037458351428215,0.06929689007655507,-0.04327511818474769,-0.07359307359186576
965,-0.08226129052821868,0.06493339199780634,-0.043290061184161205,0.043290560529886994,0.06060213370782224,-0.08225145282163025,-0.04305344695231359,-0.08225112180893698,0.054433002347913075,0.06925719880886484,-0.043264002182400896,-0.07359307359334863
966,-0.08230574468868124,0.06493545239852885,-0.04329006509298102,0.04328921831963592,0.06058451976444397,-0.08224286403989273,-0.044882952740149064,-0.08225107460473371,0.051622552043452966,0.06926318236298792,-0.043361645061439504,-0.07359307359302193
967,-0.08154362489186383,0.06493484250127673,-0.043289485874273455,0.04328602696414174,0.06071602580257121,-0.08227413693445429,-0.048043070338716916,-0.08225108387428849,0.05201789083053591,0.0692700514168398,-0.04292504681104134,-0.07359307359308064
968,-0.07748436744252132,0.06493381775446015,-0.04329404700463398,0.043339633230250696,0.060175634338644646,-0.08223575557680028,-0.047532147923456655,-0.08225108181227234,0.05193601061452185,0.06925997951198884,-0.045600615387419025,-0.07359307359307338
969,-0.07793311307893064,0.06494935525381004,-0.043269029771173605,0.04297410502724305,0.06405782883314172,-0.08188177505226323,-0.04763310429089768,-0.08225107258480861,0.05194937952413888,0.06916709350607586,-0.04793239026987311,-0.07359307359307335
970,-0.07835948278598728,0.06484607230249359,-0.043380819996268936,0.045310988006780406,0.0651937093410454,-0.07750685725068264,-0.04761776380888571,-0.08225116778263616,0.05194812004242236,0.07019204256075946,-0.0475709151003114,-0.07359307359307371
971,-0.07467072462181709,0.06536696921997256,-0.042966664784626664,0.047991891042554954,0.06048517531341171,-0.0780215183120821,-0.047618867732059623,-0.08225058957210278,0.051947963182849076,0.07406666408227998,-0.047622564158742955,-0.07359307359307357
972,-0.07346048361903544,0.06209933706631731,-0.046822804328390526,0.04752394915293402,0.06069502351853817,-0.07801061183132187,-0.04761918002140524,-0.08225337174681645,0.05194808260535071,0.07344728269535339,-0.04761998069138757,-0.0735930735930736
973,-0.07359700222567898,0.06039500708023133,-0.051931743865204445,0.04769940555445145,0.06057563175165712,-0.07746472309901772,-0.047619002209712026,-0.08224216423521462,0.05194805347387184,0.073741106833785,-0.04761857470760908,-0.07359307359307361
974,-0.07359789481373179,0.060626283410670626,-0.05189305705791354,0.04764826905329715,0.060614189941272587,-0.08149447530150855,-0.047619060373070926,-0.08227872963543628,0.05194800828476772,0.07320232302898025,-0.047618823590831846,-0.07359307359307359
975,-0.07359092807564166,0.0606083922086538,-0.05197075380151478,0.05225163699763155,0.06060423307453987,-0.08231214991825911,-0.04761904210127054,-0.08220316566281126,0.051948216986749035,0.07769642971032778,-0.04762093662966892,-0.07359307359307361
976,-0.07359372134393588,0.060604173555641884,-0.051941637850975254,0.051830435844413554,0.06060640035187354,-0.08226183642823455,-0.04761905807452465,-0.08206719795699932,0.051947606554597923,0.07789510011387353,-0.04761119265084423,-0.07359307359307364
977,-0.0735929123064209,0.06060691985031082,-0.05194897483660956,0.05198132268561108,0.06060601502178645,-0.08224420634159268,-0.047619021302807006,-0.07755147071908763,0.051948346423892636,0.07777073457791095,-0.04764496596844304,-0.07359307359307295
978,-0.0735931076696404,0.06060474878380856,-0.05195010563652528,0.05194023680775341,0.06060606183370551,-0.08225174432949792,-0.047619062327402935,-0.07804549828876824,0.05195507912544967,0.07922861440163051,-0.047564244138856605,-0.07359307359307782
979,-0.07359306776331348,0.0606109011891244,-0.05194128902590201,0.051949581629303264,0.06060606229965132,-0.08225904620693142,-0.0476194786165158,-0.0778897704541907,0.05188571140351739,0.08270895779954535,-0.04753143986346141,-0.07359307359305248
980,-0.0735930742341168,0.06058962001293714,-0.051956077002115665,0.05194782510159609,0.0606060598664187,-0.08221536359865761,-0.04761529255499521,-0.0779292444104236,0.052306721148984985,0.08212747416182212,-0.042662618411825434,-0.07359307359316175
981,-0.0735930736265909,0.06064423859718061,-0.052026464375457965,0.051948066008238175,0.06060606081358267,-0.08237433190875244,-0.04764059495204627,-0.07792049944702244,0.049666729119178375,0.08235321342973541,-0.036215196870825354,-0.0735930735927705
982,-0.07359307354897356,0.0606327351599408,-0.051097763239180034,0.051948057336508105,0.06060606061655806,-0.08195477649660053,-0.04751872872505817,-0.07792299378773912,0.047299772003585955,0.08204588883813202,-0.02912004939845631,-0.07359307359380216
983,-0.07359307361060051,0.05954148081147844,-0.047152723484497866,0.051948049132302616,0.06060606036253132,-0.08659579664987851,-0.04801308802142003,-0.07792230970882195,0.047669137757882674,0.08662380371843771,-0.015807682260927467,-0.07359307359329265
984,-0.07359307358217684,0.05105335204600114,-0.04773425310180094,0.05194805283425958,0.06060606141271896,-0.08698021997697714,-0.04431563359108695,-0.07790402910912005,0.04761502454242726,0.09114562617503354,-0.004744498624598741,-0.07359307357586481
985,-0.07359307362219109,0.052194663942954016,-0.04759682791483555,0.05194805172350529,0.06060605904406344,-0.09138499720428357,-0.0427833310884858,-0.07806158469161031,0.047618198406795466,0.09070202419196859,-0.0007123983802942754,-0.07359307372614357
986,-0.07359307348738313,0.05189193681178736,-0.04761776609487384,0.051948051995926066,0.0606060567760915,-0.09074708886212177,-0.05210982179516151,-0.07716178883370708,0.047619639247741735,0.09189936705836313,0.0042952465539763665,-0.07359307286784858
987,-0.07359307390767217,0.051958484985588874,-0.047627969598549584,0.051948051939584156,0.060606124279416335,-0.09106878407344597,-0.05283088474361186,-0.0827546619571923,0.04761843527489045,0.10046934375423971,0.008914023665381125,-0.0735930768344358
988,-0.07359307310693626,0.05194668175609415,-0.04765034220625842,0.05194805194957342,0.060605628349187354,-0.09042312537449862,-0.06321499393154707,-0.08717140337805535,0.047621276570443634,0.10441635107498064,0.008313756529521018,-0.07359306148195012
989,-0.07359307109112234,0.05194807609856941,-0.047202794486440935,0.05194805194889498,0.060608282329813926,-0.09467823140792045,-0.08851931258838494,-0.08649323682952446,0.04761001712800805,0.1038004546680915,0.010372815603077979,-0.07359310848838527
990,-0.0735931038149726,0.05194799901026593,-0.06082020977491277,0.05194805192819163,0.06059652146882241,-0.09518974798841498,-0.13577255765310742,-0.0865851627338805,0.04764950194829245,0.10392494929500581,0.013326100641562219,-0.07359303152190905
991,-0.07359288133323369,0.05194893658444069,-0.09092769146426175,0.051948052090267274,0.06064031892753207,-0.10007399097692679,-0.1551253868923909,-0.08658226063891276,0.04754965332337086,0.10412718880932391,0.013158610541774775,-0.07359268456451921
992,-0.07359403120166108,0.05194294700416903,-0.10117281565995669,0.051948051198121056,0.060513731703806556,-0.10422233080075226,-0.20028507070202123,-0.08657898035850745,0.047561950584857404,0.10924653635494916,0.009927425875432026,-0.07359707201433076
993,-0.07358904675842746,0.05197129079111876,-0.15496484627132467,0.051948055223118766,0.060673827578543636,-0.103560417422294,-0.30499297165151223,-0.0865804313576263,0.04297942844806009,0.11433109432446815,-0.003329814151457667,-0.07356887649792429
994,-0.07360727275635164,0.05186040009839587,-0.20830026535707735,0.05194804000344307,0.05612504314255955,-0.1056313583336181,-0.4016500587858956,-0.0865799999538901,0.04333837354076229,0.11735836026221996,-0.05478406346855445,-0.07370913587360164
995,-0.07355581354704678,0.052201120219690755,-0.3086382880651582,0.05194808490692306,0.05548699107324138,-0.11139540037004879,-0.4834856153625226,-0.08658010482089434,0.043636722484932354,0.11631004938395172,-0.14454094850494265,-0.07312671023231826
996,-0.07361418674704985,0.0478631782285557,-0.3660554603506164,0.05194802265288071,0.05147293436102483,-0.11271234202341705,-0.5660255435951198,-0.08658008351788221,0.04085219777710681,0.12047389016431942,-0.20458692392106806,-0.07706469431953542
997,-0.06826183696066378,0.04319889697071891,-0.4782250811029911,0.05194759794545218,0.05195429783487342,-0.11253792430126902,-0.6640714022147745,-0.08658008689283109,0.03850294392988774,0.1210730218315799,-0.3124926809438424,-0.07800418874170464
998,-0.06004736923376243,0.04260919281930215,-0.5707951199225061,0.051952297271679035,0.05238785669554516,-0.11255274244348484,-0.7684702328715406,-0.08658008660555888,0.03948317120332237,0.12565308354725027,-0.4147970076951223,-0.07792901714413521
999,-0.05967054413083027,0.03764627063176497,-0.6849989614327933,0.05192311480773071,0.04845237745510695,-0.11255545478957263,-0.7846908293408994,-0.08658008657468988,0.030600681058308137,0.12527596555375503,-0.5002158001608185,-0.07791548223849241
1000,-0.05348635811262431,0.02988348435707255,-0.7438152938869131,0.05206560175904809,0.04754020225587333,-0.11255335984150797,-0.8194955011038003,-0.08658008645139406,0.02129162295072566,0.12686377115226172,-0.5533523901845132,-0.07792441383094151
1001,-0.05217611710243266,0.025383648892491735,-0.7789709013770817,0.05148259536393468,0.04761179399943687,-0.1125557527641502,-0.8355550490547576,-0.08658008729139509,0.021747880815337215,0.12988771583373676,-0.6212439832067449,-0.0779214460986881
1002,-0.04852467146444674,0.026060907367583295,-0.7834328623740908,0.05546212881550148,0.04762565986306824,-0.1125475636589753,-0.836016111872748,-0.08658008351001822,0.02195164767520921,0.13246042300834915,-0.6531243064813919,-0.07792222067079214
1003,-0.047525359947255555,0.025978432660346107,-0.7926696960065163,0.05635105604057964,0.04761670537949872,-0.1125774135752564,-0.8402977644969237,-0.08658009754991729,0.01939593542268632,0.13403997796820807,-0.6693661297022097,-0.07792205118452962
1004,-0.0476123995583753,0.026023023042463282,-0.7920700860935823,0.05628534185198614,0.047619685058368576,-0.11249283180694611,-0.8397447672129892,-0.08658005772347589,0.01702238040507769,0.1379860978289035,-0.6706708879959262,-0.07792208204386489
1005,-0.047662069511189016,0.025273592771496985,-0.7919166310223648,0.05627045069912294,0.04761890197336273,-0.11258389024030914,-0.8396461803596507,-0.08658010060231706,0.01726514041609243,0.13853757569397096,-0.6736514586342198,-0.07792207755085492
1006,-0.04735292668208379,0.02100980144983095,-0.7944578553922708,0.056278291042689485,0.047619075279664975,-0.10756844658370132,-0.8420935772674196,-0.08658058236345065,0.017489510408785526,0.13844538243780027,-0.6754652401681404,-0.07792206755008019
1007,-0.04933818398045222,0.022615376689221426,-0.7985017351400073,0.056282135749892555,0.047619043735037836,-0.10358090183967888,-0.8518721935095779,-0.0865758298962849,0.01283105619537412,0.13947758424775794,-0.6755725918206132,-0.07792216587087257
1008,-0.05247660988433856,0.016073949080414027,-0.812002468518535,0.05625281885623752,0.04761904778803804,-0.10401355811887952,-0.8567692261113058,-0.08660430262919241,0.013135478258848211,0.14332620317691006,-0.6753731387163703,-0.07792157789957128
1009,-0.05140982135109185,0.012573481317633766,-0.813944028146392,0.05636354491423507,0.047619047750925826,-0.10375440009723118,-0.8809961008525459,-0.08646850943028801,0.012640885047812129,0.14274377200670169,-0.6944304705864819,-0.0779243817362085
1010,-0.05561579080637661,0.012966751708305012,-0.8192776549646064,0.05605181209975906,0.04761904745157197,-0.10436231613794811,-0.8997094350357208,-0.08701089988316339,0.015007089567873723,0.1428800360525626,-0.69602842423926,-0.07791318262328575
1011,-0.056324443023829614,0.01288465014080221,-0.8320272492046645,0.06053578610515757,0.04761904829107687,-0.10029613123835399,-0.9331661205770674,-0.08307531540879509,0.017676241392583694,0.14285355793785093,-0.7031916775397096,-0.07794925344210242
1012,-0.05628906012435987,0.00843616900826071,-0.8533987856985885,0.06513229389877902,0.047619044513456825,-0.09950912224186464,-1.0035644978396243,-0.08203890893666776,0.01726028661855182,0.1428574292442078,-0.721315489550301,-0.07787775261544193
1013,-0.05626996552541274,0.0077744701205121405,-0.8746525850106559,0.06483801822227153,0.04761906000777048,-0.09954284419602415,-1.0489595740874296,-0.08677124772901433,0.017304314935343595,0.1428572023223641,-0.7419171531240443,-0.07771692406442073
1014,-0.05627937840693289,0.0023379815673169957,-0.9922725369182493,0.06503726119233834,0.047619007277886254,-0.09973218418464233,-1.1523544528445744,-0.08595551239785695,0.017305359758325586,0.14285712350455135,-0.766010952117186,-0.07321600387424847
1015,-0.05627647687895427,-0.002886738421964136,-1.093045697698209,0.06457148313308267,0.04761913239687816,-0.0983878437065677,-1.1877178030685478,-0.08041163370178311,0.017825528061596627,0.14285703811527037,-0.8116468000829298,-0.07371363360661794
1016,-0.05627705746695626,-0.004529036857513072,-1.0958345966684155,0.0675622545091596,0.04761917876299059,-0.09348598986912811,-1.1633621360875543,-0.07788634915870583,0.022088999175157862,0.14285772017865161,-0.9069430443521738,-0.0735771519918453
1017,-0.05627750599255021,-0.004318762271025558,-1.0764500013560654,0.07267647538506926,0.04761620587035254,-0.08570409462647169,-1.1212793004026702,-0.0757787684026501,0.02151894742115055,0.14285473921336014,-1.030909024666789,-0.0735330227907869
1018,-0.05627582045768533,-0.00433100412718826,-1.04390741451547,0.07772050324335522,0.047639129131954644,-0.07836509190056641,-1.1113793243908534,-0.06986117004477235,0.02168305882191752,0.1428653170614123,-1.1408836501345907,-0.07381972230986922
1019,-0.05627770126275695,-0.003989190631985452,-1.030222856217587,0.07778284074226179,0.0475137193497861,-0.07807657495934077,-1.092903320738757,-0.06945503224883076,0.021605204703167336,0.142838054246089,-1.1822281247228152,-0.07011999519075866
1020,-0.056297633158948125,-0.007294519126161275,-0.9929017578019891,0.0793995647403085,0.048078636873543086,-0.07352026961962134,-1.069529171230091,-0.06489433917562235,0.02174149790577057,0.1428462863671069,-1.1165233981297253,-0.06049850286192358
1021,-0.05609889254755871,-0.020461508259743872,-0.9541231195830008,0.08718607175090105,0.044468183867665004,-0.06867448347460774,-1.034341084981875,-0.06503031575191565,0.02155503877350822,0.1433639661149471,-1.0894217709292806,-0.056120535506275646
1022,-0.0575292481427046,-0.021714533593225824,-0.9384956800071416,0.08832155146254636,0.043138351494089754,-0.06340787606675062,-1.023349411527191,-0.06484433540521566,0.02613876879381896,0.14762873792249934,-1.0674060088150672,-0.056263690056521765
1023,-0.06291262746487657,-0.02166313850546815,-0.9204687512609709,0.09138785287754816,0.04329773637898413,-0.06064834086104265,-0.9884020615216007,-0.06525333364068532,0.026587418488016965,0.1470621034337947,-1.0238011966438334,-0.05667381869172191
1024,-0.06757283419935986,-0.024077120378004937,-0.8914149496042015,0.0906340562170228,0.04329430609014482,-0.05815188954494848,-0.9537105402625041,-0.06282100773432003,0.03198686607252164,0.1472150088807088,-0.9910163297719597,-0.053700927674676956
1025,-0.07290856961165097,-0.04300856170154467,-0.8596082471550784,0.0942574223262174,0.04328796428068073,-0.056303096443324575,-0.9061053750919652,-0.05764124589551256,0.03716172667229882,0.14718057578983768,-0.9575946648892314,-0.05214382047764518
1026,-0.07366100363995139,-0.0430662055497957,-0.8142565008479262,0.103918808310531,0.043290686802133285,-0.052939672855200855,-0.8394734389436302,-0.05246240489303944,0.03922744076972772,0.14718694899929502,-0.9275903598853269,-0.04817195253395609
1027,-0.07359719816162633,-0.04315795641553282,-0.7547265012771861,0.10376083689043968,0.043289881149671,-0.04769905787771368,-0.7852884335237368,-0.05189751077916661,0.038918075861435315,0.14718610641482782,-0.9102767417442625,-0.04768593066092768
1028,-0.07358818886859876,-0.044928208541835955,-0.7040999263950166,0.10393215176869093,0.04329007849251913,-0.04766162464655233,-0.7196369579232055,-0.051627620117456835,0.038964873142124386,0.14718613316243662,-0.8813266750899224,-0.04305561773065414
1029,-0.07359487180070826,-0.04771936855273275,-0.633062433864957,0.10398151745762096,0.04329003468129975,-0.047597982803539156,-0.6669819303575145,-0.047218702185017836,0.03896161960799502,0.14718607838000525,-0.8511851858062027,-0.04334988043181987
1030,-0.07359257247233908,-0.0500732234620349,-0.5918867137164595,0.10344553796589462,0.0432900498715028,-0.0476272975448758,-0.5815215824584444,-0.04774513139634777,0.03896062988013019,0.14718661879169798,-0.8263453021829994,-0.043596202300851636
1031,-0.07359318817019242,-0.05577340198437423,-0.5380226918171297,0.10695455596066779,0.043290050292693276,-0.04760858993243513,-0.5575578058136107,-0.04757381692535069,0.0389611766023323,0.14718389010311245,-0.7746445783755683,-0.041121776404005175
1032,-0.07359306244354892,-0.056309480753694297,-0.496828368464816,0.108383109637084,0.043289861996805956,-0.04765470852233492,-0.4891184667824185,-0.04768354997592639,0.03896100286966082,0.14719514320266824,-0.7343751061098895,-0.03861505785933148
1033,-0.07359304121627358,-0.056286773605815195,-0.47680080872747976,0.10823046235081675,0.04329135210004082,-0.047505453645613996,-0.4411109189267467,-0.04743124987064803,0.03896104665481822,0.1471572355246609,-0.7211170945628587,-0.039037787289996566
1034,-0.07359312683523576,-0.05627366871755267,-0.390898538073552,0.1083405734184154,0.043283106424838895,-0.04784342187451253,-0.39062438432458874,-0.04798817320119514,0.03896103836773213,0.1472432807021383,-0.6573801922063265,-0.03891496347208639
1035,-0.07359337689041781,-0.05626621787069431,-0.3324920519267781,0.11449243866029518,0.043320557477558655,-0.04320539934827124,-0.354092591232416,-0.0386101203325537,0.03896103716243479,0.14731643641615197,-0.6073327043737504,-0.03886782610435851
1036,-0.07358952377784589,-0.0563372480127832,-0.292783985220145,0.12210358706229076,0.04317726230888448,-0.0428877108716272,-0.3078568029510912,-0.034426021568945704,0.03896103831175722,0.15185757488782078,-0.5731950800305977,-0.03361165371385006
1037,-0.07361547387304045,-0.05603393573754292,-0.2585051396681147,0.12057965635399633,0.04361204795114811,-0.0374475729883689,-0.26431388904644443,-0.03498318201113872,0.0389610860293406,0.15145094402043205,-0.5204922792914587,-0.030263899514302996
1038,-0.07348201585745545,-0.059065905965321824,-0.2514794064525769,0.12402658907584975,0.03911778131215166,-0.032833586548662905,-0.23943984789631068,-0.03271031649921558,0.03896067617068141,0.15125083064766123,-0.4735783437970205,-0.028485896665753768
1039,-0.0740582362657832,-0.06862488209546658,-0.22112641818213657,0.12575414392485462,0.03929916876066875,-0.027271478757042302,-0.19663281615224593,-0.029916755471881332,0.038963010952012246,0.1536431307505493,-0.4168734948138361,-0.025564281347537958
1040,-0.07031433452633996,-0.07377378085382635,-0.16672078238332375,0.12553436367811885,0.04365902045831118,-0.026209081803556335,-0.17760752627154405,-0.030403926603681408,0.03895225707176661,0.1593667252583143,-0.38466595000955145,-0.02607939636003284
1041,-0.06913686634204134,-0.07890416968386556,-0.14919721524317398,0.12555712854410572,0.04317435096557761,-0.022156316810474908,-0.15380756447291738,-0.03021289576825981,0.03899363941011144,0.16026552932942817,-0.3308634393477681,-0.025882894879129228
1042,-0.06926697825152832,-0.08260098033052829,-0.12469198127907322,0.1250072348765137,0.043319404143383686,-0.021638078016638515,-0.1325380253134253,-0.030326959694116775,0.038868626040576774,0.16017187376158912,-0.3124050221452133,-0.02599809170716441
1043,-0.06926902668771945,-0.08218022271154948,-0.10724461849600002,0.12076570076369202,0.04328375695790656,-0.021624153901256982,-0.12607402270814805,-0.02569926574030069,0.03905960469599337,0.16016933388537008,-0.2542954049454742,-0.02137851020036079
1044,-0.06926191549558629,-0.08217943933934257,-0.07851865321797886,0.12133603107739721,0.04329113357935248,-0.021653732880375785,-0.08773879320116769,-0.02608841474328584,0.034407440634401626,0.16017442760606557,-0.2264856195753971,-0.021690959456875245
1045,-0.06926471321205352,-0.08255993599191604,-0.06566049387750574,0.12118345717372278,0.04328991976225806,-0.021642489378669225,-0.06934124458561576,-0.02594251262761184,0.03474121921884141,0.16017464233229314,-0.18684286928345728,-0.021998123893458277
1046,-0.0692639128530058,-0.07856356123213722,-0.05137439847774567,0.12121762689952968,0.04329003841572422,-0.021645606024961992,-0.06032346978508603,-0.025973346484320124,0.034598544748891784,0.1601643524768154,-0.13961990298971624,-0.019233776115302074
1047,-0.06926409037549064,-0.07355018173755007,-0.0355122107223033,0.12121133460858878,0.04329005080062606,-0.021644991362961868,-0.040152628697238305,-0.026005677742504417,0.03464034355393578,0.16020727566225684,-0.1321293877720703,-0.01734298061578005
1048,-0.0692641037962612,-0.0737426558545205,-0.011009570230498282,0.1212121595165907,0.04329004240240423,-0.021644765402655086,-0.024263859606355583,-0.025874218771684183,0.0346303117579896,0.16007044998338657,-0.11482405150008064,-0.014099899664661788
1049,-0.06926398454368286,-0.07282252423874455,0.006384605234719141,0.12121213749003597,0.04329003318124757,-0.02164543903912279,-0.004297496911252662,-0.026126387351388298,0.03463231615653572,0.16032959032214927,-0.09674891830476816,-0.00880269542840143
1050,-0.06926395151541444,-0.06592537972334425,0.01878691620745797,0.12121217018695463,0.043290091565244146,-0.021647340452345155,0.030823764654902986,-0.021472171420868807,0.03463200832419086,0.15569374193676494,-0.07752795859719919,-0.008755307924205575
1051,-0.06926680418852306,-0.05483881724832114,0.024877967430373425,0.12121176907223323,0.043289862530319856,-0.021617601275817955,0.05189501256235962,-0.02169689128176029,0.03463203126812953,0.15559130011865038,-0.043240885314693875,-0.007848461178897871
1052,-0.06924454111060287,-0.051535881524557174,0.029952237709115613,0.12121380881463635,0.04329056854187636,-0.02181766861014483,0.06002493208566871,-0.021933463266431096,0.034632037192764906,0.1481696753061583,-0.008175821638407051,-0.004109437717758346
1053,-0.06936737344040574,-0.05200333191048626,0.034743865143137036,0.12120538600425136,0.04328935396538854,-0.02079697099390838,0.06865901445892146,-0.01959578734911697,0.034632033754999784,0.1425421205878494,0.008483110918805358,-0.002802364157949735
1054,-0.06880806454244537,-0.05194673550160392,0.053475235439985586,0.12123387604340674,0.043284741029192414,-0.02714124429764908,0.08319820351678688,-0.016947841485951673,0.03463203487878452,0.14018148788644041,0.040815201192937016,0.003097242486782433
1055,-0.0723422410146073,-0.051914353175056896,0.05736128386665567,0.12116812524182086,0.043346962457521614,-0.030766596969231817,0.0997912094589268,-0.017408641633407662,0.03463203451593929,0.1385755338884907,0.050895631710416216,0.004606948096342698
1056,-0.07376233250129614,-0.052211392936523104,0.061070678674953485,0.12112393988672487,0.04294015024145407,-0.030250930826170266,0.1209953974685584,-0.017240639533673833,0.03463203486705473,0.1348550240354574,0.07982433662943499,0.004055380736673015
1057,-0.07358088351665382,-0.05018903978926329,0.06049862049557526,0.11597316851304096,0.04547628796519174,-0.030301215473544973,0.13039480832058356,-0.017256562956172363,0.034632034075742106,0.12983076718697462,0.0930817842604692,0.008712342882766805
1058,-0.07358975450283683,-0.04754196435837773,0.06062650414045027,0.11193255371067833,0.04750972702617904,-0.03029640882489774,0.13343448242334321,-0.012667419077131276,0.034632034567893794,0.12993841456997346,0.12094751587037854,0.008573345485115685
1059,-0.0735940003285143,-0.04507247317920685,0.060603222651005505,0.11451975959426523,0.05094160371347134,-0.030374886003988615,0.14424365559098123,-0.013104683166777561,0.03463204693634189,0.12979348251260556,0.1384986960834488,0.008689779228290808
1060,-0.07359889957425989,-0.039414007843073647,0.06060616839861248,0.11724929345060829,0.05205785048634148,-0.029913733473632336,0.1475061852998388,-0.012962563578394806,0.03463193761877341,0.1301638242072256,0.13885758944013651,0.008648178481394016
1061,-0.07356126966735686,-0.03893710755985149,0.0606061432402973,0.11681362196373477,0.051950859080900434,-0.03278446930023857,0.1471941380328269,-0.012956626657018433,0.03463256722199912,0.12783667581969357,0.1433196704547948,0.008664737555406619
1062,-0.07372667953887965,-0.0389316152332287,0.060606105739226666,0.11689557606053466,0.05194173455603036,-0.03491557799333965,0.14717713523228307,-0.01312496703868867,0.03462964544590292,0.12214165751495125,0.14271556889951853,0.008640362887199842
1063,-0.07312542412036163,-0.03914283492421654,0.060605569003444056,0.11688096944439655,0.05195048030760089,-0.03459202622862884,0.14712192605638327,-0.012600014952040928,0.034640977088154765,0.1210065583303827,0.14292160321691,0.008705999374125046
1064,-0.0775212616260712,-0.037681633748953364,0.06060840027807316,0.11682923120522004,0.05194736534306326,-0.034633814669220164,0.1475703626836384,-0.017271070464507994,0.034606284590175215,0.12130590349401822,0.14272757962647536,0.00861371005177479
1065,-0.07789732154445027,-0.03241223308228476,0.060596995706074554,0.11735104889804508,0.051948210908325854,-0.03463324586608597,0.14475813971466392,-0.017961283930251957,0.034662569569826975,0.11673686205800715,0.14322328945394597,0.008000005297641364
1066,-0.0825302193105005,-0.027122951422278743,0.06063356814538043,0.1137070919418192,0.051948032053629536,-0.034631466334232364,0.142678139110109,-0.02638439617298599,0.034928076253525106,0.11612764053972051,0.13869107165578604,-0.0008545347890847005
1067,-0.0821307330803901,-0.025844315883563618,0.060563703261926685,0.10744179687741567,0.05194802087518961,-0.03463220676925504,0.14254038981546222,-0.028769912203192163,0.039307325479665554,0.11194744126824098,0.13858040126728935,0.00043572600898584125
1068,-0.08228699738753253,-0.025947028971503028,0.06037225989394227,0.10814280245221115,0.051948103136601406,-0.034631994642197676,0.1470149407634727,-0.035533801998628316,0.039175849013139426,0.11318189761910578,0.13849982653854676,-0.0015083405290073632
1069,-0.08224221088654436,-0.025797314923997332,0.05594185602321172,0.10899319361764397,0.05194837729371173,-0.03463203288927695,0.14713723669677983,-0.03453028963523016,0.03682618570781741,0.10937718926666136,0.1385370762273556,-0.009988764659471346
1070,-0.08225294348880832,-0.02086064131324818,0.05607263197184329,0.10000486843409018,0.05194436292036565,-0.03463206670710316,0.14719982505504514,-0.03437947834083973,0.0342844750093622,0.10884001334876785,0.13852592586302964,-0.01681829907450554
1071,-0.08225075864316812,-0.014443308947528015,0.05835459534583411,0.09950358089910934,0.05197107855052412,-0.034631971507474,0.1472675826456031,-0.038482422216186994,0.03469545051508701,0.10007369775545623,0.1385284292419077,-0.017446325913245683
1072,-0.08225113639083904,-0.006227091198414363,0.06092794481237328,0.09432534093617216,0.05183505540490207,-0.0346318580187961,0.1467443088626556,-0.04335279769921074,0.034614198447711846,0.09951865340747126,0.13852866133618855,-0.01758108721609642
1073,-0.08225111556022609,-0.0012733775069183088,0.06065614476813806,0.08921530464658556,0.05241448138455309,-0.03463479252244587,0.14999444977010332,-0.04370903169157316,0.03460302068560668,0.09430739777946742,0.13852692199002567,-0.027340193915511513
1074,-0.08225039092352923,-0.00010607599837572732,0.06038457842477572,0.08662525268135564,0.048591887452170524,-0.03461356299862992,0.15143921803554994,-0.04934521103083671,0.03514676845545846,0.08954655903513209,0.13852567508496041,-0.03052293561153213
1075,-0.08225597495433014,0.003746763344043596,0.0650341181579144,0.08400966093031356,0.04751047466489552,-0.034725947846892875,0.15513782735331266,-0.05238380322423655,0.040367030999088525,0.08467825561491002,0.13857400353107666,-0.030214492905166156
1076,-0.08222527191401843,0.008709312624121956,0.0648422184673725,0.08198481976686073,0.047617645428168015,-0.03423457312081609,0.16018992836167478,-0.0514094112527912,0.04554775543902637,0.07933049965230443,0.13821197943155453,-0.030450290437947277
1077,-0.08236478619519434,0.008973651795548333,0.06496377694349492,0.08228417949974438,0.04762475629869484,-0.03768607963397437,0.15987381267925974,-0.055256206673711346,0.04792265610202538,0.07770385883809679,0.14055434612002,-0.029829534610021125
1078,-0.0818271283925902,0.01534703788380229,0.06494765257632032,0.08225104665395828,0.047616800897763184,-0.04244850948123895,0.1622554215259535,-0.056382671256468654,0.04756382381857577,0.07798961313167549,0.14276929810162517,-0.03426122268131917
1079,-0.08583236171462673,0.026275875662941362,0.06484587874708399,0.082256314784808,0.04761969011015385,-0.051929073170645754,0.16985535959720635,-0.0562776662896101,0.04762602777860114,0.0779184592814285,0.14607705200942367,-0.0346263904029434
1080,-0.08675905027264462,0.030881709738499307,0.06525386672351617,0.08219715920605611,0.04761889477939591,-0.05630845303608722,0.16815949533120972,-0.05654618824189333,0.04761902022591714,0.07703834178202622,0.14729953749301206,-0.039058182587874336
1081,-0.08206693838562427,0.030199182671699333,0.061345710333418936,0.08255333731835283,0.047619078121086914,-0.05723885982859558,0.17190350674594373,-0.06255547560536211,0.047618737667916536,0.0683987282062637,0.14718640865741608,-0.04069129115093542
1082,-0.08253455742289285,0.03031568096032999,0.05627223187067324,0.08020916601651268,0.04761904290808147,-0.061062086180978206,0.17332915895557172,-0.0735235468228533,0.04761910851416772,0.06951335950520893,0.14751543874724216,-0.04986576517563083
1083,-0.0808742329485954,0.030303199184654926,0.05634014377550634,0.07511181445472112,0.047619047977908266,-0.06061217773193012,0.1731495552744693,-0.07806985786466047,0.047619388704541424,0.06920481427862907,0.15299025850198178,-0.05459001242053182
1084,-0.07751090563162522,0.03030114476319885,0.056215396604687565,0.06962686874385995,0.04761904770619062,-0.06017035582571188,0.17316938965698017,-0.08096835846830894,0.04761734745855255,0.06927576322087678,0.15619620947566537,-0.05618343367044851
1085,-0.07789270771954929,0.030312865549015133,0.056495290627472966,0.06951635589610304,0.047619047567204045,-0.06425610209104912,0.17301307013239536,-0.08205051132313089,0.04762549433530732,0.06926243638394762,0.15570763409485786,-0.059606294961705636
1086,-0.07834791133768171,0.030250920496286,0.05532978020710771,0.06022233866667275,0.04761904763605433,-0.06498211942151111,0.174268947704802,-0.08644051289134885,0.04760019770106808,0.06926398801217225,0.1560719842692867,-0.06470538372503601
1087,-0.07404931239012771,0.03053343941241374,0.06263956793450873,0.06096152920546348,0.047619047614339466,-0.06496648848661048,0.1795268042118986,-0.0867891914776105,0.047643521080581924,0.06926274764552798,0.1552323318454878,-0.06959663445397157
1088,-0.07359271459137805,0.029459843849898283,0.0649008034822529,0.05946341620645736,0.047619047621244456,-0.06473011384824938,0.18477172550660725,-0.0911561729247292,0.04781804144377096,0.0692792185012563,0.16414673226220702,-0.07472182389959764
1089,-0.07396375718347323,0.03769753968680211,0.06915254523619979,0.0538792202167443,0.04761904761463611,-0.06634784607219016,0.1863440642153545,-0.09203946744203644,0.053156981898100114,0.06917003491354742,0.16895355393736652,-0.07802382016289122
1090,-0.07835046802633917,0.04313806524379642,0.06919162467815251,0.05033251816658432,0.0476190476295011,-0.06970500238698833,0.18612649624699137,-0.09692077388999672,0.05661786590259776,0.06972178683551283,0.16857040679689483,-0.07961652453665753
1091,-0.0777946001706848,0.0524549917622464,0.06929806776231155,0.037305741532560596,0.047619047619349035,-0.0691703852111497,0.18614726852434982,-0.10550265597640886,0.05619119799475793,0.0663613766588027,0.17032509281359948,-0.08490290640072942
1092,-0.0779535001155374,0.05150162522925993,0.06925380062746202,0.03428115617456476,0.04761904739718507,-0.06927852511347449,0.18606275417337717,-0.10821772901523065,0.05629526133080483,0.06511695346057594,0.17367839982557215,-0.09027811309648104
1093,-0.07791550995401408,0.05361572470289101,0.06926658260474584,0.03457560062210893,0.04761904938852028,-0.06926604876024216,0.18691161896336947,-0.11216141782650578,0.05627360819870572,0.06099633257478203,0.17271503406030767,-0.09073963685222015
1094,-0.07792318287566082,0.05673568740713047,0.06926354707923917,0.030006413157597125,0.047619037814481194,-0.06926844845738081,0.19257377622772093,-0.11253254781038999,0.056278221486771224,0.06064743794392828,0.17635288741388166,-0.09531345391300694
1095,-0.07792196188940047,0.05598337568005007,0.06926418695537506,0.030415373396636237,0.04761909218184507,-0.06914874605817688,0.195208231487681,-0.11258081166677969,0.05627872773112824,0.06002271021580814,0.1815312033685631,-0.09514480799489605
1096,-0.07792206865241613,0.059205514621471604,0.0692640010077979,0.03027157389585659,0.04761887686242902,-0.07020982857167138,0.19436876263312614,-0.11254435666184658,0.05624558445647972,0.0558374945918173,0.18656642468641313,-0.09527208453117214
1097,-0.07792210122378887,0.06898525583330896,0.06926378573135904,0.030310359230752402,0.04761956795717728,-0.07551041875977149,0.1981592677159217,-0.11255679286491745,0.05649488210305926,0.0563978311153958,0.19549006514629588,-0.09522927324824104
1098,-0.0779219732553053,0.06917102534110263,0.06926764465824439,0.030301610058565485,0.04761818630565099,-0.08060050153749337,0.20312033692058937,-0.1125534990828224,0.05476341978498862,0.05624936662533443,0.1943438508576508,-0.09523786494557777
1099,-0.07792261255981167,0.06931373693186892,0.06924122811477007,0.030303236754491272,0.04761532857360304,-0.08292211020698936,0.2078294515433139,-0.11255422853251075,0.04906655624106322,0.05628246045899071,0.1965154473038955,-0.09524631016591863
1100,-0.07791973105266578,0.06924850144097457,0.06937675726989159,0.030303019059224553,0.04766698341836246,-0.07844297337001065,0.2089210999900635,-0.11255409659256618,0.04710296639573696,0.05627585057551861,0.20179368781428433,-0.09521467866081162
1101,-0.07793080797970173,0.06926796233069886,0.06880214381691695,0.030303026947663098,0.047309990285812925,-0.0779034756285077,0.2187946324700514,-0.11255411310029573,0.05119110200043151,0.05627745427740481,0.20666199186450931,-0.09525610697320235
1102,-0.07789656183951822,0.06926326044166377,0.07267321920624992,0.030303012240862685,0.04959304964754767,-0.0779036061987259,0.22053804366783233,-0.1125541122428584,0.056258879221241745,0.056284262526282915,0.21153504787134123,-0.09559213908891025
1103,-0.07795780845155638,0.06926420156990697,0.07371694700112769,0.03030315444988179,0.0523208108142742,-0.07794593311918713,0.22351038780560292,-0.11255411996393863,0.05611067712478108,0.056211832963238395,0.21648023277787903,-0.09998370720150826
1104,-0.0781587771791427,0.06926405585802402,0.07364866909247743,0.030302432239261136,0.05188019242544245,-0.07782512310960552,0.22493622770111046,-0.11255406819284773,0.05729827832071962,0.05665581065976881,0.2225218046054655,-0.09944203963107821
1105,-0.08264365362943855,0.06926406327382681,0.0792793235208893,0.030305434498880342,0.05195673618571718,-0.07836502576198855,0.22893713038635174,-0.11255432013494943,0.06106705136218731,0.05391407092587868,0.23501836166088552,-0.09959773705079847
1106,-0.08206520035348312,0.06926413520416437,0.08855244628728834,0.0302951781395054,0.05194797189814763,-0.0749954502212975,0.22944241903155155,-0.11255329951135315,0.06048792313664973,0.052085846766016214,0.23332399850660124,-0.09956081925676351
1107,-0.08258889708160078,0.06926363994758514,0.09123326732465442,0.030319476761245964,0.051947670115904294,-0.0733973091026527,0.22953998834184827,-0.11255665562756573,0.06066076739155136,0.04844446822301901,0.2342737266087695,-0.09956810878556632
1108,-0.08004182784176303,0.06926622606769449,0.0905108454909222,0.03032977535698541,0.05194820976730689,-0.07361037373642114,0.2371920542290163,-0.1125495500298083,0.06050492406675537,0.04754984093785447,0.2321784987605407,-0.09956701038021945
1109,-0.07436992348619846,0.06925509612439057,0.093754327342809,0.02971900745180913,0.051948008293507014,-0.07359578625688566,0.2476569985889259,-0.11253863715188753,0.06074373276118689,0.04760819716048289,0.2481260169096322,-0.09956708558258999
1110,-0.07350321762407434,0.06929441195207607,0.09917731096939336,0.025522796555756833,0.051948051255432365,-0.07359118660792284,0.24878361815064046,-0.11277483884959374,0.05608521658351599,0.047626579001646206,0.25963852725135367,-0.09956710929501254
1111,-0.07359448484098695,0.06919576270165986,0.09957434238568061,0.026097006461292857,0.05194809556868287,-0.07359370824196165,0.251304584348996,-0.11095010256165574,0.05638211157652463,0.047616622348100365,0.2593623469481153,-0.09956709629532545
1112,-0.07359682493399763,0.0691954505053018,0.10035482172082726,0.02594600957697385,0.05194791040051629,-0.07359290663355758,0.2536643502791977,-0.10974794354414945,0.05624369388305764,0.04761914372982743,0.262979887234124,-0.09956710042776445
1113,-0.07359148025862218,0.0646059494072787,0.11011914603209398,0.02597930313753993,0.05194830119987095,-0.07359311036855279,0.26739456048585575,-0.11302436775699387,0.05628552166320245,0.04762130063022336,0.28175235670483917,-0.09956709937774803
1114,-0.07359354621673775,0.06505570014387045,0.11277880722966414,0.02597330128890948,0.05194894149110742,-0.07359306698993034,0.27719048390645645,-0.11246967687458456,0.05627526015714413,0.047610765319871934,0.2880038912778916,-0.09956709960032378
1115,-0.07359295812604168,0.06490214305433045,0.11247034765242284,0.02597405135548287,0.05193566875192419,-0.0735930744044575,0.2776263523954024,-0.11256448788503941,0.05627735897525625,0.04763935967787442,0.2929049340634255,-0.09956709956491368
1116,-0.07359309453812522,0.06494249319672371,0.1126861822312165,0.025974050726968304,0.05202927676927486,-0.07359307359865044,0.281749211197651,-0.11255418386728261,0.05627702846223336,0.04762201175865939,0.29766735952515244,-0.09956709956736219
1117,-0.07359308018623718,0.06493369890740534,0.11220373447919027,0.025974013389333042,0.0515381342622502,-0.07359307355259889,0.2823523659119187,-0.11255359483378806,0.05627706052791547,0.04715302275668172,0.30293986944963225,-0.09956709952264792
1118,-0.07359305204146273,0.06493524063010238,0.11676593923516211,0.025974038077966867,0.05456747320194741,-0.07359307360911625,0.2914525132181563,-0.11255431897079195,0.05627691632506981,0.042853241212845034,0.3033548866638911,-0.09956709991806793
1119,-0.07359303668755898,0.06493506317267905,0.11682329304217862,0.0259739841220908,0.05653662299703216,-0.07359307358843374,0.29449193064812074,-0.11255404621894782,0.056278059164700016,0.043414542283535286,0.31297022392690194,-0.09956709764025941
1120,-0.07359383087181798,0.06493505738134539,0.1169093172810969,0.025974187247471938,0.05624288942481848,-0.07359307359446983,0.2978596699219184,-0.11255416187699893,0.05627182319127655,0.04326068975583549,0.31794027456544965,-0.09956710822402588
1121,-0.07358775221532952,0.06493506803718642,0.11689282565518982,0.025973518389448294,0.056277736161860784,-0.07359307359166377,0.30300337479860756,-0.11255397626238259,0.05629962526647827,0.04329579110552199,0.3318134695089212,-0.09956706703342975
1122,-0.07362100521812111,0.0649350639968656,0.11679697544183133,0.02597496834924783,0.05627990112012488,-0.0735930735965955,0.30890125647285144,-0.11255450202981261,0.056196400341116004,0.04328922268830448,0.3378119763986051,-0.09956719432060371
1123,-0.07347051226079976,0.06493506537573945,0.11723068892860075,0.02597681332087959,0.05626399063071895,-0.07359307358858262,0.32866243639172815,-0.1125536121506248,0.056488432843630816,0.043290051211197444,0.3436662536994399,-0.09956697770697458
1124,-0.07404799463961179,0.06493506402630507,0.11579548875757181,0.025931733011545152,0.05634806794801471,-0.07359307355654908,0.3417370669880689,-0.11255004134003857,0.05202991676994213,0.04328969274993478,0.35396655497564533,-0.09956610808242972
1125,-0.06990425731699136,0.06493506740361765,0.12902657097076323,0.026255944765396083,0.05594963155745693,-0.07359307397995561,0.34708244350256157,-0.11259723719100462,0.047718755205344895,0.043293959189084644,0.36375626755863605,-0.09957760196514014
1126,-0.06922253929637645,0.06493506241764195,0.13439386262294123,0.02413320520443892,0.05875618415628736,-0.07359307123040192,0.3456502418809818,-0.11229075203859644,0.05343023333170981,0.043266067969025435,0.3695640605315238,-0.09950296181516836
1127,-0.06924999732030909,0.06493503316906257,0.1392099482133252,0.020859648978876943,0.06432779924968077,-0.07359308498925468,0.35223668374441114,-0.11382441358300038,0.056599036358574356,0.04340570171959482,0.38414115073375826,-0.09987646352989753
1128,-0.06927855529593056,0.06493537194592976,0.14602581245194454,0.024794722969048315,0.06503522528851603,-0.07359302755900249,0.36740993407664474,-0.10421086083340107,0.056177216391549045,0.04282284600263815,0.39296185234945213,-0.0972467922368952
1129,-0.06921762271339545,0.06493325023034711,0.15163954774928853,0.029336603801476756,0.06509134786755244,-0.07359322462991971,0.36809818356231655,-0.09860656593140503,0.05638333964696118,0.046745909132781566,0.4043319751375921,-0.0914831182888232
1130,-0.06948116294295058,0.0649435892778568,0.15613965144357422,0.038931832933276456,0.06966370516837196,-0.07359275473312152,0.378784882061052,-0.10027643438611421,0.05600084944237391,0.047700501356307004,0.40605820520244695,-0.09101960714273387
1131,-0.06836439982227717,0.06490179305849103,0.16658913466266712,0.039081647527985486,0.06882349127239264,-0.07359257416597347,0.38545717595852574,-0.08623666756580248,0.060275381659475304,0.04761843641731825,0.41814709646520887,-0.0863964543430088
1132,-0.07576919448773707,0.0650371420200201,0.17696597115834165,0.04531802951624966,0.07132145554634514,-0.07360385268898319,0.40101181865456137,-0.08194137137889819,0.06508377153112299,0.04776054079622597,0.42412083579741355,-0.08186967061305321
1133,-0.07844694412783866,0.0647713782363699,0.17753204302171793,0.05574073276071574,0.07347163465753717,-0.07351707935013634,0.42009296873786345,-0.07469267330566941,0.06466574581768893,0.046456116599112245,0.43900639900093447,-0.07405403560806458
1134,-0.07361526332435539,0.06943622448868167,0.18222505779959328,0.06318236132227234,0.07687919573126913,-0.07398976549161895,0.4224558497588577,-0.05826988944489641,0.06635455085108402,0.04272388656032862,0.45266434374121617,-0.06300964157726549
1135,-0.07386570541501133,0.06916086877644251,0.18140589779924052,0.06791207111594096,0.07775204599570013,-0.07105523683715467,0.43113164347913646,-0.033516572438136966,0.06969837492661245,0.04385690585249543,0.46263095063188253,-0.05117757855879094
1136,-0.07167245738906791,0.06929751208572942,0.18368355329394806,0.07226546592771879,0.08219465864943312,-0.06896152584914395,0.4457289419359779,-0.023670584312663678,0.06917972820308542,0.04005683958469012,0.48423167973648623,-0.01298522151432806
1137,-0.06400934248348472,0.06925498817445246,0.18662561658575064,0.08193108045130822,0.082169497686259,-0.06938421625786223,0.45095697723365186,0.0020598673099917874,0.0692501072451828,0.03883315461631646,0.4972774243193999,0.007240726370743923
1138,-0.06516233198654167,0.06926827210952115,0.1857214666005305,0.082338829589585,0.08235368102926302,-0.06921302664043412,0.46054173052735514,0.05133979813625235,0.06932785799037332,0.0389612108538161,0.5040168110332927,0.02546266296572147
1139,-0.06488776791881373,0.06925588972218114,0.1897575636775319,0.0875880632448882,0.08183768549651572,-0.0738765821248014,0.4750373358815583,0.07079707427680068,0.06934484320531953,0.038866505356416337,0.5225316829485265,0.06509634667100322
1140,-0.06494296313951141,0.06928022476826506,0.19475613760726174,0.09236367166181107,0.08472026491673057,-0.07324278092423187,0.49744136756889745,0.10073782630313183,0.07391679531876633,0.0398989577733945,0.5467361330432498,0.10113497431942686
1141,-0.06493425995662486,0.06929608647635009,0.19937954297062746,0.0971460769384029,0.08598762607092253,-0.07524108298388577,0.5054982891428299,0.1487494756601058,0.07352765140485962,0.04375730790285194,0.5537994931121006,0.12838227257564927
1142,-0.06493500449888076,0.06863724869656215,0.19884515959089094,0.1028220863741909,0.09355199466315413,-0.07821775302992004,0.5091349789068768,0.18601401308995102,0.0733358237049209,0.043176519998278456,0.5589114852228743,0.17232345291449386
1143,-0.06493497879181644,0.06447846094407479,0.20054641758275188,0.10320317768903745,0.09543458832796675,-0.07830107148326555,0.5226583793471266,0.21026101714515227,0.07565846002855749,0.04331310111981314,0.5782841365157808,0.19339629967131916
1144,-0.06493610337656362,0.0650565689574375,0.2058418104617269,0.11179411464687054,0.09536211482655377,-0.0743511395685377,0.5326767590929902,0.23746333707757522,0.08140012685151934,0.04328639563486215,0.5932855804480495,0.2276780797330422
1145,-0.06492951098016264,0.0649082111829362,0.21086931661571046,0.11256868008867041,0.10035136376504415,-0.07353400749017003,0.5381903167985851,0.2547562953861703,0.08235149284537811,0.043290347156911116,0.6004729369228022,0.24178586849781672
1146,-0.06495941379578006,0.06494000586975326,0.2151981208794657,0.11724260037808576,0.1055263379422011,-0.0735853980347732,0.5469420434406522,0.26449221118740657,0.08224822654045091,0.043290101126514796,0.6131220427089727,0.2605690760082843
1147,-0.06484488701104632,0.06493410969948349,0.22489313133454172,0.11667742104046283,0.10819684671654937,-0.07355202340715657,0.5536358426237125,0.26882708619176876,0.08224744332201804,0.04329000142887859,0.6279824478680334,0.26384619212572813
1148,-0.06519643453613623,0.06493490470439348,0.22528868012078607,0.11761207966606889,0.11066744808818962,-0.07390337949497316,0.5605672948915871,0.27679544947566903,0.08225265071827367,0.04329008657384155,0.6327916233239032,0.26550082839921996
1149,-0.06087868656958755,0.06494450927901399,0.22994783821816006,0.12839778565679325,0.11294673966081678,-0.07158697156011351,0.5716792568261727,0.28893389808542247,0.08225074482644011,0.04328988542422834,0.6461001541185203,0.2683754745951045
1150,-0.056108046647862064,0.06486300920117084,0.22896091704868313,0.13673240772328504,0.11223080124509371,-0.06889813071842794,0.5836296299595415,0.29026934290246703,0.0822505796611751,0.04329068788383167,0.6618511085415365,0.2712100020580198
1151,-0.056676148284366255,0.06532409728492873,0.23162813095094972,0.11960712660545222,0.11678427700701721,-0.06932899167060846,0.5885360023748273,0.2895743391807645,0.08225344140775812,0.04328783857617231,0.6770664987802388,0.27225664728425925
1152,-0.05390808871911369,0.06244146156217207,0.23421723595118948,0.10887943843278897,0.12210743781358609,-0.06925632259736453,0.6031093091115096,0.2940220379029459,0.08224382468293297,0.04329528651330426,0.6878293682324194,0.2802349521147916
1153,-0.04440333001476733,0.06032744338528666,0.2333201388045389,0.07380776755136065,0.1304405070980476,-0.06926392311449546,0.6110175697834972,0.30331923666187827,0.08226270709212453,0.0432921305770991,0.6947344943636322,0.2857166583695113
1154,-0.044392810883586056,0.06064495318305737,0.23783912773668164,0.0003823727677672334,0.13088881238142522,-0.06926458230173059,0.6204736562553057,0.30709678770533866,0.08230778566039976,0.043162056199070535,0.7184847132550586,0.2927660854063136
1155,-0.03380047856540169,0.06060421987009789,0.2380464171486846,-0.03398090353750666,0.13657094721533208,-0.06926320665601716,0.6378953164865286,0.19203927759782813,0.08151297125253928,0.04436639672931991,0.7322549109468464,0.30459396279885476
1156,-0.026083464643873424,0.06058472858145531,0.23830851535203124,-0.11330105373638792,0.14114449625338377,-0.06926791169106296,0.6428952816060951,0.09760975473298765,0.07745747241989058,0.04808265949057598,0.738761331963713,0.2511471817237361
1157,-0.025969814423196003,0.060781955072572974,0.2366909736946936,-0.2293486310531222,0.14660065662010063,-0.0692471432493506,0.6543769238617062,0.046310717228434425,0.07804949900044938,0.047510782452564015,0.7532351791336863,0.15017850681065364
1158,-0.02567736380459581,0.05933677409082418,0.23373629792424205,-0.23739531918971357,0.14709226559595004,-0.06932705329245308,0.6737031879589097,-0.021629577678572234,0.07786288244323192,0.04763948433823939,0.7611269575037414,0.10033633349737979
1159,-0.020204775399379492,0.053531158359852456,0.23116175952240542,-0.29923165843990296,0.15173961133964184,-0.06908379837752092,0.6885379338980342,-0.08872768531474044,0.07803910407432488,0.047617774557543055,0.7785831201523047,0.0653975482241112
1160,-0.017331292992015582,0.051690425915448146,0.22917397273226084,-0.3077899127660477,0.1559352179512622,-0.06947241761588044,0.6878055554633391,-0.09483946268841995,0.07766814409933971,0.04761714079235586,0.7876231730557394,0.05280965131988749
1161,-0.015155379321397442,0.05207867800033541,0.2294848420210808,-0.33985384442804245,0.15694315828993421,-0.0600973886762859,0.6907877740059508,-0.11391166478706993,0.08231031224291868,0.04759831439014909,0.7918657644290695,0.01566738499736256
1162,-0.01263891813452367,0.051819349420333984,0.2294525758173482,-0.33921178498575694,0.1606559591473073,-0.061657913528143996,0.6976844799227536,-0.12248850060379665,0.08216155841538063,0.04782925796999211,0.8015796597296814,0.017314934720894282
1163,-0.013044886444592129,0.05648248737202129,0.22891032563744704,-0.3466996019633864,0.16006280855660507,-0.06533416194945542,0.6983664193820891,-0.12551116576518642,0.08230400907816784,0.046145596465381196,0.8124385377917263,0.01243724526790936
1164,-0.01298128088585439,0.05616996766710955,0.22458478240161023,-0.3510841742270615,0.16019388163095816,-0.0648351103414368,0.7079630262097119,-0.12780253423157426,0.08213165607622848,0.042854457034555204,0.8249957610306667,0.011750555353171387
1165,-0.012986750919489424,0.056310397560539543,0.2256401856443358,-0.3555133422496307,0.16017097024598673,-0.0649560423256554,0.7102258758993293,-0.12946675950732625,0.08273688275400823,0.043381462117619674,0.828427629489802,0.0031149035193206213
1166,-0.012982498029663529,0.05626875482603909,0.2224918413181935,-0.3551007212522236,0.16017259099934794,-0.06493156340166513,0.709926035254226,-0.13622543484353608,0.07898749218988053,0.04327477499546251,0.8365447951467849,-0.0040314103124456414
1167,-0.013021640080900787,0.05627877264949672,0.2207497313575155,-0.35875679457553816,0.16016293433456594,-0.06493541333069969,0.7096540814174545,-0.1462200769407573,0.07801254433654364,0.043291580195179175,0.8442722857378983,-0.003992485039340615
1168,-0.012805320905982047,0.05627677913333155,0.21756368451151215,-0.386561840259842,0.1602703060268863,-0.0649350888902228,0.7048863542088083,-0.16070364526545408,0.07373881822364757,0.043290184697438235,0.8430669789580153,-0.018184295262707467
1169,-0.01378129804586764,0.05627708088145535,0.20791789189964066,-0.3936143900557235,0.1595997264102532,-0.06493519457691202,0.6971977693456286,-0.1757831408918056,0.06917620622523483,0.04328991527166327,0.8612271509072357,-0.034132799404270185
1170,-0.007206037841045801,0.05627706005706426,0.20330446749720665,-0.4150762976426402,0.16343443318439177,-0.06493397667360228,0.6820455107897339,-0.22532633873960112,0.06846706483991985,0.043290088318749524,0.8380992824813025,-0.06564077052858411
1171,-0.0003091271857734562,0.05627705364881279,0.2036538287910852,-0.4170520901017582,0.15716794859218053,-0.06494073862008591,0.6643505345756182,-0.28296975626772763,0.06393966924254173,0.043290031153622094,0.8371530318881961,-0.13115507734916426
1172,2.4295172146683976e-05,0.05627705715086418,0.2024435961023598,-0.44400984913004005,0.14416556440135664,-0.06491071889260155,0.6476712490274313,-0.30140555140751807,0.05350629336203596,0.04329004602355424,0.8225194427249416,-0.17455443696198106
1173,5.47914212332317e-05,0.05627705606476158,0.1944913781628687,-0.46561025328955696,0.13899835429006455,-0.06502171299755494,0.6368610619514855,-0.379826961000413,0.04671474932152244,0.043290042780132196,0.8102495260173562,-0.20535349534851807
1174,-0.0005641513328537918,0.05627705626226918,0.18692946826164944,-0.4855996819658611,0.13415158971408647,-0.06470904818663746,0.631684541863935,-0.4331762214543061,0.047761564977773785,0.043290043368006556,0.7996873874922371,-0.25285033069012436
1175,-0.006230868962105981,0.056277056483411074,0.1860109816874763,-0.5478071964992303,0.133810092472991,-0.06919375587544731,0.6118021278792503,-0.5395972578859012,0.047608080826507845,0.043290043284013875,0.7778244418887442,-0.3285311613094828
1176,-0.00864952807475988,0.05627705580233139,0.1825342560030449,-0.569842347253814,0.12852744156531146,-0.07378963039745853,0.6002964353963851,-0.6344457032621805,0.04762049697590287,0.04329004308605369,0.7618889813809703,-0.3680705120020327
1177,-0.010929596925032878,0.05627705572118052,0.16393636581730772,-0.5427169893980831,0.12335422420995334,-0.07350984024250157,0.5929680087232212,-0.6035279693386935,0.04757170825337686,0.04329004499925996,0.7607873218905028,-0.448530844876157
1178,-0.016164433299739555,0.0562770709255793,0.16282099365417582,-0.5275138820911695,0.12109236410294955,-0.073615698404183,0.5756423792324099,-0.586258410296402,0.04793346489827214,0.04329003361743458,0.7458785660412848,-0.4323086216471788
1179,-0.02121678762027787,0.05627695077924677,0.1474009620338302,-0.5053356900801096,0.11907521587682643,-0.07359582714508892,0.5699359675566658,-0.5705122151586728,0.045596173931748946,0.04329008771418458,0.7246383523293246,-0.42110226424381114
1180,-0.02592532419830486,0.05627761001370229,0.1402782948977791,-0.47583051768075835,0.10911524008982876,-0.07356093832761436,0.5482552782131509,-0.541005432643524,0.04292697823766004,0.04328987233190744,0.706422551470268,-0.39743908382249754
1181,-0.03984229829713826,0.05627466842339484,0.1380274430113868,-0.4687156420624581,0.10831235269836978,-0.07369412018122147,0.5415487111499077,-0.5296826721282001,0.04335522431015203,0.04329056263180783,0.6974449958527044,-0.39533516038255434
1182,-0.04604471757657649,0.0562855209828055,0.13941296392072672,-0.44620639591223915,0.0984517247034635,-0.07343200055296562,0.5180522123989397,-0.5037972414123854,0.043279085845907984,0.043289216873267075,0.6818901231151501,-0.37324331546404826
1183,-0.05923430135081203,0.05625557591882937,0.13034094778742691,-0.4166782166402413,0.09076829361424212,-0.07808679236723794,0.5074707039974328,-0.48852552118955295,0.0432873884945949,0.04328596915203148,0.6631539447808524,-0.3720730207464668
1184,-0.06069735597083074,0.056279398335047894,0.12971673771196895,-0.38801044268355694,0.08807559252183224,-0.0778703111926825,0.48982321514136984,-0.4724094467479195,0.043386563617488855,0.04334015121236386,0.6396618522782392,-0.36311227182544714
1185,-0.060586956474221715,0.056727586537318735,0.11922952155081862,-0.37535011651429484,0.08175549090386848,-0.07763675064973495,0.4774394925454835,-0.45597627516848344,0.04246730103999454,0.04297137372482743,0.6339256398149834,-0.3611830375875559
1186,-0.06060982597334835,0.061042388021378756,0.11106897870721624,-0.3616178584969187,0.07966557918991403,-0.07995294170345155,0.45570789913045595,-0.44121601342595873,0.036605076492091854,0.0453301143041173,0.6098845435936955,-0.3536867013898027
1187,-0.0606044883020506,0.06048166456321977,0.10480498302159877,-0.34051881240603815,0.07757800921383604,-0.08261374454842783,0.4415230311326577,-0.43199823534843357,0.034832250611364086,0.04797727663096853,0.5922815566620983,-0.3394646973719013
1188,-0.06060349913618478,0.060635108407132376,0.09366424805670644,-0.3073903831885626,0.07814338334509605,-0.08218697803781268,0.41353276348057133,-0.40348133550897747,0.03141597008058872,0.047563983869620186,0.5616057592963951,-0.33102895433409973
1189,-0.06065279035615161,0.06060062788202264,0.08839551107332952,-0.2927132218962242,0.07347192065630792,-0.08225976974751317,0.4024716355395065,-0.37086411618997767,0.03048120858150265,0.047607577214233816,0.5384242923578811,-0.3095864319480057
1190,-0.060282907476633917,0.060606382729928104,0.07498544903596686,-0.22206962008749812,0.06852805714900265,-0.08225222730915732,0.3917051630086952,-0.34164764993240987,0.026068461261089148,0.04760658135549665,0.5251789063754726,-0.2985133944615055
1191,-0.06263524863004422,0.060606472978162795,0.06923211823938245,-0.19986019046389691,0.06414641660097196,-0.08221466800171696,0.36164621077128895,-0.31445932160554874,0.026042981604276854,0.04813426249151296,0.4956239459770068,-0.27889766643427
1192,-0.06438100195033117,0.060612414238022466,0.06398584884564376,-0.167164281502979,0.05556695497353649,-0.08252013856229966,0.3316163202090667,-0.26942468539009506,0.025942216607014942,0.05239722177660844,0.45360106121869553,-0.26534081048058256
1193,-0.07123394557255001,0.06054565579749242,0.05243567749358055,-0.1469110485481454,0.04210119698834802,-0.08048075076586914,0.3082644377464618,-0.2537561535866756,0.025982703263097567,0.051796321002178805,0.43786559025128247,-0.2582347283872456
1194,-0.07355627488152632,0.060960767252559736,0.04002027794163488,-0.11423518729420298,0.03526976614178695,-0.07752173096693876,0.2820707934406036,-0.24470779584266633,0.025976251577008794,0.05209949615387627,0.4065226027797299,-0.23317504751747656
1195,-0.07778524297241077,0.05833702872434759,0.02451934610041357,-0.06974586994120334,0.03513037091854469,-0.07799906825031742,0.25619848985687427,-0.22978380914273608,0.025956476236584425,0.05148999488875357,0.3863855409445362,-0.21758198234152465
1196,-0.07805577368772208,0.05595778073615502,0.013452636358581724,-0.06113542592504148,0.02635007597639118,-0.07791107294561612,0.22986712223057357,-0.19158470477993503,0.02603034557538519,0.05568400772516829,0.3695978726456906,-0.19912848980113654
1197,-0.08340809734027119,0.05632649941542904,0.009540277247363978,-0.043121144363636156,0.021537115484541538,-0.0779226175655152,0.2237613188793061,-0.16510694437642226,0.025873733206876602,0.056305071837203916,0.34910027949290406,-0.17789045286396463
1198,-0.0873137190293584,0.05627333722970168,0.0043726829303814534,0.0016955350092901483,0.02183829566326369,-0.07792239165197841,0.20082772506199179,-0.1451521094052635,0.030749387897390755,0.05629337338643669,0.3156623096005045,-0.17352870401005024
1199,-0.09741517923426588,0.056276134462398326,-0.0017041194496306077,0.03356288631037124,0.0205551164094138,-0.07792193270520725,0.19798717124923626,-0.12108885755760045,0.040336777263025675,0.05626921537475116,0.2990635462732461,-0.16862869828063207
1200,-0.10475399504706015,0.05627759259752415,-0.018804226231355047,0.036901842143538685,0.014663252117085255,-0.07792208952318497,0.1795344885268647,-0.1020480831438159,0.043232931322792836,0.056279454932070726,0.2686773953954061,-0.13980565787193946
1201,-0.10598247309009717,0.05627688431959976,-0.017727421741003568,0.05084666266866268,0.013194244083188133,-0.07792223064856439,0.1632264309843295,-0.0952119035154617,0.045190029260735065,0.056276471761649106,0.2678674274885961,-0.11918081249516915
1202,-0.11944540688507758,0.056277099912029144,-0.026780905421185264,0.08193265140198397,0.009622907272559615,-0.07792142812343145,0.14752629151978772,-0.06925161022506947,0.04812512819660807,0.056277133494723776,0.24073010892662847,-0.09819308752826067
1203,-0.12985875177012926,0.05627704701094145,-0.030860882712299507,0.10451776447076222,0.008552200215450594,-0.07792416318826156,0.12775908259889768,-0.04182931388278931,0.04712321638012271,0.05627718559808478,0.20882478201417623,-0.09467668946850921
1204,-0.1297672261337532,0.05627705804610217,-0.030110063398482507,0.1332603943784705,0.008651293108862475,-0.07791802464610705,0.10355558786968591,-0.026623426502760592,0.0515453234916137,0.05627676722440368,0.18831433737526193,-0.09563135823958471
1205,-0.12997361059791632,0.05627705564924098,-0.034079700351034935,0.13873372196524358,0.008762671724647711,-0.07791210733334845,0.08901574923341496,-0.025932154453272245,0.05194012983972253,0.056276340640633575,0.1737322799630766,-0.08620485376409562
1206,-0.12949864180664097,0.05627705520788255,-0.048502309483787906,0.142898087589889,0.007827110346516146,-0.07808804420917376,0.0835957402122664,-0.020918339601900062,0.05196969417753874,0.05628897200165144,0.14085200528667544,-0.082203333595093
1207,-0.13213377682132893,0.05627707494136783,-0.05818304031811999,0.1455387527718235,0.002120331050103106,-0.07665948435368888,0.06913957949795789,-0.01450987956710606,0.05193971661414971,0.05619631161855055,0.1306996807411728,-0.08135915590458108
1208,-0.1345264305381613,0.056276928918851735,-0.06687222317808438,0.15243483450199133,-0.0002967945082892636,-0.07321815396554494,0.039910930004516613,-0.007831871481354556,0.05195042872994102,0.05669011320843185,0.11253756779463826,-0.07553099577824482
1209,-0.13414504945026293,0.056277706994828425,-0.07129119806768384,0.15131753602062747,5.8172478765668574e-05,-0.07335503423123149,0.03603715579065057,-0.0088424657951155,0.05194734190872316,0.05364131801925181,0.10287984862670928,-0.07331913063557098
1210,-0.1342044849521497,0.05627431150737704,-0.07633234699462993,0.15155133548369618,-8.690718213906242e-06,-0.07640650495688331,0.031778572019681484,-0.008624257914817671,0.051948770361726904,0.05177520733181375,0.08197622093244776,-0.0736431967036161
1211,-0.13419965891762706,0.0562865123925066,-0.08126037417885151,0.15150655939131957,5.64690416376129e-07,-0.08190495933963493,0.017820332157780575,-0.008662347124297563,0.051946309477536846,0.05176239955035877,0.07663322285679582,-0.07358663349809934
1212,-0.13419887601110722,0.05625467868919269,-0.08612458752902362,0.15151022336568112,1.9740065810927015e-07,-0.08225393868569285,0.0071242249080937575,-0.00865796361078886,0.05194980305583879,0.05624153150086351,0.04071539468789476,-0.07359313982134802
1213,-0.13419784332700366,0.05626534578172371,-0.09100088530410273,0.1516551921959259,-1.0589749889506541e-07,-0.08221152669092639,-0.014745720918394314,-0.008657780482540704,0.051970208702322405,0.060806627513563014,0.03484033964004836,-0.07359335227570168
1214,-0.13420666046900825,0.05686535281295453,-0.09071605959463895,0.15038616161532214,3.3710342516099496e-08,-0.08277020415920859,-0.012983671596107315,-0.008658419640932327,0.05173405544200014,0.060541184370487285,0.03431797551844721,-0.07359295844507531
1215,-0.13416618301365218,0.060507511499699754,-0.09188788171869101,0.14672452212547,-8.635151853991066e-09,-0.09024797092883124,-0.023355744007851578,-0.008656120726016186,0.05343981545793035,0.060524404812497705,0.025672603038457528,-0.0735931070274532
1216,-0.1343203649975807,0.06408801031421696,-0.09762211228294776,0.1472928260742846,1.8578151947156632e-09,-0.09643989121340026,-0.03635758063885471,-0.008666509824749792,0.056827487915689145,0.06108285967724343,0.002859322351458477,-0.0735930654436074
1217,-0.13385228408637342,0.07007965335055297,-0.09984286810166532,0.147165682292214,-2.974155219100325e-10,-0.09195123225987926,-0.04235217132721329,-0.008625603861715594,0.05571442795459626,0.057463706525874216,-0.004676733383157971,-0.07359307582654341
1218,-0.13839321474480162,0.06911135780016076,-0.09951761357188062,0.14718906525438985,-3.382131280738021e-11,-0.09112335368205601,-0.046993964337542195,-0.008754932010436329,0.05984994610496043,0.05646920710851275,-0.010254963664157443,-0.07359307142734292
1219,-0.13847392602606792,0.06928451918766702,-0.09957312156783597,0.14718600595818998,-3.5801009756312666e-11,-0.08676989152258427,-0.051956909980903986,-0.008514489015940553,0.06062375036926402,0.052139455615821714,-0.02094665144538283,-0.073593076457155
1220,-0.13856296352077307,0.06926355804631576,-0.09956716518629272,0.1471860629631535,1.8202916383381253e-09,-0.0866319567293006,-0.052800662710334866,-0.013185868752290778,0.06046594921831682,0.052000361080918975,-0.026065069058705974,-0.07359309050887868
1221,-0.138477755726284,0.06926315993547812,-0.09956682594237735,0.1471861875927225,-1.3833310048112568e-08,-0.08655057749381151,-0.06210175592636107,-0.012690028276368764,0.05578031343927374,0.051918293127286554,-0.03165112975416324,-0.07359287806972978
1222,-0.13873231447883347,0.06926564565961617,-0.09956695330531838,0.1471861347947572,7.503318198470885e-08,-0.0865895711597329,-0.06830833361999002,-0.014411033897366414,0.05739926617537657,0.051957616766362465,-0.0404483446151125,-0.07359429740324419
1223,-0.13769540618025522,0.06925688724560342,-0.0995685161247189,0.14718615027287546,-3.3581753072819347e-07,-0.08657765670078088,-0.07623619841143273,-0.017750940442473034,0.06290957779723078,0.05194560165420834,-0.046871127037486394,-0.07358708289992238
1224,-0.14485883531429858,0.0692964843662084,-0.09956066217809523,0.14718614654057938,1.2655552171287205e-06,-0.08658060930756536,-0.08137034936385398,-0.01722262722987134,0.06555509900071815,0.05194857848581745,-0.055135930270492836,-0.07361760368436251
1225,-0.151098341882878,0.06914118050325067,-0.09959084868142191,0.14718614729359775,-3.7458746288555607e-06,-0.08657999290797533,-0.0816802696067697,-0.01733217545824028,0.06370505631963301,0.05194795953645386,-0.05673287634040621,-0.07351099276687657
1226,-0.15583591453216775,0.06962271843878526,-0.09950127991526819,0.14718614717544784,5.4258346340471745e-06,-0.08658010427583412,-0.09054675355800314,-0.017314213512234375,0.07635026612465066,0.05194806520203273,-0.055419529437326955,-0.0737766227134943
1227,-0.16038676800599855,0.06507498114133001,-0.09962360090687424,0.14718614718520454,3.344992091442332e-05,-0.08658009454969245,-0.09074571596472975,-0.01731593443142631,0.08225412914859052,0.05194805546136992,-0.06912854411457052,-0.06913663801197999
1228,-0.16008556366076865,0.06499198365160065,-0.09464627791073658,0.14718614718554174,-0.0003819142906123374,-0.08657986386568368,-0.0917217478820686,-0.017316134782680785,0.08223504691804012,0.05194796116899036,-0.07352391438986983,-0.0646981611538256
1229,-0.16019879569785525,0.06490605754531091,-0.09060365967846952,0.14718614719627898,0.0027344477775673418,-0.08658170842575079,-0.09566018390447,-0.01731597383279736,0.08225738202918638,0.051948710283843964,-0.07468871010058224,-0.06502274010676508
1230,-0.16016691593932136,0.06494403677790091,-0.09100063639074603,0.14718614713223158,0.009551030622109723,-0.08657147620112435,-0.0952337425418162,-0.017316029390548052,0.08224929581921686,0.051944557579720434,-0.07765604605777614,-0.06491082869689915
1231,-0.16017445163159796,0.06493284073072017,-0.09088682898182911,0.14718614741814562,0.00846335612265331,-0.0866178217788535,-0.09480637405589919,-0.017316014299543797,0.08225150397005006,0.051963365935701396,-0.08251160069237833,-0.06494064160572097
1232,-0.16017293706347827,0.06493552269426878,-0.0909135872994142,0.14718614635647953,0.008692672652847143,-0.08644223467626701,-0.09855326196098645,-0.01731601876208988,0.08225098845393107,0.05189210786387222,-0.08718317190733763,-0.06493400046640051
1233,-0.16017320250129252,0.06493499158396378,-0.09090839156254879,0.1471861493827207,0.00865380163266699,-0.08696016765640427,-0.09975603776564314,-0.017316014706125496,0.08225112990782438,0.05210229927072475,-0.08658176080189856,-0.06493522236811032
1234,-0.16017321095841516,0.06493507126664347,-0.09090914470190384,0.14718614596449042,0.00865796063511815,-0.08229511118705751,-0.09958740932383152,-0.017316019517198012,0.08225104090728624,0.04785880296717996,-0.08645278823237179,-0.06493505105087732
1235,-0.160172316072244,0.06493506600022246,-0.09090910352835446,0.14718611083172337,0.00865822739921868,-0.08163640574535737,-0.10406354178075539,-0.017316052849168352,0.0822506593652817,0.03854651277575975,-0.09110924365866349,-0.06493493592176693
1236,-0.16017893054695068,0.06493506424555415,-0.09090908341860307,0.14718646343486086,0.008657922275080315,-0.07273650268837345,-0.10482201077235058,-0.01731568707663553,0.08225531963531528,0.039152918756478285,-0.09078752854356084,-0.06493622292407311
1237,-0.16014325750641784,0.06493506501343661,-0.09090909332743508,0.14718433721365828,0.008658033569743531,-0.07385214853161311,-0.10869631730985,-0.017317951192718686,0.08222566062419576,0.038903003781537014,-0.09103222554136979,-0.06492829571597547
1238,-0.16030307384105028,0.06493506566013152,-0.09090909029175542,0.14719453382025408,0.008658001929574066,-0.07352927245811028,-0.10822748508764506,-0.017306933036532655,0.08237218547916302,0.038975331004649574,-0.09046868320600979,-0.06496686007348991
1239,-0.15969644269379105,0.06493506170503092,-0.09090909104032843,0.14715350496999663,0.008658013030930329,-0.07360622659016341,-0.10778883763639432,-0.017351788102364332,0.08176864990436118,0.03895809256818677,-0.0937386283562648,-0.06480986714981826
1240,-0.16396591154749968,0.06493507576989813,-0.09090909088688358,0.14728755673443997,0.008657998863954358,-0.07359093975989935,-0.1118531107312008,-0.017203156945079196,0.08581140060746525,0.0389615169593818,-0.09545220798285552,-0.06533007623870721
1241,-0.1644512710386801,0.06493504135215385,-0.09090909091139697,0.14700752016541307,0.008658023682870044,-0.0735932686950086,-0.11260549321156421,-0.017525152197911616,0.08655072276569173,0.038960995256403216,-0.09521641806334605,-0.06085918301874338
1242,-0.16928629580957374,0.06493503325878869,-0.09090909090926992,0.1516722951125568,0.00865808513511155,-0.07359310072274429,-0.11256628798290078,-0.012897084818308107,0.09129934586835234,0.03896103288374211,-0.09523543335513436,-0.06063015686075828
1243,-0.17382864782272478,0.0649358241549091,-0.09090909090891318,0.15124192873203546,0.008657080238930196,-0.07359305369330266,-0.11254692468663477,-0.012420324184789328,0.10049013696654625,0.038961043418771484,-0.09525130047210623,-0.06075017725278244
1244,-0.1806538084583332,0.06492965515007423,-0.09090909090915383,0.15284530231081545,0.008663908352573697,-0.07359308035451656,-0.11255576753763644,-0.008166724671008804,0.10665557143924011,0.03896103744641328,-0.09515904852102759,-0.05933706261977514
1245,-0.18694111223749516,0.0649633117100803,-0.090909090909074,0.15628696815153995,0.008628756400621294,-0.07359307180403644,-0.11255714535205358,-0.00878799944760494,0.11342089748136663,0.038961039361799815,-0.09564145630692603,-0.05582208851347379
1246,-0.18597363244876228,0.06481376857542169,-0.09090909090909469,0.1557461922706276,0.00877986327536796,-0.07359307398985096,-0.1125390180439512,-0.008629178958926967,0.1122605898238716,0.03896103887215716,-0.09263620825107861,-0.0563779602238412
1247,-0.1861793507613325,0.0653627749532384,-0.0909090909090902,0.15586240969669016,0.008236952252901813,-0.07359307351905756,-0.11260671907442991,-0.008663386635903379,0.11296089562080978,0.03896103897761924,-0.09059185435779422,-0.05625823335442494
1248,-0.18614071365577903,0.061095261848171746,-0.09090909090909105,0.15584049078597628,0.01252022615487783,-0.07359307360792854,-0.11242411410629144,-0.008656929303888962,0.10882996776810991,0.038961038957711316,-0.09109490108401183,-0.056280834016475184
1249,-0.18614718614718617,0.06493506493506493,-0.09090909090909091,0.15584415584415584,0.008658008658008658,-0.0735930735930736,-0.11688311688311688,-0.008658008658008658,0.10822510822510822,0.03896103896103896,-0.08658008658008656,-0.05627705627705628
