,I,aVR,V1,V4,II,aVL,V2,V5,III,aVF,V3,V6
0,-0.05357142857142857,0.044642857142857144,-0.12723214285714285,-0.046875,-0.048458149779735685,0.10792951541850221,-0.10792951541850221,0.1211453744493392,0.09734513274336283,-0.061946902654867256,0.06415929203539823,0.1261061946902655
1,-0.04953595009762017,0.04464181496308012,-0.1249332448963348,-0.044575844818173394,-0.04923603305339993,0.10960506729595665,-0.10566071076049127,0.11887827319097491,0.09732008675351314,-0.05816917698473096,0.06188028614553751,0.12382456232391584
2,-0.054110331325357426,0.044648031242622156,-0.12502717754188458,-0.044669892186173094,-0.052216312923361534,0.10536649105342523,-0.10575372310598348,0.11896533681217929,0.09746959711863326,-0.06135647163002058,0.06197891700609733,0.12393465238919017
3,-0.05282302801071552,0.044614881333273196,-0.12499158037374718,-0.04463555915068411,-0.047883752390575275,0.10565232798476251,-0.1057187396314222,0.11895643637423191,0.09667354835712055,-0.05692952595601295,0.06191044004984053,0.12381099587065593
4,-0.057623541526516366,0.04477141707817517,-0.1250044547114887,-0.0446422173959976,-0.04859893755494288,0.10657785411859408,-0.10573047015898569,0.11884643072260447,0.10167617251768497,-0.05766791078408903,0.06207994690908189,0.12423645978070164
5,-0.06620394290365314,0.04413841058168783,-0.12498974708412057,-0.04465216254383447,-0.048428626553577665,0.0999513892925068,-0.10571983279140956,0.11932422809026094,0.10935050371423055,-0.05749152504400371,0.06143641889712433,0.12128779333751458
6,-0.06676324486316444,0.04833183861833206,-0.1250305316084636,-0.04461334755202895,-0.04846364278839065,0.09625181616829731,-0.10574727657910321,0.11562307808507859,0.11444033759767351,-0.05752734125304084,0.06568050846398042,0.11565192740268654
7,-0.07072875004169762,0.04902544353899741,-0.12494635459663603,-0.04469218232314798,-0.04845647493611657,0.09745938278837155,-0.10569292573879417,0.11055554595966625,0.1149037272532787,-0.05752154592666962,0.06622659920378837,0.11490910861981123
8,-0.07590230619921698,0.05375890246923727,-0.12481062386357823,-0.04485200458330097,-0.04845638526334728,0.08799486208354544,-0.1055826290002155,0.10566929699885343,0.11959708018901438,-0.057522086054545035,0.07089298273805694,0.11464281308613425
9,-0.07604152303273184,0.058170724459530275,-0.12034745571114026,-0.04934171414017271,-0.04849615463812101,0.08774661326902293,-0.10024858892921719,0.10520847398219642,0.11925770403027461,-0.0575223543196351,0.07115591945411,0.1054554836929584
10,-0.08287648321892788,0.058797855802291174,-0.11929546439528246,-0.050092863114714566,-0.04818860158931267,0.08318394975046607,-0.09648472659162695,0.1006737342153952,0.12038606351584506,-0.05752072511301429,0.07693304130309547,0.10636042186893047
11,-0.08974428947410813,0.06490871908838372,-0.11587710083704184,-0.055676085302117415,-0.05020488950178919,0.0838726578713665,-0.09745145663115232,0.10228885547666666,0.12644670478226264,-0.05752953099150966,0.0799879925352225,0.10655151958173878
12,-0.09136651751001688,0.06679772572893466,-0.11398167224585282,-0.06103813076340052,-0.0534112905080794,0.08354228218615743,-0.09410002437830274,0.09607375345067398,0.12767586663411612,-0.05748901393454633,0.07953538346012103,0.10350300999938312
13,-0.09411071029865882,0.0700465125524145,-0.10796883100859592,-0.06272058054765668,-0.052280378617313314,0.08417937243407758,-0.0926122435282959,0.09239747821806844,0.13469452723947428,-0.057648486776284924,0.0797842744346104,0.10150760271133216
14,-0.09379511105123352,0.07162083308576718,-0.1070409356250561,-0.06245090615524774,-0.056676318038466546,0.08004144739729803,-0.08883291205244398,0.08880030989960183,0.13749313274528877,-0.05713188640473863,0.07929389147098433,0.10180356392333806
15,-0.09349515403970515,0.07141290963472956,-0.10714827313902787,-0.06250508902630278,-0.05715768957967357,0.07924319488258638,-0.08373101090404983,0.0880669736089776,0.13714939369572474,-0.06169845137436374,0.08394282677005005,0.10176956490273247
16,-0.09824553257941332,0.07142537740324521,-0.10722027311302791,-0.06293105522749791,-0.06184104259664303,0.07932608572063542,-0.07906710599882648,0.08808854177896586,0.13715982315741965,-0.061912731649814264,0.0840091081556762,0.10176901018907115
17,-0.09813554386648349,0.07143054795690836,-0.10642840934977486,-0.0674041749449897,-0.061567412688394725,0.0786717350199546,-0.07940194373587728,0.08811430280736493,0.13717234070296264,-0.06197250782324099,0.08415348834785388,0.10176587862657864
18,-0.09822824580714136,0.07142830565213283,-0.10063074742196297,-0.06683610156635578,-0.06170983974876779,0.0744214257950299,-0.07919696647274549,0.08810433089590933,0.13716716021338368,-0.06193801081478508,0.08373478449290055,0.10179580036138443
19,-0.0983038982738907,0.07142664172655958,-0.09776704957356801,-0.06699294157498929,-0.061664152978161094,0.07504625656766328,-0.07962582959627348,0.08809972469567996,0.13716672155961782,-0.061949325428068976,0.08614579291455195,0.10165036470891708
20,-0.09776360385739888,0.07143753154037527,-0.09876637644795964,-0.06696761081969811,-0.06167747759234345,0.07472912921102323,-0.07678431105665257,0.08813314648148622,0.13717531448949807,-0.06194634491619658,0.08899938529887848,0.10223265685820265
21,-0.10116502964817174,0.07139614935678795,-0.09457571666154371,-0.06693535607040699,-0.06166891014677706,0.07538092907778422,-0.0709525230029792,0.08801153027686548,0.1371433882222852,-0.061946999290372964,0.08796809987732059,0.09814629387430955
22,-0.10293436272534782,0.07151834973791932,-0.09369921833711888,-0.06701716401291775,-0.061687040360605974,0.0710630880637568,-0.07062091743530546,0.0883354937767433,0.137228534920875,-0.06194692450641009,0.09255379223233895,0.09722410090090365
23,-0.10258067173870289,0.07133666302839473,-0.09379857939463086,-0.06714959526793432,-0.061660725579066405,0.0705379901480453,-0.06591958347604496,0.08369278462086721,0.1371717006403238,-0.06194684954740439,0.09292275083296249,0.09713460976544895
24,-0.10262543083149246,0.07613833408881658,-0.0926553356251857,-0.07167391305274931,-0.06151439805679279,0.06563300411322688,-0.06630541111705697,0.0786060270735198,0.1422364686275162,-0.06194655859504759,0.09800369622218913,0.09291628773830693
25,-0.10464675098404828,0.07557199235858317,-0.08295535927196424,-0.07230233691174943,-0.06332564044889714,0.06160136957142773,-0.06509517462094129,0.07478888817923289,0.14717381566839363,-0.061950791356878795,0.10296104292662211,0.09037848977751037
26,-0.12237489789066731,0.07738573341535201,-0.0783074001710283,-0.07840000382782374,-0.07142894658574438,0.06034321458146941,-0.0590492191229268,0.07333531486955,0.1520838184029028,-0.061922536229044915,0.10759805133072227,0.08341702478754484
27,-0.11972646940613198,0.08080636129296741,-0.07528431692514152,-0.08060164635400487,-0.07024837705886208,0.057203286960298624,-0.05783617461891743,0.0700631937733155,0.15766408560055414,-0.06206768141770497,0.11515021506322463,0.08208674814321322
28,-0.12262482236906834,0.08025905702021979,-0.07688268848634286,-0.08042441236016544,-0.07051282335228468,0.05472425731764176,-0.051009390072479927,0.07044973510685493,0.15907863091697735,-0.06143840274179498,0.12315960053062569,0.07600433164875402
29,-0.12796995147894943,0.08037484526964986,-0.06817864350464731,-0.08005640442164183,-0.07055957598417509,0.05257170737307339,-0.04458554649304664,0.0708723228274085,0.1628790008252804,-0.06537361390164595,0.12371210111746526,0.0751306753529387
30,-0.1327588599609581,0.08035489519548694,-0.06688504905585389,-0.08478119385884747,-0.07027569840957483,0.05290419841009723,-0.03968402761705268,0.06634023326156498,0.163788873603989,-0.06618526567136329,0.12782240034443687,0.07522306745318644
31,-0.13823622137427471,0.08035715830521756,-0.06668709088277644,-0.08462076056058843,-0.07486712901892931,0.052861691305516316,-0.039890512878147016,0.06608484165763066,0.1637159081891801,-0.07070556516682204,0.1328016783169916,0.07522499561342826
32,-0.1384941436537042,0.08035724406781164,-0.06139873563389299,-0.08600717281805072,-0.07944721714958228,0.05286215281861412,-0.03795204463503709,0.06650579884401277,0.16387117192097606,-0.07072965526423722,0.13314036160103604,0.07521837023206611
33,-0.1484916372916506,0.08035710700683434,-0.05653922611177612,-0.08849255268580095,-0.0796984150630573,0.052864037974697554,-0.028166192057343546,0.072250624575693,0.1624956581892922,-0.07082807061452813,0.13887824662571763,0.07522924020039932
34,-0.1519928101416401,0.08035711830843624,-0.050958961036773574,-0.08193594817640369,-0.08739347525053281,0.05286328122717249,-0.02676686350024644,0.0748254749739282,0.15882200996232496,-0.07078665666243844,0.14193043344550707,0.07518622074071864
35,-0.15170059946714876,0.08035731138533472,-0.049074324253696934,-0.08013735128198969,-0.09326086931957694,0.052863323630973416,-0.021935523275043483,0.07736607079151804,0.15940001955384883,-0.07079896036435104,0.1415135298380851,0.07535749974815657
36,-0.15192310179494953,0.08035646659692326,-0.046394947291816056,-0.08038548079767646,-0.09235379498194356,0.052864081455633975,-0.006348117371668046,0.07959791750042113,0.1592712094654626,-0.07079591572949272,0.14161499036659989,0.07479326354531575
37,-0.1513040365792966,0.08035933853860443,-0.03656294187422928,-0.0803682500858658,-0.09253769473357162,0.05286119458926177,-0.004290247990410589,0.0792511761822353,0.15929518082517594,-0.07079655752292592,0.14157052269317696,0.079436899296748
38,-0.15541013529408723,0.08035244479283976,-0.031174603832312082,-0.08039802570543762,-0.09250815002050601,0.05286900030288033,0.0005630641672126829,0.07929761603055882,0.15929172153654086,-0.07079644982243662,0.1416161465033119,0.07976478745096378
39,-0.15633453781890608,0.08035124255757395,-0.026073290659842246,-0.0796939137141083,-0.09251087077679586,0.052862638971756276,0.014934788035524695,0.07929631693718679,0.1592905092479262,-0.0707964599608377,0.1418268158965312,0.08446054956333157
40,-0.15625530214902777,0.08050261224227594,-0.02114705157020008,-0.0754224335455232,-0.09251049177133039,0.05275451354928029,0.017134859556535844,0.07929449489384871,0.15930668567378875,-0.0707964194187464,0.14701866420053014,0.0839369531190902
41,-0.15624643586372672,0.07920672032761705,-0.015533087760679416,-0.07601878231618886,-0.09251618115982095,0.05382374568107874,0.02153008864559741,0.07929579040889174,0.15920361311935324,-0.07079679746975778,0.15232198409631256,0.08410648952015334
42,-0.15623283780867303,0.07552685851316597,-0.013740449801583295,-0.07586465895898346,-0.09248312090037696,0.05774367587587076,0.026930916140968767,0.0792929201037141,0.1597196526681117,-0.070794559962939,0.15479471936567318,0.0840633788415054
43,-0.1563533947597616,0.07550558337420367,-0.008102001543804525,-0.07589751312718515,-0.09263518998781002,0.057151299958594075,0.028923247566769703,0.07930412621142337,0.15652703629885284,-0.07080527204867312,0.15759219578196687,0.08406995802958525
44,-0.1557834224872891,0.07911905485654765,0.003561766494810116,-0.07589382384424562,-0.09204080944076583,0.05729349836592208,0.038094786703507875,0.07926461327017574,0.15452834219098535,-0.07076155654079049,0.1595115440172949,0.08407681000711609
45,-0.1593114940064184,0.08016388260957442,0.00438782528329647,-0.07589186111139853,-0.09619996898274967,0.05726446428032523,0.04838340577729304,0.07936912180979915,0.15512458408523794,-0.07091074007361536,0.15935643983745892,0.08406704115687652
46,-0.16087203069381906,0.08457927108103298,0.009133173185012302,-0.07586591169360148,-0.09696258062718652,0.0572692019695916,0.04864897942038654,0.07930397824683824,0.15042710264247944,-0.07054378707634561,0.15930334207884939,0.08397103605151501
47,-0.1607911842549191,0.08476558969599089,0.008863619940819724,-0.07612985406296109,-0.09688022249004305,0.05726874481319121,0.05408363401518426,0.08402336985660573,0.1453474147867036,-0.07527289655815264,0.1635616046198025,0.08501384517708283
48,-0.15595017361943225,0.08502463565678083,0.008640210481270427,-0.07428451565139492,-0.09756601432113993,0.0572686418074941,0.058917923364792193,0.0833374247652782,0.14123994502382833,-0.0752800063995435,0.16747896123040082,0.08894724312879555
49,-0.14688893257414967,0.08352972310644742,0.010994289750834437,-0.07101871487494246,-0.10188642746193548,0.05726909800753658,0.06385555852245442,0.08536554223291333,0.14169538770483428,-0.07410142595838486,0.1847455654289109,0.0884966638660385
50,-0.1464033183137483,0.07988851641500047,0.01383383922554734,-0.07139411413542474,-0.10069789036469758,0.05726676046631159,0.06925794537296935,0.08864789383456276,0.14156811380683376,-0.07069340304580966,0.18770210871369616,0.08805368803459207
51,-0.1423188609347865,0.08046400625258397,0.013110915529134059,-0.07181478106489977,-0.10431777858534647,0.05727752658873825,0.07076093392681629,0.08754798992153823,0.14159800399918665,-0.06852651214069516,0.1935690201080582,0.09206145408752155
52,-0.14298518274218208,0.0803368326378052,0.016859892807479588,-0.06726908763062185,-0.10309587062451972,0.057234946144220686,0.07024892245191057,0.09173845802918765,0.14159209196558262,-0.0660238459242195,0.19498931208143486,0.09305328910031299
53,-0.14283344668011036,0.08035962477733061,0.026794783349376464,-0.06703110468727663,-0.09768285671767424,0.057373943753358525,0.07498266805025866,0.09257981362018777,0.14159299956427787,-0.06642827999755513,0.19438624402596624,0.0930612747534094
54,-0.14285323394663976,0.08035751473063539,0.02618980164444959,-0.06630223273615901,-0.09257831082595414,0.05707015758520787,0.07514990381932854,0.09251957537153951,0.14159293309302518,-0.06636631220491049,0.2040786790125616,0.09769385321909359
55,-0.14287282714427113,0.08036259690440142,0.021932054169838497,-0.06204110098947441,-0.09225583231839037,0.06179158123674103,0.08192271231294497,0.09250408698678962,0.14159286427956536,-0.06637102880938071,0.2127412520883484,0.09722336912442658
56,-0.1428910169652248,0.0803017504681331,0.02243413107400924,-0.06262402651259437,-0.08783292143269332,0.061580288051280095,0.09100958721320446,0.09251486082462064,0.141593250260276,-0.06637219118682916,0.213495489345547,0.09737750546446858
57,-0.14223115371036524,0.0806923143053717,0.022294314485677456,-0.062471788548516774,-0.0871384954425094,0.06170663623064645,0.09185928593880102,0.09250258520518027,0.14159123616913094,-0.06637157459230861,0.21704029943460343,0.09734007541174614
58,-0.13821359379753098,0.07824969943399253,0.022326923180303805,-0.06250547692534703,-0.081194490303578,0.061666491516742486,0.09872023278072602,0.09254482524072564,0.14160019115186584,-0.06637133794691205,0.21877345239277945,0.09733782080925406
59,-0.1367308195349795,0.07551628382667368,0.022320552329088455,-0.062498806177559395,-0.0787757883626874,0.061669540911424785,0.10497277444016108,0.09238830636294597,0.14156642688677973,-0.06637338583580264,0.224871663952414,0.09736856435562069
60,-0.133465383746893,0.07596132104654063,0.0223215084370646,-0.06250038481521489,-0.08022345520912792,0.06169796555333922,0.11426976544613021,0.09285572920877251,0.14166736344785258,-0.06636531628025683,0.2255203834127435,0.09732682261043984
61,-0.1340548298126329,0.07588399484279695,0.022321458923764206,-0.06250676757664467,-0.07140218410512612,0.06160241725234093,0.1239002418365968,0.08822250621486781,0.14151050619758795,-0.06639040297503516,0.22986260126371888,0.09699404678454461
62,-0.1338082462402391,0.07589298161593762,0.022321181015917298,-0.06243856907653392,-0.07047410126880796,0.06178047777555695,0.1296572137251923,0.0881632487237964,0.14645245512717148,-0.06634386205784748,0.2346704320164332,0.09248210841273084
63,-0.13412764506562655,0.07589364121140818,0.02232299414972589,-0.06285818646631444,-0.07055183291435409,0.0568761308613263,0.1385881784108218,0.08808072824400094,0.1515504669061919,-0.0662142931116069,0.23442341759273386,0.09314327050202105
64,-0.12934658350483502,0.07588932302338902,0.022313542151916763,-0.06023614380637341,-0.06955142746308879,0.05257900556267251,0.14363098189445214,0.08809076521885403,0.15533754907970534,-0.06078894992414725,0.23460887879851933,0.09244103423476052
65,-0.12956844496733852,0.0759120221358894,0.02235483716853692,-0.05768816046178135,-0.0656009800025145,0.05299545923749336,0.1448570611575221,0.08821951730966683,0.1543428296313661,-0.057515404054271795,0.23416385721280203,0.09585782785132525
66,-0.1293604347656812,0.07580393644635698,0.0222031194100544,-0.058093811160544295,-0.06619108953518343,0.05263804260539088,0.15200074180584303,0.08763136327766692,0.1576548643037624,-0.05551721642597823,0.23693870683703455,0.0975589270064172
67,-0.12984085374492213,0.07624532983883639,0.022632118441289352,-0.058029799278739434,-0.06608180723047759,0.05371975845592512,0.158498428253635,0.09153213402470645,0.15964818745207326,-0.0531935564063013,0.24228199000881492,0.0973233653371041
68,-0.12711407163599495,0.07273883924806827,0.0179109103996393,-0.058035200503066674,-0.06599355437221743,0.04664997810305887,0.15866740593363526,0.09262140716727513,0.15898272585733786,-0.0497672239626005,0.24722132796812568,0.09734324124610587
69,-0.12417464644940769,0.06722666964689153,0.0180754698239282,-0.05803619822085158,-0.06627582401717826,0.04025074585665877,0.1638176898374899,0.09251194988022839,0.16372990469048535,-0.04884956729521399,0.2522328972520219,0.09734692908198198
70,-0.12888589871340708,0.06698156329721087,0.016410291321674753,-0.05803554206883119,-0.061563628241283155,0.035327047555673084,0.1688004798220763,0.0925076560971681,0.1636415749773505,-0.04435248723715115,0.2573218908861801,0.09734439130056384
71,-0.12932379740351282,0.0668087697195318,0.004701397207746194,-0.05803576126489062,-0.056473071986899256,0.0352948604348567,0.17325357312918194,0.09249517669562445,0.16372831889408626,-0.044312715830720904,0.26148256817381843,0.09734586614145876
72,-0.13402627261970051,0.06808066657197644,-0.00031962632538518325,-0.05803570353112377,-0.05276528678778262,0.035216530931991216,0.18162478487154138,0.09261027281867762,0.16381575807751636,-0.0442162892218367,0.26055830333928515,0.09734266217376056
73,-0.13446237691683682,0.0719059121385699,-0.002357285031747873,-0.058035716329179345,-0.05125723458338944,0.03525194350737537,0.1856203125067055,0.09205614034359169,0.16322742647192895,-0.04425772020223295,0.26356856709485005,0.09735397771916185
74,-0.1388710435164091,0.0713149344905084,-0.008349201542363509,-0.05803571400924154,-0.047890512290380924,0.03523211631331933,0.18470098002958613,0.09552092467109138,0.1668730409498969,-0.04424482629428609,0.26530872791917015,0.09732070792434692
75,-0.13836905903570648,0.07145135485057624,-0.008925289138786653,-0.05803571428704759,-0.049016666623839154,0.03527612280853418,0.1892533414979804,0.09711404656963567,0.16792368775590805,-0.04425014002358006,0.2691619837348467,0.0973679190860996
76,-0.13792957326295283,0.07142544685151259,-0.008812959567168604,-0.0580357141270456,-0.044779957094137415,0.03512724365224462,0.19402980086568888,0.0968976339005713,0.17232614257923737,-0.04424148869424694,0.26982538422372304,0.09767469289299002
77,-0.1416373193197877,0.07142794510162555,-0.004107009053947875,-0.05803571586654612,-0.04399113938873209,0.035531985514941945,0.19352973513220897,0.09691313483860055,0.1726366392239754,-0.04426341944806765,0.27457761292637534,0.10218216431101246
78,-0.14276234531114115,0.07142540758001531,-0.004590759001648362,-0.05803570491921508,-0.044040025287981024,0.030861339581357804,0.19537831554003593,0.09692992257587417,0.1780536141976552,-0.04424344004467418,0.27969767443663124,0.10166730140486496
79,-0.14691099843130614,0.07147413841928192,-0.004429771569146517,-0.05803575874839715,-0.04410406037710533,0.03101966588813626,0.19865111570805938,0.09683648486194493,0.18150723424806164,-0.04395173249526006,0.28328735493452345,0.10168277090789944
80,-0.15188513351425015,0.0711272105953501,-0.0044723656270969974,-0.05803553631308727,-0.04375727961855047,0.02981865040837299,0.19823910094658262,0.0973227665716274,0.18292913123971613,-0.038450182295933506,0.2848674482093531,0.10223980535813834
81,-0.1517557394076141,0.07334846590725111,-0.004462134331685996,-0.0580362956596766,-0.045926895332127696,0.02622618836964799,0.19794875217842534,0.09434549336319267,0.1883702577243511,-0.03504031097948915,0.2885409758663784,0.09822990665075276
82,-0.1515487363374427,0.07630618115419822,-0.004466284976857297,-0.0580344808718898,-0.048956754169970626,0.02476909611533456,0.20207623428416174,0.09222639448855317,0.19371713581128855,-0.03552564391728143,0.2841595964032877,0.0972572795064573
83,-0.15347423903597104,0.0757816593792114,-0.004462472356727499,-0.0580339267432807,-0.04801714122230667,0.018758119033037025,0.20711086114158334,0.09255193533941967,0.19479654753137948,-0.03521798903240827,0.28340762333612435,0.09733916886649127
84,-0.1582453479122231,0.07599855032120723,-0.00444179593687903,-0.0580760926039108,-0.0520006803526399,0.01749168258257323,0.20693540253906414,0.09250887268924836,0.19470263863897574,-0.03593525135786072,0.278859876010587,0.09735171116929982
85,-0.16736871536608258,0.07577901526193814,-0.004681931472791011,-0.05774886062644079,-0.05707534676319981,0.017568985355589137,0.207406663149427,0.09250994072991767,0.19490159437606475,-0.03108684793536142,0.27858666538658716,0.09734237394506648
86,-0.16978666817255117,0.08056645939853024,-0.0029570486117524936,-0.059898982798475504,-0.06196809983424573,0.0175716003245481,0.2045838558343408,0.09251100143940394,0.20041304007981348,-0.03545679148407703,0.27323170334270197,0.09734784953547443
87,-0.17356008335785916,0.08023082459673228,0.00045218110892149727,-0.06290949371765821,-0.06795558084217718,0.012974852968599133,0.189743746229005,0.09251427190623689,0.20354910201875734,-0.03527401073962449,0.2683762392270371,0.09733595304348669
88,-0.18331309859335768,0.08050572543886597,-9.701245390627541e-05,-0.06242106386109773,-0.07582751196754098,0.01281557586672854,0.1846718578245561,0.0924945222508442,0.20558225646274125,-0.03557838085309559,0.26336330417462145,0.09737830032015934
89,-0.182713763369638,0.07979099893394145,1.8836183119016187e-05,-0.06251182526020854,-0.07421360492913458,0.01656764226418011,0.1815905513507155,0.09257849291410819,0.20834773544561183,-0.03462962875026197,0.2582238988961943,0.09725179190832287
90,-0.18421863342391226,0.0836377167793252,-6.777250572341296e-06,-0.06249889043481123,-0.0777921941096508,0.02286444077346782,0.17637647623357217,0.0922822971931743,0.20790078174805,-0.04013209696861755,0.25374293129691766,0.09744588198148059
91,-0.1890458271387514,0.08155276084582891,-4.625727932742397e-06,-0.06249394171470143,-0.07910090095453959,0.021937470622444003,0.17146866494038654,0.09305731966807924,0.20796238071958106,-0.044900882461000005,0.24439756467908857,0.09269699654362906
92,-0.1974102631331514,0.08050324936250482,0.000139990357899141,-0.06255690927609323,-0.0831874037155329,0.021780117154322355,0.16551211015562806,0.08366366772647944,0.20796213335282926,-0.0441463622408741,0.23893130357207462,0.09303013297106602
93,-0.20143157472390974,0.07593070513971563,-0.0011315632626350779,-0.062159823559326415,-0.0837102469474402,0.025917261358149323,0.15678543207953832,0.08398979805472197,0.20820417512234995,-0.044246340608158234,0.23873411973440736,0.092887916024139
94,-0.20081236718739692,0.07597095826690876,-0.004950822705867702,-0.0646641022386481,-0.08372068066031405,0.030849913161223094,0.15037232555623134,0.08253817913550765,0.20592521967792654,-0.044222058497377814,0.23216121798543515,0.09292064851271016
95,-0.20089582532413308,0.07585915410310183,-0.0043135912894008074,-0.06745276837570298,-0.08369170637919034,0.031954005093610606,0.13951126552379792,0.07921340588742926,0.19798758597510108,-0.044733555647964156,0.22358633068433142,0.09295211738168771
96,-0.20087710749020296,0.07590295754729864,-0.004630675995458583,-0.06647408299424572,-0.08370305753415094,0.04065992000279013,0.13263537298629888,0.07705435910139594,0.20013927841125853,-0.05002786394206699,0.2184268217290218,0.09280957323719782
97,-0.20109889426713382,0.0758903450215485,-0.004037857508216698,-0.0710811515201473,-0.08369979205210042,0.03899879839056554,0.13230339591970974,0.07454270983310361,0.19347190441636988,-0.05526678703103344,0.21738410771259303,0.0931646528975133
98,-0.1994295535870742,0.07589338947865161,-0.00883753848460234,-0.07141615009678243,-0.08370056833531345,0.0421673607781669,0.127632650210319,0.07494546218956114,0.18625137927555507,-0.057862338531590535,0.2098629498886141,0.08842380385733055
99,-0.19680957502790036,0.07589276523913482,-0.009379576551255046,-0.07130777607912227,-0.083700450137914,0.044435232134862356,0.12252296996491287,0.07488570114091765,0.18577028287410452,-0.057422897910112576,0.20382589400328097,0.08872408236356535
100,-0.19123447290699866,0.07589286759139383,-0.018667333086327023,-0.07257669329298296,-0.0837003685088324,0.04373712295407037,0.11887019300758117,0.07489205938541507,0.18572304912265541,-0.05763213974146617,0.19893189451054996,0.08733636976019073
101,-0.18725806755438892,0.07589285758005639,-0.0176805315121063,-0.07636997554855847,-0.08370037905000559,0.04811772892459537,0.1171514557233236,0.07484639249153817,0.1804227897936706,-0.057365797172626395,0.19308566815336384,0.08350290633440408
102,-0.18405561770693502,0.07589285552315592,-0.01749181975319279,-0.07579042920855053,-0.08370249405868783,0.05298574743933632,0.1144904513399001,0.0751840243354551,0.17657167242691157,-0.0621093690411499,0.18523454795066915,0.08463895993260709
103,-0.1787910392906031,0.07589286448520803,-0.020632392350758665,-0.07588094900859325,-0.08368522484032453,0.05277917217938815,0.11175132010966882,0.0730029365047406,0.17748441469624274,-0.061881566377177594,0.18451894230531,0.08089500980630103
104,-0.1737731058841206,0.07589281882319561,-0.022583057354462484,-0.07598595313256178,-0.08378252017068114,0.05295298750680662,0.10665526046761048,0.07002818189476195,0.17441434329955005,-0.06175308559809589,0.17857713020059757,0.0794092153668605
105,-0.1688054472082201,0.07589302901476695,-0.022269887122498687,-0.07577597963299365,-0.08333164246702106,0.05253153980651472,0.09744943178060834,0.07077547436740335,0.17216033531192382,-0.06348342211728687,0.17452353386105593,0.07974875553685919
106,-0.16343891350236064,0.07589219941980593,-0.022318847184180337,-0.08057133211406084,-0.08640000064776887,0.05510243917129395,0.08264942431877337,0.06732453924389324,0.17295648022933396,-0.06936718930082682,0.1645955956043133,0.07480536222287146
107,-0.1605635069984595,0.07589489109581055,-0.022780910605951114,-0.0802326069257211,-0.09155046110109478,0.06045306811813991,0.07390104061460347,0.057463588101623886,0.16823838333937113,-0.07108848609452167,0.16384348421597925,0.0696908779902321
108,-0.15901421946989128,0.07588914634488103,-0.02728375961125596,-0.08048316531928776,-0.09672704900372328,0.06531304106074809,0.0675753251522312,0.05748346814035079,0.16809675877151492,-0.07052497920491743,0.1542463176633754,0.06589925333977907
109,-0.1497970681102172,0.07588178333019065,-0.02636579345754924,-0.07990598932620377,-0.09691840557448819,0.07035602677688099,0.05890478242667103,0.056132232291333385,0.161155342907381,-0.07500918380016011,0.14860340634236416,0.06690848008876679
110,-0.1434116240038996,0.07605916103707326,-0.028810770431283966,-0.08322165976803325,-0.09646315509191009,0.07566805985544298,0.05528330212931947,0.06536791935036142,0.14638208521881607,-0.07972705920225083,0.14059586963103277,0.06350817159129493
111,-0.1387032967951395,0.07465038069902553,-0.03442758276680001,-0.08504452655857464,-0.09081665650374689,0.0842018273919662,0.045496375161679495,0.11841156051449361,0.1397367840099339,-0.08038974260844782,0.14230570741833562,0.06363332571069685
112,-0.1286735046092819,0.07095504332665609,-0.03879097475797891,-0.08172469019912387,-0.08776575487795639,0.0849634238055605,0.04440252958378738,0.1373509576352537,0.1313615622667304,-0.08452068737012562,0.13853223366612172,0.0884905358651636
113,-0.11934022037523803,0.0715376618543319,-0.048686651262607836,-0.05756446595272849,-0.08818340545357639,0.08827899108019437,0.03514167362522896,0.2079933959737133,0.12765298821827395,-0.08418141598276843,0.13759351443426196,0.14719118157323793
114,-0.11466681116625907,0.0714074092106873,-0.04898434579568092,-0.03983662557672203,-0.08809301823356508,0.09036086506461134,0.02855636912176361,0.28898538544724983,0.1289108401683117,-0.0831120921661683,0.12965858327122481,0.20182107120305912
115,-0.10967570248639281,0.07143170791999144,-0.04985619153899988,-0.00820257123964317,-0.0881008402262834,0.09580018658166121,0.011873909659259491,0.3182089350228219,0.11942258768199042,-0.09095472308189102,0.11941904884767006,0.26444479477434313
116,-0.1040169065452642,0.07142837208063663,-0.054034591751173686,0.06901375052595002,-0.08811474270767033,0.10071749431170134,0.010886196939686933,0.5218068407434682,0.11984805994950054,-0.09286858603429163,0.1144844368504831,0.41025081067521524
117,-0.10302961591288125,0.07142849202393502,-0.053417910379456944,0.1514894815999432,-0.08817783243830381,0.10566485930761936,-0.0012217526446414845,0.5501084144686945,0.11752601405422154,-0.09730563241659203,0.10940726893908194,0.5088756891491141
118,-0.09594367823448219,0.07142866997117708,-0.05373602121454562,0.23615019555372088,-0.08729585511394339,0.11023822127016501,-0.007125825933988696,0.6085661232431113,0.10827293714846033,-0.09725726889307218,0.10443827051799731,0.6056973099851075
119,-0.08074667133083926,0.07142819484528513,-0.05308057689434928,0.29611458171742405,-0.08346044963842023,0.11096603959555326,-0.016140011152269297,0.6811968498471548,0.1040744979192841,-0.09744060038328303,0.09939896315533132,0.6543750613336242
120,-0.0755557164902789,0.07143035844229781,-0.05760851389035754,0.36395172059395314,-0.08223980423599415,0.11503909523117478,-0.02182316770495859,0.7664559317777495,0.09847124247355502,-0.09698847117664434,0.09451611123310195,0.7698105386750291
121,-0.07102885852109746,0.07142114657876458,-0.058005588858613975,0.40101034858562346,-0.07605817121890017,0.11441250641271293,-0.026654084251310793,0.788270375356546,0.09712056912042216,-0.09952403791811547,0.08913060473274224,0.8150519631152487
122,-0.07178397867534632,0.07145454089237432,-0.06278578405217097,0.46687293046111544,-0.0751422141174666,0.11456279861150877,-0.033516084433286214,0.7926864658609624,0.09749499109388261,-0.10227581277583067,0.08840681843471337,0.8186409133141815
123,-0.0697849368392992,0.0713610448524183,-0.06238033008418142,0.5124918934194936,-0.0710220727301309,0.11453729137857131,-0.045533641348090306,0.792913460606077,0.0926192603839139,-0.101200438078225,0.08837414659073645,0.8185658256586781
124,-0.06394081957416504,0.07146399867829584,-0.06251068589052462,0.5531202003649713,-0.07046310985252607,0.1145276029208474,-0.05665506756712591,0.7929793964269394,0.08839527590560753,-0.10601066286690859,0.08302314764618324,0.8185893302387048
125,-0.06211770786926284,0.06642637299004145,-0.06261347048791997,0.5712863447604566,-0.07019084619322137,0.11453202481707538,-0.0698373250549443,0.7929416030436366,0.08734220036748397,-0.10168880789809444,0.07954478269121876,0.8185805548369692
126,-0.0630202378445453,0.061262576648457544,-0.06201982209576402,0.5748070236961559,-0.06475509660302489,0.11479718056689771,-0.07387832692298169,0.7929561007241438,0.08352812183993313,-0.09714363152930179,0.07812111505071265,0.8185927445667752
127,-0.05398220459285669,0.05764949684365523,-0.0661350780160157,0.5760123834981946,-0.061317161724111086,0.11239315964879806,-0.07506971735377581,0.7929424289370346,0.0843994469382224,-0.09742364176753548,0.07267585390169037,0.818564128516726
128,-0.04437687109400162,0.058130068835428234,-0.06702655412651477,0.5758954659043533,-0.06179328415664095,0.10514463501245955,-0.07492650578321607,0.7929825035863854,0.08171864930745211,-0.09732265261564929,0.06733801717975675,0.8185746653305568
129,-0.04425511806547914,0.05802436927308372,-0.06693849898322385,0.575889189620842,-0.061528158096885936,0.1036554774210484,-0.07959781143797898,0.7928660587290214,0.0717837964317476,-0.09734993831343582,0.06625039546506199,0.8190929753660269
130,-0.03791587797240896,0.058008622215544176,-0.06757913140947414,0.5758721375665043,-0.062099281866774214,0.10081657471463301,-0.07918296232742209,0.7970026746524105,0.0707750685765479,-0.09734661828270176,0.0663775974571868,0.8233794878507477
131,-0.03744452345826309,0.05810528503340221,-0.07203112226309533,0.5760187868922073,-0.057643653982645794,0.10178836842446323,-0.07930082812113105,0.8114338236785975,0.0711017790720835,-0.09733703216914617,0.0663752025985046,0.8236103399224067
132,-0.0406392173296446,0.05807983420497161,-0.0834180318118986,0.5753255393405169,-0.05727979702069698,0.09719280419068796,-0.07941095092798488,0.8157666190094606,0.07543175560507188,-0.09736167933011713,0.0663699530656588,0.8345792794060176
133,-0.04008958083452903,0.06281413048111772,-0.09802502356620993,0.5794162700281272,-0.05724662133671446,0.0969283570947041,-0.0788301477304203,0.821204647859163,0.07656314905368819,-0.09737726442449347,0.06637233865907674,0.8466469002159905
134,-0.04019742327624243,0.062365742522194914,-0.09771316695730085,0.5794171396563731,-0.05727724654428403,0.09714994731885346,-0.08301503397699313,0.8333601629959333,0.08013076496435159,-0.09672181673650558,0.06637093955207057,0.8625467848478939
135,-0.04017184762610442,0.06260949901251783,-0.10218123729148848,0.5931875050349514,-0.05726628177696948,0.09491191372654342,-0.0837470066351982,0.687863127563834,0.07953919247569315,-0.09273936078742905,0.06637417857136378,0.8743219186950782
136,-0.04009146888305189,0.062152932620777125,-0.10261711886319418,0.5934979255477946,-0.057269312682197045,0.08525929016239639,-0.0837105899204619,0.6040263705678346,0.07967274577264706,-0.09126950431931458,0.0663633586671891,0.766837020898493
137,-0.04104948351538092,0.06508700131016716,-0.10741110201806275,0.5172753855444063,-0.0572685894452356,0.08397226510958165,-0.08372791490170564,0.5568406963587351,0.07962422204543364,-0.0879288951937819,0.06639126464718849,0.6874575636657395
138,-0.04487549813383119,0.07084133193078787,-0.10684702270135255,0.3420552145510755,-0.057268783049497375,0.08062811123079032,-0.08348365111696532,0.5329198026957337,0.07963860507762678,-0.08904249827489073,0.06637904836728858,0.6280515442236637
139,-0.04617654774011501,0.07148006885791706,-0.10843797262183806,0.31167556714597267,-0.0572686432479432,0.07910319740730298,-0.08524710720990883,0.5142428329005307,0.08012777629665756,-0.08478824124500087,0.06589044805698732,0.5830472510214071
140,-0.052247808131498985,0.0714349403788595,-0.11381651038353309,0.2861917255663916,-0.05726851956655752,0.07932190324969936,-0.09161081711623195,0.5158851561971647,0.08449844051532826,-0.08397055661980948,0.06151609895173216,0.5742051202117233
141,-0.05381825583253617,0.07142350215436778,-0.11919655952587993,0.28087051197626833,-0.05727196447962957,0.079349773252104,-0.09139447135890769,0.5152544045157229,0.08403257195859082,-0.08385289079369279,0.06200217506882437,0.5754405491217609
142,-0.05339302016183638,0.07143062117359325,-0.12083513232820657,0.27758373444154105,-0.0572467934208786,0.07860477264798273,-0.10440209785990952,0.5155938520513841,0.08369718914414563,-0.07945362763640623,0.06224340102395345,0.575102474763338
143,-0.057831187995507585,0.07142658617496082,-0.12026114793623005,0.2723095317315301,-0.05738190631927237,0.07444430987933995,-0.1057097963247703,0.5148607166613525,0.0869015253310082,-0.0785081462820536,0.05941230227525373,0.5752007005977866
144,-0.06741699234793676,0.07143522244344688,-0.1250608033697657,0.27251217423751173,-0.05677694485902267,0.07491987073781298,-0.10628125392201261,0.5171231552319963,0.09154347190431426,-0.0746118118524134,0.05355918524522723,0.5709793174484316
145,-0.06640555085500703,0.07140443550812535,-0.12495135099473254,0.27115049768547705,-0.06053521523695838,0.0752643220416649,-0.11041060240228813,0.498502348794092,0.10138066858019079,-0.07580490425368352,0.05323907672311146,0.5668791982660876
146,-0.06957207350839116,0.07149841086150789,-0.1247536033699674,0.26785123553180856,-0.06157494875793499,0.07190581468846902,-0.11106259414062838,0.4970879083130338,0.10186436835219802,-0.07196047792199076,0.048531957337251824,0.5605602824711887
147,-0.07909100395879251,0.0713334544152017,-0.12680761483164696,0.26516507683412727,-0.06578463590473785,0.06711618944484483,-0.11932089776536144,0.4526938646966539,0.10665523472409683,-0.07062062264927783,0.04872641332186328,0.513292273991991
148,-0.07979828934987383,0.07634457699305583,-0.12984931872739836,0.26448424243079344,-0.07063646138210831,0.05759275951275927,-0.1269611321780461,0.397405640320309,0.10573114962948175,-0.07083360613748306,0.0489620115728268,0.4639939236915957
149,-0.08635420744971296,0.08050569104328523,-0.12951041056988044,0.2521936970981306,-0.07021877365801861,0.05273608312270809,-0.12784979954080156,0.38042357005922234,0.10826637980938396,-0.0710800598060701,0.04663802067947335,0.4557977181116385
150,-0.09716732672131882,0.08130097294710488,-0.12910167890058907,0.2462181623063037,-0.07186651986635449,0.05311933018710051,-0.12774873619267466,0.2865725951905014,0.11054468707190877,-0.07561854559982745,0.04435547163386294,0.42979454873279854
151,-0.10264051014714519,0.08743621459416993,-0.1337772814050576,0.2215344032704046,-0.07535022492399857,0.05144667668995925,-0.1277668094752701,0.16805460095823224,0.11377379835227795,-0.07509488166874863,0.04093788478530999,0.37968892944060434
152,-0.10254479776610909,0.08922187540226131,-0.13394379037394233,0.1347921139157381,-0.07475512810522628,0.04800696936871329,-0.12756741476932057,0.1029309411103356,0.11530016598160553,-0.0752545162073599,0.04000136365326196,0.18673185727409405
153,-0.10357773223529039,0.09211678731826735,-0.13316746177842612,-0.04892798695646296,-0.07502822233337197,0.048557979128688034,-0.12910854072060482,0.07605184699266275,0.11494362242381397,-0.0752116001342031,0.03550278826682827,0.14492958281006058
154,-0.10761544775373266,0.09792874793223727,-0.12897712047571264,-0.0921669632912413,-0.07457183720599775,0.04843960964082788,-0.13261596827277458,0.0061178798183880055,0.11960985001661799,-0.07523096923563002,0.03546289285638382,0.05951029169472965
155,-0.10703040865001323,0.09816699944714649,-0.1295899817588199,-0.13500281956598362,-0.07923749376641463,0.04846102529102362,-0.1320579722222586,-0.08059947086890612,0.12021644384563818,-0.07519926129564365,0.035381542801912684,0.029237321500768073
156,-0.10713480238219948,0.1028506971294706,-0.12943644410233293,-0.21776979861869383,-0.07923023379543108,0.0484578630138179,-0.1321767050650191,-0.1395738521527405,0.12439825367315431,-0.07523272596716275,0.035318124356492196,-0.015562109728271682
157,-0.10725707295236991,0.10344915782380779,-0.12947079752210813,-0.22881085028843695,-0.07930906504881716,0.0484510782797185,-0.13215642879426087,-0.15176518835493877,0.12378800495038163,-0.07558524640324467,0.03582614131174745,-0.09523431318670296
158,-0.10683874788426602,0.10775448999812885,-0.12945975136353377,-0.29906300218204723,-0.07937925747228126,0.04851873946453507,-0.1321585901002098,-0.23501550148935546,0.12382727972767833,-0.08012796422402296,0.032599628304569826,-0.18581168043186716
159,-0.11156770665465564,0.1065665146979205,-0.1294635740904736,-0.3298593492694576,-0.07885707239318941,0.04810919408301473,-0.13215629273602575,-0.2608389195895634,0.12420576091590754,-0.07917240231800896,0.03062126447977647,-0.18779456303822453
160,-0.11153784364984702,0.11005469721351277,-0.1295527081255372,-0.3843061004222729,-0.08213995243283059,0.05064040012598097,-0.13217786057725886,-0.24725097369396526,0.12013133754889148,-0.08184832157315523,0.03127050821759922,-0.22062657592163856
161,-0.11163749300060608,0.11183586179021295,-0.12868418211650381,-0.4121664717972676,-0.08393309969957005,0.05322546130685476,-0.13205127216407803,-0.24227896187224024,0.11501921995769081,-0.08451461204366292,0.026518431058222255,-0.21404497846851056
162,-0.11159835181692203,0.11158499361986078,-0.12273125401139104,-0.40485770136120725,-0.08367320721418231,0.05277907344493172,-0.13264742767058987,-0.23506583493978708,0.11524017474679331,-0.08369593477300948,0.026628988654716086,-0.21247866053259454
163,-0.11160732141307392,0.1116088746537329,-0.1205631443490663,-0.40731737075389385,-0.08369998189710919,0.05292207176628921,-0.12899323909965965,-0.21499260529803618,0.11389258180417047,-0.08783594262603554,0.02651769119940927,-0.21009789789863928
164,-0.11161540525770189,0.11148251896936101,-0.1179754032881798,-0.39916028324356334,-0.08369480241347357,0.05288136104122602,-0.12794268306991957,-0.20788273130409166,0.11053216171986328,-0.09293838377371859,0.026555720682263084,-0.2033075661584687
165,-0.11157727294906415,0.11265772349518065,-0.1121815475032019,-0.38940499807162854,-0.08375482267818739,0.058062539453687875,-0.12359531692245784,-0.1768064422319,0.10833624977870127,-0.09285494184730761,0.026555237368875054,-0.2048107721304727
166,-0.11168220706029451,0.11655943693591349,-0.11151842115537668,-0.3698786120152407,-0.08339982318659762,0.061744101390790854,-0.12344216946276022,-0.17142738865115334,0.10588631703673083,-0.09299386866142968,0.026515703216646466,-0.16654591321988838
167,-0.11158597112592922,0.11592218624506904,-0.11141041794259855,-0.36450906416403567,-0.08570963174723789,0.06322901517049874,-0.12263853789339135,-0.14140894497228726,0.10613798491410534,-0.09263749367746016,0.02665145809520423,-0.15858929163513585
168,-0.11641622306855244,0.11622316609660867,-0.106720115162617,-0.3363982375712655,-0.09096406205624546,0.06653940929936507,-0.11831851991845424,-0.13325060877959485,0.10638744833795952,-0.09480823841032188,0.026366821544914168,-0.1444507926623379
169,-0.11525676749953974,0.11566519948777206,-0.10758301220246316,-0.2904961902220162,-0.09626952477044962,0.06596015990304237,-0.11989520423382816,-0.09514754491654599,0.10167341455809621,-0.10059496359170444,0.03112286421011337,-0.11598961035325431
170,-0.10961404133872577,0.12025574771061871,-0.10509865420594894,-0.2715795681985979,-0.09697534496240674,0.0661749786622984,-0.11357192696835151,-0.07781809520963255,0.1012061814006379,-0.10214086536883527,0.030748823435522758,-0.10476326373254619
171,-0.10679693183767078,0.1205034286327703,-0.10230020318413036,-0.24994688400720794,-0.09692333606548546,0.06591362523705506,-0.10949104259020011,-0.0755439256640164,0.0968094110404909,-0.10130717412539413,0.03198083931086178,-0.08034225512046175
172,-0.10724398893521636,0.12060327618270732,-0.10273789181096778,-0.21662842843050192,-0.09689909110845851,0.07067019377724587,-0.11052196282171213,-0.05635860038081326,0.09766168875196782,-0.11079589710231257,0.037758313989908865,-0.050502202122555025
173,-0.10703529349921848,0.12023672033814699,-0.10269792690044238,-0.2054813318846768,-0.09699930567736617,0.07517637079143485,-0.10574115225915584,-0.03719013152562137,0.09568307667915145,-0.11044408790970156,0.040249986028501085,-0.0442496568665655
174,-0.10737587599455102,0.12239756175896818,-0.10266598975437759,-0.17587602765207727,-0.09649452757104814,0.0745051759291356,-0.10537817199607216,-0.015978332450820712,0.08596686766339492,-0.11066298771060465,0.0392795811402663,-0.03786049051935883
175,-0.10269025058733564,0.12541094573548472,-0.10217531678599268,-0.16258275964510277,-0.09952129076774538,0.07679587104784133,-0.10085287154351255,-0.005173029523358201,0.08419370077964743,-0.11071388560584708,0.04377660666646718,-0.020440053944257568
176,-0.097571489104735,0.12492405842835487,-0.09874580140119796,-0.15466501782926365,-0.1012480301785666,0.07924267359519437,-0.10148363188762412,0.012626878834367384,0.07971012099235371,-0.11012596252775292,0.044190792988845776,-0.011335817878148077
177,-0.09357748351418013,0.12499758965094764,-0.10328888378854738,-0.13057379679601439,-0.10475750632461854,0.08230606578311798,-0.10116886813278601,0.02748353095985787,0.07913884626433505,-0.11385183272488415,0.048944552317292535,0.00405611325613833
178,-0.09263130937513078,0.12502024625551633,-0.10252889621411625,-0.11083837619661056,-0.10987216796519012,0.08389667785369372,-0.10179228481940385,0.03616868660256015,0.06922939349895721,-0.1148454453130226,0.048337460999200735,0.024535574240084002
179,-0.08660092053851635,0.12512875671362983,-0.1027095544199555,-0.10957531442392272,-0.1146845637979783,0.08368316100856374,-0.0977067764056246,0.04378904274889531,0.06504151602155414,-0.11923898474693913,0.050199519006066534,0.031081562005764334
180,-0.08446939493781185,0.12345198898855299,-0.10267346429928609,-0.09034073710497209,-0.11443970454779973,0.08369463098188526,-0.09681186628792267,0.058003118639544306,0.05925988634767178,-0.11943968813485262,0.053535051947261054,0.0393192396877682
181,-0.0851849724250972,0.11545802642383163,-0.10267906986755405,-0.08469570242842402,-0.1146554204348822,0.08373969080505375,-0.09676841048128451,0.06495370074644737,0.057761043235986693,-0.11932180403060474,0.053011905985806095,0.03995315454346936
182,-0.08103894741318665,0.11421697191056493,-0.10267862371351794,-0.07924650348340809,-0.11408041406877453,0.08345652741105249,-0.09164452353764796,0.06621324637520279,0.05396850433170792,-0.1207438639278233,0.05308376490012447,0.05133350446016127
183,-0.07588575888360409,0.11150316612974481,-0.1026785424294976,-0.0758802132750401,-0.1173312944925574,0.08531698246228424,-0.0864697441806299,0.06611326130633673,0.05327392031164213,-0.12425437318904585,0.053165285574664954,0.06445975358679108
184,-0.07603166389983304,0.10882724227026888,-0.10267847875545166,-0.07387771123127652,-0.11876188035367231,0.09056211633653863,-0.0833297352257543,0.06610580059796622,0.04864463686124624,-0.12425734858590105,0.05313327998759707,0.06611761172284196
185,-0.07514696836947371,0.10297637672269926,-0.10267912707190141,-0.0714984970607369,-0.12278252105692875,0.09609319862892551,-0.08378335377005723,0.07127361992290285,0.048267382534244764,-0.1206862700546244,0.0578667265357821,0.0690016577449879
186,-0.06925045717478874,0.10273030078233959,-0.10267615472687555,-0.06813380599639904,-0.12336807778287927,0.09659400755339317,-0.08368513229802492,0.07528324455005646,0.043780698169125006,-0.11930765973043357,0.05712760505293045,0.0710793858427508
187,-0.06708986516998136,0.0979564687054926,-0.10268733572684487,-0.06684411002508184,-0.12336714337107638,0.10130304092080426,-0.08370246348004545,0.07442297030255322,0.04431248815216844,-0.11947889562687021,0.05934528098708465,0.07073608716293717
188,-0.06410705091456526,0.09833262400292042,-0.10265438868958457,-0.06695726270819316,-0.1233349373048739,0.09672840465520127,-0.08370039742462185,0.07727262667736416,0.044542202964895264,-0.11947296965607254,0.062027101478913375,0.07080799055092171
189,-0.06227853934919503,0.09817801904577891,-0.10270120614051176,-0.06656858290279842,-0.12337714640871632,0.0962869950828847,-0.08370036103182862,0.07969931357894816,0.04169977241390378,-0.11946695001048652,0.06445187301545248,0.07122625874350452
190,-0.06247673668301382,0.0982234847869597,-0.10300307487452535,-0.062057816695332675,-0.12322145975129786,0.09192738105123358,-0.08370047438250561,0.07897003750237813,0.035841252192829895,-0.1194696902144134,0.07025989647926838,0.07539528415905629
191,-0.06248197384053049,0.09821213702653729,-0.10760500044467956,-0.06265554433883645,-0.12385738702820669,0.09298584987082091,-0.08370043224088439,0.08328080460383509,0.035550824053920876,-0.11946886237309925,0.07082737939338278,0.07680790287637457
192,-0.05727554523550049,0.09821523346612503,-0.10675754667133083,-0.06234849024323593,-0.11978028048941,0.09012967029462454,-0.0837004344873458,0.08816490467239542,0.030880895571585538,-0.11946902714559382,0.07075721997609424,0.07965625733001498
193,-0.05324989566456968,0.09821282322250444,-0.10894162460187902,-0.06297473328555703,-0.11910947754197006,0.08496083202501636,-0.08370047328677806,0.08870857033665336,0.030228021747309337,-0.11946915251805341,0.07146707356545427,0.08255107071466379
194,-0.05366183015821491,0.09821388797201945,-0.11486093187349418,-0.05887569777206418,-0.11451653586573483,0.07970825004434706,-0.08370033592956372,0.09297734228492868,0.027335351787314645,-0.11946867712407118,0.07568391238808012,0.08425871783096274
195,-0.053565711173594224,0.09824706598809824,-0.11623980458659164,-0.05790257039923556,-0.11459001274444938,0.07928169380466575,-0.08370063686328322,0.09249624102016148,0.031522464904155376,-0.11946925118743021,0.07512502509235919,0.08410720352457496
196,-0.05350732351326745,0.09795962176176881,-0.11605287407622844,-0.05785248856008336,-0.11475500264210142,0.07925582376149207,-0.08370098818792483,0.09204496577009771,0.03105682271747089,-0.11947444363465809,0.07512529263653443,0.08422693412648972
197,-0.053797300610730195,0.09989006376215252,-0.11607047276494739,-0.05355263941339664,-0.11289359774015469,0.07952378502220887,-0.08369190821995114,0.09585853152678755,0.030211084681025204,-0.11942097165436404,0.075662525274686,0.08873632373543786
198,-0.05305719851823466,0.10311441839432,-0.1160727408122332,-0.0511330258524622,-0.10969969572781166,0.07778926798049561,-0.08375768511054893,0.09681890477376356,0.03836404168048467,-0.11974822115625461,0.07138125917402628,0.08934038688636536
199,-0.06257949758734661,0.10258856100802274,-0.1160705784428844,-0.043699200952695805,-0.11022146923290974,0.07444614609255253,-0.08340802230147776,0.10114999233286565,0.044208592166362734,-0.11761895976025168,0.07075223278244833,0.09533291389372547
200,-0.062338431850638046,0.10269348630855857,-0.11607359767281519,-0.044734389445581266,-0.11011736251722053,0.07497698445240007,-0.08581481523696474,0.10589575123377279,0.04423729527456709,-0.11232344296767133,0.0704550003998176,0.09775155515299563
201,-0.062545538991609,0.1026770696505368,-0.1160623885025227,-0.04505877369631765,-0.11013364270472577,0.0749029956366952,-0.09180286640845149,0.10563246797909617,0.04408645735788276,-0.10698042653753165,0.06592225864251684,0.09684014043248651
202,-0.06258168118148706,0.10267842204327325,-0.11610498696251828,-0.040719756251000196,-0.1101322949078561,0.07481985190038341,-0.09224466060138066,0.10584334370820743,0.04548705246934281,-0.10610840129476092,0.06675081391262211,0.10124595866269949
203,-0.062047578091619364,0.10267886632068987,-0.11597389067136539,-0.04016279053455143,-0.11013208695501973,0.07487663374046738,-0.09688409714349701,0.1052814880241286,0.05086248699358225,-0.10619410744196506,0.0646019230312391,0.10178524849261585
204,-0.06547642674317955,0.10267736888858495,-0.11620130790996329,-0.04016161569849811,-0.1101318196596607,0.07016062777724925,-0.09758144588330828,0.10856777086110617,0.05617500994910211,-0.10617639289829144,0.058770588509049024,0.1017881614817327
205,-0.06718458326763056,0.10268462969343065,-0.11140258059390448,-0.04017006543676796,-0.11013415510162078,0.07086285869564113,-0.10667056975622724,0.11035646042704787,0.057824371520465025,-0.10637194138756743,0.05726603538913535,0.10176181366107867
206,-0.06693950934983137,0.10265204181056178,-0.1117687557150819,-0.040273341643304046,-0.11012334620125833,0.0687426824681128,-0.10510263814536394,0.11012388443117037,0.057237103670944756,-0.10494271500688557,0.0577350776240536,0.10177237254482346
207,-0.06696322643513222,0.10277748574579558,-0.11123910209490183,-0.03972484503846275,-0.11016502897124111,0.06601498370020256,-0.10806368102742481,0.1101424367711484,0.06198586928944346,-0.09896217840075408,0.053017095259349965,0.10176914760498848
208,-0.06696610187783224,0.10238615535868757,-0.11373186987779813,-0.04316395380115841,-0.11003498315028681,0.06357128034219282,-0.1104226515240586,0.10963791923018922,0.06185827395063702,-0.09737086789203207,0.0484420830864835,0.10177069213007776
209,-0.06696224369591268,0.10683723827214857,-0.11644208320955489,-0.044853899948174895,-0.1102789737377113,0.05827088822995733,-0.11018698213403534,0.10527624709266922,0.062028722754025406,-0.096505857443098,0.048774513974473355,0.10176779659863773
210,-0.06697215649384308,0.11189535129009649,-0.11600549175744782,-0.04462220377135537,-0.10554378590695822,0.05316937632570833,-0.10992438507795005,0.10588120904012034,0.06166530053890421,-0.10567798815747828,0.04857242517275498,0.10177402961338589
211,-0.066929398086671,0.11711687631056679,-0.11607945388851071,-0.044640675950473906,-0.10596318460411489,0.05294702015055108,-0.11464986890647988,0.1055736081798895,0.06385850428027057,-0.10633296018350627,0.04901609539469369,0.10177922693739203
212,-0.06709991228121602,0.12086708693575259,-0.11607152728072531,-0.044644701469310114,-0.10468508938455537,0.058059420427064794,-0.11444238523524584,0.10620210835563777,0.06988577759912347,-0.11560770084029506,0.046070768273893156,0.1016083451788587
213,-0.06652805309418135,0.12063905627854019,-0.11607036946772045,-0.044642211135099245,-0.09889571921595271,0.06258937811811366,-0.1145707318343056,0.10205801932284869,0.07055407977467772,-0.11591146432886308,0.040377208601012876,0.10300529881382756
214,-0.0711491648913405,0.11970615464943242,-0.11607659532670012,-0.04464303212867128,-0.09662148357254362,0.07025903309183469,-0.11452847700801472,0.10126178005650875,0.07497397848343727,-0.11999351881598429,0.039775608014985024,0.10666270243917132
215,-0.07146939177312782,0.12519296842384642,-0.11604391266658089,-0.044642816497558836,-0.09700275180582985,0.08978567888763604,-0.11453931906862351,0.10131103804802427,0.07514457971908303,-0.11944073493983896,0.039802646516752915,0.10608829681161017
216,-0.07666755955038085,0.11084165482885501,-0.11619569071107926,-0.0446428679322716,-0.09682024273577879,0.10063158122166385,-0.11453768480512455,0.10132867096922897,0.07575444250635567,-0.11910995530354372,0.03999934428442426,0.10621476074643946
217,-0.08150418122986802,0.08950590726301456,-0.11559668005418783,-0.04464284716069268,-0.09699191702312718,0.10475147214587584,-0.11453579757782761,0.10131919131347873,0.08140195297007538,-0.12064186759014771,0.038557990127198405,0.10619191900946413
218,-0.08692582041584902,0.08324174301428737,-0.11979349916979413,-0.044642864299229125,-0.09228955005038461,0.11325553244167706,-0.1145387961958869,0.1013222252595402,0.08435459182132614,-0.10685182102995518,0.0348161619841181,0.10619479024116552
219,-0.08964866086788538,0.058959109905348125,-0.12059679607207088,-0.044642986496016626,-0.09250108711617715,0.13726513239092775,-0.11456203544754194,0.10132144135074675,0.08424687414994804,-0.10617447853153078,0.03600155074902649,0.10619465623392457
220,-0.08912201004174249,0.029737152236028967,-0.12056131155855147,-0.044641673725144285,-0.09318492035505894,0.14943611539221602,-0.11431240141083666,0.10132161315682264,0.08317629538866385,-0.10080994165405796,0.032003116465282984,0.10619579338681763
221,-0.0895954299747848,0.0009683223003395698,-0.12034561427991035,-0.044649769821928274,-0.0881184747921391,0.17573812309356257,-0.1160793331779132,0.10132158210721263,0.09181100879515271,-0.09600681183763678,0.031074216552390246,0.10618801518436156
222,-0.08535481820726158,-0.0157345358822602,-0.12187542263142388,-0.04461029383274845,-0.08348293826815666,0.2019564790402308,-0.11939185505194232,0.10132158605890736,0.0929641041535145,-0.0910506085284942,0.026712033806181586,0.10622619089794307
223,-0.08029711899104368,-0.040525890719278077,-0.12546799385006585,-0.04477225136521498,-0.08028055873353064,0.24969242225373411,-0.1188141517879731,0.10132158602121207,0.09294787112758755,-0.0856197206459822,0.021959914610707586,0.10606950687293201
224,-0.08039413511250575,-0.09782868736577179,-0.12488706180108655,-0.04422479379443841,-0.07944706633843844,0.27258296222697986,-0.11907605998498244,0.10132158587582007,0.09296753714299269,-0.08383973650307013,0.022145583665640314,0.1065991507463399
225,-0.08053262978909899,-0.10714709930683737,-0.12505148359314122,-0.04879726602818643,-0.0748801962388871,0.32521731050425656,-0.11869939194110486,0.1013215857476974,0.09255330274322382,-0.08410524539596313,0.022439440853099533,0.10209735141376917
226,-0.07900115013458503,-0.12900103562942195,-0.12491382361270748,-0.04908890045584613,-0.0749821191676627,0.3690794578209168,-0.12341491646777927,0.10132158671993068,0.09522063671964111,-0.08406849939922763,0.01998078484702702,0.10182463759085611
227,-0.0730499190640384,-0.1629964356036831,-0.12503333427599905,-0.048975784723109365,-0.07478975580883485,0.3792287877516805,-0.12385639802680709,0.10132158259247377,0.09721631499364777,-0.08406964156270615,0.017212858351177297,0.10115590346416761
228,-0.07119087646084202,-0.1745476567211399,-0.12026301845854429,-0.05031318393322708,-0.07526739857949992,0.383579336099257,-0.12822432957383642,0.10132159693596861,0.10080697927892951,-0.08407521426624094,0.01818751525775315,0.09681547358458155
229,-0.07146055838782422,-0.17844955266876475,-0.12065237711443322,-0.05404767220466148,-0.07258677946525686,0.3831724400972558,-0.12772694785470504,0.1013215607073882,0.10180733037978731,-0.08404594594965639,0.013646767398972774,0.0978732734313894
230,-0.0714399280584408,-0.18390335515083106,-0.12050067467540507,-0.05346290400088099,-0.0701499819510207,0.3832052016117762,-0.12731544549441973,0.10132156925452321,0.1017271262366071,-0.08419249798525653,0.013285576864727675,0.09474710911449188
231,-0.07145777059418966,-0.18250045847463783,-0.12054647644392719,-0.05358985995335394,-0.07054051561424317,0.38450937012006703,-0.1309729779589266,0.10132224747009781,0.09702531920953808,-0.08356153028303541,0.013261739515132213,0.09264004272736454
232,-0.07085421995762514,-0.18720649121127336,-0.12052492793846714,-0.05357508866796738,-0.07047880135046317,0.3978855367067983,-0.13231020187682058,0.10131662466927947,0.09746905463220891,-0.08751974947167762,0.013211894020741377,0.09295954226921342
233,-0.06650068717602671,-0.18748008074906836,-0.12056464905764046,-0.053565276827804466,-0.07048410557062082,0.401223816739727,-0.13215117518606379,0.10134843745271092,0.09730254118221913,-0.08831126700924267,0.013655622664461693,0.09291900242693737
234,-0.06712070917239789,-0.18744988016212163,-0.120480227282701,-0.053484660327101585,-0.07048525004316224,0.40089016005350475,-0.13214800698318616,0.10120102165388674,0.09738830319888149,-0.09284520422698585,0.010862987054449427,0.09292580356694292
235,-0.0668087550957015,-0.1881195234955456,-0.12040187235113393,-0.05445442033626089,-0.07048297287702723,0.4072296177438884,-0.13221854049817924,0.10178064474188234,0.09721068303246229,-0.09285130963729643,0.008534471419798736,0.09285778694634118
236,-0.06744660108625739,-0.1959310875054375,-0.11566874114221418,-0.05852326780428454,-0.07049220698676258,0.42911036009973014,-0.13181570055881603,0.09767613014481284,0.09774977794141106,-0.09294907002322332,0.00889227900428493,0.09329394441583862
237,-0.06327374506628461,-0.20300942399016805,-0.11649541906928737,-0.05788318810237529,-0.07045115238781714,0.42725778085818455,-0.13433157979657234,0.0968080994222241,0.09310676672205405,-0.09292943842528383,0.008857855752474556,0.09059532541073453
238,-0.0624307773040862,-0.21245590731139302,-0.11411537943487622,-0.05818999549719194,-0.07060988449560084,0.3958997230939071,-0.13700753012579994,0.09670810994411945,0.09282496158885963,-0.09283288914629144,0.008898179033121324,0.08862142700177442
239,-0.062496109818782314,-0.21278158086867674,-0.11121353949553056,-0.05760978583517263,-0.07011048689633598,0.37276236915328953,-0.13619573249272068,0.0923196002314504,0.0874088850892393,-0.0932850980271237,0.008161294613033238,0.08501759369866455
240,-0.06243780639827887,-0.23184275366073598,-0.11168016020878975,-0.06216244562216104,-0.07469712291108663,0.35995179271652594,-0.14041346876008745,0.09136682407615856,0.08373144570433326,-0.08985430190564264,0.003958341624285861,0.08397603578467068
241,-0.06308187235757759,-0.21285294844023414,-0.11160142658168933,-0.06247816018018801,-0.07485782902518935,0.3321983227590455,-0.14544664404329788,0.08749917921574285,0.0841895148009919,-0.0845200138357867,0.00454189043918995,0.08406469197098278
242,-0.07116643178255753,-0.1998754608702871,-0.1116033097040368,-0.06252435894530031,-0.07477245812676665,0.32599166782536076,-0.1450122966808736,0.08868910977364113,0.08392368345923785,-0.07963975991148592,0.004428741626668421,0.08407495272748447
243,-0.07615512712990728,-0.19383961348198672,-0.1115426706121612,-0.06249151786177569,-0.07595532136861705,0.32554076085442085,-0.1477345066404304,0.08480517553020923,0.08452879876704786,-0.07025679641143547,0.004315352677242554,0.08408823102738215
244,-0.07886306620433832,-0.18465189132028753,-0.11227222344620037,-0.06250036662322464,-0.08130098258131348,0.32132789256709554,-0.15511740866094634,0.08356202052762167,0.08019126371289871,-0.07124872311437801,0.004734054028748217,0.08396636839860061
245,-0.0805746282839753,-0.1828361426744374,-0.11808401793755861,-0.06250854334854537,-0.08660824449680245,0.3204740927196172,-0.15396733732447027,0.0837057614344088,0.0796265709171533,-0.06911946009594519,9.23382799082567e-05,0.08453073373809464
246,-0.08033254381397863,-0.18307321281028532,-0.12086480234905109,-0.06246663873942155,-0.08833471343502021,0.3144170571421388,-0.15423529393860627,0.0837032825543595,0.07371082612415791,-0.06594913962993731,0.00033309001317974893,0.08089509172518836
247,-0.07520325996958459,-0.18303122807103178,-0.1204661456059871,-0.06259447208065148,-0.0880551180926781,0.312631068752416,-0.15415417966665,0.08371386960051098,0.05482690457857212,-0.06646043672166593,0.005536072465794042,0.07939490437481135
248,-0.056276161256814894,-0.183035152587415,-0.12054718188644432,-0.06239634787809816,-0.0881254506751547,0.3124965774518296,-0.15421260462388253,0.08361002526935088,0.04390559764053304,-0.06635604280894959,0.01035866321564293,0.07975712279148302
249,-0.04261781388630471,-0.18302482783839924,-0.12053539055714879,-0.06718767918064163,-0.08835985008272831,0.31346000100131843,-0.15448514778570163,0.08413217947868973,0.032432732427658956,-0.06637454927640997,0.015891660913703535,0.07500370060872931
250,-0.024679306659874563,-0.18314094321018043,-0.12053679543139334,-0.06685757132505434,-0.09353929472831364,0.2993261879135838,-0.15901289438902869,0.080881176847078,0.028005263014592788,-0.06637320711104305,0.017692549456933198,0.07532876653109714
251,-0.02592192652023385,-0.18220986619681612,-0.12050596940416022,-0.06697391151549702,-0.09856508118537272,0.29384923987960876,-0.1583767804604396,0.07895257095957575,0.02635726068699846,-0.06633455348670667,0.020517617970581343,0.07518911314534468
252,-0.013601707702647637,-0.17348563328785738,-0.12075110825927401,-0.06707469370879424,-0.08858423910141372,0.28656211627602507,-0.1585114847437712,0.07957772207915076,0.026522232771760648,-0.06663960008955348,0.02984197441235956,0.07522304970224161
253,0.0019281412665110092,-0.1516546617837848,-0.1190553606949038,-0.06648491183023826,-0.07490886442336987,0.2556141721001092,-0.14122420489601895,0.074842871910273,0.02651197819642607,-0.06463585712682345,0.044579927264930756,0.075246302809401
254,0.01678057288461901,-0.12907432034688,-0.11337124843259626,-0.07050350722803615,-0.05052382318722366,0.2208565630297777,-0.13969529371212644,0.07498009310608628,0.0213054988073737,-0.06149097021064189,0.06275951693896269,0.07513257865224046
255,0.04204035239233531,-0.11014958624179783,-0.10906089307430454,-0.07152410594951972,-0.03281507018298794,0.19598647043595968,-0.09981066925539925,0.07480131890921222,0.017294615125998898,-0.06215955755224265,0.07255975675702879,0.07541772004926352
256,0.10104978568690214,-0.08482723127783239,-0.09957380130336642,-0.07143327859479164,-0.0044291215743489645,0.1555283757957777,-0.09191177588816311,0.07520689743214382,0.018205111898591003,-0.05932472788439903,0.09879132130224548,0.0706754376992829
257,0.1539611829628739,-0.07617494630435188,-0.09405696098971195,-0.0714214684078188,0.018540576919916306,0.12108803577805691,-0.04495490268430226,0.07281486714267774,0.014435789939709799,-0.045114127679005245,0.12073703614236807,0.06572666641813953
258,0.1855606021238518,-0.021178155394985496,-0.08424732367518108,-0.07143621541490203,0.026446274365811314,0.09580128795384175,-0.05046850179260099,0.06756777913427658,-0.0031758957863989587,-0.039799685851652215,0.1393332768051281,0.060433692724454986
259,0.2250035606921676,0.013453093819848631,-0.07935095279746023,-0.07139982985087555,0.05033952444774098,0.05771878950876223,-0.043124687480855746,0.062255032282455075,-0.019187509331764684,-0.03250554872088252,0.15489747942163717,0.05717906673133744
260,0.25805694838922927,0.034772844243714414,-0.0754776395423331,-0.07155263211346787,0.07870291170179841,0.01705238277441303,-0.03147786977455794,0.061640402861874104,-0.03886332557086629,-0.016040150889895265,0.17643464125159578,0.05748569707118093
261,0.2710867786676747,0.06439746727596331,-0.0760042270797133,-0.07096898151459058,0.09498661083596224,0.016606727774990834,-0.03123362494447778,0.06171570320616558,-0.05464718355258008,-0.017780677622737242,0.17721218880673714,0.05796080653489685
262,0.2935839397774657,0.07893048421924766,-0.07584903611493202,-0.07522400456425747,0.09103468175163522,-0.022110049542158623,-0.02705289124088729,0.06098718907991628,-0.08793676970251584,-0.020072772015778798,0.18718642544623387,0.053762770022403414
263,0.29461003545009223,0.10465810462483455,-0.07596747248769052,-0.0759618843105634,0.10457824454462741,-0.04279312384104591,-0.026424280064041,0.05680186308877776,-0.09278262240564042,-0.022653661132341556,0.19175706642757945,0.05302876570212224
264,0.29965981531733665,0.12100334834083136,-0.07572436330433782,-0.07618976088574433,0.11015057017508081,-0.035482199626270895,-0.026677761486744802,0.05738674239290209,-0.10772673274586082,-0.02145929291748674,0.1951101387486825,0.052802886047237985
265,0.29864858651247767,0.1396529106966283,-0.07584135761863206,-0.08076114175671643,0.11011188996819153,-0.035227865429841826,-0.023721580954437417,0.057267930404845895,-0.12084316568568798,-0.03050808566958206,0.1945715878521772,0.04827344300501108
266,0.3013468347332367,0.13767226465028018,-0.07992360679623192,-0.08020548186643575,0.11013980165197636,-0.03524040366597734,-0.04550414365823063,0.05717687833644192,-0.12244788436067983,-0.03541284054439915,0.1947986009256949,0.04881514749400786
267,0.3189316273765135,0.14028609968788391,-0.10539096644636646,-0.08051341961868802,0.1101288941658386,-0.03521484286666792,-0.08979779305722967,0.05752904609484627,-0.12668132590972067,-0.03619411842354494,0.19444359358045912,0.04855504576931291
268,0.328945433072994,0.14337422622295518,-0.1503298256179999,-0.07984431173355643,0.11013792344089485,-0.03542912997703025,-0.1373976766361144,0.052984300601580485,-0.14572468099281133,-0.0396818870385338,0.19898007950928323,0.04902863035380535
269,0.3411116384906479,0.14230569273132543,-0.215785954051439,-0.08395068081165552,0.1101121728331253,-0.03388572014970292,-0.18499567443096662,0.047934572234702405,-0.1514364475062405,-0.04366212802156865,0.20380410616751432,0.04562093175943837
270,0.35225831838961297,0.14661456199736392,-0.277473445388731,-0.08473462416557936,0.11019212311957542,-0.025990844765856832,-0.2500499405587542,0.04371725680937944,-0.1653432867447964,-0.049622058212502415,0.21068175709844125,0.040105434232002704
271,0.3624580201127516,0.14737673484782401,-0.36231767674196885,-0.08939258258948862,0.11003334023361866,-0.015290925712767538,-0.26896430570472374,0.044158647952974146,-0.16074615523230326,-0.048002226765044634,0.19110969652609702,0.03983246217047279
272,0.3763664149040991,0.1473324522725476,-0.41175352786311276,-0.0938419943905917,0.11498034644457988,-0.009480925430290913,-0.29855103173869774,0.04401027240756333,-0.15027296212381755,-0.05275651306439575,0.12376876900121025,0.039804366883066516
273,0.3714945117951994,0.14731433116828377,-0.4663944601048349,-0.09478978908814707,0.12522922449021187,-0.004458320003990688,-0.33728991718805035,0.0441264387559692,-0.12181528780901399,-0.052963050729505724,0.05046047451874915,0.03984322543876629
274,0.342073397861676,0.14732381512510045,-0.4848546379316895,-0.09868865456319334,0.1338709740744484,-0.004196080750531958,-0.389790621173831,0.04382628856782516,-0.09736800822861555,-0.0623386050714993,-0.10203581933239955,0.039746693735645176
275,0.2872817741046539,0.14732079066668136,-0.5279480542444898,-0.09822190077763218,0.13866051609297045,0.0010720836679486323,-0.4415244965146066,0.04455998862175468,-0.06594830645636568,-0.06263389245987105,-0.20038887731508748,0.040154939554008624
276,0.25183663589664135,0.1473215735259541,-0.566232369228425,-0.09776725440674411,0.14177144410991935,0.006203138304863522,-0.5103707731092392,0.03513816528994216,-0.03058823619854315,-0.06656031047934022,-0.28423733369207704,0.03717754721401362
277,0.25111121046429524,0.14732140094346788,-0.5690994091292098,-0.10200272577231823,0.1376565347416527,0.009195080923176729,-0.5390719691768041,0.035423471739637315,-0.02187588931438755,-0.06844637945551307,-0.3383052505882199,0.03136748066083343
278,0.23294952252452336,0.14732143252424687,-0.5802684284036832,-0.10272413273682714,0.13642516569524316,0.008647032959091564,-0.6009588219616925,0.035092511827817426,-0.022659103047265778,-0.07085457554781367,-0.4270300618823018,0.031078255537320795
279,0.22747412274336443,0.14732142837031661,-0.580362030732536,-0.10271139866420188,0.1365692312867909,0.01090243079267588,-0.6478793546869529,0.03572062546770307,-0.01898788845161313,-0.07368187890495836,-0.4673988153399859,0.026361424029591077
280,0.2228211603881636,0.14732142847371504,-0.5803551816852803,-0.10246779976956948,0.1365464794852539,0.025291637559414118,-0.7177235309732625,0.032481760958173476,-0.010043098920338448,-0.07940865105972474,-0.4901812817626232,0.026450425893467393
281,0.22334672379491538,0.14732142849077662,-0.5802545150629003,-0.1041220887954183,0.13677110953092983,0.026429759411769713,-0.7374988993343226,0.033144971664889854,-0.008576978953461534,-0.07963830189259812,-0.5032546456312847,0.027997978237003517
282,0.22316747087915806,0.14732142936880577,-0.5812928385258795,-0.1075671314120278,0.13511864360468834,0.031227626340757736,-0.7515130624860183,0.03914270731606271,-0.009252594316246782,-0.08427714039519656,-0.5096683047136126,0.031126410874222805
283,0.22327381727095313,0.1473214246440793,-0.5855573869525671,-0.10718118073877372,0.13175748993359904,0.030220752247432647,-0.7609572164470569,0.03971718143381373,-0.0046334900690315085,-0.08472428471316178,-0.5087156603974877,0.033165207296085346
284,0.22302498457895994,0.1473214447116781,-0.583526403985755,-0.10669438892618091,0.1320465410734102,0.034054683907656355,-0.7732962609217678,0.03979924481853833,-0.0044709220774067845,-0.09033922284145657,-0.5138420923688146,0.03920018637441556
285,0.22375289110629246,0.14732137312862134,-0.5931274467904344,-0.11126205165499164,0.1328652957444819,0.040513085713119956,-0.783338185258045,0.04510893910490886,-0.004346032753264329,-0.09504459187186269,-0.5223981972074461,0.039679716746925185
286,0.21865761074985643,0.14732156679695613,-0.6055020873775077,-0.11162859942034745,0.1246264653932562,0.03946515121919291,-0.7931851529257798,0.048884231619602175,-0.004769316054104534,-0.10054852344908304,-0.5246920702339265,0.04430366081371061
287,0.21152410925738627,0.14732140505234526,-0.6152512703016333,-0.1165466364850626,0.11459328288590631,0.039678872431033,-0.8214484620635762,0.047951063368859674,-0.0019048323657570847,-0.10194104657480081,-0.5315305143637168,0.04939056688607729
288,0.15284520029779022,0.1473187468115759,-0.6253411004834779,-0.11477421802838082,0.10014429448449812,0.0396440829757037,-0.8429740370715085,0.051123455685580736,0.013936711937596252,-0.10175561240660509,-0.5510727267046773,0.05345765590359642
289,0.13386776872473377,0.1473434067005942,-0.636773421329253,-0.11158166446376992,0.08861425040612293,0.039647419979817425,-0.9010197630608481,0.05313069014030456,0.015651162836210354,-0.10177386705219152,-0.566709570248269,0.05300204008630138
290,0.08193885053937108,0.14719764683888573,-0.6757960227194392,-0.10912851219449239,0.06925190506388623,0.03964776000516055,-0.9606491967484746,0.05282527137309841,0.04096582373184015,-0.10162668303676521,-0.5720438136318399,0.053088232841432506
291,0.05441175884460629,0.14789473423031843,-0.7493137503490929,-0.1072816209077386,0.04041579810928331,0.03964784727957283,-1.0208212915301764,0.052865901055593634,0.04847236335759742,-0.10292544304052982,-0.605588049778127,0.053218803949596605
292,0.017699900453219824,0.14388913064137135,-0.7988513309225472,-0.10342790211655839,0.020900778898915277,0.03964567820302551,-1.0978963007246745,0.052889307191454966,0.07352502588677726,-0.1062878610887293,-0.6141572874900003,0.05272279467872073
293,-0.0007382716383046786,0.1461950110674952,-0.8227614153076837,-0.10262631748812859,-0.002354994413480983,0.03965620913284083,-1.1370056656216754,0.05264105714527057,0.10579521273317416,-0.10847175123445657,-0.6406268643303024,0.057345155149532596
294,-0.06440144970784782,0.14749791544331908,-0.787175600629915,-0.10266342551243951,-0.021762330537931442,0.03961447125219457,-1.1088379592997835,0.054375940892346555,0.14077246384307862,-0.11096363289690032,-0.6932449400848296,0.05749070311903344
295,-0.10020570868508308,0.14740456668566912,-0.7724351371972462,-0.10269707708773188,-0.022261307333559927,0.03975053594727877,-1.088940434097884,0.05776528575978564,0.160929444832111,-0.11057075013320222,-0.7620030776149861,0.057346625093689756
296,-0.12945740770635425,0.15214475283468962,-0.7510269755300877,-0.10261104211581877,-0.042196297692294764,0.039454473930326854,-1.047435165743233,0.05696076272139375,0.2037507441556957,-0.11061057325478232,-0.8153728031669316,0.058965595075159534
297,-0.1589178780783506,0.15139249471827163,-0.7210844313873547,-0.10299873968017619,-0.04775301225902612,0.044182436060053475,-1.031738356513217,0.05992343894930599,0.22601482177335425,-0.11058262570382846,-0.7711914603819022,0.062095667911611814
298,-0.179401127564065,0.1535943799793538,-0.7103643797398697,-0.10036171141261213,-0.04346642947733706,0.04379796616453524,-0.9979690104143549,0.06990498256417191,0.22152636081827484,-0.11123935920717323,-0.7665097742960717,0.06411789184255713
299,-0.17295303201645285,0.15666745395327683,-0.6853588973985754,-0.09454506452784815,-0.044192228465491694,0.045295701373879005,-0.9810947620705295,0.0705013296175413,0.22118919526024347,-0.11550530177194751,-0.7473527314378055,0.0701116261312187
300,-0.17475227637519122,0.15616025973043038,-0.6781915901748461,-0.0935911092105308,-0.04402390615691413,0.048861201799732,-0.9668385277502001,0.07580979704071673,0.21660513550141017,-0.1149180074486792,-0.7284301023319669,0.07074537078822789
301,-0.1702240579542986,0.15628192282994896,-0.6660272575345417,-0.09373586478640614,-0.04406030983940314,0.04859863930475306,-0.9426057919068256,0.0793212687216074,0.21585615903466995,-0.11507359924082833,-0.7178578316266958,0.07526244552517
302,-0.1695830666052827,0.156216842816848,-0.666163815672355,-0.08895222512184157,-0.04404730973549028,0.04756220296792281,-0.9195426297266523,0.08105791571017613,0.21178912373160508,-0.11503847720319939,-0.7035379658961627,0.08458750586845314
303,-0.16931405996514695,0.15612913683746454,-0.6423460594874939,-0.08968274358692327,-0.04403343642778585,0.05591606624623852,-0.9124423702997103,0.08367809508258081,0.2129084997860987,-0.11504512451753336,-0.6962823552849627,0.08385050256775482
304,-0.16510896351095453,0.15059531352207245,-0.6257419431739887,-0.087425363314128,-0.044316153865913366,0.057400307936332794,-0.8944671131192171,0.08670134619881939,0.2095086033384548,-0.1150441875801922,-0.6912474331093624,0.08421673524617664
305,-0.16299360603803079,0.14790958819832872,-0.5887829448185382,-0.0848580027573994,-0.04219038637496719,0.05751746092204898,-0.8824984219612787,0.08830256946539082,0.20474639000542022,-0.11504425401533361,-0.6627803872869388,0.08366228866006584
306,-0.1520627676919612,0.14150812328408446,-0.5525404655517504,-0.08182938839044562,-0.043006632360042395,0.0620270731530992,-0.872386905745285,0.08808698931326277,0.1951965987139178,-0.11504398231314705,-0.6489007931585322,0.08690383101223767
307,-0.1413183664786486,0.13308478021583953,-0.5102805587860838,-0.08005442678278618,-0.049366437425941656,0.06163547549125481,-0.8434136739673723,0.08808807398355663,0.190062990219191,-0.11504598539462182,-0.5724560028345684,0.08944201036861454
308,-0.13805788087103574,0.13122955572604064,-0.4804222895270142,-0.08053846858766368,-0.04825287003730961,0.06129789367880101,-0.8088493772698693,0.08828822894834873,0.18440608476786244,-0.1150355796614263,-0.5351622183655091,0.08003150311785953
309,-0.13550313671184175,0.12576160020880833,-0.4760146059227119,-0.07573699810668269,-0.04857521420972802,0.06426711076555654,-0.7500355670720791,0.08679288961091795,0.17386532601525703,-0.11508088752097527,-0.4610066305033164,0.07971821895823775
310,-0.12084784790881435,0.12063395472416649,-0.4352271502883755,-0.07585648933148664,-0.04835258689066346,0.06648557126497405,-0.6908318509457666,0.08323921117541254,0.16530930910232908,-0.11491323048890735,-0.4549373058380501,0.07977978571914503
311,-0.11548753088971955,0.1205733335882521,-0.39552985380897576,-0.0769066417616726,-0.053074317943469285,0.06568312867958506,-0.641720201520059,0.08380390417458711,0.16408264521589913,-0.1154028820359807,-0.3783042462188568,0.07830593173506627
312,-0.10551859104446366,0.12060693033167688,-0.3890643102589938,-0.0828863922482141,-0.052755487381738346,0.0704165018930603,-0.6050832746654,0.08368108626062926,0.1583807605621754,-0.11068982695923098,-0.3181203445809454,0.07475687615231014
313,-0.1025882530882582,0.11978138615789528,-0.37149854488132933,-0.08509853939130621,-0.052904057203085726,0.0707590139570366,-0.5513276652915725,0.08370322056410948,0.14315688884082065,-0.11034700614345563,-0.22493462345834997,0.07532417894863491
314,-0.10159193175691397,0.1113863424720514,-0.33238262345298025,-0.08477134200675976,-0.05282154707563505,0.07509953751153407,-0.44032114348575946,0.08370025080226803,0.13723076059012695,-0.10596433361610375,-0.21300895163927533,0.07520032234898058
315,-0.0920811498457926,0.10655826630100829,-0.2986471983713436,-0.08482773595888646,-0.053002242055958514,0.0762872534246972,-0.41066917073575687,0.08369801528451662,0.13211840563510993,-0.10490567054021573,-0.147294673876152,0.07522962650587833
316,-0.08976074237290554,0.10702534276712244,-0.2756610425357626,-0.08482141121001582,-0.052389766802189576,0.07934974472065932,-0.34811256379965755,0.08372131073257802,0.12834441122067847,-0.10116481771637997,-0.13806371546790966,0.07522088839762384
317,-0.08140750546940022,0.10772602733981444,-0.24898773456676437,-0.08482101583347626,-0.05688648435712738,0.08195327766737318,-0.3140097790318894,0.0835794776140367,0.12596639666929102,-0.10235331175473333,-0.08630045497664059,0.07509643532607724
318,-0.08038326618892104,0.0982668862926594,-0.2230081912876343,-0.0848225130568035,-0.05724945202150118,0.083967091729467,-0.28574055659405045,0.08427047979511086,0.11448693186935771,-0.09834358852101714,-0.05924036022158686,0.0763080019380913
319,-0.07559967786785808,0.0984678127638248,-0.19799707405442055,-0.08481602286465587,-0.06185763366860434,0.0836717044198503,-0.26243308818719996,0.08031410108236905,0.10755951403272614,-0.09722465102203265,-0.020312352877823462,0.07975438711949194
320,-0.07624725851886263,0.09719150892325247,-0.18794098579178192,-0.0848459248726227,-0.0624956979967896,0.08369938099910175,-0.22552379350398252,0.08269020724679123,0.10298417844742654,-0.09734720750247,-0.006918419336476976,0.08186798992760709
321,-0.07431606268545855,0.09329947628846953,-0.17885468465505022,-0.08472728533707094,-0.06659765851891034,0.08359207116750128,-0.21163239054976432,0.08357089685621133,0.09755683474697036,-0.09739741291729155,0.011732857929291672,0.08454310383544683
322,-0.07139620358194648,0.09380794670000014,-0.14769498474063192,-0.08510989900023211,-0.06592056315706207,0.08467909227225637,-0.18143666666698588,0.08817131891787322,0.09729342204555932,-0.09688350726216137,0.017741591328156083,0.08362849581279232
323,-0.06883592163829005,0.09395072080247083,-0.12524799576061782,-0.08075642923703141,-0.06623312156477852,0.08838972092516631,-0.17198589797241387,0.08801445806983785,0.0925499431716269,-0.08919230906509204,0.029861419405116708,0.08827675042536486
324,-0.06643353838124906,0.09102226597794495,-0.11649952443657412,-0.07576381187286532,-0.0656586579153701,0.08887770153983436,-0.15741620321081148,0.08812150635989485,0.09326581900106617,-0.08377786666405988,0.050702052399695996,0.08845487435394214
325,-0.06765970093664225,0.08098280402307118,-0.11197640533366379,-0.07616091470145005,-0.07013676291832042,0.0823536951473257,-0.13861266365851638,0.08819985316634184,0.09140488552098196,-0.08122958445433462,0.06013570622081104,0.08852257772880778
326,-0.05814552524420884,0.08039852679816085,-0.10705253281213103,-0.07445596986534267,-0.0704684986349812,0.07883364967253922,-0.1199406251157718,0.08764467724428934,0.08610480087167624,-0.07972473202278858,0.0721552596804895,0.08848351487709954
327,-0.05782149040720831,0.07992018913973187,-0.10675994204077342,-0.0713416110322664,-0.07050674308420658,0.07936507248430653,-0.10471057989755925,0.09120878787666013,0.08072975237606875,-0.07581357505142101,0.0730909376446719,0.08851401515605499
328,-0.053091389885379224,0.07438648825915453,-0.10012632548387364,-0.06903040101022902,-0.07048112610553377,0.07931057972657099,-0.09913705010054327,0.09267133841210869,0.07950317451574591,-0.07072124218671295,0.07920070011877253,0.08842727842579277
329,-0.05374268875576226,0.07086738526932185,-0.08879789864453992,-0.06419557835258796,-0.07045940842328603,0.0787922178898489,-0.084713449136335,0.09252758251693932,0.07965438106688304,-0.06575723237074718,0.07963681139342964,0.0887329947751741
330,-0.053417118721758985,0.07243540322610016,-0.08457047614607828,-0.05444845617294715,-0.07060755268739866,0.07444713117636037,-0.08418924134568628,0.09265611334059784,0.07963411477621364,-0.060463110889832514,0.08480553561552288,0.08789072215139528
331,-0.054057974503590144,0.06524845258213104,-0.0820191956776158,-0.05356201265660693,-0.07001385532086818,0.07501624073704152,-0.07493110365285602,0.0980450771173881,0.07982353358807019,-0.057517817183878016,0.09914675601985339,0.09729843456217725
332,-0.05015956132260306,0.0620140353822832,-0.07615559602639156,-0.05365395703165253,-0.07415075717766402,0.07486043110579245,-0.07462629967390742,0.10143471259059633,0.07834480820421048,-0.055276294435798894,0.10155957416936688,0.09711549201361906
333,-0.04895607858963987,0.06271997895574619,-0.07591286157412666,-0.052522007121558974,-0.07494326032468272,0.07489208390235341,-0.06998732125778194,0.1027968429989988,0.07463758154272035,-0.0526242179570568,0.10384953205741754,0.09815058942893409
334,-0.04912290786643862,0.05790295248648997,-0.07114984142413938,-0.04898906166946275,-0.07486859947917764,0.07490148729588823,-0.07062507840707222,0.1087941790836035,0.075833647119728,-0.05355390034823755,0.10607997101525879,0.10388741012732514
335,-0.04949597949251556,0.0581299944859142,-0.07143808381989071,-0.04689466337648633,-0.07535494356845863,0.07486553160790768,-0.07047528368016515,0.11032177327637978,0.0717567110573096,-0.04893674714309035,0.10956722038252106,0.10644833386020071
336,-0.053827007134279854,0.058003469701895134,-0.0720342085030585,-0.04418414281169036,-0.08108112172101364,0.07483321755271942,-0.07039039659344191,0.11011226128630314,0.07098259926680954,-0.04869177063302844,0.11044422179733525,0.10638797533222143
337,-0.05460130662679166,0.05804389076641137,-0.06722351032983351,-0.045020765119155225,-0.08363493157821789,0.06889510636330733,-0.07079869605368497,0.11012910106210434,0.06643383739072362,-0.04881517988601823,0.11498275009129216,0.10540115183940048
338,-0.06069419403018726,0.058036157639215345,-0.05880630289798331,-0.040559605573056365,-0.0861847351247739,0.061168384565916896,-0.06646277787752243,0.11003783758862383,0.06644436011437509,-0.0474199046306878,0.11499689719852169,0.11457923796145403
339,-0.06272962680162361,0.058027159684644,-0.057934922523036066,-0.035433309668036005,-0.08840856874770728,0.06006243176318547,-0.06140542592900029,0.11103623276445684,0.06633920432177236,-0.04417135445773267,0.11484883057081877,0.11505911887564427
340,-0.06257044203541617,0.05806105153369374,-0.05805639747020216,-0.03103229572245357,-0.08806128003309222,0.05684090079458318,-0.05693996299846712,0.11503760049247107,0.06638150115626601,-0.041861597897298625,0.1165814616475069,0.1137409495234364
341,-0.06220665409557674,0.05800481122536634,-0.0580683042286526,-0.030813998723662007,-0.08810839452431107,0.05723779005057935,-0.057587298081435805,0.1143002041443967,0.06636923327338352,-0.03949009708566414,0.11991276339161985,0.10524113815965754
342,-0.06693418165907433,0.05776210794599657,-0.057508288886363085,-0.034780540969403625,-0.08810683813351136,0.057616388058527944,-0.05572441693354513,0.11503700595544805,0.06637220158017325,-0.039894699982198766,0.1193838575853643,0.10644828776517219
343,-0.06689278978789084,0.05317122751425264,-0.05213622638932972,-0.04365619229435723,-0.08810507227627863,0.053062587842042826,-0.04970333117509142,0.11101851413765873,0.06637158449187402,-0.03978595049347199,0.11945509179602862,0.1061379127354717
344,-0.06699848206559059,0.05369300145862299,-0.046854981468627904,-0.044767081060238786,-0.08810639354892202,0.052963896828920796,-0.04870984495743807,0.11004069242577863,0.06637170921635507,-0.039652217199601325,0.11953318229240491,0.10620518432884404
345,-0.06693514194016008,0.05356948446520138,-0.044184892525233325,-0.0446263822357114,-0.08810332186602762,0.05213009962168547,-0.044584630278977994,0.1101275385597863,0.06637170103714574,-0.03450584692770419,0.11953907369395696,0.10619330775241938
346,-0.06706008146892334,0.053449348781383646,-0.0451962069656596,-0.04464323094897807,-0.08811551105435335,0.04800072620059451,-0.044041394061892336,0.11013907128887988,0.06637114976975651,-0.029241057877023795,0.12421895746908666,0.10619471729979728
347,-0.06658614519490282,0.054020412789786296,-0.040642587773947525,-0.04464364698058101,-0.08807171148787821,0.04857981472507745,-0.04403868618495158,0.11012461083250304,0.06637554767297862,-0.026591254796824386,0.123772544655164,0.10619458976666271
348,-0.07008446512176882,0.049591500180451935,-0.04023078301685012,-0.044641298321262804,-0.0881931544471924,0.0484305693033399,-0.0440104664863542,0.11016077450640507,0.06635103972936995,-0.02400319900767457,0.12392785282260023,0.10619599160617085
349,-0.07535140560647847,0.0490998077899332,-0.03545163452766053,-0.0446502532950669,-0.08806823090820026,0.04846340119152591,-0.04434157563843958,0.11000768579692301,0.06646343687491817,-0.021836992216877488,0.12388577238033086,0.10618714362697006
350,-0.08033263090528303,0.0491925298367882,-0.035835637387340025,-0.044608927532492654,-0.09267223828238229,0.048457398078624446,-0.04209352626535027,0.11060039591136932,0.066026116712333,-0.022141779090243573,0.12389540307717044,0.1062297077520891
351,-0.08503555461213703,0.048159017587396415,-0.03567731399684589,-0.044775489249854535,-0.09332338699826745,0.04845818844890029,-0.03680407271895629,0.1064174388655283,0.06973016497597564,-0.022147273505308117,0.12389355832065178,0.10605772273746118
352,-0.08473902741778142,0.04425533460526673,-0.035723500555193986,-0.044224797918934744,-0.09743206025346517,0.04845817095627584,-0.031517646717291126,0.10568377230820573,0.07506734687169474,-0.022421269637535095,0.12389382438378863,0.10662642859934086
353,-0.08480219948080145,0.04431325277066803,-0.03571238764396189,-0.04886214869025424,-0.09675766660759327,0.04845813927580049,-0.030727009402830498,0.10575593764915493,0.07512746376042227,-0.02693737404188463,0.12389380980548503,0.10197994129746875
354,-0.08503111749486313,0.047537613245666355,-0.03571446031113003,-0.049143416008914434,-0.0970705136570618,0.04845815321340821,-0.030685051933047925,0.10519852787734946,0.07601418067174567,-0.026516993541707105,0.12389380256663944,0.10164477597156577
355,-0.08395408410732882,0.04933979864118858,-0.03571458304731706,-0.05526702674969366,-0.09649167318596129,0.04845814827290514,-0.026032567181608318,0.09951888900416463,0.07979277188313581,-0.026118942286173147,0.1238938063711813,0.09712453858888404
356,-0.09150289064041996,0.049080993917854074,-0.03571473694511378,-0.06336427178756432,-0.10096011100802421,0.04845815267804027,-0.02685422372750776,0.09660143608406176,0.08153294233666533,-0.029424765645626724,0.12389380425454666,0.09621768335397661
357,-0.09772659380967216,0.049106430119766196,-0.035703641078003535,-0.06197881010677205,-0.10130926170670991,0.04845814035864287,-0.024468483657695765,0.09690113256625348,0.08444941776968758,-0.030787628355306847,0.12389380880895838,0.09240976178350141
358,-0.1026803900246065,0.049099218169777824,-0.035790324421484124,-0.06472722912564847,-0.10130937844407834,0.04845817372641121,-0.021645322782842088,0.09722115919716749,0.08411461313512725,-0.0348883845782328,0.1238937931321009,0.0930694884008468
359,-0.10272474691690035,0.04917778257787956,-0.03531292208440211,-0.07055662868497249,-0.10157049044659051,0.04845814065773153,-0.022088846751954206,0.09336356518873723,0.0837643141097528,-0.035407434736111486,0.12389383732927371,0.09277133798336176
360,-0.10173276311942163,0.04872231102950927,-0.038253002576559995,-0.07153852706547023,-0.09964036238444153,0.04845772797761234,-0.022041515424440123,0.08813110259833513,0.08844200190728545,-0.03541857320986146,0.12389378644052758,0.09326412001149717
361,-0.09772487977844661,0.05151865075424136,-0.04047560884016659,-0.07142132789547737,-0.09636968840423175,0.04846171875126691,-0.022010630760415123,0.0877845510651511,0.0884266618462245,-0.035389790656788385,0.12389329190816845,0.0885449114646512
362,-0.09833599029853896,0.05389760441543602,-0.04014137424313679,-0.07132819339022521,-0.09747273982823022,0.04843777626321615,-0.021631291499653538,0.08327267606569966,0.08852498774774957,-0.03539890384925632,0.12389830820961728,0.0882909430114994
363,-0.09818829333290137,0.05351685362275617,-0.04017268388993784,-0.07235297543743296,-0.09325846555823278,0.04855350478202479,-0.017429309127142037,0.08373963623384811,0.08849321457154835,-0.03540675573531707,0.12386782614774809,0.08268317812542968
364,-0.09821885428841037,0.05357999058909512,-0.040105593968592396,-0.07647078179724646,-0.0924468417117201,0.048077025774209386,-0.016169371940971865,0.08411161093074951,0.08846565239468761,-0.03536166605650404,0.12401572778286586,0.07930597476039564
365,-0.09821376081020354,0.05358293348545549,-0.04099670803857045,-0.07532025369185173,-0.09250495148087466,0.05163674554592758,-0.012779722060454688,0.08081365425130825,0.0886234314597544,-0.035519984561175284,0.12340812072126367,0.07972979289655353
366,-0.09821428623740695,0.05340612855431332,-0.04512201799469101,-0.07889940466683681,-0.09247397723132937,0.05673418966846501,-0.013186264133314677,0.07907281308527651,0.08807562203676059,-0.03511886728406486,0.12746131052127574,0.07962879558200886
367,-0.09821366150998055,0.05480559564550214,-0.04452052279948314,-0.08056337207210326,-0.09280185979889606,0.06170586807386894,-0.013605047281556691,0.07931915316073528,0.09258108995636272,-0.03984977566853434,0.12834422324872383,0.07964829459884694
368,-0.09821937317220043,0.05853274460003939,-0.04466871107961715,-0.08033975229147876,-0.09063988911505161,0.06151714235010415,-0.009102037787189318,0.079296072685309,0.09290732042816127,-0.04022935413361766,0.12824851227489964,0.07964692509091024
369,-0.09818603558026313,0.05782548055955654,-0.04464026933117772,-0.08036178543842919,-0.08770325616910306,0.0624771153960231,-0.008840198391191358,0.07930409392236643,0.09280260069184339,-0.044705020150770214,0.12356016276925734,0.07964861127103846
370,-0.09834443547471852,0.058427645590075114,-0.04463853351018422,-0.08024021933976874,-0.08818389776343957,0.06826728726953288,-0.008785160713220014,0.07921883139229068,0.09403848438098797,-0.04420977266755052,0.12401759175723108,0.07959987758513183
371,-0.09769906221877671,0.05447900831455937,-0.04464072271277978,-0.08130109269375958,-0.08809411296618357,0.07058641924643128,-0.008819493039923486,0.0797047370607377,0.09782188297658913,-0.04383294577906063,0.12385909989255203,0.07996245443401717
372,-0.1018788238047688,0.0493244186202037,-0.04476261205606353,-0.08721608039288328,-0.0881064751969529,0.0724790422441616,-0.008808156358138749,0.07675386355972055,0.09723060436461765,-0.04721423477825551,0.12390212871037319,0.07763152187760658
373,-0.10251726892380421,0.044362642592171625,-0.04363448581163197,-0.08957921245022613,-0.0881060219470696,0.08227701324215059,-0.008811122602799822,0.0749239977545105,0.09737638940740889,-0.048985559293516744,0.12389158450732736,0.07529556560109726
374,-0.10717853366927588,0.038304659832300414,-0.03929229939921464,-0.08923085736990277,-0.08810531114390278,0.08388847841092985,-0.008810468618190901,0.07159239723571825,0.09731490147784362,-0.04843800515293017,0.12389584321417207,0.0720294857709841
375,-0.10705607014700029,0.030420367409672838,-0.04282283138140544,-0.0892917200473632,-0.08810744382500996,0.0838277227427126,-0.008810587624738108,0.06621296497784543,0.09738644403046745,-0.0531961002807204,0.12389104737726236,0.07064025890623915
376,-0.10717695910844306,0.0313564007858176,-0.044599309745378395,-0.08928679640120657,-0.0880975186156535,0.08842344418280816,-0.008810571700914052,0.0661121007785181,0.09756313344884188,-0.053008289481792474,0.12387935934592302,0.070802974938292
377,-0.10713297366889511,0.03168327784803246,-0.047932747006184474,-0.08930974009044793,-0.0881398764987769,0.0880669514115751,-0.008810564907909288,0.06605976178631542,0.10215246230561287,-0.05312411523919192,0.12406683901150953,0.0708080441696936
378,-0.10714512223365076,0.027864952823532487,-0.05347114493496885,-0.08906263292312143,-0.08798612972077197,0.08772417503664406,-0.00881064013284321,0.06608574276826257,0.10164831890872018,-0.0531168035675926,0.12263532145840497,0.07073400419851253
379,-0.10714300799503755,0.02667629314750411,-0.05375277921180172,-0.09082049813115543,-0.08841758975627849,0.0906562516962755,-0.008810179253438745,0.06607749129667895,0.10178074786125214,-0.05297462970017203,0.11859318328432766,0.07114900283065945
380,-0.10714077932558574,0.026776228627302993,-0.05844587459184236,-0.09431697331630713,-0.08374804484449741,0.0924776546472048,-0.008812427723314588,0.06608015366753973,0.1018562516422387,-0.05356464229774171,0.12222810167498288,0.06856927722421173
381,-0.10714768073729809,0.026397205456806284,-0.057878810553209196,-0.09317635185723465,-0.0837478552030874,0.09579959388262978,-0.008803193829548476,0.06607752825138576,0.10144119102298825,-0.04937167292546514,0.12425846792048664,0.06599227816585482
382,-0.10714654216173221,0.0220609132552151,-0.05818545133663384,-0.09735924882509481,-0.08385269641997847,0.10117744286870563,-0.00883445117369473,0.06608374576057278,0.10537667047033968,-0.048618676019616884,0.12355095936950299,0.06653823940147935
383,-0.10701329363644005,0.021256105378663858,-0.05754796664285927,-0.09829904483624592,-0.08243467320777619,0.10128769138824482,-0.008761364950096152,0.06607688007495381,0.11058129134402654,-0.04866017977434473,0.12826850056679998,0.06614203286178907
384,-0.1081953739692241,0.01514051385918602,-0.061437456116173274,-0.09822533582925266,-0.07709482294299874,0.1013881413999365,-0.008724178935479405,0.0660063985753873,0.11048848592605157,-0.048692464319506065,0.12817714167881564,0.07089844592706539
385,-0.11208794529201599,0.013175013982224478,-0.06262535739398666,-0.09812117687049866,-0.07177241042652596,0.10100864497164276,-0.0036317885263107493,0.06677730024944306,0.11140325301620241,-0.04858815438424336,0.12904989337974582,0.07055154427559779
386,-0.11148997661180109,0.013314532763426491,-0.062498519703345606,-0.098821842695971,-0.07029427101997991,0.10326256284014734,0.0016067201647621662,0.07248800058349775,0.11670276437280597,-0.04908630972560449,0.13474528883787415,0.07202044168548284
387,-0.11163162888081647,0.013668808966376499,-0.062494589014507024,-0.09432193823727296,-0.07051929344998774,0.10608081627764336,0.004384585544098626,0.07534041311528583,0.1221190944031926,-0.046065335988162835,0.13762921990454724,0.07573037700861397
388,-0.1116029716864941,0.008899460548630691,-0.06250235623117871,-0.08897299976368088,-0.07049304761945073,0.10579746858059567,0.006849283464162784,0.07431125327359117,0.1238335922715006,-0.043964454529794465,0.13656144129786543,0.07490615084029197
389,-0.11160760309473483,0.008532134235124776,-0.06249878586146148,-0.08608714484523124,-0.07013092115237043,0.10532806108921286,0.009199702773671012,0.0785496641430623,0.12694300513322465,-0.04428841679386564,0.14092596020187656,0.07752561071454481
390,-0.11160716620926737,0.0038577062147594258,-0.0625026959372344,-0.0848921714346757,-0.06450854319152753,0.11008850226192908,0.00852544516075951,0.07912651425673943,0.1325678359974002,-0.044246027288217624,0.1412476050832225,0.08756221504179101
391,-0.11160711116267745,0.005283496971110342,-0.06249010366791372,-0.08056212798534733,-0.06173235484455046,0.11084531483579467,0.013023408689942709,0.08375678456579384,0.13281388075200293,-0.04425208577213685,0.15065163474608628,0.08845299640919525
392,-0.11160715482712953,2.2215919201979415e-05,-0.06253094505452507,-0.07581242280482016,-0.05926910643102633,0.1253651075589447,0.017702501022199963,0.08415394740524468,0.13740004039526407,-0.04419398398210439,0.15556749743183146,0.09318207861561804
393,-0.11160713943353445,-0.007827450779374764,-0.062442209748610505,-0.07509200614305868,-0.057425217206548584,0.1278602224363893,0.018450206274431814,0.0885963109392368,0.1379719182043809,-0.04457735403082206,0.1596711346332377,0.09279435173662241
394,-0.11160714370185737,-0.012289649691802918,-0.062336938638545045,-0.0709234821397754,-0.053612655704842534,0.12761726822585995,0.02227767993489147,0.08794972303980199,0.14350474457457812,-0.04217775313280568,0.1592908172193938,0.09296420137965465
395,-0.11160714261991826,-0.017666057901970844,-0.057839640409649395,-0.0715545790664764,-0.05295100560889943,0.1282320749328862,0.023626070895327894,0.08822616834176869,0.14875601614308462,-0.03945501056364944,0.15882898249849015,0.0928851540769665
396,-0.11160714309544077,-0.017869842602464586,-0.05689108279514924,-0.07140423679080567,-0.048236189394882306,0.12439721517815173,0.02978919110672939,0.08776765774200729,0.15079208660422902,-0.03986045729041087,0.16251122300816956,0.09302490509655216
397,-0.1116071424154938,-0.017250745418456438,-0.0530681878592026,-0.07142516735480933,-0.04310023281712915,0.12321982576756008,0.030656257708732843,0.09143351362305453,0.15010401867705353,-0.0398963910671213,0.16362648177992548,0.09258409906086928
398,-0.1116071422489149,-0.012920674973877017,-0.053679031606641885,-0.07144511815706929,-0.0398542304324539,0.12335137318702917,0.03472208614105615,0.09682295514932449,0.15458082982079055,-0.03978167847285061,0.16778842037747718,0.0968301795330267
399,-0.11160715681967884,-0.013521926817972194,-0.053574149511047754,-0.07145161426621799,-0.03604857034180371,0.12336053109269604,0.03980210910898746,0.09710511179479615,0.15966058755799883,-0.04450585651372726,0.17264797873649,0.10191333163119118
400,-0.11160704298366493,-0.013363017779346363,-0.05350883464539753,-0.07086472359667753,-0.02999654360042775,0.12328034388775963,0.044058551932321784,0.10171579357253653,0.16384175351475133,-0.04413440002245682,0.17304577258502155,0.10650319205456567
401,-0.11160767517431047,-0.013398428371237224,-0.05362232590633892,-0.06641985251950844,-0.031024240931840974,0.12372558821895513,0.04607249827366939,0.10124822920496035,0.16494223916201256,-0.04428205333066655,0.17881340954550484,0.10582405026830358
402,-0.11160475752859536,-0.013392775029764678,-0.04851053410161865,-0.06752782271052668,-0.030742044840328688,0.12103310740940829,0.0552835104815406,0.10106394444218204,0.16874312468484348,-0.044239238185437964,0.18185883785422333,0.10800412387250435
403,-0.11161632356330799,-0.013391820044273422,-0.044288455899936116,-0.06423511209115315,-0.03093574147190497,0.11909690241142597,0.0598782758619045,0.10345943191105608,0.1675559324191001,-0.04424945411623597,0.18087412971375305,0.11126663615730942
404,-0.11157812537398591,-0.013385469320473856,-0.04499296478939636,-0.06274293588325673,-0.026003786852006307,0.11542037203848463,0.06227379258388775,0.10955996042329602,0.17151539042271155,-0.04424804304527269,0.18475151681121615,0.10963538235622433
405,-0.11166579529556774,-0.01347504651262976,-0.042845593018298815,-0.05850884689133771,-0.02173873725962879,0.11469294321307649,0.06066574618493896,0.10961213543746946,0.17267814023260764,-0.04424647289192153,0.18603604129085807,0.11820300776254362
406,-0.11171017918797516,-0.012713318979468164,-0.036803443287678275,-0.05821062606288792,-0.022141085310725686,0.11010373280792164,0.0744496295183895,0.1188502885519939,0.17257144023671567,-0.044247271324666326,0.18580463547836665,0.11958804765479271
407,-0.11640900714177073,-0.004148454428946946,-0.03585182088401902,-0.048628315329057384,-0.021891451049370916,0.11021865982809355,0.07955376013513804,0.11869891464080333,0.17284351498613587,-0.04428007507643409,0.1908192928079285,0.12009434676232887
408,-0.11593802763750423,-0.0003150278903052636,-0.031850585410266,-0.04950954399268522,-0.02249586799519449,0.11009476544438232,0.08497486016941387,0.11993613654058012,0.1783559124357625,-0.04399937411524655,0.1958139006353116,0.1291785300167167
409,-0.11616384329013976,0.006699791225832561,-0.026745317200607365,-0.047791574232204474,-0.018736147894823786,0.1101609364953116,0.0881659905851515,0.12380414185138947,0.18175760872493893,-0.045882362129290394,0.20045406997699433,0.1277260976201938
410,-0.11580494386089887,0.008972489634068832,-0.026390071318585794,-0.04247303948508406,-0.01740222359248315,0.11004341008925485,0.08994745355497663,0.12323517187766837,0.18136169579284833,-0.049225234389803516,0.20791110278847852,0.1305501972925597
411,-0.11706000594457111,0.013272485536168511,-0.020885051484725022,-0.03699306485935622,-0.01768151939712146,0.1104688470925236,0.0948795470772193,0.12337112411238463,0.18130666372628934,-0.048115001128871356,0.21602213520268518,0.1330869255895076
412,-0.10860864887024253,0.018193144761317153,-0.015961437575499306,-0.0356433015254276,-0.012972661950209683,0.10698376131779198,0.10373192885739692,0.12334607778800949,0.18182729721993307,-0.05226520207295232,0.21663230076949275,0.13268430565925368
413,-0.10720373696451797,0.024536393504483816,-0.010976762394054072,-0.03548073885768905,-0.01332577745563492,0.10147979100508442,0.10973209021587266,0.12334399546920259,0.17732493051038126,-0.05321948465726117,0.2206403555441425,0.13274961232852447
414,-0.10255713154393493,0.031727703627283714,-0.0055094173191249,-0.04024263431227258,-0.013181142497839587,0.10123029413287399,0.1146306059523262,0.12334210687024266,0.17701361211534475,-0.053178649894909995,0.22569639449210596,0.13274333086754062
415,-0.10279633136992383,0.03336710531274396,-0.0042324097699605176,-0.04008891100147706,-0.013230452714405637,0.09671085572913116,0.12003870168802938,0.12348907224007935,0.17692347273626824,-0.058421778653229804,0.22615968052973912,0.1327528791295777
416,-0.10255537644152338,0.03560631995666768,-0.00459586019573204,-0.04021055457555894,-0.01318911054189088,0.09590312382553748,0.13051583695694766,0.12223063951889812,0.1773136744786529,-0.06228787468147751,0.23054552714117404,0.13267085411944138
417,-0.10313633681519863,0.03926954051268263,0.00012999261744337068,-0.04017695445420556,-0.013299658631755187,0.0920034559106901,0.13929435950545477,0.11836623534743576,0.17499810335686664,-0.061825082194673565,0.2300686774880434,0.13313054029601828
418,-0.09998482895849213,0.0400275212146818,0.0007581746386730753,-0.040146723720652165,-0.013020892937850812,0.09263301244083419,0.14024981901066766,0.11951893140401358,0.17300813542885593,-0.062094069716678364,0.22961807413190222,0.13027732441128934
419,-0.09877895197420067,0.044676346687166024,0.004735401487324513,-0.04030447280996181,-0.017679323369154124,0.09247807987191224,0.14736086215929264,0.11578522930811835,0.16664887467145642,-0.061471107291860734,0.23335880871756898,0.1278973358361297
420,-0.09106283929087759,0.04441984994409504,0.006011283025272085,-0.039814772578045284,-0.02224409824131113,0.09254195967197945,0.14977077079165146,0.11438893396648614,0.16014602323763555,-0.06566334038481027,0.23429191244537972,0.12871452319704124
421,-0.0852917329966901,0.04579874520914709,0.012295797300714163,-0.04450367395747125,-0.021959022135318213,0.09246507367151972,0.15400865371697267,0.11451851540304094,0.15107528807734044,-0.06641679042755998,0.2387873955741742,0.12404013409779822
422,-0.07556947785120108,0.04917991385640912,0.013127275370678095,-0.044607981618576265,-0.021947267273016612,0.09232892641664377,0.15398409015635925,0.1143572960443338,0.1413678718122446,-0.06633441727731865,0.239116603296613,0.12402165072179182
423,-0.07060007573206532,0.05145062257974097,0.017440381800681637,-0.04444975651587784,-0.022493285668842823,0.08774218263522433,0.15574971832142565,0.10919255283437203,0.14120774475556935,-0.06703031743998042,0.24376588497926546,0.12305145351849767
424,-0.06684617822528818,0.05358775646308896,0.01784982106438619,-0.04618528732645408,-0.018959275490103705,0.08820842483874916,0.16468021229485288,0.10403396219946487,0.13519712285662636,-0.07132389841698904,0.24331198093251127,0.11899646410983465
425,-0.06527005399463535,0.05673431435895055,0.01774941410120075,-0.049133894742501384,-0.017640974742444183,0.08818161126684118,0.17197846338769981,0.10094468734462915,0.1328720166931897,-0.07037071937775444,0.24297660416130726,0.11961931246732582
426,-0.06196405767407532,0.06235931954427302,0.01894034978973064,-0.051822087262790174,-0.017208346913343858,0.0876446421880675,0.1764180205730756,0.1014375803442362,0.12999021876189665,-0.07293764252788194,0.24605151112926205,0.11931501257160838
427,-0.06292970996326923,0.06261494657583573,0.02279467724877566,-0.05395103708980147,-0.02661406046820315,0.09131970955094916,0.17953616220517038,0.10118698068194663,0.1284595429010689,-0.07874420653830282,0.2480850224059882,0.11990461401517132
428,-0.05916459080313617,0.06716320033523529,0.022245798245966862,-0.05325752641106543,-0.026890188284780677,0.09267519810502399,0.1807703564804251,0.10163284893658793,0.12450380704315903,-0.07973704214966375,0.24766512653817935,0.11542481751957302
429,-0.05371116984262372,0.06811605666834826,0.022197719671842305,-0.058068112771455856,-0.03105485849814908,0.09249278828859778,0.18064716037381567,0.09695464934289905,0.11960086568845653,-0.07966963381755579,0.24782778201923403,0.11505307034102957
430,-0.05348520721182204,0.07150835356771283,0.02275692803363921,-0.058464370527923464,-0.03262997340609664,0.09243118162574963,0.1795462574884819,0.09696743240624815,0.10514404386346074,-0.07991135589909448,0.24318083798872864,0.11515437791666104
431,-0.04804905458569059,0.07396927872938022,0.017961436128339375,-0.06306049511010972,-0.03521789088840583,0.09334550700443865,0.17115031440741338,0.09705188653346947,0.10089285259268668,-0.0844686406390162,0.24271355241491763,0.11395931471063016
432,-0.04460306314996603,0.07575194070671502,0.017431726706404964,-0.061967525806711,-0.038308134646193676,0.09706226691963905,0.17045113024615954,0.09573831693399393,0.09568349997294634,-0.08394196520641396,0.23716495556604436,0.11006648748923564
433,-0.04287116077291787,0.07963182516196583,0.00851617229570922,-0.06502890544383379,-0.03982856564988136,0.09883195232914957,0.1655011154272733,0.08969571260824671,0.09031615820076783,-0.08411192329852286,0.23213884950502714,0.11107208084280948
434,-0.03977767920954321,0.0804145309359984,0.00636673774403464,-0.06723192335999935,-0.0396373157629213,0.10172742717686419,0.1561449964009723,0.08836334485788372,0.08829063982663625,-0.08402996450545874,0.22788073604545062,0.10792143245724392
435,-0.040130489128383795,0.08041610726239173,-0.0005681596637534533,-0.06701855984501519,-0.039661281384503,0.10124643481229376,0.15499695356525278,0.0844935301142229,0.08831404224473599,-0.08418956682101995,0.21821411144410896,0.1022716811769745
436,-0.04057199215988922,0.0797948108776471,-0.0025268229042181116,-0.06683041370373918,-0.03944932715615982,0.10133172155507003,0.14143534407039135,0.08384441898509223,0.0889723929006004,-0.08376240364992836,0.2169993248125536,0.1017355752281858
437,-0.03588716103107793,0.0740669890123653,-0.004763907317496622,-0.0716205640327513,-0.04106715340316835,0.10132128511297003,0.14087526372338313,0.07921023396788685,0.07950314113828527,-0.08843609217107594,0.20760814972601105,0.10174153009230406
438,-0.035580475450697785,0.07108656472184377,-0.004425866738100733,-0.07137848031299303,-0.04409414077400093,0.1013213493755384,0.13611698053784163,0.0793520542573746,0.07936945642562168,-0.08833200274808489,0.1987448241366394,0.10197491170369652
439,-0.030815394655259874,0.07150461810214714,-0.004464658432644438,-0.07110541110581055,-0.04661100739953523,0.10132058017855328,0.13630700406665888,0.07953769239027968,0.07382310929084872,-0.08943640772552769,0.19841444495662675,0.10035014167278042
440,-0.031661482531289746,0.07141647655131635,-0.00446768385445353,-0.07365686211096592,-0.04874681907565061,0.10132832941050539,0.12533307493518286,0.07750753864902946,0.06869308553474791,-0.09329391249825533,0.19238438707995104,0.09689330934829836
441,-0.029434618964544662,0.07142450469076764,-0.00444954381468573,-0.07578485019097668,-0.048417166759440126,0.1012894670603205,0.1181837771575747,0.07447633157871147,0.06590365855287157,-0.0932459213367738,0.1898825720237335,0.09743378893331928
442,-0.025925922539396414,0.07143313995515568,-0.004543312522117918,-0.079303013359438,-0.04846062248127504,0.10145129280617059,0.11650787665666211,0.07497129807298508,0.06692953210843502,-0.09009496780200638,0.19066577328247677,0.09736110262867972
443,-0.029996023242818505,0.07151582797242073,-0.004102137933170764,-0.08047379444939658,-0.04847799356363292,0.10088507211245741,0.10651935376768004,0.07487762644039023,0.06253421925733822,-0.08828416860443036,0.18686651847899413,0.09726837314112721
444,-0.03159112870358116,0.07057635421844173,-0.0071244975914621835,-0.08035936978869147,-0.04828881080956759,0.105337716073042,0.10123714909277146,0.07489055527015023,0.06200867770473031,-0.08845146207775714,0.18154895868244358,0.09731331867861626
445,-0.030953713756360413,0.06629672809903671,-0.012487594957133438,-0.08035072756058655,-0.04965593540754985,0.10572695322312094,0.09251792830308636,0.0748889267316822,0.05710858840132054,-0.08848000624788152,0.18149072435000596,0.0927403845580277
446,-0.040659213715217274,0.06797531924362131,-0.017486693624589964,-0.08035963722712297,-0.055228058577874,0.10529563055126642,0.08785769918185408,0.074903380548293,0.05262992813959322,-0.08377618023870677,0.1809138827808454,0.09196295689219373
447,-0.04519834922582449,0.061211484449403206,-0.02253322965216765,-0.08035643586625857,-0.0595406971326377,0.10087688880740206,0.06479387533608326,0.0748042521760534,0.054548534656644575,-0.08418849570431787,0.17450044229094475,0.08798656743737805
448,-0.05175324085413302,0.057590049753278895,-0.027853041192370184,-0.08035729860864849,-0.06829823036751097,0.1014512008163925,0.05981404166694368,0.07531310229065281,0.05798085644750007,-0.08403828248331405,0.16296192895227254,0.08861556799667761
449,-0.06079065123209985,0.05801925112652184,-0.03085941034307242,-0.0803571563806602,-0.07475643172449258,0.10129007239813077,0.051190816102689045,0.07218749425782314,0.05733210577279845,-0.08407049790699148,0.16001319209275933,0.08847403243962573
450,-0.06268743916079077,0.05801806910853714,-0.03623429683302683,-0.08035700824536524,-0.07490807732086574,0.1013275447040573,0.04470611910819783,0.07022469404156852,0.057865992323743426,-0.08410311542538444,0.1497383840306059,0.08849204532423073
451,-0.062558596024405,0.05327004420316657,-0.05094371270762268,-0.08035735091878318,-0.07936073458189544,0.1013225319795604,0.03994852270861122,0.07052008883852334,0.05668094054534407,-0.08396157901991813,0.14173212298881901,0.08850604509245157
452,-0.06221140892147392,0.053691555984455665,-0.05627952125394469,-0.08035833856022745,-0.08120562320995056,0.10131739733573505,0.029631593627477856,0.07048333653882766,0.07066035991397655,-0.08429998872366586,0.1415725236608419,0.08855711207314701
453,-0.06667734897311912,0.0535365483734288,-0.06602740181079661,-0.0803431830020882,-0.08909018387359054,0.10131531948646386,0.011382974855732551,0.0704574734916352,0.07527383346009096,-0.07956461433583628,0.1407474139093466,0.08773739155672297
454,-0.07176847794764149,0.05357990757685196,-0.06695190736930588,-0.08044496570386162,-0.08786639872183664,0.10146168773485684,0.0066038596968013745,0.07070342482303588,0.07519856097481116,-0.07974569446065494,0.13232646948422952,0.08359808768561197
455,-0.07618739834591472,0.05356967795959913,-0.07209024315171932,-0.07992419998945866,-0.0881552062178163,0.10022059584197171,-0.004682419469671748,0.06900026300710789,0.07522849624018206,-0.07953487504072994,0.13001039111585855,0.08419335632040342
456,-0.07585822639224865,0.0535717116154485,-0.07602171777685242,-0.08314150999233226,-0.08809751470637062,0.09633294658922853,-0.011738430541506556,0.06519439853862725,0.07521712621156124,-0.08007171714109736,0.1214977568818284,0.08404399844174347
457,-0.0755842336352077,0.05357141509340057,-0.07701054527833506,-0.08507282797940877,-0.08810655569181088,0.09752240670990645,-0.016391924919669797,0.0690967801947319,0.07523127443556499,-0.07708578233817272,0.11379614595848418,0.08407559019148814
458,-0.07815284522081292,0.053571456519893965,-0.08307864886633322,-0.08479057614395616,-0.08810580156396726,0.09369115277064351,-0.021538732957362965,0.07068393541243331,0.07518986307229587,-0.07536762946734918,0.10704991172737056,0.0840702081568956
459,-0.08339819878564046,0.053570853120221126,-0.08508263716944112,-0.08482121212002154,-0.08810567233224957,0.09271041308309874,-0.02646043008026951,0.07046361125411615,0.07528676460224941,-0.0716077380686617,0.10206585375714054,0.08407079233231583
460,-0.08886290919679252,0.05357544518975447,-0.08474690132185995,-0.08482297885867297,-0.08810564434408397,0.08835048856171186,-0.03617511183184371,0.07048307106312685,0.07532144997454103,-0.07068314867747089,0.10181646021855807,0.08407082610043953
461,-0.0891857706517723,0.053550404450460776,-0.08489320769967541,-0.08482081742204624,-0.08810628323994511,0.08814907134326613,-0.040458128190351765,0.07048619863234444,0.07986283742344852,-0.07061639711502718,0.10114660432136016,0.08407078418439391
462,-0.09394325033151231,0.05366376906756028,-0.0849267470550446,-0.08482156825326512,-0.08810325438140226,0.08803283970690429,-0.04758024185531292,0.07048389500342887,0.08048196446389558,-0.06601552999853637,0.09712281914579288,0.08407080255170486
463,-0.093640669304288,0.053226723310968664,-0.08947896238014456,-0.08482155810269815,-0.08811496237304416,0.08841228243305795,-0.055543756143123485,0.07048529029847345,0.08596452961498126,-0.0664935553210421,0.09593971790570738,0.08407078341345225
464,-0.0937858188568913,0.05697423816110819,-0.09033281227135208,-0.08482078101822092,-0.08807836880931187,0.08621481310875338,-0.06048724904442633,0.07048213557483231,0.091418084437241,-0.06633872494869461,0.09047828466147095,0.08407084330875747
465,-0.09374102240051661,0.0623628917133883,-0.0943471582313339,-0.08482341142241001,-0.08814744966231831,0.0833004826716244,-0.06187166339877537,0.07049355786115764,0.0926655219560704,-0.06637926255532775,0.08502165164437751,0.08407065523810195
466,-0.09374973276469697,0.06246612077704649,-0.09324922819455099,-0.08481824923915832,-0.08832697702785416,0.08377788170019729,-0.06519103815726499,0.07045831169003218,0.09674157587827313,-0.06637021047862829,0.08422676079016865,0.08407102271541815
467,-0.0937584379557017,0.06252113897194815,-0.09667030910985282,-0.0848063394104606,-0.09280533503486323,0.08368939638152717,-0.08422366982537197,0.07052176094079816,0.09725355139581275,-0.0663718999705615,0.0799237070073993,0.08407187022837524
468,-0.0962578320010351,0.06248725436510258,-0.101828110370716,-0.08500923241528337,-0.093077255457719,0.08370054898535621,-0.08458191780718605,0.07072479542191118,0.1019704781500304,-0.06637166732482983,0.07484747888008954,0.08405743207079887
469,-0.11545378431893036,0.06253208921375653,-0.10707097137310868,-0.08345570999423789,-0.10136184558234257,0.08369588469075252,-0.0949680941904395,0.07526461065273042,0.10165442410208018,-0.06637167637943832,0.07048484899037043,0.08415624506399413
470,-0.1207879247865897,0.06237140104338348,-0.10740241904705994,-0.07989310210096155,-0.10635768392963137,0.08375214546695166,-0.09686706504428792,0.07484997893383878,0.10182500633554555,-0.06637168387742694,0.07087552241886219,0.08364563769359468
471,-0.12540582495971306,0.06295752367811283,-0.11188601482147917,-0.08045944749945931,-0.10572256285354882,0.08338001853070041,-0.09877979586308701,0.07449841492205064,0.10166861437889746,-0.0663716822117854,0.07088400321378185,0.08679764465113991
472,-0.12478727602085686,0.05859077741962525,-0.11260086682005865,-0.08033863715205847,-0.10541617866279948,0.08571753909856267,-0.107851981987677,0.07759335792103285,0.10215457222603948,-0.06637167339599619,0.07032643857910462,0.08875121007849328
473,-0.1254558327034826,0.05801321458568457,-0.11871964352794581,-0.08035945060679207,-0.11004697635353215,0.08848758683026488,-0.11436466254330847,0.07955415437173864,0.09872470650368782,-0.06637171586530362,0.07416562056182245,0.08846330629917994
474,-0.12233062476406772,0.05802499886349259,-0.12079605205345588,-0.08035713598606381,-0.11006917829026149,0.08803453218020017,-0.114531735705779,0.07926148004277411,0.093581608260586,-0.066371559702119,0.07534739366763046,0.08849570484534569
475,-0.1202479779366152,0.05798539637475435,-0.12049011645969425,-0.08035764956928074,-0.11016158912849225,0.08811547940785572,-0.11924047953178596,0.07929568481314678,0.0885194771612651,-0.06637200532248903,0.07521910596462733,0.08849693071887584
476,-0.12059641408685663,0.05837791582106148,-0.12054103215483991,-0.08035221813275091,-0.11012471919563065,0.08810537968584194,-0.1188206615292289,0.07929442522995263,0.08855439100016153,-0.06637144542132055,0.0752161781988238,0.08849600857427285
477,-0.1205102334796977,0.055873949792881086,-0.12053586021295003,-0.08038482371154256,-0.11012611411924188,0.08810539316327237,-0.11898002390944806,0.07931242628308821,0.08846585057860094,-0.06636690968149453,0.07522222669129018,0.08848995407769246
478,-0.12031463170814861,0.053203497884865926,-0.12053540364041455,-0.08023075286422249,-0.1101657502346328,0.0881058742656285,-0.11892544219666425,0.07919386208181846,0.08853077379503131,-0.06641480027996428,0.07522757694749276,0.0885219922725361
479,-0.11508604940335597,0.053636898899403596,-0.1205358339356742,-0.08084357730434073,-0.1100165431998781,0.08810571387690887,-0.11897821572053532,0.07976635019616027,0.08836455047063602,-0.06611950579891705,0.07518890296500845,0.0883937520213255
480,-0.10989953306357012,0.05356372233309254,-0.12053567844514344,-0.07662043699492073,-0.11041217402621473,0.08810557707361324,-0.11883881831672176,0.07627085813869565,0.08900539738068407,-0.06808864450312611,0.07534933994337882,0.0888081808987877
481,-0.10665628656399101,0.05357142889797956,-0.1205357313834246,-0.07588390881201697,-0.10572019189889079,0.08810638029353243,-0.11911963489947115,0.07496768172100307,0.08481315294886906,-0.07398084062958168,0.07480834344857545,0.08442652440207934
482,-0.10769793794593194,0.05356338163285277,-0.12053567833024158,-0.07608595872963804,-0.10580402595418638,0.08810350439199072,-0.11438490802623444,0.07106429952763157,0.08421253421514482,-0.07539830279271086,0.07933598793459548,0.07934400731227595
483,-0.10382770172056088,0.05363828208492764,-0.12053581710964496,-0.08054899053411912,-0.10569562986234424,0.08811111393214986,-0.11463843703321418,0.06604466640410865,0.07954562731234623,-0.07519931669583549,0.07962933933508476,0.07494480697290946
484,-0.10245618230867286,0.05319906234467233,-0.12053555795785462,-0.08165050070571743,-0.10573597986390479,0.08810604884408921,-0.11449949980342167,0.06552913049413062,0.07984971243092788,-0.07522117585333486,0.07952096747709084,0.07515420565541532
485,-0.10276615332857295,0.05590103740325017,-0.12053486956751046,-0.08487495849367206,-0.10572475989503627,0.08799132023935258,-0.11456834133924987,0.06147803619147865,0.0787476945216514,-0.07522232038818528,0.0808026717693392,0.07603912975627028
486,-0.09784050641828503,0.05836681288520842,-0.12054576304193977,-0.08752166966408347,-0.1057268703595033,0.08909198923091333,-0.11444263266271497,0.059982875062704444,0.07282988846340382,-0.07522079864882224,0.08454544085187535,0.06982920167785135
487,-0.09205544617902295,0.0580082654033167,-0.12047213575221863,-0.08924242065506943,-0.10572828646563248,0.0929858936265503,-0.11486331827443381,0.05687132788845512,0.07096331979655969,-0.07522136812941796,0.08396013234745252,0.06588217847815998
488,-0.08246421586383401,0.057980824965234545,-0.12085058627478577,-0.0929100272282824,-0.10572380930378752,0.09239440806270646,-0.11092001872962035,0.05719684936859083,0.06768028998271057,-0.07522120737654472,0.08409249420250443,0.06634846184464399
489,-0.080539192792863,0.057935595441359324,-0.11826020975587279,-0.09819755729310634,-0.10572180146086613,0.09253546681028081,-0.10574524161873301,0.05771696794323341,0.06622206551913944,-0.07522124492384039,0.08406753003450093,0.06639783088760398
490,-0.07772318577307388,0.053231353510573544,-0.11239961653468097,-0.09824064373715252,-0.1058317186465794,0.09250675492394551,-0.10578657599891349,0.06037391444528752,0.06634469749526273,-0.07522123994555285,0.08407101952839191,0.06184132634737903
491,-0.07548955268024009,0.053696240285637874,-0.11151337190571514,-0.09749695434526347,-0.10487941962498934,0.09251170096480328,-0.10565774498631633,0.09793515420784045,0.06610990196497665,-0.07522123448218986,0.0840708669936785,0.06068539638463582
492,-0.07626316708210566,0.05352946820578096,-0.11160833382221531,-0.09128915735363739,-0.09895642273245722,0.09251132845362679,-0.10599513144641959,0.10139869449149173,0.06177482944760586,-0.07522123337106273,0.08407075702282699,0.08330876541196272
493,-0.07151322910097789,0.05361320716013633,-0.11169488499177639,-0.07281113104396475,-0.0970769249169287,0.09250371091713791,-0.10389190015061257,0.16333286208774694,0.060520795736809886,-0.07522137907381223,0.08407081138824814,0.14491986587033528
494,-0.07146461514415624,0.053443298733305306,-0.11084445943160327,0.005416554758207752,-0.09386370790255533,0.09256349449925863,-0.09785692549471148,0.2613167949756681,0.05787582836185931,-0.07522022751355528,0.08407078182744886,0.17856445554280187
495,-0.07162585749392746,0.05395015798656024,-0.10499485644714358,0.05829834367361892,-0.09232369377919461,0.09223108738153091,-0.09719301594138646,0.3462541167635075,0.05220536903305878,-0.07522663487495036,0.08407084439564666,0.3620970744100859
496,-0.06990483706533776,0.04930765503856062,-0.10236021932219506,0.1045126529443459,-0.09252588011097143,0.09444965737391053,-0.09272196162318551,0.4718237703739478,0.04801090902952168,-0.07519715358303572,0.08407063218861403,0.43769253158650656
497,-0.06695703195761375,0.04915094137624094,-0.10274313158972671,0.22731938682053582,-0.09251428145805039,0.1003160664409899,-0.09238958044544213,0.5494443198105099,0.04906552153598486,-0.07531296753602619,0.08407121367610103,0.5623925942075917
498,-0.06422171219989874,0.049079971856267224,-0.10266959900832166,0.2872193568091048,-0.0925089644475268,0.10138496883735026,-0.08763115798808861,0.628938499378976,0.04426535551953446,-0.074938962049893,0.08407067104402076,0.6233821878308429
499,-0.06254575886034963,0.04911580070269275,-0.10267676613291926,0.37490746561957616,-0.09251180268341219,0.10144588638785253,-0.08876896245383181,0.7628935017739149,0.043911091231687904,-0.07921145969788548,0.0840631103262338,0.7471472059420794
500,-0.05891824088823742,0.049106883873022464,-0.10267014640741375,0.3858891122159116,-0.09251027206870051,0.09662840221214326,-0.08456702920290718,0.7905095171154443,0.03935731258588288,-0.08415492213212201,0.08413495252709051,0.8193957905288402
501,-0.05362180845390921,0.04909851576000023,-0.10280507508959869,0.476358728899139,-0.09251343647573972,0.09225095816017032,-0.07588142021321076,0.8025291673884198,0.03998562348175572,-0.08417710935804673,0.08370756104752161,0.8330331203667536
502,-0.05361740824449808,0.04913997365392171,-0.10169489243852955,0.5293642253144304,-0.09250245301775041,0.09260093860520581,-0.07476050088589394,0.8139680333358493,0.039669021214714245,-0.0827886505014518,0.08635233000714056,0.8502610793603265
503,-0.05354691495929201,0.04901664190717441,-0.09580159591555913,0.5577324106976007,-0.0925345194191935,0.09248655878481997,-0.07491659173623103,0.8150825401713541,0.0403037760353413,-0.07957428416594213,0.08883576380205789,0.8494509197398971
504,-0.053597654427898524,0.049194718286604266,-0.093369055381309,0.5758593281482741,-0.09248827139214222,0.09251666598612764,-0.07488454353029705,0.8149603989369889,0.036246566439985535,-0.07721156954212902,0.08843865224739549,0.8495600359467733
505,-0.053475549152509044,0.044412749066052463,-0.09413018998438387,0.5762423788241721,-0.09220678449786955,0.09250990976636574,-0.07471158050170226,0.8149799434256124,0.03530491046144034,-0.07490384975569944,0.08850143799281572,0.849561590374175
506,-0.05395871661521117,0.04476863941089942,-0.09017211641353132,0.5805820827924144,-0.08764250560853702,0.09251117891836622,-0.06808697299528807,0.8149784124439262,0.03537113728588616,-0.07527071973812288,0.0884960541922508,0.849556002910807
507,-0.05048932745297106,0.04451704850228887,-0.08485356878932784,0.581847942954015,-0.08856904632831883,0.09251100211528065,-0.061215507674243726,0.8149719588635341,0.035836064221536894,-0.07521540258707048,0.08849510076787745,0.8495565920755725
508,-0.04532895416371302,0.045090785402896995,-0.0845064705886277,0.5852613545205132,-0.08596040306287421,0.09251101139703272,-0.05957848355197033,0.8150191650534995,0.041461310852640626,-0.07520302635424857,0.08849577085584298,0.8495641563551225
509,-0.04021921223154843,0.04182349165817866,-0.07990726216820006,0.5848552894969327,-0.08334116634596025,0.09251099554332641,-0.056927642983015656,0.8147622987687964,0.04454419678279328,-0.07541304419806429,0.08849539145254438,0.8495310678955234
510,-0.040165514622403066,0.0399299563290146,-0.08049461234953209,0.5844223219112497,-0.08376499797880693,0.09251113534843448,-0.05722239690339499,0.8166856142242153,0.04438498916845193,-0.07386527221141173,0.08849618654731937,0.8496411302108877
511,-0.04080001406773991,0.04020983572767543,-0.08031540185842762,0.5890292605344869,-0.0836923290211738,0.09251040615654967,-0.057467182802230427,0.8254863272550206,0.04345628431470294,-0.07036474700629704,0.08849334692455962,0.8493987875535389
512,-0.04672269848588642,0.040178482477269344,-0.08039624845806334,0.5893017485538918,-0.08370046320903118,0.0925135647685704,-0.052741639208370696,0.832389422781659,0.05143837633344352,-0.07077287175838258,0.08850204146335314,0.8593190384961656
513,-0.04897668970543222,0.04017652821294513,-0.0802522195646131,0.5957729467950645,-0.08370082466296294,0.09250195531811191,-0.05292594717633462,0.8399427843201052,0.057440303539687265,-0.07122852820331305,0.08848681730373432,0.8760459441577532
514,-0.05193537571974574,0.040183822432818185,-0.08057248370865785,0.6108964644688338,-0.08370025941488114,0.0925354347334401,-0.05306093213745213,0.8660640793389527,0.057432834344218545,-0.06691518935863348,0.08843355734512943,0.8853228659193492
515,-0.05352281620441841,0.040152380573076324,-0.07577396169962622,0.6157843693894449,-0.08370062199659674,0.09249067086479437,-0.05129696709113209,0.7537804415990618,0.05829248005112147,-0.0663501794025513,0.08921620699188043,0.8881332961707511
516,-0.057196331782396276,0.040298603383559096,-0.07656941423143031,0.5644349420708429,-0.08369980519353043,0.09216803310171623,-0.04570729604924644,0.6143685729635867,0.06250897893907138,-0.06635455507093894,0.09371378500091,0.7220891479090092
517,-0.062483804698912696,0.03970674097690069,-0.08084367463996178,0.43369250155106964,-0.08370289658950951,0.08783710844145719,-0.04292592032893313,0.5727565221827282,0.061366811312118574,-0.06638076489266452,0.0907628336888297,0.6576776011956355
518,-0.06285431319678658,0.043754531526170225,-0.07994264137537238,0.3155420182283677,-0.08369251774334631,0.08719570851952149,-0.05188371526628284,0.5634493553772338,0.06483873807626672,-0.06636265854537714,0.08804353201456053,0.6415031718990468
519,-0.06718275680627399,0.04478413192381452,-0.08247416810769483,0.3078299336103653,-0.08371715390366273,0.08065816534859781,-0.052853582946486184,0.5576932224444471,0.06618601562280352,-0.06640365646563394,0.0889148451737985,0.6329431272688616
520,-0.06835250074562327,0.04472569476187977,-0.08834845011894676,0.302319205027555,-0.08372381323399491,0.08182335427560147,-0.05792555633665753,0.5511479963676073,0.07027888891471551,-0.06624374499970796,0.08475186547425309,0.6089001052514147
521,-0.07191641185158457,0.049685558426367564,-0.08940343771309854,0.2940074386022323,-0.08314623109813966,0.0839920563618708,-0.061955932936501944,0.5462747756415854,0.0708061344549578,-0.06680772456861983,0.07968105915914449,0.6063206510615612
522,-0.07132243638812881,0.046982383654577596,-0.08927915338926105,0.29486498156874263,-0.07886313858664724,0.08366367957872159,-0.06165562165429748,0.5464022472502599,0.07111433394399422,-0.06238854178455285,0.07499983160373788,0.606463011830309
523,-0.07144818724235845,0.03746377625462948,-0.0892821752891393,0.2944425723741293,-0.07931747111641753,0.08370059485261634,-0.06136816867315408,0.5454849509644702,0.07668626884587738,-0.06194508978017538,0.07531434932991304,0.6041095095338178
524,-0.07142496639534854,0.03551063365940412,-0.08929163824106542,0.2952589730166032,-0.07972705307691284,0.08370214855650993,-0.0641339274739752,0.5396146588755267,0.0796062047659463,-0.061926805281806954,0.07519324606566444,0.5995944486309093
525,-0.07142889319993072,0.03575504149632399,-0.08925889518299289,0.29061622496148587,-0.0762086818436085,0.0836997558898872,-0.06986236900772505,0.5232177994954411,0.08197478594143986,-0.06195522413943167,0.0752303221032633,0.5874111872660381
526,-0.07144978833771488,0.03570787825880386,-0.08941261854192858,0.290904384706112,-0.07470478883535128,0.08370051628765766,-0.07054119793367117,0.5104692843555263,0.08393610328675777,-0.061944443588879794,0.07521064195849146,0.5752552539113617
527,-0.07125320937067028,0.035714832584329816,-0.08877030682193265,0.2717207073081822,-0.07490849898588979,0.08370100708478728,-0.07049008695295787,0.46077924483543414,0.08765086375064929,-0.06194750940933742,0.0752509153570937,0.559537008553571
528,-0.07265098218649438,0.0357144585158906,-0.09290967988287217,0.26126051191880173,-0.07490714456495477,0.08369800762395638,-0.070482601952407,0.4216589508164161,0.0884776037237098,-0.06194677489913398,0.07516144619317576,0.4737618607273369
529,-0.07843280999162053,0.0357133073775618,-0.09359052778602656,0.24798044860056617,-0.07470064619322254,0.08370841591566561,-0.07046600132677242,0.3780365007036414,0.09324188322983067,-0.061946924546398205,0.0751108863276501,0.44518645680461993
530,-0.08217558635871071,0.03572022538482765,-0.09826398654258653,0.22916410041705298,-0.07624915466566734,0.08368295502867741,-0.07058918939990724,0.3181065303404406,0.10240071732546413,-0.061946900197583164,0.07046528362364668,0.4012022717721919
531,-0.09504014185112396,0.035684397008255715,-0.09802370363014448,0.20191459556008434,-0.0793459215356531,0.08368303591839121,-0.0700312467787636,0.17433231211085834,0.10125384365087223,-0.06194690251509427,0.07083710791383575,0.26193868888531335
532,-0.10256765572861884,0.03584186257957812,-0.09909086649293711,0.03046560874980521,-0.08179814244461905,0.08421941985935313,-0.07367432040826725,0.14330069943322685,0.10377407175642453,-0.061946903524962675,0.07119278646039685,0.13551051616614457
533,-0.10267853278462656,0.03525358074370715,-0.10488860478117039,-0.06062327767799428,-0.08396924967840269,0.08855256464102869,-0.07519655232540357,0.060001991284687285,0.10611854364986607,-0.061946897417573664,0.06815008419507328,0.11498476183225506
534,-0.10256536297023865,0.03958799840001865,-0.10758931837125835,-0.1455783115551696,-0.08374642977572888,0.08797895535222405,-0.07474924969566149,-0.011655476599285343,0.10931064572489455,-0.06194693047079441,0.06656999486694463,0.06354024992039853
535,-0.1037024688804484,0.04021002288557382,-0.10657182938264954,-0.1716853897777736,-0.08360815333554569,0.08813591187629083,-0.08442626754613729,-0.1058105519192665,0.11076338055422955,-0.06194677795429756,0.06253925868109464,-0.00787259328719134
536,-0.10726446469626508,0.040215264789056425,-0.11102710547025253,-0.23309882721978145,-0.08834575093602175,0.08810019669338479,-0.08924868219012022,-0.11397022672226928,0.11065191464793767,-0.06194738007935648,0.0620312088154181,-0.07980916587541721
537,-0.10926115743617666,0.039965374412888645,-0.11149303649489768,-0.2812750673258429,-0.0877894840281231,0.08810471305983913,-0.09261835999576346,-0.17266910241607109,0.11094544212143378,-0.06194542049501851,0.05731051715520532,-0.07899680128211811
538,-0.11199107607625329,0.04160720974841275,-0.11619939004597739,-0.31850608819711773,-0.08957744843226943,0.08810938970308953,-0.09442289843329492,-0.227631546498922,0.11460928132613443,-0.06194966520767147,0.05763998548488496,-0.1310195111047915
539,-0.11153917692918038,0.04521788297933835,-0.11676851064794143,-0.3994719827937249,-0.09292398560217756,0.08811590305711227,-0.0992404485118859,-0.24251473245392635,0.11034597402041864,-0.06195439487759886,0.05746205368540976,-0.21924065920698385
540,-0.11161545566535741,0.04406215411067828,-0.12072320090672581,-0.4072383870336017,-0.09254105756431949,0.08794570963169669,-0.10856364728876138,-0.2350051209091497,0.10870659597948981,-0.06182922213380368,0.05764656907000659,-0.21584162297841344
541,-0.11160720511183324,0.04809769371225205,-0.1224716248592023,-0.4025075955712672,-0.09209120140444911,0.08930839142000435,-0.11028326052849273,-0.23342057676090913,0.10578770371937646,-0.06286443694960256,0.05704372429751807,-0.21226998476704806
542,-0.11160670266790557,0.049229726854425865,-0.12540923147165847,-0.39272522447103914,-0.09645872529425921,0.09298023936648635,-0.11014416471573892,-0.23129176968280052,0.10626062772883792,-0.0686974270009025,0.060915229101845436,-0.20784883287276754
543,-0.11160741186607397,0.04910519108215702,-0.12492601709790588,-0.39224684223889783,-0.09692055496207133,0.09239978884081892,-0.11012024161798248,-0.2175336124177892,0.1062061100363013,-0.07109567790030474,0.06206851124372875,-0.20798073212502996
544,-0.11160656073467748,0.049021816944942335,-0.1250093380470371,-0.38900221541558444,-0.09693607809876213,0.09254112389579236,-0.11013643135311926,-0.2027713902424653,0.10619068674389166,-0.07073603394370573,0.06194568322582205,-0.20852880761815712
545,-0.11160960877981049,0.04983969907893096,-0.12499996209190642,-0.36844880883325315,-0.0969083231811241,0.09248219955864898,-0.1101309787410066,-0.1746411881883606,0.10578304502301676,-0.07081051590707262,0.06193363437490612,-0.19112677474437317
546,-0.11159739977462702,0.05566881795011419,-0.12499956974905756,-0.34373804023705856,-0.09691691265047203,0.09254848384984085,-0.11013247352162771,-0.16888468965656245,0.1012719845554492,-0.07078833540616243,0.0620141651659579,-0.16256832609213542
547,-0.11163942344519372,0.05832781025093478,-0.12500017629198001,-0.3114313516023002,-0.09692425834701243,0.09273193456975519,-0.11013193783837608,-0.14653433830316046,0.10225804351900536,-0.07075225093615478,0.061580310777572436,-0.15445180006431947
548,-0.1115321717797124,0.058096037756306944,-0.1249999486240793,-0.2833211038640152,-0.09688257169282907,0.09734752675983181,-0.11013263753304715,-0.11528486280289732,0.09946644518833753,-0.07134052754197644,0.06424535457433479,-0.12938211910364197
549,-0.11157803978970765,0.057629113149314216,-0.12500001243901565,-0.2600451152325976,-0.09702643839123995,0.096477941277399,-0.1101316917289469,-0.09366976898927795,0.09691197338500512,-0.07702138321457068,0.06670895374292077,-0.09367971553106953
550,-0.1069340202627567,0.06215646876500105,-0.12499999740082526,-0.22635764403978176,-0.09667843828497563,0.09892497246947182,-0.11012610495195424,-0.08744302398722523,0.09772673026264808,-0.07998313937829213,0.06631564425575182,-0.0782816877236678
551,-0.10649307005255347,0.062479891217557676,-0.12500000061744734,-0.21166111364129173,-0.10139144216021159,0.10170202039309156,-0.11019036332651799,-0.056103253323060445,0.09337182011779735,-0.07957866461499528,0.06637732706883592,-0.06573873274598367
552,-0.10054697482111698,0.06256158415111925,-0.12499999958456072,-0.17834844807370956,-0.10119741586089735,0.10125029810776064,-0.10978637337025621,-0.026027976242588912,0.08830643695376181,-0.07962793669064079,0.06637220074697996,-0.052734092468875296
553,-0.09779497651718055,0.06221650351563594,-0.1249999987557674,-0.17445790994069912,-0.10162502052494125,0.1013300216663711,-0.1123202010722941,-0.026339544918008696,0.08379532065816561,-0.07973279738525287,0.06637120368225195,-0.03224625083969878
554,-0.09869219949002014,0.06428136589869755,-0.12500001791254395,-0.15023746036224073,-0.09955663347774453,0.10132270229443084,-0.11488811186677692,-0.011090031888171566,0.08415925218145899,-0.07956330552242746,0.0663718589172698,-0.019984713073640786
555,-0.09486382865613899,0.06735432729452093,-0.12499988151200349,-0.13536464043441052,-0.09653514854450441,0.10134335102823615,-0.11447775151596482,0.009460390585811078,0.08409759194183263,-0.0843004525177508,0.06637159573547273,-0.009228966397213923
556,-0.09000061999783626,0.06700681778779113,-0.12500060153039863,-0.12621975998899024,-0.09686582327988388,0.10111213369341389,-0.11454379074179469,0.0180608731760668,0.08384157370536273,-0.0839464095985875,0.0663718623660394,-0.0016017523376286526
557,-0.08023714818962152,0.06658820256489054,-0.12499743876263136,-0.11125619943251372,-0.09731242420344942,0.10276228716736827,-0.11453772292532315,0.0259376118016653,0.08493878326764148,-0.08419344487533163,0.06637105143832991,0.01803946985414892
558,-0.07574319843276325,0.07120268282481416,-0.12500912720308588,-0.10181872330098704,-0.09269082861179029,0.10620955395567783,-0.11453979832313885,0.025907785660254503,0.07666239864950415,-0.08363664913468453,0.06637348987163205,0.022411557946991352
559,-0.07588549134213782,0.07140199043651138,-0.12497570169957871,-0.09665887861672948,-0.09237919093079885,0.10550098856939999,-0.11451745701466623,0.03481421332111813,0.07111132103067005,-0.08681642451900662,0.06636934608337706,0.02940188252586333
560,-0.07625167456623036,0.07128235649057997,-0.12501582326852537,-0.09378773872973065,-0.08766870287698819,0.10618159418867083,-0.1146438100113025,0.03966336961950545,0.06156878833165443,-0.0888706212454788,0.06635336788770706,0.03582638475629416
561,-0.07356043291042173,0.07269355909680272,-0.12538559422298742,-0.09116372655322269,-0.08853899749659097,0.1017746228061557,-0.11407078657328085,0.040435715881842686,0.062189349966682426,-0.08814952472392361,0.06656713967142508,0.037703654135344274
562,-0.071121720383722,0.07636702452340677,-0.12976477569148828,-0.08943851609307214,-0.08616083581887352,0.10131676503939538,-0.11772461491534973,0.04421255826165807,0.06161869880334289,-0.09290695613927308,0.0649898012407806,0.040274722651699846
563,-0.07136643369355236,0.07578447239272175,-0.13007459803593124,-0.08548942464614391,-0.08331153692156304,0.10130216327901635,-0.11910066495347824,0.04599414412733291,0.06325524044630693,-0.09322739608857564,0.06137493904332169,0.03943081998103011
564,-0.0716875190409403,0.07591367350345114,-0.12486387632443872,-0.08478605108345443,-0.08377513330334661,0.10132977098498551,-0.11893455092132542,0.04885799302380436,0.05366972685931338,-0.09804194053883211,0.06252357571869364,0.04411980702073593
565,-0.06692594696387429,0.07588983212495312,-0.12018283518662479,-0.08480590807463839,-0.08368958623057351,0.10131915014421045,-0.11894418519981467,0.048385822797963864,0.04793909193048433,-0.09562911744855537,0.05852836343331018,0.04410619750720654
566,-0.06646608026257532,0.07589302821016207,-0.11747943327014583,-0.08481463271749408,-0.08370105434840237,0.10132219069025503,-0.11888816043495634,0.04846733722386071,0.04871103857224196,-0.09251298742603849,0.05740476058713268,0.0451730545578745
567,-0.06256102460139637,0.07589293626318414,-0.1117989343208142,-0.08491112119425272,-0.08370072442725277,0.10132145469172603,-0.11928348772392727,0.048458087448584465,0.04868006170404331,-0.09300595535737949,0.05752292090230896,0.04879950338891302
568,-0.05914544284406867,0.07589281671990002,-0.11157660636207482,-0.08437844526970165,-0.08370029547455667,0.10132161909438743,-0.11678202645819705,0.048457734327388466,0.04353381505594883,-0.09290762316125133,0.05752754375859996,0.05071021009567026
569,-0.05311797716731089,0.07589287055193839,-0.1055405819329167,-0.0877005375252598,-0.08370048869967997,0.10132155849901407,-0.11420634730107294,0.04845832189885984,0.03952525923397618,-0.09291720128297189,0.057519003374243524,0.05351457120514202
570,-0.050784664602124364,0.07589285075443894,-0.09769699426944062,-0.0895182487556843,-0.08370041732944979,0.10132156617076682,-0.11451543907724897,0.04845809920149697,0.03981052040746104,-0.09291659410366106,0.05752794233899404,0.05291748803512452
571,-0.048749628090475526,0.0758928706404054,-0.09660905060359395,-0.08925973771856521,-0.08370049010170244,0.101322262038072,-0.1147165535127235,0.048458162134753804,0.04028625016792297,-0.093051865840721,0.05749814290015032,0.053358130343065906
572,-0.049372028209702004,0.07589281278954116,-0.09306486415833491,-0.08928456498374876,-0.08370027742916324,0.10131656264042961,-0.11000789222968893,0.04845814722257269,0.03672064309478366,-0.0918506907080663,0.05761530918398156,0.048612428533588714
573,-0.04457756672921797,0.07589296947857944,-0.09466803852501311,-0.08928667663418088,-0.08370085364667723,0.10134874899624811,-0.1054520988840348,0.04845815020288441,0.03559666842749229,-0.08801973670167677,0.05722579370222044,0.04875959019576642
574,-0.04461603974170389,0.07589282020585854,-0.08631779113540529,-0.08929045894267895,-0.08370030469121588,0.10119913361020728,-0.10608990678575854,0.04845814973798342,0.0312815032270812,-0.0886100296845047,0.061440196984910295,0.04863938624241001
575,-0.045417723863039425,0.07589082470566255,-0.0804867648174879,-0.08925719875393485,-0.08369296615119656,0.10179288505702867,-0.103908357326166,0.048458149776491787,0.030995519703046644,-0.08847215688856526,0.06644828867603271,0.048685668340873844
576,-0.039455476848008555,0.0759099066050098,-0.075374559238179,-0.08941252708675497,-0.08376314067829678,0.09769825405367677,-0.10091974134377193,0.0484581497677188,0.03109178181262143,-0.0884993706753832,0.06630350596060075,0.048652538869056815
577,-0.03004072596428327,0.07579594732521394,-0.07132700312821354,-0.08881414558591137,-0.08334405039631869,0.09684679948144784,-0.10139092483357255,0.04845814988658236,0.029861056888619578,-0.08849527868559069,0.06639626786042602,0.04873957873524143
578,-0.031175365262182127,0.07634448996922549,-0.07003656543072287,-0.09310714118387735,-0.0859320798578587,0.0969132342147044,-0.10133744374669183,0.04845814921750003,0.02568748803669344,-0.08849570939184222,0.06636297065239156,0.04848025546156803
579,-0.03441740311309331,0.072956200732897,-0.06650252074754501,-0.09377971811287673,-0.08846133998000026,0.09683943656973179,-0.10128748651107677,0.04845815223115218,0.029133749219148807,-0.0884926536433779,0.06638228310075567,0.04891571433414483
580,-0.04000572498853114,0.07120363494079583,-0.06699731083584927,-0.09369170689052993,-0.088016291095135,0.09748436470520325,-0.10102999251350964,0.048458140752771786,0.03147068049570294,-0.08851574914807095,0.06633799272448132,0.03940590000599875
581,-0.040237155913518084,0.0714533925869631,-0.06717897484713058,-0.09455989638046249,-0.08817842458726781,0.09326648596852348,-0.09671705219759148,0.04845817566288164,0.03029076260123365,-0.08839076271169743,0.06646746758896564,0.04009357528789323
582,-0.045442004564103064,0.07142937787004147,-0.06333706414093666,-0.09870191073511997,-0.08816862812703799,0.08727847298995989,-0.09561944294400317,0.04845811718518689,0.03945789692123768,-0.08895389707847776,0.06625111093615525,0.03941928987104281
583,-0.05028645600146695,0.07143674005036797,-0.05343370401041514,-0.09806224981167617,-0.09282832909229191,0.08830072240289248,-0.09195283549998245,0.04845788051521926,0.04461989491027954,-0.08537491321385396,0.07099442280040956,0.04196948116319251
584,-0.05569276157709619,0.0713570231267341,-0.04903505019305232,-0.09835977018086861,-0.09239132593518026,0.0879823065510512,-0.09292368634469052,0.04846098696735732,0.04892804394107042,-0.08379796257510251,0.07073966291928226,0.04461381992083898
585,-0.05846237190036665,0.07181614593403633,-0.04832754209071964,-0.09780962678023,-0.0925449224043563,0.08825832386547573,-0.0895950885644435,0.04844075899752542,0.04931316527902239,-0.08423540081951675,0.0705241199416642,0.04416295682789084
586,-0.057618402751234574,0.0689993750082757,-0.04238115566799718,-0.10220975392104227,-0.09250295264546955,0.0835325996925,-0.0836875390777244,0.04854291955208048,0.05776013531847052,-0.07948021931048574,0.07275695752375655,0.044305637791456215
587,-0.061311003396954875,0.06664422789912798,-0.039808012107503114,-0.10261685611938956,-0.09251252713390262,0.08380121488688536,-0.08813384403425857,0.048108342713003814,0.06254929134207299,-0.07974556565037949,0.07607169701397883,0.0442809131248073
588,-0.06675759997103926,0.06700840056494257,-0.040489348924720996,-0.09805351345065749,-0.09251113307045919,0.08366702615652638,-0.08900341040323985,0.0514220996289862,0.06195780018327585,-0.0796130105359832,0.0717479776708191,0.04953962585145743
589,-0.06695244786665674,0.06697314914815027,-0.03942719963564674,-0.09720831414315637,-0.0925103531767083,0.0837093184018399,-0.09804845336069329,0.05691634757581956,0.06164868769604281,-0.07965478457411365,0.07068140018692208,0.053158118542884596
590,-0.06683784458940649,0.06700701933807249,-0.048739624039795135,-0.09326789382527961,-0.09250881516735127,0.08369842995621263,-0.09559373313456297,0.057271834377971335,0.06636665187820005,-0.07964404417007828,0.07079738337399889,0.05477238381459631
591,-0.06806865451693647,0.06630810123084012,-0.0489457538660252,-0.09374439581653224,-0.09254293771021273,0.08370082285547338,-0.10386793111496181,0.057714105286944595,0.06672678862970233,-0.07964635018528349,0.0709126866955647,0.05796016825030767
592,-0.07210728626861852,0.062031571462651015,-0.049926842891615815,-0.09419777475018162,-0.0922990584023126,0.08370038594714099,-0.1141562043120162,0.06210075500647107,0.07126743035858964,-0.07964608868854119,0.06981764527575009,0.05743650096658056
593,-0.07043430759021624,0.06262675259277321,-0.0540406907827175,-0.08996661322410779,-0.09359433054293108,0.08370044328279999,-0.11457982291615848,0.06155551333390951,0.07064057833214867,-0.07964589213263254,0.0657967911348923,0.057533110851359315
594,-0.07612005278602772,0.06247088464641597,-0.05339895908404595,-0.08924136761641152,-0.08460388694729001,0.0837004420481687,-0.11452543511344881,0.061672750090662955,0.0709165118549563,-0.07964449187234145,0.06694114836334399,0.05752405274496999
595,-0.06455291114902846,0.0625056270199408,-0.053819296383607426,-0.08927191727524234,-0.05776631225416609,0.0837004401278038,-0.11447149352195775,0.06179191411920617,0.07045147148394522,-0.07966091557085588,0.06336285737117478,0.05754096668967898
596,-0.05968766937810335,0.06249917214389729,-0.05280168133750277,-0.08929067876890175,-0.04709333860152483,0.08370043857377792,-0.11530346023596875,0.06128119962180944,0.07397437681637639,-0.07955660942570239,0.06173738280749598,0.05731002808147511
597,-0.02143413486049635,0.06250005037287856,-0.06128472562345763,-0.08930039769426736,-0.014143345582899439,0.08370045107548155,-0.11950070165021637,0.06578008104484757,0.0794945869919693,-0.08007800743047928,0.06198173359673878,0.0590210632080479
598,-0.015665989307933184,0.06250002029867587,-0.0669635553935644,-0.08920242488599019,-0.008138272400917308,0.08370039686597772,-0.11839898023890301,0.06601754838473961,0.07975306879924483,-0.07688629099814015,0.06198170620738929,0.06198372910316573
599,0.029251308705947134,0.062499989253194554,-0.06717218123292026,-0.08963095653025933,0.013123750485776514,0.08370059152261725,-0.12171164369437353,0.0667036938460602,0.0843792419971174,-0.07496721465938834,0.06134617521646651,0.06457791452434376
600,0.08318674833355232,0.06250000403001606,-0.07369313945691712,-0.08627478524790122,0.04165965516523719,0.08370005655732868,-0.12369989170719532,0.07099108019069346,0.08434812702295268,-0.07525436600155604,0.05698380376466436,0.06683199360330995
601,0.14150770506121504,0.062499996042540244,-0.0828265858169083,-0.08060990800879102,0.06938658585716323,0.08370057713171117,-0.12304909967559235,0.07006839079494748,0.08127355632944677,-0.07522066728163909,0.05805312297052626,0.06586797424144243
602,0.19683716946414087,0.06250001295808388,-0.08525076895859854,-0.08034199933196395,0.08402276640858643,0.08370728514823714,-0.12778073095394993,0.07257663415464088,0.06813742003300924,-0.0752198667316082,0.054938820090995294,0.07530306042584255
603,0.2505619816775824,0.062499955489888404,-0.0840166868900032,-0.07508324628520562,0.10987476752987878,0.08364276140086976,-0.12757321601137078,0.0783757166046017,0.04879694987843724,-0.0752218279983229,0.0528449841205273,0.07966294335988618
604,0.27583018711333945,0.06250011465486868,-0.0916045580327434,-0.07102865317652225,0.11872196614161837,0.0840291883549217,-0.12864330803854188,0.07938788720617879,0.006528149050081288,-0.07522106225387731,0.05303987385000868,0.08066059155739441
605,0.29558914764915495,0.062499948039302526,-0.10199954740800858,-0.07193619384708448,0.12328111280273255,0.08160608098302591,-0.1340686306890239,0.07931899959713648,-0.02539561537324212,-0.07522128371009836,0.05321710194505397,0.08457660658094909
606,0.31529852306162715,0.06249804315541745,-0.11202027130646913,-0.06883213235937483,0.12832411174786848,0.07847045715589658,-0.1388357658089268,0.07956458111235937,-0.054759665564098,-0.0752212264465713,0.04851879074290791,0.08388848345347291
607,0.32808910762375065,0.06251675352153042,-0.1161571048699203,-0.06712649653552274,0.13249944012090528,0.08284679897551557,-0.14428697931551654,0.08410443385539133,-0.0769017783506304,-0.07522125094406412,0.04818187658614659,0.08434314319749375
608,0.33066625262495075,0.0624040246387049,-0.11697988935609246,-0.06325475382332,0.13205656402164148,0.08379713879491342,-0.14558783053701513,0.08354818398637982,-0.10877737432931027,-0.07522121503747582,0.04231968714134272,0.08332378194238094
609,0.3298210419615783,0.06294960750406911,-0.12306489624135412,-0.06244370389063542,0.13218206676716213,0.08370601760543375,-0.14525314481367346,0.08385615212525557,-0.11727359828104342,-0.07522122479082385,0.03949014882405314,0.09253984714234958
610,0.33359026552511517,0.05958383096843877,-0.12502798541304116,-0.062469602809478546,0.1321613899552846,0.08356787854966816,-0.1501799634234416,0.0831865912423388,-0.12260910134784699,-0.07522184592878911,0.039928135189660756,0.0927669254961575
611,0.3347824915691394,0.05780652244973363,-0.12749838625909315,-0.06270198678449686,0.13213237083717563,0.08474904187472536,-0.1545125186399035,0.08721228117950254,-0.12366158269480725,-0.07521665838241774,0.03969283223934429,0.09368958212087168
612,0.3387656968640102,0.058061854520021904,-0.1371626867306843,-0.06110172496209341,0.1322197013967254,0.08857731489549381,-0.15382664184610398,0.08795022198620352,-0.12784785740499313,-0.07524618032487553,0.040113821859586604,0.09806014629923256
613,0.34872406129693473,0.05803659375510244,-0.1428227758457933,-0.057583512536596625,0.132204222428585,0.0880000249478569,-0.15598190048995772,0.09250813255664103,-0.1283192269052449,-0.07510824037985449,0.03540047694202216,0.09547670414104875
614,0.3586727219184272,0.05803590665244265,-0.14271317699902203,-0.05809965310445742,0.13707115003812595,0.08809541773574882,-0.16109943779758482,0.09207624702765842,-0.1283435471634028,-0.07565842354857681,0.035474945127360914,0.09029559714350584
615,0.3692381844468279,0.058022763253170934,-0.14387492968399,-0.05814475959376527,0.14377040926369944,0.08820878158605819,-0.16701164356768966,0.08695303527516587,-0.1282842207113382,-0.0717164496468562,0.035366875896046174,0.08488781925862242
616,0.37628436585958275,0.05810896035909576,-0.14744287944147863,-0.05772806517405819,0.14880586452290792,0.08789468245432723,-0.1635254991893252,0.08170585662350945,-0.12846315020791105,-0.07049210944068614,0.03540739351298568,0.08399956750590722
617,0.38782240025767617,0.05770519243924071,-0.14945264173368644,-0.0625065875393453,0.1611447087259898,0.09261329627064233,-0.16299866381833641,0.07895105322901264,-0.12766677859042538,-0.0752829430836944,0.03539600061501467,0.0840727042726069
618,0.38753697917337887,0.06059945015095803,-0.1522818130746824,-0.06288676547425516,0.17592007790816025,0.09241948337097787,-0.16293744312657643,0.07936607483825646,-0.13085426489589824,-0.07576710313430125,0.03539868951096298,0.08361174998985116
619,0.3522835333500211,0.06649157646577007,-0.1513182235987051,-0.06744837479520276,0.18009234908963215,0.09254373724045621,-0.16326131280806658,0.07928345770936776,-0.10759919895316253,-0.07985139773888324,0.03539815457636662,0.07920083920509037
620,0.34448264254187283,0.06681815009421932,-0.1559316858583015,-0.06679877513377859,0.17668108764782953,0.09250195634616404,-0.16129755659562145,0.07929637055631214,-0.08595852768128924,-0.08132455762569807,0.03539823744183868,0.07977603570780277
621,0.31544811735089673,0.07156277773276873,-0.15619351644053675,-0.06712232144057885,0.17157974502909165,0.09251314912888468,-0.15817059597921293,0.07929546884042038,-0.056824574724352275,-0.08451610721837255,0.03539823090548722,0.07960646684640962
622,0.3032576631507724,0.0713152693166894,-0.1568809804573933,-0.06648002346039733,0.16706429887999305,0.09251054501785284,-0.15866601461430915,0.07929178306324068,-0.05263434047007605,-0.0839822952573109,0.03539822911537986,0.07968629353938185
623,0.30240324357548587,0.07154323557769651,-0.16116477569803545,-0.07070384319049783,0.16779584315329146,0.09251121668184832,-0.15860442616049372,0.07931752128474853,-0.04815149713476414,-0.08408454979432634,0.03539823239642814,0.07954164014356548
624,0.2989902054849513,0.07101068447612,-0.16061767917565584,-0.07147210206745319,0.16550165434124758,0.09251078757650727,-0.15854718298951093,0.07917955646464152,-0.04884222265044545,-0.08406969987324628,0.0353982192979651,0.07981319405686034
625,0.2966944271768422,0.07400243045542658,-0.1606207598594711,-0.07138504067024468,0.1626160197348344,0.09250999800431135,-0.15838446932175662,0.07979683920681996,-0.048514205272386174,-0.08407055801980097,0.03539827665805968,0.0750628301831892
626,0.2942065737970487,0.07618879156082368,-0.16115550921591548,-0.07215330091308213,0.16301049748480045,0.09252373264229637,-0.15380488568734785,0.07597266516769344,-0.0491404952718237,-0.0840709468224987,0.03539805945124144,0.07523412444333935
627,0.29502150304187896,0.07584866868950466,-0.15690668414292208,-0.07637711149054362,0.16316310584593072,0.09242916935590384,-0.15430605952300175,0.07508343367326878,-0.04486357982237209,-0.08407073839689588,0.03539871503717564,0.07576130088712928
628,0.2904251059026177,0.07589589494522664,-0.15616615958509206,-0.07573486078028863,0.15897013602420312,0.09292282516394113,-0.1541752994640288,0.07062093456047647,-0.04421348075552355,-0.084070850812645,0.035397651492021585,0.07148061603182755
629,0.2851420347278877,0.07589517733397064,-0.1556158927909931,-0.07605820308797913,0.14930262584814433,0.0899113334840691,-0.15409530120504222,0.07052187137728554,-0.04423650981524317,-0.08407061853739742,0.03539291230670618,0.06336436775136736
630,0.2691024110386115,0.0758781668235019,-0.14651307649689044,-0.07540933999167956,0.14388607361944966,0.08782422835131276,-0.1545206208719274,0.0706852590257875,-0.04421729774530764,-0.08407142912805984,0.03545289301121685,0.058447962617844886
631,0.24834018328401739,0.07598048723368543,-0.14750973463402878,-0.07996894646248183,0.13362204747803783,0.08814643810631449,-0.1505020399030917,0.0688999766904108,-0.04447780267835901,-0.08406902838642646,0.035065639559048636,0.05741266369464167
632,0.23120485277952016,0.07546319199277916,-0.14757575316818755,-0.08035071596966177,0.10946637876949192,0.08810348466961715,-0.14538497835820846,0.06645459749913545,-0.04263471952952611,-0.08407277216507973,0.03749785353287627,0.05752305651972235
633,0.21023773689195516,0.07862810768723966,-0.14496567033751767,-0.08515785836957242,0.09722524856036908,0.08810463698776365,-0.13983401595979955,0.060772320980111094,-0.03444609770460983,-0.08409106456817594,0.04020007925028224,0.057592248258481776
634,0.1874655507769306,0.08062003788455664,-0.1390148749080965,-0.08447871913979321,0.07906211250427604,0.08810627814497818,-0.1316437725029448,0.054530366675049076,-0.0019243864206222316,-0.08386739277487205,0.03973227443083619,0.05690989406166507
635,0.10787499054445791,0.08032763723267199,-0.13850334318370464,-0.08633799575955149,0.051270432812269506,0.08810555233028657,-0.1306348365283937,0.04121330147665106,0.0051757909722862615,-0.08548427902215112,0.03989096489610507,0.04982527634772466
636,0.0581565673800507,0.08035466079033292,-0.13381110714848712,-0.09130219288715717,0.03105957618882406,0.08810577177886601,-0.1276775684472173,0.03524241207278167,0.017732934145438566,-0.08895258913211386,0.039824769089371444,0.03972250987142468
637,0.049866284535567684,0.08026069458991368,-0.12943544687143058,-0.09961440526544636,0.020842238669774468,0.08810571781666662,-0.12501369123652306,0.03479496459717653,0.07468447501645814,-0.08839486944333849,0.04490761425059258,0.028721333181260845
638,-0.030530388418281804,0.08127356879541056,-0.1278428783275107,-0.10685629785870246,0.005660927005009309,0.08810572555381527,-0.12034171424081859,0.030570046558013646,0.08990527269389952,-0.08851348614606191,0.04966177978411064,0.026528517703042393
639,-0.04846576672606773,0.08530442040138213,-0.1160457047077297,-0.10695809911120431,-0.010387410875420881,0.08810573475328629,-0.11040947512744892,0.029718824449195994,0.1382188917863408,-0.08849471115979222,0.0559115774224095,0.022558774370642187
640,-0.07963994276689332,0.08469230307316128,-0.1099655517663497,-0.11694318207001131,-0.031407186896009076,0.08810572298517688,-0.10968298638159481,0.023518704814781535,0.16195430822668624,-0.08849486999720294,0.06798511773349449,0.017595469795518088
641,-0.1096099116094893,0.08488170142455183,-0.09730064419073692,-0.13039474375217686,-0.046489293769317167,0.08810559036518265,-0.09526397131185209,0.022296498635675618,0.1623187322187833,-0.08846893309409622,0.06895522794027549,0.017735303890403148
642,-0.13715609824219688,0.08470199256110914,-0.09374108397569285,-0.1291424672861583,-0.04861448249638151,0.08810690134204117,-0.08072981649332982,0.01835233922972824,0.1867671165315298,-0.08872556490695985,0.08875574363865922,0.017899142642247644
643,-0.13543000292100005,0.08508627260919556,-0.08557297556371013,-0.12959933195832027,-0.04868746743224391,0.0880989799164322,-0.05212524563001309,0.017745901681428842,0.19057946706732531,-0.08695019429409565,0.09344201478929927,0.01615340907851403
644,-0.1252459891787258,0.08031953744265201,-0.07058957997228844,-0.12922332868560285,-0.044014904453290066,0.08813743649161934,-0.036054008553343335,0.013081065863887497,0.19029972406738355,-0.0836576405628427,0.09837762740986898,0.010096660152199904
645,-0.12506715964345014,0.08044012440550355,-0.06077016644084009,-0.13194757976875676,-0.044136632101158514,0.08797848046252205,-0.023427086011471338,0.01348969612329907,0.19026760311422852,-0.08403579567061753,0.1319485974744393,0.00901666311176416
646,-0.12514041909223825,0.08032490898070993,-0.050250804419844926,-0.14199699182822043,-0.04402027158393041,0.08853034496479976,-0.019395750811253026,0.011881873894076802,0.1900610321808611,-0.08448892355576226,0.14665443167666703,0.005163604674104548
647,-0.12369502347706361,0.08036663378237818,-0.04215232658798487,-0.1428704808008993,-0.04406274339061425,0.08409079889573247,0.004252191810205667,0.008786732725441518,0.19137162853463802,-0.08002062933178236,0.16372737131119358,4.6186337217016824e-05
648,-0.11995634905755063,0.08035376829500673,-0.03766226001035931,-0.1429205687893586,-0.04404810048377101,0.08370805159108288,0.009026688866745675,0.006233636371055991,0.1830446750719725,-0.07964559572206159,0.17631925317052854,-0.004647013576848233
649,-0.12109543500861397,0.08036202753553055,-0.032053437192301706,-0.14260161347107844,-0.04406302478788685,0.08368114747429298,0.014717582856071769,0.004579599059890159,0.1729292469796793,-0.08010804153389253,0.20348236780685258,-0.004335437307361696
650,-0.11731670945644468,0.08034320477160185,-0.03118088671016562,-0.14448555628994028,-0.04402242114178604,0.0836919671452456,0.017640085918425474,0.0005839066766885163,0.17245572078823798,-0.08443971118141107,0.2072975838760959,-0.004426198947794412
651,-0.11566524205824602,0.08038357592446108,-0.031250507971447614,-0.14788038743926818,-0.0441107543338742,0.08379082229354001,0.019633469657416747,4.3825061258971794e-05,0.17266059963168348,-0.0843851841964136,0.22501164541101246,-0.004538903546282879
652,-0.11638877396076099,0.08042275220491774,-0.030780533161064855,-0.14675177789342683,-0.044196970999888334,0.08327836294421849,0.024475949699326316,-0.004911906834871483,0.16777116825895252,-0.08144592181479848,0.22998084383163309,-0.003956527858480173
653,-0.1017999768497414,0.07923204708298957,-0.026489388515984216,-0.1510181962883131,-0.0486527091564193,0.0865590368452613,0.03367045216107668,-0.0091500140563974,0.1620424361418749,-0.08178886235660919,0.23092382607140602,-0.008053282880498778
654,-0.09827854560344773,0.0695590759430114,-0.026643286811922295,-0.15183704839290071,-0.049513389613460954,0.09077504212352192,0.03908219465219099,-0.00839396064185835,0.15229841191899615,-0.08804479730012324,0.23495719744990978,-0.00894010141297651
655,-0.09719103643830222,0.0646011395078352,-0.05916126419913652,-0.15174897050358577,-0.053472953658298565,0.10471657021000641,0.0382457428766506,-0.010903153963294958,0.15154064359188954,-0.08833016897179571,0.23451716228288333,-0.008935234644144145
656,-0.0912661631745568,0.04715280064879242,-0.07687350201968317,-0.152490207012694,-0.052280292313795725,0.11023805975946313,-0.019254793088765328,-0.013704744249966278,0.1420004566358378,-0.09302214820444452,0.23402986854415886,-0.014986491509631324
657,-0.0889654475525004,0.03732996816534222,-0.14713185691288116,-0.15649742201295838,-0.05605379040036146,0.11529284920321613,-0.08773961961601606,-0.012718045409349177,0.13685723579730089,-0.09271690953844902,0.23805066698044322,-0.022876259616123967
658,-0.089462994960913,0.02181578578801327,-0.173323197651508,-0.15768629515263433,-0.05743183588841517,0.12029815796147546,-0.14107253640455442,-0.01719634825515269,0.13326787035435403,-0.08448895214624395,0.23878060340376947,-0.02220874682357176
659,-0.0889373596541814,0.0006411180011578297,-0.2280819592453738,-0.16380833940688763,-0.05725747450578151,0.12473217155430226,-0.2137911900464323,-0.017619174568724295,0.13274555273809407,-0.07462920884350889,0.24337114403603605,-0.020005048686105864
660,-0.09363715383349053,-0.009885853757036423,-0.30230996548876315,-0.1653983453709201,-0.05726523011665653,0.13440577798487685,-0.26613875240604284,-0.017693818237456988,0.1327178506890802,-0.0709367722927676,0.24294488605577094,-0.014046274383182112
661,-0.09369322635588594,-0.03877433477153506,-0.3128239598594315,-0.16508415275518595,-0.057270678843800674,0.17186104533755922,-0.3247775154020657,-0.01711851918710856,0.13275358955785602,-0.06307679051338387,0.19354782153988054,-0.013318488641212572
662,-0.09377877230945296,-0.07299001448925818,-0.40046396269705026,-0.16521451052930802,-0.057268065562376375,0.2103105650215549,-0.37849320454100177,-0.009333281926154966,0.1327407468802154,-0.05805850406911331,0.08541313186062485,-0.008988530436067614
663,-0.09374042193122141,-0.08995203647460404,-0.43911690141183585,-0.16015467618037935,-0.05726899775936197,0.24447053574512423,-0.40055125503656,-0.004132901297633297,0.13274236792425415,-0.05764092996618225,-0.00751347018268218,0.00035498427873750435
664,-0.09375451976050793,-0.1300431368241042,-0.4516992310513162,-0.15500589996891256,-0.0572682290347499,0.279011488905867,-0.4569789648517441,-0.0014922115367070363,0.13274988362778184,-0.052936557281450025,-0.11421434802812266,0.0007349840176615618
665,-0.09374055211699357,-0.15485313098701153,-0.46235703733024924,-0.1511956489265376,-0.05727033957451636,0.31187802909842366,-0.5169809245430638,1.2629189020022403e-05,0.13272245268847593,-0.053199326261826226,-0.23032527563051286,0.005079013486448721
666,-0.09378172017234428,-0.19139073703521084,-0.4819507476608238,-0.15282497834389075,-0.05726445261454451,0.3558088866397302,-0.5780104858100936,0.003766764695156794,0.13278310230169604,-0.053083490543678905,-0.2872048293873051,0.003743665666011944
667,-0.09633137983649011,-0.21405663077701317,-0.4817814640053129,-0.145628819681864,-0.057271637244476134,0.3623312272943654,-0.618199070086177,0.01355854240827255,0.13284622391184467,-0.052996813562111396,-0.36898282438350943,0.007813806993817469
668,-0.11571190351461187,-0.22395981279897312,-0.4832192551412315,-0.1428442301178886,-0.05733888516896935,0.3732277342279528,-0.6774288303162657,0.017836384900443893,0.13815510661129243,-0.053566842123406226,-0.38271032201151256,0.007839668160770242
669,-0.11581017246463879,-0.22771162655197158,-0.4872062585863085,-0.1387242918459637,-0.06477967442595,0.38289446926694165,-0.704510338356406,0.017395520719222974,0.1419262025179397,-0.04986166983082804,-0.4461644805726087,0.021288975946757764
670,-0.11658654682278749,-0.2291223255501923,-0.50052993170391,-0.13847201059800054,-0.07602315303763435,0.38322901947084514,-0.7048848708549387,0.018826928043903537,0.14152951418186832,-0.04851580461115955,-0.4685381357055175,0.022038985649485355
671,-0.12383632088908458,-0.23264013458516822,-0.5103570628829326,-0.13766516193871725,-0.07586483610065244,0.38334271837113426,-0.7106988627794614,0.02703413243449298,0.14149033804373207,-0.048681914784417454,-0.481333329012798,0.021954504446119755
672,-0.13025090279466311,-0.23193723224207471,-0.5083204723060823,-0.13379470486301226,-0.08536048298545838,0.3840262433679998,-0.7302600497607643,0.03468098823415286,0.1420401396390651,-0.04867676198914236,-0.48553891679789024,0.024048074009562492
673,-0.12937835307642598,-0.23251077376141477,-0.5164014195513017,-0.13198983531752628,-0.0886193855453212,0.39814222186967585,-0.7453692988696371,0.034953525867441625,0.1377974201260354,-0.04866779781329568,-0.4869293390103819,0.035561645039404385
674,-0.1291667865606525,-0.23132016409393286,-0.5361080574844155,-0.12953123811353356,-0.08777730566494577,0.40317164004639616,-0.7686710993095798,0.03955297051132781,0.13710788018158948,-0.048689854046208146,-0.48665895049175006,0.042168706413503856
675,-0.13306703432909406,-0.24561346527382105,-0.5418868722211369,-0.12617003630324258,-0.09253133965766333,0.4143061498002517,-0.7933465025365517,0.0398921331591662,0.13685999478033511,-0.04859113998587322,-0.4918437969165156,0.050663256052695727
676,-0.13833582141579628,-0.24545679696029593,-0.5658052635499708,-0.12499343329117783,-0.09277251402608062,0.42149229118858067,-0.7943833038960835,0.04434150249101996,0.1323613472429687,-0.04901041505699138,-0.5017596529453636,0.0569137989226863
677,-0.13834697325700998,-0.2532017017019986,-0.583883434502467,-0.12073332749422093,-0.09848596744540948,0.4257107561307386,-0.8402008048659999,0.044980299745624855,0.13277770420219653,-0.04580078534006365,-0.5034553760928989,0.061890037969404364
678,-0.1384144511633868,-0.2678392715732377,-0.6045990383571429,-0.11127225822175743,-0.10128709440598531,0.42924092155692867,-0.8879307185241051,0.051252323981651096,0.13314848033669838,-0.04010009142949355,-0.5260956691419246,0.061878274823823354
679,-0.1383861334186329,-0.27385899917189277,-0.6463626119345341,-0.11082128048057507,-0.10357365539165621,0.39706102625729617,-0.9453129929118331,0.05230763016583086,0.12994450171003136,-0.03987004378391241,-0.5484749846521572,0.062062391375608886
680,-0.1383945864212845,-0.2646597301092484,-0.6839622953259106,-0.10689285854533524,-0.10607308390367205,0.36679422186176847,-1.027156511776786,0.05920746225750704,0.12810426226748395,-0.035331181640807875,-0.562326120768233,0.06142243569770849
681,-0.138392474985752,-0.24484845959607215,-0.744424776015471,-0.1053262029640163,-0.10566968378737938,0.33377537212170577,-1.0674579471764574,0.06593673858328243,0.12827331495406574,-0.03365566154343054,-0.6028764714800469,0.06553755581150306
682,-0.13839292788677607,-0.22845827671377397,-0.739080123271739,-0.09981726783119993,-0.10573278968768633,0.3162680522732027,-1.1499809275261081,0.0660859673961004,0.12830749197307106,-0.025933389984007203,-0.6150561175170782,0.07750812662561204
683,-0.13839284753388495,-0.22307130237537354,-0.7124991159100523,-0.09443166456216884,-0.10572807392981287,0.3050640532063758,-1.0999387546679809,0.07127625610533954,0.12359791143411869,-0.024498371362188447,-0.6393693414663958,0.07952376781983435
684,-0.13839285746000113,-0.21795037808588233,-0.6855069843423357,-0.09371434311505658,-0.10571529007089518,0.30418272885808284,-1.075294120616294,0.07494133260618079,0.12401207888035684,-0.022188264668449895,-0.7171300341585225,0.08379009702498735
685,-0.13839285749348917,-0.21301998300661842,-0.674736426500571,-0.09380331514593077,-0.10580330782113526,0.30095103444635235,-1.0461979565487438,0.07653938484165183,0.12386130530916085,-0.018725512438115863,-0.7479003634241912,0.08413770462187564
686,-0.13839285690527406,-0.20762067007785986,-0.6594483374779637,-0.09262771332776606,-0.10532977133778135,0.29547120373511704,-0.9876724568078431,0.07938240183809733,0.12389351655940326,-0.01758322921343945,-0.7673665799275318,0.08933286940931474
687,-0.1383928576692635,-0.20490632291506983,-0.636915451445743,-0.08294938038972488,-0.10822292677106495,0.2951627646213214,-0.9889323217118886,0.08185478262867286,0.12392539966736438,-0.017697733982951675,-0.7734270605478645,0.09447280593945417
688,-0.1383928548484246,-0.20588612217372684,-0.6302921358020808,-0.07821672337273458,-0.11043294496322274,0.29465630899682976,-0.9631607273122972,0.08716931392605684,0.12378992739013041,-0.017705252757290308,-0.7408859614491878,0.09772451534881324
689,-0.1383928664837754,-0.20157134601284052,-0.6111395860881279,-0.07557435826603294,-0.11008442546275907,0.29053092068551334,-0.94122930109099,0.09224579164747249,0.12408911376479133,-0.017696615120960282,-0.736307574553225,0.0972587906887972
690,-0.1383928248690041,-0.20082553522656973,-0.5859526445183834,-0.07583664992157824,-0.11013844444069595,0.28943639685894995,-0.9230964824440882,0.09233932301868131,0.1193340951415493,-0.017700112296607406,-0.693443940841038,0.09736088606481716
691,-0.13839294023888693,-0.20075609915188003,-0.5600142292070971,-0.07622006667512893,-0.11015026374393286,0.28435297456788766,-0.9184606832014212,0.08777034056889461,0.11974047029474022,-0.01769763967557398,-0.6906276783072032,0.09734458150419378
692,-0.13839281482797913,-0.194768455729761,-0.5391271806740398,-0.07151601988575113,-0.10993219524682732,0.2762915716491711,-0.8904381153953965,0.08822218880541084,0.11812226807060529,-0.01770423831196254,-0.6814481644584506,0.0973437412324673
693,-0.13839149317927196,-0.18509032319267715,-0.5196681572642551,-0.07151853287900067,-0.11154802744991422,0.2670120692128957,-0.8855382303964822,0.088074169155163,0.114985802821799,-0.017682783552036518,-0.6715858219912607,0.09732096185702764
694,-0.1384046658728886,-0.17102664439249488,-0.5139069508950189,-0.07117213927077969,-0.11458142201844916,0.245044220711524,-0.8777781571634125,0.0881129639757825,0.11259873011340425,-0.0177331199677678,-0.670118472722758,0.0975701496421242
695,-0.13832466935177648,-0.16656562548894419,-0.46851346576731284,-0.07299012572223006,-0.11708240424879132,0.20573105719920812,-0.8562986434960216,0.08810430531454662,0.11021364615964015,-0.017750370098347977,-0.6451330379558676,0.09580002068107031
696,-0.13871573357202122,-0.12283979446884438,-0.4386945454943593,-0.07633747268728122,-0.11926404715492621,0.15667690396641806,-0.8370640721718796,0.08810602706370736,0.11094114105143975,-0.01654320629273744,-0.6246199311638098,0.09250856972717199
697,-0.13605079195365086,-0.08303669278900681,-0.39855789352335813,-0.07580016498407961,-0.11881606645649966,0.1275513563747379,-0.7601843942739925,0.08810560681983914,0.10638088017423922,-0.008132044848352286,-0.608360591120317,0.09288836676362232
698,-0.1302199367427357,-0.054649347348525466,-0.3615145704077058,-0.075906258188469,-0.11901270295846315,0.08768859553486946,-0.7294933082522674,0.08810453200594331,0.10131165266177006,0.004372368477202187,-0.5279142497955848,0.09331064191978575
699,-0.12939633408669188,-0.006604049813913304,-0.34029930586196494,-0.07589605430118768,-0.11430003283806457,0.049128096165734506,-0.6758708451750831,0.0881175354604145,0.0970191977240387,0.021712208849704165,-0.5199519224222372,0.08883503916097198
700,-0.1294587089425477,0.01246511934718089,-0.3220524120623589,-0.07590069300652695,-0.11464418076856853,0.035787235677460644,-0.6097238512083565,0.0880346696726721,0.09744681755054378,0.025148343007405656,-0.4627522878064756,0.08854898220246019
701,-0.12908576059229296,0.06151752696456879,-0.3164279522337248,-0.07572710396685357,-0.11452348316104431,-0.025239988131734455,-0.5331902975217439,0.08844827701576898,0.09732130878731464,0.026671464039702046,-0.3688767241801868,0.08784746690441912
702,-0.12451034679102471,0.0859331409406021,-0.25830954703780884,-0.07717973124052514,-0.11445138424828964,-0.05296014447015717,-0.5145590368551757,0.08568605184809706,0.09734160518570763,0.02666726656652488,-0.26151628112507763,0.08385241517861411
703,-0.1254777720284813,0.09677263349441734,-0.23692096438452212,-0.08039374154124543,-0.11491909461585698,-0.04360751070084414,-0.4359753819398867,0.08037519040451166,0.09737526931943961,0.021828156746808186,-0.2510501836311366,0.08261821369624932
704,-0.12279390271727265,0.10523764298881963,-0.2231867962097794,-0.08296496961614813,-0.11140143006859893,-0.03884345965748541,-0.3849328661410032,0.07543199729853493,0.09727061140474826,0.01711024945230657,-0.17898598031498947,0.0771607825468927
705,-0.12008609563158974,0.1073570104443314,-0.2117741336079049,-0.0846331522192735,-0.10631893598076941,-0.034845763310517516,-0.3127432597581419,0.07045691376498042,0.09732926028980246,0.010413428202762375,-0.1680824976621995,0.07166403617107332
706,-0.12091072889392186,0.10714505507123295,-0.18862238648687984,-0.08874191540216957,-0.10131207814973915,-0.03526646907926443,-0.27166374188367953,0.06581406147192394,0.09262336500914833,0.003510443059001665,-0.12818685635725063,0.07101638108250363
707,-0.11681869702430259,0.1071323470851706,-0.16509558075031788,-0.08921583381198912,-0.10106394280902226,-0.035593627641658056,-0.24753755004114156,0.0664203479620683,0.0930386706065598,0.004954799172369546,-0.08829166249794106,0.06648249615703115
708,-0.11161208769324354,0.10714217419560905,-0.13321818602281912,-0.09391647348863946,-0.09532070957335635,-0.03237991436993568,-0.22290045074662665,0.06440920332577826,0.0928859955975418,0.0016565196467340539,-0.02552922043772435,0.06643719979389578
709,-0.11119031504634294,0.10717000275071474,-0.12349954721774985,-0.09448695896044366,-0.0928371596914526,-0.027246782495292225,-0.19390603113328198,0.061131427408080675,0.09292932030374243,-0.004026139951164477,-0.0047404290971059925,0.06633605305476067
710,-0.10717997703804694,0.10701316803293788,-0.1141426027838515,-0.09882573881413567,-0.08830111865160567,-0.018327379861354118,-0.1651459461784154,0.06223041344801247,0.09291592291803648,-0.004363145170873746,-0.000732163345834183,0.06640638881306708
711,-0.10403851429396707,0.10764928853691554,-0.09138954545802748,-0.09763756322561158,-0.08050683106281291,0.00097073378554744,-0.14698681230369673,0.05803278220704621,0.09292918398048874,-0.009307450082650137,0.02491549287234998,0.06625001357790143
712,-0.09776205118820698,0.1034202379753727,-0.06161798475277978,-0.10114984498321822,-0.07564433089205728,0.004126611288606466,-0.11722487256232189,0.05719841548009537,0.09290447992427947,-0.013616090864423835,0.051843919464197565,0.06685143543892294
713,-0.09540234282824953,0.1027764091144732,-0.05780921614985625,-0.1029004604612194,-0.07476268436856436,0.006593851937612457,-0.10531262752490579,0.05724924368597195,0.09287503401289882,-0.012814423622881443,0.06734592991502808,0.06283707956395906
714,-0.09390866965747913,0.09802811771696585,-0.050365911791647774,-0.10265487461422966,-0.07477453341351109,0.017669298299284642,-0.08522066676579776,0.0574372276496507,0.09364193449719493,-0.015556545092028693,0.09075833086743976,0.06187333466014748
715,-0.0897401531227985,0.09292277348205066,-0.04415467654504625,-0.10267757615225624,-0.07015081256542,0.02562393462983888,-0.0747025009533885,0.056049926523633095,0.09728966932790363,-0.017123108246019873,0.09271039009280414,0.06196325987457756
716,-0.08928702357310189,0.08886575502383949,-0.04259200117196022,-0.10266970332063964,-0.07060593194883179,0.025346625621716974,-0.06395802380460229,0.05228887413446088,0.10064236410880138,-0.024311241485224674,0.09394263304730324,0.06139724155680484
717,-0.0892641104951525,0.08963398763906949,-0.036573627229277775,-0.10275385453195322,-0.07044385768786543,0.037818163785065674,-0.050679234927394824,0.053439279733988015,0.1095166995840315,-0.02680216425072464,0.10329734525874147,0.057007753878414794
718,-0.08929035942781177,0.08743203935053995,-0.035472430399191617,-0.10227748400105695,-0.07052540936419834,0.04399326394685381,-0.0472796252267655,0.0496135182020604,0.11107979515622214,-0.02655832904942157,0.10528905132629783,0.05794075709827322
719,-0.08930779606026432,0.07915598766281316,-0.03579301733049574,-0.10522256322133482,-0.07035953070401864,0.0489612731825295,-0.03865556514028789,0.048309132529669625,0.10967074197823132,-0.026957578335993364,0.11769496290517853,0.05543720533795244
720,-0.08917159969890467,0.06793173926648023,-0.02587024553047229,-0.10744894802007318,-0.07085140497249233,0.05389222901799083,-0.03472780339944831,0.048465827846633745,0.12346184207347595,-0.03888019123002649,0.11948935186728388,0.049611367748080046
721,-0.0897426481444682,0.06705234377190188,-0.0221022567086657,-0.10707409333466596,-0.0662712598881865,0.05876988815809493,-0.03531715461981514,0.04846231480012812,0.1282836679803864,-0.049817991629105406,0.1244625128415969,0.048554647954805144
722,-0.08583704332253801,0.062367690486702924,-0.022479397051533644,-0.1071746015541886,-0.06614936507428433,0.0642993323860968,-0.0352381115405015,0.048456117443794314,0.1291215800961639,-0.04850224383542086,0.12864793614323847,0.04867917541157276
723,-0.08452930671090103,0.061891275837157145,-0.021851854270973782,-0.10744054858838806,-0.0657170054100374,0.06586484639230993,-0.03524044280818176,0.048458668445189694,0.13329670852298783,-0.04822533252423001,0.12790121604876656,0.04867575335975345
724,-0.0893280188746502,0.057524905864616845,-0.025310071562477766,-0.11201920974481089,-0.058503440667355223,0.06954894945089374,-0.03524218900265204,0.048458575521539295,0.13227798750236713,-0.05222984716076405,0.13044173535975806,0.04866993001056488
725,-0.09373307582118132,0.058169404125989616,-0.026996891600798264,-0.11147164805620577,-0.0525011865736451,0.07040124062897525,-0.03524853720449019,0.04845578342845828,0.135199488055839,-0.05292979782520853,0.13323987706452087,0.04867960858013532
726,-0.0956668979819175,0.05801257406754552,-0.02676503134896206,-0.1116737219551428,-0.05030528769664709,0.07490414503448235,-0.0352108495563069,0.04846627128257507,0.1405404572291393,-0.05752932089390342,0.13221718428277715,0.04864090619805627
727,-0.10367276466583529,0.058015058362995246,-0.02678432883485627,-0.11146216753385452,-0.04851582532723535,0.07941483235147803,-0.03537000942397658,0.04843880583574005,0.14540866223586027,-0.057439542733939704,0.1368332408898665,0.048800402575225395
728,-0.10240850679519672,0.05810678951621504,-0.02677528606878092,-0.11206748724581218,-0.044882056763215064,0.07995749989994572,-0.03481738637801928,0.04845279442955479,0.150458261663817,-0.05755434546335258,0.13718257152395227,0.04824740617243466
729,-0.10283362736487116,0.057971767805965954,-0.026869415962611685,-0.10744644044715729,-0.03979363185915324,0.08581648725749653,-0.039284864591330994,0.048917409827880426,0.15036995766978486,-0.0575198429765151,0.14197938240881175,0.05272937865729753
730,-0.10232894058492048,0.06297461569541149,-0.026348622140677496,-0.10709651071092852,-0.035141488378168335,0.08841794910790264,-0.03963528235518069,0.05337120243426729,0.1505413502008344,-0.05748975760409011,0.14095463622254362,0.05308163748937941
731,-0.10657519534780507,0.0681304368760033,-0.02950297460927863,-0.10228642793961493,-0.03446498161267646,0.08804057229342598,-0.03956920315198161,0.052366857592051626,0.15002890495964033,-0.05765827236043269,0.1450012269104397,0.053122595880709576
732,-0.11166959890707431,0.07181434786286706,-0.031100100872161,-0.10310874931678951,-0.030426855700785536,0.08811623704138935,-0.040489757518352945,0.05522481181215992,0.15294515888487661,-0.05708021001033463,0.1512875591398716,0.053074556037315715
733,-0.11634252759885906,0.07133045698463468,-0.03501196822663717,-0.1007142149867331,-0.030529294721897648,0.08810573967415372,-0.04632248770598084,0.057679460153706605,0.15466979132254455,-0.061681273046420355,0.15027893011424046,0.05317491339731273
734,-0.1157691891629989,0.0714498753491185,-0.03983129773489823,-0.09831362445137107,-0.03360588100776094,0.08810718353391798,-0.048727292801525525,0.05692913642600052,0.15862207448922358,-0.062007732937032864,0.15044192826552805,0.05276427650802936
735,-0.11749589379253934,0.07142465344997316,-0.0542402673877946,-0.09496489436960291,-0.03548968326527698,0.08806834196672841,-0.048514769962404225,0.061239167956568134,0.15908042486546362,-0.06671048381589452,0.1504918759407677,0.05576431219130568
736,-0.12276174055721056,0.07142933040132264,-0.05308220954067263,-0.09396026283138027,-0.03521157843099191,0.08837536683720636,-0.04813351644086989,0.06618354288970864,0.1687239750321753,-0.0663197932443004,0.15059898294095092,0.06156350447324364
737,-0.12848114019784926,0.07142858993091805,-0.054924716450042724,-0.089410405616302,-0.03524219863874796,0.086361925771154,-0.05268493748538303,0.06588946180779721,0.17754863009550503,-0.065993796288071,0.15521718097140969,0.06185033401198185
738,-0.12880218113463687,0.071422409689012,-0.060217959101246575,-0.08907161073565467,-0.035245432662525986,0.08328070210884357,-0.05253909942579698,0.06703011402530543,0.1765750648173187,-0.06890626030570889,0.15482278646942357,0.06657653243766723
739,-0.137663071749514,0.07147743712792502,-0.06565948331040074,-0.08438568362203516,-0.03522867100486001,0.08378531103535257,-0.04808419667429987,0.072957967933036,0.17863202060140346,-0.07064602835078941,0.15449113256158412,0.0663667105971997
740,-0.1383670263118831,0.07115667411694958,-0.06714897580515523,-0.08495447227725844,-0.035314857406402875,0.08368684786164601,-0.048593211907678686,0.07471166430402051,0.1840159950841853,-0.07442029441225345,0.15745401048555197,0.06574420044089746
741,-0.13837158002566138,0.07329528995974637,-0.066943654115383,-0.08481149525187041,-0.03490971105166823,0.08370165071091253,-0.04834305380831281,0.07807215739220212,0.1889754582408846,-0.07529324133060657,0.159577652001709,0.07058199616000478
742,-0.13896367616503888,0.07922507151388859,-0.06696334694683076,-0.08472532573110535,-0.03773280143867871,0.0837005862500501,-0.048812249891616866,0.0794515429783902,0.19386256230215584,-0.07524288510131706,0.1592496403200789,0.07608790864292374
743,-0.14643287040084038,0.08052135834031257,-0.06696563425372677,-0.08516913320991146,-0.043396354276148165,0.08370085294072475,-0.0454330637307773,0.07928919264683015,0.1990570814876462,-0.07504743866095523,0.1592958163369584,0.07463282222379056
744,-0.15443591449312366,0.08032445407640187,-0.06696380787146555,-0.08094922310029143,-0.0441765185024501,0.08369686136859388,-0.03993514873653689,0.0793139333729466,0.19937445372471707,-0.07646015008745911,0.15931475043662183,0.07933904218857447
745,-0.15939344371614667,0.08032971486533345,-0.06696428068278253,-0.07581776741756914,-0.04415926003807254,0.0837189967022923,-0.03965550394572628,0.07907099035788495,0.20398759153568322,-0.08008992378539043,0.15908223409971242,0.07967849823699757
746,-0.16101823801031223,0.08092963599197213,-0.06696490173616507,-0.07118213488651305,-0.04868031600564247,0.08362011409858558,-0.03963921046006576,0.08084658907647876,0.20331401798620205,-0.0796456688254443,0.1607427692230784,0.0844336043421768
747,-0.1604375352379698,0.08528677282721957,-0.06696186641012826,-0.07145484927738982,-0.049201693447359404,0.08399583192849046,-0.03959256287741566,0.08372309539956937,0.20401157105387668,-0.0792702632719972,0.1642598124263201,0.08375046421221771
748,-0.16522374878784885,0.08465955757008853,-0.06697138109858645,-0.07178745462140146,-0.055158530037458145,0.08041142449534303,-0.039977052041642876,0.08637565910130302,0.20071126034229203,-0.08323609155477055,0.16324525080984167,0.08545470936530777
749,-0.1656162984931469,0.08500190648270546,-0.06695450892279214,-0.06898053938189248,-0.057539579956533415,0.07483806195747328,-0.037449604716868784,0.08848461199353554,0.19887702809369595,-0.08437333887015554,0.16684730466817682,0.0914854033604067
750,-0.17012846826995362,0.084250317199864,-0.06689695470860778,-0.06656094737302394,-0.057301372925629694,0.07927701161212297,-0.03262166356281084,0.0877835622694128,0.1991433052004837,-0.0748464499052149,0.1720642947160611,0.09267977867022466
751,-0.16948986850244321,0.08885576389836815,-0.06775066237716884,-0.06728343323190784,-0.05700379633231666,0.07437977043145344,-0.023612698994427927,0.0925280099752733,0.19911541797960838,-0.07556188350546524,0.1770358839514326,0.09663424651183707
752,-0.16974477689543943,0.085242261285056,-0.07190631395033167,-0.06280475088898411,-0.06131135606032643,0.07505150226253596,-0.01770463672954065,0.09290887951439804,0.19911983836861358,-0.07412084523521988,0.1816440965392045,0.09739460334550858
753,-0.1693702908032843,0.08025035464821088,-0.07130529367681986,-0.05789351101010046,-0.06619595616283934,0.07486779139548465,-0.01763059024944283,0.09736925575378173,0.19906671474123794,-0.06834470618233524,0.18139160003402804,0.09737726566890842
754,-0.17049186092571716,0.08042411147676018,-0.07145541478790975,-0.058114483316586196,-0.06600613523727093,0.07480934538310775,-0.01779548877569698,0.09688802715506029,0.19938309661689688,-0.06607609280415351,0.18106482476786287,0.09713953208481615
755,-0.16128122661072508,0.08033475499444283,-0.07142393789311206,-0.05801045399834138,-0.06610375217632208,0.07520815493063113,-0.016271299704289317,0.0964611626621682,0.1972378973281067,-0.0664577609950837,0.18378376371263144,0.09875683933891719
756,-0.16066850829535875,0.08036311005163166,-0.07142874533016272,-0.058042057914931285,-0.06607277953806703,0.07136683261798171,-0.012522710350907797,0.10005931111202923,0.1911776186150409,-0.06627714980039018,0.1861636887209718,0.10222625865943752
757,-0.15588182253837418,0.08035577888831184,-0.07142851383562068,-0.05803500864823858,-0.06608077136669309,0.06611687609069535,-0.014297436221955655,0.10114535890958536,0.19057281232894463,-0.06644273985831989,0.18579599659772408,0.10166435576901997
758,-0.1563308784755205,0.08035744501159907,-0.07143776528871998,-0.05803354786611663,-0.06607901487285674,0.06579499848970903,-0.0062393740513249675,0.1054297888835775,0.18599506736781368,-0.061709984361557224,0.18583173751254328,0.10181041143391377
759,-0.15652093876209142,0.080356980816908,-0.07135600593662292,-0.05804143527365111,-0.06607933495133968,0.0612412621535161,-0.004459548772676104,0.1055768347747177,0.18554813280877683,-0.06205745293991343,0.18579813790122462,0.10171312849442979
760,-0.15419647966762287,0.08035726852567321,-0.0718288634011133,-0.058037655370654515,-0.06607929322919405,0.06180760150868296,2.9690511377493738e-05,0.10024010844625642,0.1763534669336312,-0.061912712169682096,0.18650107826967954,0.10175141456750846
761,-0.14887278094998724,0.08035872884928462,-0.06893850333911847,-0.05789895639591916,-0.06607929398829902,0.06164000974762753,-0.0002356717098132873,0.0971821152916006,0.17633531000464803,-0.061955902878834436,0.19070981318402158,0.09656078074877714
762,-0.14352859933575293,0.08034187264198522,-0.06697296208227868,-0.059182890597988896,-0.06607929572253352,0.061681523789848466,0.0012266187642161715,0.09310301967760103,0.16988539558179033,-0.06194369750528126,0.19024808358080725,0.09253772486783968
763,-0.14276867505742058,0.08044833096765869,-0.06374053274084712,-0.0626085068921322,-0.06607929496506523,0.06167221487541514,0.0041843465050847755,0.08763984344537766,0.16882045439598609,-0.06195174093802706,0.18983139051681738,0.0933180861033616
764,-0.14280471484104507,0.07991846744116489,-0.05811491560391277,-0.06475971431812728,-0.0660792952587401,0.06167532916361859,0.008761754466950182,0.08546340480892516,0.16164175925591748,-0.061935807151187426,0.19348471372874454,0.09083000210589096
765,-0.1368820804673957,0.08317047029169726,-0.05773839376508512,-0.0675751523837671,-0.0660792949013364,0.06167394102406907,0.016569721415112728,0.07971854642744423,0.15907838464555202,-0.06194754753467497,0.19493622955762532,0.08548866048017267
766,-0.12895902069581805,0.08507118217354422,-0.04760058743440101,-0.06609752189639,-0.06607929598729734,0.061650607505559604,0.021146129033433336,0.07925757920202998,0.15522279435964617,-0.0621709619248637,0.19458916851069677,0.08041067575592335
767,-0.12785151094766767,0.0847899643117251,-0.04459280496746862,-0.07560246309969916,-0.06607929310124054,0.061862958888765814,0.026115603766001468,0.07902989129241382,0.14064199570917915,-0.059991157964762926,0.19927352124530257,0.07564505218507205
768,-0.12480584748953628,0.0848215574219396,-0.04345274797636575,-0.07626596192404789,-0.06607929533191936,0.060368102363969334,0.030865972033865745,0.07386723683568196,0.13727005530824143,-0.052167468387826536,0.19968489155240032,0.06588655638565324
769,-0.12270310137531351,0.08482231810148891,-0.0347407142497271,-0.08552079715924694,-0.06607933638690923,0.05490093281703968,0.03215473172565682,0.06857561785112454,0.13571251153694727,-0.0532206178516824,0.20528334284780544,0.06100702725750579
770,-0.11378347347928262,0.08482547000213163,-0.027817394781168802,-0.08560647956855175,-0.06607896100254489,0.05016778328952387,0.04138872876864267,0.06614682314386972,0.13234798363902026,-0.05348980089638662,0.20996750360027272,0.057030216410026056
771,-0.10304455819054753,0.0847955590075041,-0.022907866649439414,-0.09192134452486381,-0.06608116862538228,0.04475156307783705,0.048129939566373764,0.06337643654330324,0.1325825695038376,-0.04966877832574045,0.21563924451109828,0.058049887382556266
772,-0.10259570806036077,0.08494165613853354,-0.017968141531661902,-0.09390914313681777,-0.06607064467655817,0.043977286919713664,0.05548226826023982,0.06130084417034044,0.1335999003176449,-0.04833772611743888,0.2165702399365036,0.0547723351682387
773,-0.097896391644569,0.08434801948069613,-0.008418853201860501,-0.09405390926266442,-0.06611334560968227,0.04404451988770969,0.06374093104219264,0.06199172623238674,0.12466666629642933,-0.05315537293888102,0.22081546496609378,0.05276512647045896
774,-0.09779139953097535,0.08839854886683284,-0.00937716348863742,-0.09289795669689772,-0.06596918254958371,0.04419351244331216,0.07026037461543205,0.057248461101287174,0.12389611004724327,-0.0530170283097654,0.22123083404782476,0.05333713377745672
775,-0.08942297329606583,0.08941781598790867,-0.007245856287990146,-0.10266785090880705,-0.06631269843239673,0.04296333818439789,0.07048372414339117,0.06339882300821197,0.11811421463377496,-0.053132422840744764,0.22126138092652375,0.05311582875945087
776,-0.08502570908964883,0.0893523173547284,-0.004070622316517646,-0.07615293369370871,-0.061597881644892855,0.03917493477992763,0.07048592879930947,0.08615686350761464,0.11018103818032363,-0.0530611861620868,0.2212349113210168,0.0806774134858185
777,-0.07877602455569548,0.09467014381594166,-0.004426426844943766,-0.01377823459670425,-0.06175251844882894,0.03976060361338475,0.0705533375240693,0.1517462344683631,0.10883018995085025,-0.053223412188405476,0.22121417195902365,0.15559513451238183
778,-0.0753932466019871,0.09827632737013718,-0.004851277952893852,0.059464231254007856,-0.06170909087973979,0.03962459676904141,0.07008253646589481,0.2658351892642207,0.1070876890577098,-0.05262252586146073,0.22136202324465212,0.265020808776197
779,-0.07609857031771086,0.09990025468462782,-0.0003072690867879091,0.1715820418450168,-0.0613248881509464,0.039651285286922834,0.07298430238723753,0.41985607550017695,0.09716462776344106,-0.05676445580855426,0.2207644708912322,0.46411973248457933
780,-0.07123844891129924,0.10315671999589295,-6.324920188896729e-05,0.28748731123895954,-0.06397316234282963,0.039647250408312004,0.07474798342025704,0.5509411646953254,0.09224424937521704,-0.0575756246725305,0.2249129779897391,0.5455705923223688
781,-0.06559637377599087,0.10246254800531178,0.0006315788005310879,0.36698985489357516,-0.06689235114860724,0.0396475850261957,0.07848913428314984,0.7008352091888361,0.09311978486493995,-0.057492124716066434,0.22571415373563639,0.6425347220324082
782,-0.05623597956611439,0.10307673697955702,0.005059242623267655,0.47590010427470464,-0.06223942840721043,0.03964678260985229,0.07940260178881298,0.8880086428699295,0.0882334221088345,-0.05814245689044625,0.22562922693500012,0.8970939159182372
783,-0.05181820856870561,0.09842992849415136,0.003629893075146069,0.6870795332531983,-0.061792012507602745,0.03965314729859828,0.07952573428772244,0.9605910271351351,0.08326975003320429,-0.06241083179712804,0.22632113248268268,0.957671691357097
784,-0.04658847047231503,0.09825402723231592,0.009222836899055599,0.7361529569206964,-0.05711150054726528,0.039618809007094205,0.08388585119832746,0.9736032126691948,0.0782291840693207,-0.06182016353464067,0.23055724187160306,1.0056085364210925
785,-0.04177224858102519,0.09820024850810877,0.017255037357974443,0.7590895464537601,-0.05732759857647084,0.039772650427014763,0.08493584388310121,0.9943276781502909,0.07333044880080063,-0.06197632267269441,0.22996036749099263,1.0161189843743665
786,-0.03618824468120654,0.09814098380455223,0.01788077753355965,0.7653763011597728,-0.05753588068721717,0.03918504981970411,0.08850350167375749,1.0007781606363013,0.06789826317473156,-0.06194109643270463,0.23012731997190486,1.023004802107439
787,-0.03586112245523606,0.09862805497553416,0.017899154393465386,0.7709020043835259,-0.05535471616954003,0.04339853373026852,0.08838660793318175,0.9998523088307802,0.0660586416480114,-0.06194788626139172,0.2300461013138784,1.0219293162815521
788,-0.031150677331100864,0.09558469703345342,0.018484133666383653,0.7725261817597292,-0.05245749318206965,0.044097146943225085,0.0867712047470221,1.0000208916917155,0.06665584102954662,-0.061946683718592,0.2301909470736932,1.0221590785906953
789,-0.030714548843130022,0.0934639913192263,0.027843032811512583,0.7722953426929712,-0.052971989553310186,0.044061648188420524,0.0999989630402693,0.9999990028617913,0.06211880528649018,-0.06194594167837416,0.22999265749849976,1.0221197626015168
790,-0.026270081831488136,0.09379282271949561,0.025008350929931335,0.7723216102336616,-0.052761319353106906,0.04409178179128013,0.10132030212335279,0.9999988322815805,0.05726450442596845,-0.06195772179581141,0.23459321881335662,1.0221238734955935
791,-0.026999887165154154,0.09374591518657308,0.02193543219141863,0.7723238170246064,-0.052962368268439225,0.04376416547003702,0.10618897217957725,1.0000054363197095,0.05848847480503408,-0.06187890420014105,0.23594578455467474,1.0221169430314494
792,-0.026417731429473748,0.09372790078883073,0.022403397138566844,0.7723110204799899,-0.04824228363890326,0.0459194018523818,0.11324384966599366,0.9999694230750062,0.062238462021425654,-0.06228470813486108,0.24558393642120596,1.0221820941313775
793,-0.02945330238705851,0.09395823404973344,0.02230749475671121,0.7723770595216507,-0.04856577514487902,0.04932027464305311,0.1260587030296127,1.0001457080587348,0.06311427375106343,-0.05963485699500046,0.24970664978697107,1.0217981005570616
794,-0.03528738447282988,0.09230871061101266,0.022322641409736166,0.7720676103090395,-0.04842430143324507,0.04509303532286738,0.1298067372207539,0.9994095568033107,0.07243147412063627,-0.05441220222708059,0.25537416622724907,1.024263924389439
795,-0.03558574059023391,0.08880148982025943,0.022321141215001308,0.7745868218556805,-0.048466739251846115,0.04394372229490676,0.13526380634007026,1.0038472836838588,0.07562659897833948,-0.04909752535635493,0.2567948998295459,1.0277100093253828
796,-0.040334262552373795,0.08948983378329005,0.022331557023133358,0.7839079675352728,-0.04845671094133557,0.044037226562808986,0.13959494204561163,1.006623989151921,0.07517212732580762,-0.04867494026567749,0.25666875322487187,1.023919828799397
797,-0.04006606354346332,0.08891075077386117,0.022246953727372263,0.7937345561181173,-0.04845688611099023,0.04374099738165566,0.149343374132726,1.039855906696141,0.07521948716021512,-0.0489766625611527,0.25666203435782986,1.0556371889148648
798,-0.040272913375405346,0.09306932989028167,0.02271838266428696,0.8243209170172094,-0.048462142669403546,0.03923811946451201,0.14961851118871553,1.0527849433310628,0.07525828511543622,-0.0535129858740033,0.26185008701164364,1.0877594242690773
799,-0.039868389591015296,0.09818291533343133,0.01981283080351145,0.7765533515166874,-0.04845724486134558,0.03977496409611065,0.15111735498027953,0.9769989187066825,0.07495866477009348,-0.052968034491101434,0.26588243551998825,1.0767667851017058
800,-0.04226774473325924,0.10290109235287188,0.01755212063204876,0.5419018642196425,-0.048381619784755026,0.03961502246028765,0.16027930183707476,0.7578390775336799,0.07693756583490709,-0.05313039136399395,0.26501174112085185,0.8718508554818549
801,-0.0481060430679535,0.1025850032488796,0.01790317030951761,0.4897936550860821,-0.049160163366954585,0.03965468370075894,0.16676375755814213,0.729561393866422,0.08004518492768554,-0.05309013120951665,0.26790589530768444,0.831090123038518
802,-0.0493360348262677,0.1027063273845657,0.017853638745647576,0.4310398023108111,-0.05501898055502909,0.03964629219290835,0.17519517893419198,0.7006226113972399,0.0796592064612423,-0.05309864943505458,0.27020333636141003,0.7756645969155194
803,-0.04893793908017614,0.1026717586242026,0.01785260121185014,0.4301125056415525,-0.057142672726457414,0.03964774133244685,0.17635076416322976,0.68456563356892,0.07935477378110276,-0.05309717841322841,0.2699372267936629,0.7470681309175727
804,-0.05372507427846823,0.10267983632018551,0.017896094864351727,0.41272968807476557,-0.06011258955074228,0.03964757551787465,0.17617238744224772,0.6828469359493768,0.08368839605554267,-0.0530973467310458,0.2697821297230779,0.7304498235332839
805,-0.05352296528998272,0.10267890393157096,0.01761965473617119,0.4106837128100953,-0.0619129476537802,0.03964756979605016,0.1762193750332765,0.6782377831103045,0.08872632642639118,-0.05309735252857231,0.27465129929004134,0.7257127885230731
806,-0.05328089899620282,0.1026773433825167,0.01950156137334938,0.41074535557794734,-0.06163011885029587,0.039647580156363806,0.17662033829375975,0.6786662738435023,0.09387735522531998,-0.05309734211162267,0.27902867674848125,0.720613623345636
807,-0.05557961113360843,0.10267716759816768,0.025629270447517113,0.40973318365280126,-0.06165182471860276,0.039647576182091235,0.18105325472340028,0.6773331233193484,0.09777659574480324,-0.05309734555432647,0.2786760026498094,0.716479048370729
808,-0.058017828620398115,0.10271605492267019,0.026525208379254945,0.4059126551011441,-0.06224767098314699,0.03964757731803932,0.18046135647325257,0.6716120707920786,0.09691442910257843,-0.05309734723915173,0.2787537419811266,0.7053684917258668
809,-0.06100347790500721,0.10240646867168786,0.030803412780180416,0.40439541626311326,-0.06623742049175854,0.039647577044825126,0.18077794507872635,0.6495195339007654,0.0996432961234071,-0.05309733591227985,0.2788913029104,0.6917107193407234
810,-0.06562837913643015,0.10444372472244566,0.03124670513666742,0.37607420382219847,-0.06781118934390498,0.039647577100732107,0.18010357011278902,0.5895227426343924,0.10485413330009671,-0.05309737556291328,0.27827375257823483,0.6452288303786734
811,-0.07950614015374695,0.10757666728858571,0.031150453738850014,0.3310809485874068,-0.07042282169466259,0.0396475770915801,0.18434925435827615,0.5817688605452515,0.11018909639836713,-0.05309727726088148,0.28271133711732976,0.6361577432945104
812,-0.0945837636437944,0.10702316664605177,0.032285157696951484,0.30749043428243195,-0.07365632646945017,0.03964757709247422,0.18488928944383062,0.43984993733732886,0.11061540088381253,-0.05309728886583315,0.28312907013608735,0.5152710061711165
813,-0.10306417524807485,0.1072605579829326,0.03626365195728484,0.21938124727171132,-0.07450244602288937,0.03964757709257003,0.18955229417438405,0.37625593624827874,0.11028204363420936,-0.05309921020904245,0.2878632617587137,0.4237146824514695
814,-0.10357554781459266,0.10696068828669861,0.035297164775758505,0.1746684712473379,-0.08291771986514684,0.039647577092491906,0.18963341656305546,0.35357940110001257,0.10600759545081631,-0.05308352743088703,0.2874759129552673,0.4059016255712828
815,-0.10920072560823431,0.11175052761254702,0.03821062027405968,0.16189492831729652,-0.0928864237752822,0.03964757709249831,0.1969722913500226,0.2395891128141143,0.10473799368701311,-0.05317196235319487,0.28774131024676514,0.304216094170452
816,-0.11446642549230546,0.11150850230760719,0.044529679755801105,0.02173104250675359,-0.09714303439668878,0.03964757709259579,0.20300140420608442,0.11947425863407488,0.10172857503376287,-0.05276130179649721,0.28715285073865615,0.19039862366334429
817,-0.11643364637180972,0.111640390639942,0.04034742383428249,-0.13565237754316364,-0.09681706319262362,0.03964757709217939,0.2051921744413119,0.038083767715934067,0.09902748797477066,-0.055659901780751406,0.29049199595380154,0.08305835754568348
818,-0.11567564681070443,0.11160016684080123,0.0398357653760125,-0.16580251465970608,-0.09705438010700368,0.03964757709354858,0.20704475267743913,-0.026054538600422245,0.09709269007667654,-0.06136201128293367,0.2921565966286484,-0.031477258129391186
819,-0.12038261973063477,0.11160023836542886,0.030468253104454352,-0.25305799730223927,-0.09640670619931879,0.039647577090529115,0.2078120980633465,-0.07056717221212856,0.09737428417045474,-0.0619997660969636,0.29226909744402063,-0.059645070474048247
820,-0.12049973236015789,0.11163939856561438,0.021269479850709275,-0.30292509756436775,-0.10026805544385603,0.03964757708768373,0.1940568870076881,-0.15512749613033633,0.09734568941560959,-0.061954768503189976,0.2875705745052489,-0.11868577625577065
821,-0.12042195161441403,0.11151509198691115,0.006978757487519867,-0.37070461547058026,-0.1011127465283024,0.0396475771725513,0.1843049768680005,-0.2108913278458874,0.09735336153971204,-0.061911152695648404,0.28778924799456534,-0.15183887308563124
822,-0.12156416696585645,0.11171455792539682,0.009914233930803493,-0.4494372635330044,-0.10561470254544982,0.03964757654728902,0.1805039162307011,-0.2492002773023853,0.09727050558519205,-0.06215864395369033,0.28677402464542967,-0.24080654573617014
823,-0.12733589888261151,0.10691215180195246,0.005119765290170563,-0.4640551424703497,-0.10587137921257489,0.03964757992002399,0.17943811547830962,-0.2950124110799365,0.09775413844146731,-0.06050958858294489,0.2809809376217972,-0.2815268109061461
824,-0.13023256712673573,0.10745155274780266,0.005277354717975682,-0.4571852519797857,-0.11136140230421579,0.03964756474084725,0.17363265254733046,-0.28255513410262456,0.09482235135251915,-0.0545949910054883,0.27853910222278033,-0.27108618161894993
825,-0.12613156897447736,0.10570589524060929,-0.008812389619120923,-0.45244248561920647,-0.11485454295384438,0.039647623024421874,0.16975222286855718,-0.2792290850841238,0.0930746940994776,-0.05291194660680289,0.27716958147449317,-0.26677338922035065
826,-0.12484973097028658,0.10211255948745815,-0.008599358700313342,-0.44770616989973655,-0.1145407837083855,0.03964744149564979,0.15730834038733524,-0.2741818153449209,0.08928253994975498,-0.05302545531958204,0.26310004012481975,-0.2656817716577672
827,-0.12501004819074377,0.10324960109237762,-0.00999863200620711,-0.43835148610754526,-0.1141844119747281,0.039647782488719294,0.14562312680625517,-0.26518250709916225,0.08844410732614753,-0.05325509364222756,0.2608877602710741,-0.25800101416899834
828,-0.12500848448392252,0.09927626905551727,-0.01381759007270411,-0.42310003625619075,-0.11755027523467433,0.0396486722187953,0.14516441131642555,-0.2504296965937311,0.0885349261958954,-0.04855837049676237,0.2610006142475373,-0.23842541558023309
829,-0.12494599420340345,0.09801102916441441,-0.013412509746161167,-0.40009180643299547,-0.12277797215200721,0.03963452455470537,0.13530966761902574,-0.22653420203115127,0.08777939550673827,-0.04805870870236163,0.2542167153531472,-0.22659562999611355
830,-0.12532215054120327,0.09824477043472885,-0.012903738102989398,-0.3932114406130687,-0.127700962939284,0.03973052330660354,0.1309406779225119,-0.19689187027934008,0.08389990656095757,-0.043743386545783865,0.2423139103044971,-0.20471560912633127
831,-0.12298726231039199,0.09345701387258286,-0.017131581675320556,-0.3585566143295165,-0.13236760464978936,0.03923312013108771,0.12576778120572105,-0.17347658273197844,0.08228305699801616,-0.04438925071165339,0.2421227275433523,-0.17653826626414842
832,-0.12016819328704297,0.09410008517021787,-0.017730339168277872,-0.325128214253064,-0.1320690787282178,0.04226955959066775,0.1207299753393335,-0.13607883548662486,0.0790815945252856,-0.04418360197241798,0.23605399891378584,-0.1498233352405687
833,-0.12051432671836365,0.09213106203968105,-0.02246866963040987,-0.2796868573315222,-0.1321853149554284,0.04433841639898553,0.11610065549841565,-0.1120864724664655,0.08023712694984034,-0.044375515731393846,0.23196975681418547,-0.12059439297455757
834,-0.12079482771812511,0.08884829750758245,-0.0289889925935212,-0.2490936020850361,-0.13215207082935562,0.0439892723572885,0.1073885000077153,-0.10090177400089402,0.07561322399613804,-0.04391057426956753,0.22218755100536627,-0.09938349916267482
835,-0.11627756326402536,0.08937820986636094,-0.0411499949120545,-0.21072258115838674,-0.1321595153176389,0.04407920100814998,0.0969923409166784,-0.04928760102696399,0.07533217810884447,-0.048570404169000894,0.22123961856442537,-0.07560848402872115
836,-0.11124931740551679,0.08926980016272634,-0.04196446637425977,-0.17644704750589485,-0.13215992176332222,0.04435706306340772,0.09644397375731882,-0.04768501043160834,0.06554910615065698,-0.04861315154961027,0.21596880077628006,-0.06485989213466538
837,-0.10606542689188846,0.08928750172268951,-0.044160918562801375,-0.17030621001531052,-0.13215513029022172,0.04884539565530961,0.08577781387383414,-0.022101207770346083,0.061757540067904876,-0.04870166665035717,0.2064008740474148,-0.03759038914178602
838,-0.10212421110633212,0.08928579130593872,-0.05116971626389734,-0.1518073431798639,-0.13215543341403377,0.048427319163555804,0.07585758312834168,-0.007973454258922614,0.062030465934648824,-0.04866347140081939,0.20319926430488,-0.020226981474383926
839,-0.1036605325742369,0.08928559675777017,-0.05374745162383773,-0.1134558535821338,-0.1322567263015332,0.04802914873432746,0.06749082724039046,0.0013678976061842995,0.061805324914624794,-0.048674753358331234,0.2039905217685108,-0.008032179032596686
840,-0.09713535065634159,0.08928576598923518,-0.057741828699881176,-0.1146122799122731,-0.13134052073751723,0.05132987043631374,0.06487969678257241,0.017784163710729266,0.062463637818610925,-0.0486727003174423,0.20089715339719322,0.017204343588546805
841,-0.09365491992215365,0.089285660655287,-0.06708025562124373,-0.08677644980683061,-0.1255517888699823,0.0526776849766004,0.04714156247823473,0.036358777164535554,0.05833422970732165,-0.048670421486863236,0.19623525334646502,0.029054346740826107
842,-0.08994209628945865,0.08928590170763745,-0.06964415122906896,-0.07561070633976773,-0.12306210423342803,0.05676829644573853,0.04393964975292346,0.055771731623979706,0.05770178849991905,-0.04867822946658212,0.18656114425015227,0.039281689635801476
843,-0.08924103286798082,0.08928500930960835,-0.0803552002291045,-0.07080542027171292,-0.12332332739050823,0.05727641621094832,0.0394453996804211,0.06175115474934348,0.053064305061502365,-0.0486706923292788,0.18587852383461098,0.04466441867663942
844,-0.08910717175575054,0.0892878848981104,-0.0749466520670478,-0.05243417794462692,-0.12360686598627259,0.05728151577224148,0.03405267320139325,0.07161755735354593,0.05269461953892636,-0.04857020548410756,0.18503453030175845,0.058543901321821586
845,-0.08300817474164966,0.08928180659989156,-0.07654914236380464,-0.05279912660363111,-0.1193992575875616,0.05732470445995423,0.02352837311673087,0.07497630829406589,0.04811851185433633,-0.04959804329669998,0.17413483872046126,0.05701206835458326
846,-0.07364836893326418,0.08927344226407377,-0.07230850672582995,-0.048509483023649894,-0.1145248310130353,0.05690285857971624,0.014281435899699272,0.07578741530515018,0.04920107534277414,-0.053649235104466515,0.16618088650946838,0.05880574462325097
847,-0.07118350496432599,0.08946572582159623,-0.07133871543147141,-0.04924342649490168,-0.11331945379376726,0.05954912510630945,0.0008028490459894337,0.08452293342401627,0.04619488417243505,-0.05262868684912924,0.1606782047496703,0.06702551718678097
848,-0.07147391221038198,0.08795511616091295,-0.07142376966076165,-0.04908178323124545,-0.10477299991340296,0.061769603099034634,-0.007942641664609777,0.08865391702353786,0.044080544663508824,-0.055629543227104436,0.16045648358051445,0.07454580296029924
849,-0.07145308607186521,0.084758930336748,-0.07143474353676146,-0.049109350254539975,-0.10601490246154005,0.06438144359217567,-0.012617828466776624,0.08801203561031196,0.04385673928191854,-0.060948873674835376,0.14821634156159036,0.0752998404277042
850,-0.071335954600652,0.08234177264267777,-0.07142628923442412,-0.049108228201998456,-0.10553283409771974,0.07399248175103705,-0.017328845040675223,0.08812562325076934,0.04853924976808254,-0.06581130728792794,0.14592965607814498,0.07521790141410917
851,-0.07151153007147226,0.08004291765916886,-0.0714292071284757,-0.04912655147625655,-0.1062321309518804,0.07931670088574953,-0.031651165887697175,0.088155507797181,0.04899671469488745,-0.07082823841409976,0.14109213711543014,0.07521864836224386
852,-0.06681658639232124,0.08040348413830915,-0.0714284229612763,-0.04892508915608411,-0.10183872603382514,0.07928491640114319,-0.037247363292386475,0.08742280882777706,0.05829451857794129,-0.07076604197928082,0.13146189906372432,0.07522362566625772
853,-0.06625148536995815,0.0803542843045393,-0.07142860068746008,-0.05040247338738876,-0.10140862536529273,0.07905462761990613,-0.04422486288047563,0.08323498617218748,0.05724630240218506,-0.07056255134422267,0.1278973976089859,0.07521360300986477
854,-0.061903209954004744,0.08035602218220646,-0.0714285664066646,-0.05577962662039724,-0.09675175649476656,0.08097248026685137,-0.04846534245252991,0.08382605642290901,0.05767284009405313,-0.07247953186709881,0.12921216608454097,0.0752557946740423
855,-0.06303630544571356,0.08035773262107983,-0.07142857262303012,-0.061358834615357495,-0.09646179311589079,0.08412885259324626,-0.05274637238516018,0.08366578200077031,0.05715986925266255,-0.0756495597427873,0.12305532751541486,0.07508368318825076
856,-0.05983906024162444,0.0803569646371293,-0.07142857849505625,-0.06225665979247125,-0.09052943378968557,0.08361235446943287,-0.05951675947356966,0.08372947654093928,0.06036114987273975,-0.07514241668577118,0.11883351324083208,0.0756684333836525
857,-0.057343682083700345,0.08035713775841627,-0.07142849640120863,-0.06662412158949405,-0.08820682951378035,0.08371495386732444,-0.06569241234632076,0.0836353333922772,0.06596354327238127,-0.0752050532993265,0.11978137066714856,0.07105255212216857
858,-0.061970067135982396,0.08035735734462394,-0.07142903304727014,-0.06694606124928447,-0.08546271568150297,0.08369901699594959,-0.07053640859256577,0.0837535309533629,0.0663873502687361,-0.0752803247246267,0.11519812502521215,0.07071292436309337
859,-0.06255091124695354,0.08035635855801287,-0.07142632149461106,-0.06683754098731608,-0.08342871740239627,0.08370032780693142,-0.07099042530973551,0.07871957493418569,0.06638428054801351,-0.075349559890588,0.11051343888547364,0.06616793548338601
860,-0.06319394386304507,0.08035917547194898,-0.0714378203971287,-0.06815264863717425,-0.08373644818396875,0.08370000342304569,-0.07535985509021656,0.07458630096568744,0.06636614816322872,-0.0798367225449832,0.10997929260705872,0.06523814826480197
861,-0.07223485770699851,0.08035617261720643,-0.07139709279116539,-0.0719137342866564,-0.0836996068118136,0.08370428671474356,-0.07484318240854945,0.07498291477025214,0.06637149257244103,-0.08069684435020186,0.10455684111825388,0.061842495593643666
862,-0.0712717306167132,0.08032285079705215,-0.07150382577970031,-0.07128468551298299,-0.08369903480422063,0.0836801444720383,-0.07454206864424559,0.0748664179129005,0.06638067028273135,-0.08457495148235684,0.09913685124798394,0.05951047031107381
863,-0.07102574200762128,0.0806519673154846,-0.07144920353247172,-0.0715741242343978,-0.08370105579451392,0.08378958721538118,-0.07776740319432417,0.07489505345162147,0.06633374398904737,-0.0839616061996403,0.09756849752060978,0.05721071100989394
864,-0.07432493563468484,0.07843514778967849,-0.07619889920816092,-0.07107733763913719,-0.08370024641441065,0.08336708956783549,-0.08289226558550393,0.07488837224322131,0.06649819830928014,-0.08405902481206476,0.09378406048793912,0.057566774075144586
865,-0.07571586563825926,0.07768337883302646,-0.0757626427377783,-0.07578483578761762,-0.08370053078690746,0.08702373911505562,-0.08804511211790925,0.07489139317762733,0.06608386985652616,-0.08417245390817174,0.0930744727280945,0.057519774928735994
866,-0.0798030972916299,0.08080779288645787,-0.07598240641609959,-0.07583141403992731,-0.08370025414954108,0.09240177895699081,-0.08836952220728261,0.07489086681098274,0.07082223347407571,-0.08390418318973816,0.08844629487032776,0.057519257732080165
867,-0.08038482613264483,0.08027881616545376,-0.07563569620325081,-0.07592159747748271,-0.08370102635640757,0.09264064717632471,-0.09294893579336781,0.07485200007496658,0.07150211878063907,-0.08861812778005822,0.08858621009502327,0.057538283924134286
868,-0.08073495242127346,0.08036650072993232,-0.07817371067450946,-0.07589037447103826,-0.08369911827344788,0.0978297052688916,-0.0923584913171108,0.07517293847470853,0.08246032411570138,-0.08891860821151922,0.08846093929269049,0.057429259885259994
869,-0.0852381735037091,0.08035771524711052,-0.0876140993744712,-0.07586297260819767,-0.08369950674091452,0.10292882972426899,-0.09263135008755206,0.07306001861874811,0.09102057833660263,-0.09469388852309418,0.08850541027323397,0.05796443872639874
870,-0.08466525074109947,0.08034643516842939,-0.09363297712763576,-0.07602194273125434,-0.08373551942983636,0.10618019582124397,-0.09215560346015085,0.07052399498930681,0.09271491257845803,-0.09778816399047777,0.08849323408067078,0.054644117338652695
871,-0.08499677784300502,0.08043328960173163,-0.09371999422947463,-0.07546639985976643,-0.08343817188864748,0.10530624372873318,-0.09560317746114487,0.06749973621394789,0.0959605122149093,-0.09679693301344772,0.08849604573279612,0.052871209119816666
872,-0.08423033498315798,0.07994576759858026,-0.09385181481761525,-0.08001187332780643,-0.08541050986477924,0.10850020225288395,-0.10106219999756179,0.06588017856692788,0.09751181391447786,-0.1006188784621863,0.08849550130798238,0.053123137490934426
873,-0.08861508048081249,0.08288460801293861,-0.09318362970925885,-0.08034324152462446,-0.08849701086343724,0.11419306926343019,-0.10130124620071035,0.06609669454955275,0.09737536081753945,-0.10191966034525284,0.0884955810547526,0.05310028043725294
874,-0.08850871800929297,0.08467171113450321,-0.09743249530726947,-0.08023466389812069,-0.08814595255278235,0.11445963921245421,-0.10149408286607213,0.06608576307575831,0.09753090359959518,-0.10176176271130657,0.08849557496742848,0.05305670802973572
875,-0.10256961035833566,0.08845344997276568,-0.10591569612779449,-0.08151632118553723,-0.08772589498879645,0.11916700650626515,-0.10008773363496302,0.0660333861551863,0.10213338108819685,-0.10176545603983074,0.08849559328631683,0.053378243429167235
876,-0.10236281143257019,0.08935955202339843,-0.10815914740257382,-0.08530028610396669,-0.09225761762786602,0.11882991296518779,-0.09684414557068419,0.06636490929539562,0.10172051386952397,-0.10177590277390265,0.08849545313495523,0.05127172526624521
877,-0.10368947181940523,0.08929554057317732,-0.09921398328019039,-0.08470972686966688,-0.09248798375575679,0.11897839324419034,-0.09451571853650755,0.06423545092896048,0.10141702694592965,-0.10174539630813839,0.08849619170317223,0.04826135233664267
878,-0.10757489655212953,0.08927493801685964,-0.0981888668774112,-0.08484534744709649,-0.09237823015310283,0.11893356142255825,-0.09219795014513163,0.06081307462056989,0.10427968411448221,-0.1018859116416586,0.08849295682169793,0.04876126913104343
879,-0.10712415680241308,0.08931103468070448,-0.09776530821712284,-0.08481139441363521,-0.09369407709487078,0.11894459583247793,-0.09255152019978831,0.06503039877195912,0.106923512434098,-0.10129112304784096,0.08850492371659116,0.04863368171811824
880,-0.10678078903970614,0.08916791169342903,-0.09334940597295417,-0.08482964850746863,-0.09750215864482398,0.11894293671481368,-0.0925147487474514,0.06620986984010864,0.1022755973091946,-0.10515624899649718,0.08847037683687095,0.04870510059970064
881,-0.11028153140924493,0.08979367769502085,-0.09376772766156324,-0.0848997408295711,-0.09630658701048139,0.1189412934030498,-0.09257156307476057,0.06607430489789479,0.1017515420950937,-0.1062995539147705,0.08851531634795608,0.048986260175051866
882,-0.1154454168333578,0.08593463143895996,-0.09421178892574894,-0.0839768934783152,-0.10024405054310376,0.11894340687870399,-0.09183535757116248,0.06607462913072591,0.10175848640320452,-0.10620187659082982,0.08886395994376135,0.05327841403839787
883,-0.12052094974092746,0.08501729613774492,-0.09060878001085974,-0.07990212799893706,-0.10112564823700139,0.1189680173504439,-0.08650752980840978,0.06608442394366046,0.1017337692714078,-0.10656967780774788,0.09311480255056909,0.05453566234276439
884,-0.12047520225830693,0.08051953761826233,-0.08951317203664537,-0.08035948305522227,-0.1055661732115745,0.11872609043977253,-0.08122619252278374,0.06606031303471073,0.10202291788611341,-0.11104555082945308,0.09431762282083421,0.05754228139477697
885,-0.12057733170588966,0.08040818592824973,-0.08506423700914437,-0.08081508473199293,-0.10567178000379972,0.12040969388151702,-0.07900790388795421,0.06616650552480649,0.10001968359576455,-0.11049104824365606,0.09779166694437172,0.06035883713357432
886,-0.1204328670389915,0.08037925882369813,-0.08471588184655433,-0.07682808463114361,-0.10575712852381747,0.12411422285944024,-0.07934429959254054,0.06572927135827365,0.09411996630749672,-0.11065159921466786,0.09737162625399402,0.06188293987242982
887,-0.12098423623854965,0.08004144719530897,-0.07998145294825305,-0.07581365451223672,-0.10571552783720846,0.12087330403627974,-0.07929094874871166,0.06915434900316557,0.09275221792382193,-0.11061260387091008,0.09693672277846711,0.06572121553968234
888,-0.11766440896593143,0.08240717365139796,-0.08041191117983258,-0.07590626570757364,-0.10573758416709293,0.11524154021203646,-0.0792961623158844,0.07459990568716227,0.09293961938499821,-0.11062067241377631,0.10140190881569332,0.07084085214411569
889,-0.11582950135747386,0.08520691946447982,-0.0807336642090658,-0.07532264651444412,-0.10569214169786724,0.1144807935365339,-0.07925581532936857,0.07486616657727753,0.09292113615826142,-0.11061932501338857,0.10176025733393025,0.0705958934893727
890,-0.11610267383869631,0.08475049715746501,-0.07774280464733163,-0.07124504118281336,-0.10584695243961294,0.11454478548492238,-0.07958742080667303,0.0754093482797453,0.09291643185601207,-0.11061946510122174,0.10165876885190914,0.07194645740531531
891,-0.11607135396456533,0.08482983813003477,-0.07561015330199415,-0.06975031095201245,-0.10541224755991924,0.11404330092124167,-0.07740555400037354,0.07980771973794445,0.09294107287528577,-0.11061952315688259,0.10285365091122901,0.07568863472808701
892,-0.11604879045896223,0.08482186193459734,-0.0759258151362787,-0.06650855358208432,-0.11008007231123959,0.10987580979598,-0.07494223444095867,0.07878451809105555,0.09281099824025794,-0.11061911379026511,0.10667260234524137,0.07510966552744221
893,-0.1162426969399287,0.08484010753417885,-0.07589728854898668,-0.06708473342776215,-0.11009034592111691,0.10897212448378298,-0.07182462703933086,0.0817468732066877,0.09340933863142306,-0.11062139780122845,0.10607889835996047,0.0752515324373522
894,-0.11487509411335786,0.08465438984187387,-0.07598742394825114,-0.06685540016811914,-0.1099357532127884,0.102931871421387,-0.07029912318191088,0.08397446371153108,0.08972827667684653,-0.11061069946873531,0.10622646573010833,0.0751921243427683
895,-0.10878720040571323,0.08601143912416288,-0.07494092052917431,-0.06708944568354959,-0.11165324597999686,0.10111924750209024,-0.070504912570667,0.08375445618791925,0.08861719896864168,-0.11065353784972298,0.10616376888703838,0.07525507482219419
896,-0.10739931980206545,0.09195312663466057,-0.07130676282923175,-0.06227654759119362,-0.11495273224130381,0.10125306910383636,-0.07055986471208818,0.08353523130851269,0.08442300750775487,-0.1105111836360268,0.10624021760495175,0.07548928384024771
897,-0.10354811093902022,0.0940125405322835,-0.06929163477368064,-0.06281341528180907,-0.11456685153897012,0.10153538819010981,-0.0696787830197806,0.08825887717030531,0.07934485858068557,-0.11083822610673252,0.10638782765587142,0.08004972984926548
898,-0.1028595595352534,0.09370465570519217,-0.06671054099988126,-0.061015424366854726,-0.11413832881406145,0.09682165013372278,-0.0656248113928827,0.08805285124413635,0.07486714412602227,-0.10609994225921174,0.1109980002489887,0.07950130472770212
899,-0.09820345315835836,0.09375402969832285,-0.06661431374826358,-0.05758693560263322,-0.11853756952755594,0.09700430572012805,-0.06611553631075004,0.08783079318561324,0.07565021967251556,-0.10628330229449097,0.11047169868615037,0.0797637494705173
900,-0.09785284256411343,0.09374942750246969,-0.07105690665969293,-0.058134865802963495,-0.11892351304801531,0.09690213646872396,-0.06639848731368694,0.0900604002927876,0.07313417914257524,-0.10617674385592996,0.11076463860653829,0.07929044983283785
901,-0.09327461357152879,0.0937836666859879,-0.07138690763710644,-0.05801039694602072,-0.1194484539798484,0.09682792996676688,-0.06307231358118777,0.09289866326296016,0.07078729506375044,-0.1061260689639094,0.11013793912253729,0.08267822751118427
902,-0.09390761035010824,0.09349208820023462,-0.07201528586039778,-0.0580570840798797,-0.12378152846539173,0.09734410567550551,-0.05753908246926592,0.09244662139923857,0.067917151804857,-0.1065354097377692,0.11392632504605545,0.08820917686121743
903,-0.09362937423214313,0.09544207648301667,-0.07634346762902722,-0.05804696809221949,-0.12322341464839232,0.09393611887513008,-0.05726535925467838,0.0924978057056207,0.06259785856070109,-0.10353588745924718,0.11518382986230274,0.08849075430335715
904,-0.09409939659760666,0.09870417327406217,-0.07576825060468304,-0.05752252815628185,-0.1233782294890552,0.08966123749010617,-0.05775841031586009,0.09252789241700028,0.0576249214596683,-0.09790041474167584,0.11503913602192492,0.08838223376816075
905,-0.09066459907995011,0.0979040131481482,-0.07591924453218518,-0.05311912087414426,-0.12334121947000348,0.07563872753398315,-0.062128057674156065,0.09285915310330421,0.05252995740604242,-0.09725921744294487,0.11503777800666426,0.08956636295378159
906,-0.0850305061940623,0.10109345920761624,-0.07589752691872415,-0.05369210465979258,-0.1233510342397078,0.0704332245735948,-0.061545664797546876,0.09733270897269718,0.04856521944751563,-0.09714816733436409,0.11506217336561154,0.09350052887548245
907,-0.08479500885864551,0.11113128632476316,-0.07586377282488957,-0.05357501325813075,-0.12334406750764161,0.07068392879029332,-0.06170426426955329,0.09679580161185722,0.04724719710809939,-0.09256768051008142,0.11495157782012723,0.09234381706677798
908,-0.08016177684959991,0.11155346838019813,-0.07593124186159696,-0.05345024064168903,-0.12333869612226847,0.06920156921259188,-0.06166803552603961,0.09691649036812802,0.04377671682925183,-0.09296218845328798,0.11547945014131082,0.09607304219036537
909,-0.0794811990680638,0.11165130033813503,-0.07620333109435178,-0.0539453674408972,-0.12350319966207451,0.06564561023430984,-0.061674912760360065,0.0970366049064749,0.04434857656735957,-0.0932987311954706,0.11220027733724505,0.09751559951695596
910,-0.07527793531686691,0.11159121181514103,-0.08033739358981232,-0.04927503381048679,-0.1221695692846544,0.06606044900531563,-0.06167394686365727,0.09649716666806693,0.0442283048340565,-0.09033331441254457,0.11027822802765093,0.09733328202465454
911,-0.07646637524094974,0.11161348439166538,-0.08320331518055629,-0.04913939560034281,-0.11838793163928114,0.06651133022884345,-0.061673996404369394,0.10095722241725312,0.0442546293371226,-0.0882082356668439,0.11089864182137615,0.09734164743480836
912,-0.07294366855868874,0.11159706217271294,-0.08979753546689077,-0.04929240585046564,-0.1194260413228612,0.06229125163823505,-0.06167394547284103,0.10130630309575475,0.04425204348057452,-0.08853754814222102,0.10614152031607894,0.09734611206837072
913,-0.07109539164672363,0.11164097754090942,-0.09189906505481071,-0.04760324363690417,-0.11609796719979801,0.061624112903534825,-0.06167446590045222,0.10137089186578517,0.04411170280698805,-0.08849311847068007,0.10627837694463817,0.09735081197938177
914,-0.07170933805152994,0.11150907129653057,-0.09403984987518159,-0.04464672969493237,-0.110975394515863,0.06151453915573835,-0.06167175252018251,0.10111731637184164,0.04535041786489824,-0.08849453315175304,0.10616437207610806,0.09731431673561766
915,-0.06692194067863608,0.11174518098604021,-0.09369591308407874,-0.04181190843735102,-0.10586515932966747,0.06325482891284497,-0.06168331634254287,0.1026827055126109,0.04913420889553445,-0.08849587086297829,0.10619621770200854,0.09747285258600927
916,-0.06701107858454217,0.10695673546341664,-0.09374255205118588,-0.04034430160100688,-0.10581233280516082,0.07142436327300249,-0.061642283683482874,0.10856657970423284,0.048618223451194334,-0.0884969635392415,0.1062257549285752,0.09690968633517272
917,-0.06719024842613497,0.10724766527670006,-0.09424765590985938,-0.03619000621823571,-0.10514961904748929,0.07024069216099287,-0.06174975321449689,0.11035844711020087,0.04847467643137422,-0.08848798764600264,0.1060694345490415,0.1013500568996766
918,-0.06530026243624246,0.10710869068888754,-0.09859497686410616,-0.035726889367367454,-0.09951231222579576,0.07053851053359368,-0.06169711389500389,0.11010370343455966,0.051625468228923624,-0.08852726826717826,0.1065738129943769,0.10176397669193003
919,-0.062066231092141474,0.10715198272461621,-0.09845814872153225,-0.035203514268766375,-0.09657673469553316,0.07047503553341047,-0.0663488923814187,0.11012320873442007,0.06157655606224814,-0.08838470041844772,0.10197768943745368,0.10179177438505572
920,-0.06256620051390933,0.10714014640047015,-0.09587415076119297,-0.030809358229551588,-0.0969975412284767,0.07048478169849533,-0.06622043133040902,0.11008004867686143,0.06181962888731736,-0.08878501274004443,0.10181665777055625,0.10176135763877442
921,-0.06256863100982583,0.10714573683086985,-0.09320404334980546,-0.031375844939326956,-0.09688218510618556,0.07048519704507221,-0.06439415573553695,0.11083449504878155,0.06269957001735663,-0.08413460212721048,0.10169455685963817,0.10177222011768565
922,-0.06231744318526015,0.10713614265757315,-0.0944675425465521,-0.031220094274837316,-0.09697146579567141,0.07050278521820212,-0.061246013731300425,0.11500450197775519,0.06682506302911277,-0.08450543103504198,0.10208998495168546,0.10176996741910879
923,-0.0670810163453883,0.10714755307925655,-0.08540192511280056,-0.031255957996520645,-0.09687872641732821,0.07032483020970158,-0.06175998151942523,0.11441370359573126,0.06625156301097777,-0.08886978197865324,0.0997890080362661,0.10176760616921408
924,-0.0651416056370036,0.1072426833296075,-0.08027952917687307,-0.0312490913506593,-0.09610798598707518,0.07162553745651742,-0.06165878195596731,0.11456522627565231,0.06639865026966925,-0.08847067479175567,0.096950517694162,0.10177714657927478
925,-0.05371553778412465,0.1061876553866401,-0.08040598654031911,-0.031250053829721035,-0.08821847017905048,0.07763666915374484,-0.061678197728901485,0.11453225646666901,0.06636664148394145,-0.08808349313494553,0.09744104915746046,0.1017587866022419
926,-0.04437322158499216,0.102547821606714,-0.08033762873693798,-0.031249934424452334,-0.07111594326408023,0.07904870213340796,-0.06169133362140705,0.11453815129750176,0.06637237612205821,-0.09133887072932687,0.09727271775939829,0.10171047813119738
927,-0.019955282926923085,0.10060595373557,-0.08037893347175509,-0.031250979282425956,-0.0465409875938773,0.08281878704011729,-0.0614698189368132,0.11453742248765153,0.06637165331555239,-0.09315765987072777,0.09738918838773945,0.10251766005249513
928,-0.010535862567890726,0.09781595620939805,-0.08028236979728574,-0.031243741118870048,-0.03852882073694186,0.0835516886025986,-0.06313414096207265,0.11453745492675657,0.06637155466724769,-0.09289174222123929,0.09230398521716657,0.10666640437867181
929,0.039307594401126106,0.0983161382698678,-0.08061580636140282,-0.03128097698580581,-0.023855539167067282,0.0881300364002297,-0.06607752043276083,0.11453714587017944,0.0663726148638464,-0.09291996810597454,0.08829336427168873,0.10607407717256942
930,0.06588973825211054,0.09812747905611331,-0.07969563902923438,-0.031121218299691427,-0.007561036194924666,0.08778037564360944,-0.06884897002164375,0.11453924577366133,0.06636631163792846,-0.09292188640681001,0.08775101078788805,0.10621246408232837
931,0.09031517541709418,0.09818693400439864,-0.08924479885624055,-0.031693793559249624,0.022138902449707572,0.09016937769278971,-0.07028969679241497,0.11452893350322456,0.06639700126698843,-0.09291973748121679,0.07921391342544831,0.10622143098930356
932,0.139742040365959,0.09357869435034585,-0.08996789654874407,-0.027234451045076238,0.035109043490192816,0.09782738247810505,-0.07447616384803854,0.11457152724315153,0.06627030581695542,-0.09292056872787453,0.07448836844847483,0.10611779500554887
933,0.18278466000966442,0.09277779149729087,-0.0991335460183367,-0.026786924819219394,0.07558910340697486,0.09681701211722643,-0.07489220889821065,0.11442505592890886,0.06475893210528393,-0.09292013950387272,0.0757467123598115,0.10619018753283083
934,0.23339015142133174,0.08904665838872772,-0.09803699691539909,-0.02676455449176846,0.08475802146479722,0.096457041087448,-0.07993857318323902,0.1147868532963457,0.045097309041894934,-0.09292103169264392,0.07114366343113286,0.10147548376263345
935,0.26564434732347997,0.0875096574612495,-0.09782405502372252,-0.026792967322066593,0.10518636475347454,0.10058951732821232,-0.08511254270838144,0.11007404178375765,0.0344101491424559,-0.09291820980817417,0.07081158889669573,0.10188824186199757
936,0.3036123003939221,0.08143114161107776,-0.10121837009767093,-0.026790571713770417,0.11384254493738724,0.10117898437063803,-0.088113094826675,0.11021741533051432,-0.042857570265556616,-0.09292479507092957,0.07077413891437774,0.1017363168063469
937,0.32275027555691066,0.0802105507883308,-0.10288605713282437,-0.026753010793860436,0.11434439314787713,0.10581755267530828,-0.09039013432797943,0.1101037039255434,-0.06002143988167912,-0.092927274419727,0.07080484973322482,0.10177542500135581
938,0.3463809808997413,0.0803716966055797,-0.10265891604165894,-0.026913042000233436,0.11843724995210726,0.10563158390418874,-0.09284532869541554,0.11012093572768107,-0.091769040672562,-0.09277224775784797,0.07079410299528871,0.10177850677175047
939,0.35721099582125904,0.08035859980502744,-0.10267618063581696,-0.026398095304580625,0.12342328034610316,0.10576168326870271,-0.09246558977910699,0.11022056059443751,-0.11055203894572045,-0.09407477379230354,0.07079698585031925,0.10173901466383173
940,0.35706293988928123,0.0803556509229426,-0.10268043946128512,-0.031035760350169812,0.12328186415322177,0.10571713709502892,-0.0925032173857396,0.10979042585993662,-0.1308374161081435,-0.09771443127451515,0.07079647663278064,0.10182105397245722
941,0.3572455737041925,0.08035908042551936,-0.10267803808143258,-0.031206395759163147,0.12336910222573126,0.10572917558869463,-0.09245852114578353,0.11345550079553376,-0.1504050799444764,-0.09769673305240932,0.07079609238098561,0.10199731740741146
942,0.35672549661630976,0.08034928744114404,-0.10267812691809469,-0.03127496130800283,0.12335509814689917,0.1057264096622275,-0.0932263298369974,0.11879474381443018,-0.15040703720336157,-0.0942687363825837,0.07079707521719314,0.10624398168870382
943,0.35966004214556724,0.08039102321298776,-0.10268119947888422,-0.03125765747578466,0.12328993543681016,0.10572694553573456,-0.09738932943512754,0.11890685587608794,-0.1502792261348715,-0.09273146817884341,0.07079934093643558,0.10852023607886584
944,0.36156880142940256,0.08023119202491572,-0.10266896480682934,-0.03116855627034623,0.12356948487313239,0.1057268658642386,-0.096771613659148,0.11901111392498877,-0.15258083580844628,-0.09293658429026974,0.07076046616361543,0.11759724530500525
945,0.3648738244974612,0.08072797720549106,-0.10270477098138188,-0.03160084434056003,0.12269508968193212,0.10572687082070174,-0.09703443362258536,0.11862465102924614,-0.1651252195393284,-0.09292318150245799,0.07102734532867142,0.12235273495022253
946,0.37023503829137955,0.07607167380377536,-0.1026565985943676,-0.028293925424670383,0.13168876203641225,0.1057268775053186,-0.09659461760483472,0.12092413673752513,-0.1633443341650187,-0.09291841617566121,0.06921832253953664,0.12412109879151413
947,0.380310600954534,0.07594042750563477,-0.10231043409022235,-0.022671666222563554,0.1368093980567828,0.1057268423728835,-0.10053880514910063,0.1237332335103453,-0.1638009394091304,-0.09292111960344754,0.06335419922734722,0.12386481475518665
948,0.40874418355315895,0.0758650870810906,-0.10631877714165446,-0.022318739750137165,0.1495468602517602,0.10572702295043888,-0.10571984304884038,0.1232762570335236,-0.1636987808948826,-0.09291961292749681,0.06161174153493951,0.12389403554477892
949,0.410084791698807,0.07590201395214226,-0.1221971824729568,-0.022306372534854693,0.170788500328871,0.1057262243554521,-0.1060207122856702,0.12335776043263663,-0.16372553775317084,-0.09292282210942872,0.062339890886838306,0.1238950953190359
950,0.3887049807449844,0.07589029289861213,-0.12185558289850935,-0.022327647051777404,0.17193749953087814,0.10572923841462882,-0.1113320702882408,0.12334770769162931,-0.1637124085019313,-0.09291148016489191,0.05755164634969044,0.1238932659061716
951,0.3656059128379074,0.07589405890080926,-0.1283192532111124,-0.022319616243811794,0.16998494103819278,0.10572011769055996,-0.11660259883466036,0.12334766899877318,-0.15155667561418262,-0.09294566431724743,0.0568667604714756,0.12389399940939873
952,0.3626073791702698,0.07589040519144784,-0.129806870779263,-0.022321856958232224,0.1610129534091198,0.10573545286358936,-0.11896379410192717,0.1233481952402256,-0.11547256004182331,-0.09288820252323285,0.04778252784185465,0.12389359044134929
953,0.3378706513426816,0.0758992024438174,-0.12902879961426011,-0.022321377604708113,0.15441159443945873,0.10579554383731916,-0.12138992114075926,0.12334784125613232,-0.11493593848837813,-0.09266063305542901,0.04903169206233261,0.12389449768419557
954,0.3352020696179188,0.07588773069196089,-0.13863256555842632,-0.02232132535669404,0.15423075585668422,0.10495764566286156,-0.12730309876230167,0.12334863826981789,-0.10387767323241551,-0.08810190997700162,0.04816138044425417,0.12389169053928709
955,0.3161892518252666,0.0758035728553848,-0.1430145471213094,-0.02232163210739179,0.14929072886127265,0.1008531122004338,-0.12761579478223894,0.12334558205006775,-0.09338970475569337,-0.08862255338598758,0.051580776588814305,0.12389749203130351
956,0.3078978238398161,0.07676970448953649,-0.14280092022728266,-0.02232217680989526,0.14418189274209167,0.10143551252922865,-0.1323132746090565,0.12335601731040258,-0.0932756958226212,-0.08846051918369548,0.05332026384657204,0.12390728083593253
957,0.3069585691980789,0.08083740458643428,-0.14286538381617578,-0.022311115392419808,0.1407606139851732,0.10133086106937884,-0.1320538927148331,0.12333041727527304,-0.08885571499347784,-0.08851141924767585,0.05307139354579703,0.12370811774693209
958,0.30307425645431996,0.08023553542647936,-0.14288749704325973,-0.02238892830265337,0.1397225911109805,0.10119785544706157,-0.13219382096919136,0.12333006700484048,-0.08851277290708641,-0.08846432910722296,0.05309485522276108,0.12525997246057144
959,0.303651469315234,0.08038327875452195,-0.1427317045265257,-0.02198118448911994,0.13084412164432102,0.1016618233741405,-0.13214926274452957,0.12387713732152038,-0.08846913090631797,-0.08857484236591592,0.053136146721744326,0.1284988592417163
960,0.3036963116204601,0.0803529088316866,-0.14321987376244918,-0.024676146391931098,0.12453431883274596,0.09696223057261481,-0.13216067015410723,0.12822370356576565,-0.08852425322261433,-0.08844137183382277,0.05282546835442098,0.13031961925270374
961,0.300848838639552,0.0803566841396781,-0.13853203962140134,-0.029974070965937096,0.11585278131463954,0.09660902710254834,-0.1321582079087638,0.12751753219896678,-0.08838719943345004,-0.09325880177131113,0.05486342380078198,0.1367304912601178
962,0.286685410763607,0.0803569598650278,-0.13842748414842784,-0.03531011791620665,0.10570547038411714,0.09228600928524575,-0.1321586403705983,0.1282694140312145,-0.08896729508220458,-0.091924633294655,0.057949583106060173,0.1335576560572679
963,0.27641980845960273,0.08038001952040752,-0.13858460008104326,-0.03572113495979198,0.09963865870625246,0.09115356233093326,-0.13215858941677278,0.12455479968577306,-0.08535383966312664,-0.08805529838845577,0.05740283560239463,0.12837119775258513
964,0.24417370590478682,0.0801773719673287,-0.1368612978779876,-0.03572467059648493,0.0879785917287306,0.08761568977912977,-0.1321585882581108,0.12344423413754704,-0.08397173115370135,-0.08859883231439969,0.05764301114269787,0.12366830295307131
965,0.19383999081478592,0.08161974644444647,-0.1339075763327447,-0.035754064300952085,0.06946638981577251,0.08824379126390049,-0.13215859129648916,0.11930959495336471,-0.08395817119306626,-0.08850570956053255,0.05735123077061357,0.12400727986962469
966,0.16607884008458343,0.08772146711872701,-0.1311981679839845,-0.03545255848968257,0.035972981382344386,0.0879720046336191,-0.1321585893555888,0.11441870886042291,-0.08344629399320966,-0.08838412031408922,0.06205818541441407,0.12376047709885235
967,0.08012517814703034,0.08905420993859807,-0.12920352074735975,-0.037560532876540126,0.031425515945940376,0.0883853267182499,-0.13215859359095303,0.11460965133334977,-0.054603280731659175,-0.08877361978275734,0.06256452047386693,0.12438690944737597
968,0.04911044723985409,0.0928756661852429,-0.12949531545348533,-0.04367884185031989,0.009263876012586932,0.08369155669122126,-0.13215857775345455,0.11451464867128354,-0.020598278367492107,-0.08406185909835638,0.06687691446313568,0.12076465007685586
969,0.0304718007086675,0.09383422439943372,-0.12946488241399018,-0.044366090532899416,-0.011499959435312021,0.08377790567345755,-0.13215862957412258,0.11453801777066486,0.022154344448761343,-0.08414836132536097,0.06623074535378846,0.11965878180427104
970,0.003032705626976124,0.09375707253186628,-0.12946257385480486,-0.04887735158407273,-0.031152455800132768,0.0836659111452384,-0.13215851803315368,0.11456023362757385,0.08099692537405885,-0.08403909982540386,0.06643548875340251,0.11533422626196461
971,-0.05583499836206256,0.09374618394633914,-0.12946495092141172,-0.04919891032555072,-0.037279045471122464,0.08372827576048114,-0.13215837295133517,0.11445215562025839,0.0922757153495851,-0.08408186794386746,0.06624561166291457,0.11512704977870504
972,-0.08539195064500518,0.0937306708684571,-0.1294641055823249,-0.054454209773299414,-0.05711409485267864,0.083612217391501,-0.13216185694308633,0.11476314878505751,0.10507543611682373,-0.0840598483690926,0.06669051573480991,0.11431820617457637
973,-0.11962667248801512,0.09386383998077304,-0.12946428520639777,-0.059743044631677455,-0.06141134200322046,0.08403841238023702,-0.13213682486272196,0.11024315699840193,0.1587287844631341,-0.08410541018585943,0.06200248251773514,0.11038485528963753
974,-0.14221032136076073,0.0932461333888383,-0.12946445065144424,-0.062461384189468866,-0.066147233148704,0.08058498011795795,-0.13226936641762627,0.10563633492644092,0.1583433015647047,-0.08396045222456971,0.06201329512592924,0.1092040640582502
975,-0.15814443694773359,0.09704274956727044,-0.12946376266240797,-0.06508492891377402,-0.07387216772329562,0.07506640104588706,-0.13168678083296448,0.10490864848606533,0.15382493117828408,-0.08430494254703375,0.06193295618051038,0.10311879618920257
976,-0.16106496161191458,0.09801636958909495,-0.12946512091304377,-0.0672596972747576,-0.07839554437380836,0.07482260680784937,-0.13545711150572817,0.10075461010597439,0.15002750533289755,-0.0795711799896141,0.06186113378034125,0.10161080413365856
977,-0.16067819910259862,0.10247270514785753,-0.12946829299539292,-0.06690900240903674,-0.08343356059515264,0.07013884397814463,-0.13669900779557168,0.10176189090317883,0.15043341003280672,-0.07973372869742817,0.06239064915532278,0.10170593620991782
978,-0.16068696744179206,0.10263118245736054,-0.12941462986696486,-0.06697456734843556,-0.08840339533222737,0.07063090309638607,-0.13656018576802623,0.09891675163851332,0.1508925860763238,-0.07961356919941902,0.05904486875540455,0.101819580103477
979,-0.16057702565513915,0.10269472719357435,-0.12978168042514068,-0.0672432648194208,-0.0933708436070954,0.07034555661620645,-0.13655727044434957,0.09306005619505854,0.1469234263450354,-0.0796551475946217,0.05729893221314306,0.09715404493560095
980,-0.15518969057214757,0.10275342268378092,-0.1274385139704907,-0.07287732408716635,-0.09837168132055692,0.07095334181652822,-0.13657991438291261,0.09270625627278113,0.1459020628695633,-0.07964384540237583,0.057546683102871705,0.09676662428511848
981,-0.15151734881853263,0.10225785928412548,-0.1245563616619549,-0.07588532496874219,-0.10320540261529493,0.06741738706074622,-0.1364838067273765,0.08805677226156271,0.14122444789545427,-0.07964646276157164,0.05752342679090792,0.09071608503949177
982,-0.15112492375937792,0.1053551086060357,-0.1252770085595361,-0.07808896583991805,-0.10878579765116955,0.06589083323890964,-0.13693376864835347,0.08761608854128751,0.12286430247308969,-0.07964592714379237,0.05751990295871465,0.08863738525334261
983,-0.13952686506432693,0.10738817014688452,-0.12162643810947112,-0.08080757810664807,-0.10992216292565044,0.06609634846496248,-0.13391891349655477,0.0835266303137,0.12292285374411752,-0.07964606035056641,0.05752666189080767,0.08558142813919606
984,-0.13040269109596914,0.10719350599998118,-0.111645970321559,-0.08000566712510788,-0.11388234971061525,0.06608269943600997,-0.12886993318633405,0.08185976837745891,0.12045936886943458,-0.07964613696745003,0.05750108734819845,0.08387700683886039
985,-0.12553002212740147,0.10706296840194668,-0.11165441069083212,-0.08432279551405007,-0.11462635639404373,0.0660655708750799,-0.11666987114537432,0.079772416986095,0.109653013780594,-0.07964430974357786,0.05761480354289428,0.08404631953293272
986,-0.12509748588004732,0.11184150119187447,-0.10362093700093529,-0.08934639042371796,-0.10966890975951067,0.06615874823045267,-0.08270324803600876,0.07316862746487943,0.10098913531978031,-0.07965734846053107,0.05717361146043442,0.0839615519104941
987,-0.1203170927989916,0.1114955236062702,-0.0927518623556662,-0.08969191698765171,-0.10472357132054069,0.0656758718387703,-0.06743229117330793,0.07010941599541101,0.09818970752714656,-0.07958804711837159,0.06322708771373316,0.07882570337498399
988,-0.12113129688969947,0.11164173736958835,-0.09205296650397217,-0.09550162335158087,-0.09984507742150131,0.06861774838512774,-0.05133224935620925,0.07052381225886602,0.09735036353991343,-0.07989655951251663,0.08746268685438074,0.07354957875522393
989,-0.11695482501922635,0.11159847982314221,-0.08637246000189971,-0.09855275863336346,-0.09431241888280889,0.07078945139950321,-0.03934117342652557,0.07054837975147388,0.09229852682106478,-0.07872575351294726,0.09815024067516709,0.07085874663756259
990,-0.10371361390198142,0.1116084372118488,-0.0809147371063467,-0.09813752875614908,-0.09273235384770884,0.07040482920424108,-0.02164435193025831,0.06975704100062163,0.08347735275641967,-0.08720709050889937,0.1189944830441408,0.06814939545841335
991,-0.10297870801272885,0.11160890555308396,-0.08050247826295567,-0.09822887079007524,-0.08902386700955331,0.07053611725833359,-0.0229039884349857,0.06561222663532476,0.0839081585306624,-0.08859625567380804,0.14734613604510657,0.06649834156072246
992,-0.09979878238906428,0.111602056422002,-0.07576020167620796,-0.09821184894168698,-0.0882687906368929,0.0708311558266043,-0.014620387613295092,0.06620281838325473,0.08632761819902031,-0.08865662263134208,0.1774625886093985,0.06262883937088164
993,-0.09458755081038318,0.11160699129677852,-0.0759715533452652,-0.09821469134471872,-0.08369802661929666,0.08172162126651877,-0.008843143758129711,0.06604925487323944,0.08759652246006097,-0.09459876265571039,0.17958355384612576,0.06185746455284639
994,-0.0894218564301044,0.11171504058336733,-0.0760221378603804,-0.09822119815960945,-0.08379090763475318,0.08786737606996936,-0.008835438288612673,0.06609359027293643,0.09797667216017156,-0.10403286649724959,0.19799567048966496,0.06650833511677674
995,-0.0893418890607217,0.11066811292341788,-0.07505790716770204,-0.09815247879427154,-0.08360129696121978,0.09423025183565746,-0.008855736209629027,0.06605443614505582,0.10610480698072464,-0.10602618629973862,0.20421942509941646,0.06718232020779252
996,-0.08906394441178765,0.10604402245085441,-0.08122944896921963,-0.09857337711287341,-0.08407595141797479,0.11810953171733074,-0.008469596903015022,0.0660930137301581,0.10619021322027604,-0.10878714693636864,0.20352119059079066,0.07131238053142494
997,-0.0907005673111547,0.09579858684992013,-0.08675563070737032,-0.09594430403066874,-0.08140974410797544,0.12367019380073224,-0.01100693891436938,0.06647788794834866,0.10600097121679473,-0.1110194246325044,0.2035145709456263,0.07063607496433988
998,-0.09377017143099832,0.08436681386417692,-0.11055939057475991,-0.09339464675107587,-0.07895888660354408,0.12713174539942043,-0.019523259699279323,0.07067779530247818,0.1080410388043529,-0.1102579643309793,0.20355064351850324,0.07095940397745096
999,-0.09639688811620878,0.06531573134204706,-0.15916868862589717,-0.09383735610911309,-0.07935017266406125,0.1318386661804273,-0.10282943624747287,0.07190928395088032,0.11599866283420775,-0.11496995386580079,0.2035384396140198,0.0703525958290352
1000,-0.09806062949941073,0.059573045003130966,-0.2221618652158406,-0.0936842246978263,-0.07929248113790573,0.1507681324728969,-0.14551354268432523,0.07536184597728546,0.11480669786382566,-0.11496749113746997,0.20353138885996647,0.0749783689723965
1001,-0.10200991316537018,0.026057822219652083,-0.24354055668565505,-0.09363108402983267,-0.0792997696391785,0.15670652353248868,-0.22670849243535232,0.07479036153431454,0.11509586965711427,-0.11520246500641995,0.2035765335990473,0.07531109623471531
1002,-0.10272083400008383,0.009479765651261872,-0.3038599644841742,-0.08893369716524767,-0.07916856068339112,0.17989849225606397,-0.2512644244615215,0.0749068338207833,0.11503041060592532,-0.1140721979705421,0.20341931343893946,0.08002044432641152
1003,-0.10269344685643893,-0.0246470542698426,-0.3456394189518051,-0.08941041591090444,-0.07104050587007202,0.18985116786884632,-0.29922620755808704,0.07488802154964953,0.11505666029016472,-0.10667565580043792,0.20380039546959836,0.07951341437519839
1004,-0.1026694969745903,-0.05546839546930556,-0.40722469511233117,-0.08925173825836953,-0.06030407336776865,0.21543360727238065,-0.3431971392537452,0.07488976559388677,0.11505810334372141,-0.09585900526629282,0.1942820408889374,0.07968195561126161
1005,-0.10268734617254512,-0.1013599149830405,-0.4364065053966373,-0.08929364407701162,-0.06234056340590933,0.2643231188792846,-0.38724251416212835,0.07488994521919992,0.12147666708103466,-0.0895734268441773,0.15417203039686775,0.07963845547070866
1006,-0.1026474784694095,-0.15580775208325912,-0.5064816696761313,-0.08928360324808393,-0.05888333813158607,0.30240407576497963,-0.42154658544955775,0.07489019777850375,0.1337142642776793,-0.08436258581764859,0.019829923243540864,0.07964509896506347
1007,-0.1028072080052951,-0.18506146675619364,-0.5402476813241935,-0.08928767696409105,-0.053671261169450354,0.36560037964323017,-0.502606750989383,0.07488787138728822,0.13414764502734697,-0.0840725317031702,-0.15549584016318185,0.07965263214555078
1008,-0.10221573440644534,-0.2078345578322273,-0.5416051271156391,-0.08928413437924981,-0.048783294409899806,0.39947314416308866,-0.567099666201266,0.07489877218721704,0.1378143886140431,-0.07934632374170464,-0.27667940215794673,0.07963991292724504
1009,-0.10654919361082271,-0.24251068610296597,-0.5561863944126825,-0.0892617755451385,-0.043925148227611975,0.4309649602754843,-0.6189620869977411,0.07485643274602843,0.136510696439737,-0.07976926389470154,-0.35042208123096424,0.07955287743137039
1010,-0.10717096696851107,-0.2560563803850424,-0.5581127663818787,-0.08951006668482446,-0.044178754608726806,0.4511435886832633,-0.6947266829364411,0.07498919205483873,0.14119016309695642,-0.07960969458936222,-0.35816811001097604,0.08057691380150388
1011,-0.10710167104550336,-0.2667709583507798,-0.5580226143050031,-0.08774119176448464,-0.043720391619214746,0.4513071109992475,-0.7376341204950689,0.0747391629545186,0.1412305107765853,-0.07965497387147377,-0.463358552151498,0.08429052123775321
1012,-0.10775260029519002,-0.27302588529262756,-0.5580205907856356,-0.08437579329008996,-0.04600213082464797,0.45320852879661594,-0.7726732566967855,0.07946862954733575,0.1556384875524526,-0.0796440909312125,-0.5193896242007897,0.08572590203425422
1013,-0.11322253356923581,-0.2722919152421119,-0.5580885870894922,-0.08490645448047758,-0.048848896433605765,0.46088669617207206,-0.7914199494628241,0.07919266711261196,0.15917415958960957,-0.07964649328638583,-0.537194613790536,0.09177344913793258
1014,-0.11800955527680507,-0.27185813074697296,-0.5579706411808676,-0.08483562461170689,-0.048383843505473464,0.46242262585210303,-0.8019739564195294,0.07932880610846808,0.1606093281448166,-0.07964564603297004,-0.5397044470799476,0.09308505696690135
1015,-0.1235362754823979,-0.2762987984878509,-0.5631802791950407,-0.0847598046955367,-0.048468787112357616,0.47167825965669224,-0.8010865287799229,0.07928631604651833,0.16421406265427171,-0.07964565188600299,-0.5414837240352762,0.09288705519683103
1016,-0.12521576099481146,-0.27671661462645086,-0.5731656466013497,-0.08472347663020872,-0.04845756612371166,0.48634802863779875,-0.8152656625507524,0.07929712263848299,0.163487135593993,-0.07965594908210735,-0.5468912279595459,0.0928931220055892
1017,-0.12497532140108404,-0.2814273477732777,-0.5748703664882502,-0.08001316840798406,-0.048457072909238265,0.49453206680959133,-0.8210276470305012,0.0792947902672158,0.1641778031225667,-0.07957374372253198,-0.5520910658323123,0.09350600826891037
1018,-0.12499451889387107,-0.28180502854416856,-0.5840404394167955,-0.0804813047985284,-0.04846576666104488,0.5016784478112192,-0.8447840307005521,0.07929520327688651,0.1598106004574396,-0.08003314106313074,-0.5535094973995038,0.09779828837995912
1019,-0.12492308189576132,-0.28742678959175444,-0.5998680247682131,-0.08032302884192619,-0.04841343008420646,0.5075020628044487,-0.8733043509645337,0.07929515265493915,0.15927140749761626,-0.07722991053024844,-0.5529353037418252,0.09724796492753723
1020,-0.12581482276353204,-0.29278085076377314,-0.6337747562968651,-0.08036500382943669,-0.04867330206393875,0.5237259767118725,-0.8998315256713664,0.07929514246091703,0.15900103495508353,-0.07495046680748882,-0.5723310550642774,0.09724828783908727
1021,-0.1298534905667735,-0.3129990402901012,-0.6350346378920061,-0.0803556227463179,-0.047576666302668415,0.49667339334636607,-0.9553086634091753,0.07929524051359949,0.15345278703050358,-0.07511727265996447,-0.5741847903829045,0.09780043401661376
1022,-0.12976886163893836,-0.3290004073823636,-0.7151465456668168,-0.08035739364248436,-0.055033527660234866,0.469246368433308,-1.0154221600421824,0.07929466290062419,0.15046710885403608,-0.07204940650978613,-0.5821869873364872,0.0935214371302511
1023,-0.12677835550439712,-0.33450618728309645,-0.7443431839800899,-0.08035709574027979,-0.06095901757352948,0.4310398512297319,-1.0516789483632183,0.0792974514828836,0.14819615478120673,-0.0481980713304664,-0.6059489682486642,0.0928909666016738
1024,-0.12472223158313428,-0.3303968680547109,-0.761171299729221,-0.08035670817207678,-0.07045900199087143,0.42868413793280347,-1.1084166932080814,0.07928603108024547,0.1460089823923503,-0.04720140943294062,-0.633045621331631,0.09290406241940921
1025,-0.12503927128095332,-0.3101604002274568,-0.8098084827873513,-0.08036133291726476,-0.07506037693364538,0.4018859348844483,-1.1857747731234056,0.07932487567961125,0.14292251850485443,-0.034063324487959165,-0.6501570978114535,0.09292837536321572
1026,-0.124998062453932,-0.29840043352874773,-0.77373018988053,-0.08033213719328026,-0.07457305179705702,0.3959883631241544,-1.1706555526652092,0.07923148628113356,0.1374606196274727,-0.03438974747638274,-0.6907464068615498,0.0929174192246005
1027,-0.12499724500764114,-0.29813848809630716,-0.7508978997039697,-0.08047660334525143,-0.07661151568280025,0.38418841274167137,-1.1408214483557315,0.07921316447877016,0.1372501186138789,-0.027801975119918013,-0.7267910615599196,0.09292325038094944
1028,-0.12501555151891833,-0.2917174483430468,-0.7342685394548212,-0.07987599718730223,-0.07924608647993991,0.3805149115706763,-1.1124228569947543,0.0745605487702471,0.13545102719741717,-0.026847387595452472,-0.7945147266951069,0.09291104835763951
1029,-0.12491036984981056,-0.290419531401581,-0.7238754493489528,-0.08390779499779517,-0.08226164326665857,0.3749319125447204,-1.0821261905595412,0.07501110851052582,0.12281310871035478,-0.02271108139382631,-0.8617813643973967,0.09295062206699439
1030,-0.12543265806662096,-0.2866233537564493,-0.7088730561828076,-0.08491457529093333,-0.08352021095947994,0.37442769523893893,-1.06381201279877,0.074856033905649,0.122479199725432,-0.022215965713960718,-0.877086837420507,0.09285440983331628
1031,-0.1222564389533427,-0.28562440095015196,-0.6935441645458265,-0.0848265544595433,-0.08775323343052485,0.3745090761045553,-1.0437313606412606,0.07489781105165673,0.11896748536265539,-0.01750439523651634,-0.8609154017144333,0.09284290531258942
1032,-0.12027120502711676,-0.28571149622191727,-0.6801292550508243,-0.08481498630791266,-0.08808425137140852,0.3736298045066194,-1.03357607104126,0.07488829720025537,0.11956075156324304,-0.01781014818718646,-0.8324638167437137,0.088163665099942
1033,-0.12056638896335796,-0.28563392419369277,-0.6669139453351565,-0.08482380057385416,-0.08813042831642538,0.3701458585341017,-1.017555188469003,0.07489010820074682,0.1194770475482629,-0.01766221316144873,-0.8244578068850204,0.08861778255489845
1034,-0.12053923079742122,-0.27713906648382847,-0.6432756536272347,-0.08482077052265102,-0.08810058714387946,0.36606069204260094,-0.9940575919229482,0.0748898498862553,0.11943553528486404,-0.017711621612643724,-0.8061091390382104,0.08846167186512019
1035,-0.12062135519128372,-0.26757273010270305,-0.6167913827576507,-0.08482158137263678,-0.08808602356479418,0.34343409479524584,-0.9787720994241635,0.07488986155189996,0.11927142096917062,-0.017684607239911887,-0.8005051575456994,0.08850344854414145
1036,-0.11968607173518296,-0.24578876216251302,-0.5973451703619734,-0.08482139895343678,-0.0882043219184765,0.32514614043989365,-0.9744198574699787,0.07488988917253694,0.11429081478890968,-0.01774353745302256,-0.7905222369427835,0.08849404597945901
1037,-0.1155857286846999,-0.22955485618579263,-0.5626026986989172,-0.08482143290278178,-0.08773058559133846,0.30714305125468655,-0.9721074940128952,0.07488974960555216,0.10759176657487762,-0.017579471042536213,-0.7873508380174881,0.08849580780118504
1038,-0.116225226790339,-0.20577114229573545,-0.5619674685109343,-0.08482142832177719,-0.09151100294175758,0.27861264837433103,-0.9391907282298168,0.07489044983680412,0.10081740203948654,-0.01780592876950925,-0.7874424647174005,0.0884955512119541
1039,-0.11591811431400686,-0.1891684733736821,-0.5363469854565105,-0.08482142846183795,-0.09658859152727914,0.22927234932190463,-0.9271708060045335,0.07488743109791204,0.10246230197670532,-0.013460713438836662,-0.7715532488478859,0.08849546402522548
1040,-0.11651568417806947,-0.1346485814572151,-0.5061293130387334,-0.0848214286198338,-0.10145403017412456,0.18447698431644813,-0.8830854148443938,0.07489841643082416,0.09827175345944389,-0.009203400427243479,-0.7643303939678012,0.08849665625723525
1041,-0.11213707245462715,-0.08032672383059505,-0.4951828814622456,-0.08482142860073555,-0.1010725527660899,0.13320246423539456,-0.8374257187889236,0.07486768733603244,0.09751239409851718,0.011790082840273362,-0.7223964578236777,0.08848904363729655
1042,-0.11157576519406973,-0.05403614607228382,-0.46712832237960233,-0.08482142834978793,-0.10259605633081129,0.0908121141655127,-0.7289918381869358,0.07490037046336107,0.09297315691995045,0.01907480354191384,-0.6423467534761321,0.08852705183213672
1043,-0.11121467893209215,-0.012880619296488196,-0.4578401477417051,-0.08482142948869158,-0.10629225218999855,0.08503316798914848,-0.6865756110078531,0.07527372493168945,0.09330112775584964,0.030349962304282625,-0.5951219190590422,0.0883677506778489
1044,-0.10695301431773539,0.01513927209688207,-0.4226112599018778,-0.08482142550816242,-0.10516150195517446,0.040173879184365976,-0.6598369905376558,0.07972483632914376,0.09006714862697918,0.03145566952609729,-0.5156376198209448,0.08892203273181003
1045,-0.10578159417276846,0.04681674003878494,-0.4016751886775335,-0.08482143548043165,-0.10895134975610253,0.0062324762253731705,-0.6149022552695671,0.07914227536620426,0.07825045278049186,0.02698883007736999,-0.4704212907065455,0.0844447368086354
1046,-0.10219170821758233,0.05124419337224997,-0.3925874866785351,-0.08482143437787161,-0.11037274353759062,-0.013138099345940759,-0.5708034223110454,0.07944626857768029,0.07987776747350303,0.026546016684120082,-0.43087416567937575,0.08408532433098984
1047,-0.10277656190968683,0.07962989194868064,-0.3523067721859868,-0.08482123619799145,-0.11002378997698686,-0.021905015676968263,-0.45615889508607216,0.0788144661498147,0.08004774389116258,0.026635547739776087,-0.3537621172255955,0.0840476275108556
1048,-0.10269087689755733,0.08528582371777968,-0.3328288870107013,-0.08482284970023626,-0.11474763415196802,-0.01707072143500145,-0.4480601110003237,0.08283629155571949,0.0761048150995453,0.02561389690507116,-0.29260117169979416,0.0840795095067815
1049,-0.10259917673538048,0.09461023023625033,-0.32002666590591794,-0.08481381527173536,-0.11443543533504785,-0.017784616966316058,-0.3919821415178027,0.08378692911051874,0.07512872448917403,0.02154356393273474,-0.2800637470803838,0.08406834535655923
1050,-0.10271828587610192,0.09357026823715676,-0.31063935303298124,-0.08485519128293671,-0.11454939274763976,-0.017580034982130364,-0.3690392598116446,0.08370610394180916,0.0752096752150488,0.022710679262568145,-0.25130592054014494,0.08407141400009643
1051,-0.09795706755390078,0.09335390251145911,-0.26829237169838377,-0.08469548348607436,-0.11463213183873203,-0.017632427492614403,-0.32546861585360864,0.08369332484553514,0.07536271163519574,0.019105975556981254,-0.21545983171275804,0.08407051219874959
1052,-0.09832766679295693,0.09665177857490848,-0.25471867338632426,-0.08518732777436244,-0.11411421672675812,-0.01761067470428223,-0.3107712082737953,0.08370809862609446,0.07414654149957958,0.017736703271010283,-0.17863815125243884,0.08407131404546264
1053,-0.09817979805056369,0.09802744822760563,-0.2356230925553912,-0.08050931493183654,-0.11775219102502128,-0.01764129785985197,-0.28286016160541183,0.0836716229818336,0.06993341076152729,0.014015016005814255,-0.15222440003302531,0.08407013801099536
1054,-0.09822291305425089,0.102177633691301,-0.23673597725130047,-0.08041150249319845,-0.11949221363238413,-0.012963495594742715,-0.2769259757989322,0.08382493163009849,0.07337449112216289,0.004211864393373357,-0.1298069060999402,0.08406573954171169
1055,-0.0982128558164776,0.10268450501925086,-0.22745284694826282,-0.08032816039802093,-0.11021223774370208,0.006657281455515434,-0.2544594422020111,0.08323576190224427,0.0755596264086812,-0.00478673596230235,-0.12775038198435518,0.0841250779903141
1056,-0.09821300959335899,0.10269979241172678,-0.2135379687099908,-0.08036635377295816,-0.10099629186888874,0.013212343142406623,-0.234511192939339,0.08743390956710802,0.07501401147264466,-0.005251688638339391,-0.10134335735469628,0.08373711866727812
1057,-0.09821831604962498,0.10266961585333158,-0.20632804045773118,-0.08035478239184922,-0.10077531601340814,0.01609246667891321,-0.22026888390582913,0.08815207910694782,0.07917629411855104,-0.010024344002381332,-0.09322744333322078,0.08618891012496196
1058,-0.09821302958684316,0.10268123260828595,-0.20554110052053162,-0.08035766465449976,-0.09481230865276688,0.025415888746234575,-0.20881563177931822,0.08811867094762561,0.08875068310104202,-0.02038168844821143,-0.07889023394149795,0.08886082375332373
1059,-0.0981406328604227,0.1026779134450571,-0.20142705533314936,-0.08035701029245183,-0.09219407526557781,0.02604207363611918,-0.19639394926797815,0.08809830185006459,0.08903750042112567,-0.03003556827191517,-0.07459544145019907,0.08843146088966654
1060,-0.09889465306096493,0.10267871020919783,-0.19629689616754675,-0.08035725377351485,-0.09261014486832221,0.030233890813179627,-0.1942651247546333,0.08810814709687471,0.09361000529648504,-0.034646114841166954,-0.06903072552938815,0.08850299592951241
1061,-0.1047969094688573,0.10267854694846767,-0.19110718863059672,-0.08035719755987643,-0.09238824734653044,0.030536613009225527,-0.18046590317511346,0.08810509398233567,0.09199391100752378,-0.03550470145538103,-0.06579399165609517,0.08849571478663074
1062,-0.10703500048026597,0.10267857578578608,-0.18713206329858997,-0.08035458757841701,-0.09275552942408324,0.039957068574596084,-0.1758058327138451,0.08810586725887087,0.09811451305075093,-0.03550827681625255,-0.06743236492455994,0.08849761297682283
1063,-0.10990209412209936,0.10267857344060215,-0.18763035269417241,-0.08037647500576439,-0.08804278636983809,0.045317713139854894,-0.17021661782489447,0.08810570107732543,0.10488182522671329,-0.04072949346545229,-0.05952275484392254,0.08847704804435969
1064,-0.11195877708750636,0.10267851970372288,-0.1873434994755356,-0.08025243625483479,-0.08815561046940597,0.05460720141985159,-0.16743552835237743,0.08810573026946163,0.11378949544084149,-0.04505645651964872,-0.05756958284080319,0.08859677662174929
1065,-0.11134172447959885,0.1026789467385699,-0.1879960176830851,-0.08082528605022828,-0.08833647980218351,0.0594509444413421,-0.16504725636074483,0.08810572680251101,0.11946020367909911,-0.05386469901995283,-0.05314178098028215,0.08804290421201524
1066,-0.11605608596119464,0.10267656357063377,-0.1835944394891685,-0.07720265023204274,-0.08640267945092865,0.061526072355334575,-0.1626657165265693,0.08810572673683717,0.11982769692774342,-0.06773559070843307,-0.05328004683050927,0.09157954421912701
1067,-0.12118541398662418,0.10268753930342675,-0.18308366859458267,-0.07571664481996096,-0.08315542021104477,0.06488592755506645,-0.16306405301793575,0.08810572693008403,0.12432039322654641,-0.0739931793741122,-0.05213274974751087,0.09322085902077859
1068,-0.12509257906201554,0.10264446879364132,-0.17805384767112134,-0.07590525336105651,-0.08425375142805461,0.06586781816679818,-0.16296434859032907,0.08810572685808576,0.12385872463851766,-0.07872838124084539,-0.04811144262316833,0.0927276168484438
1069,-0.12656356146717446,0.10278290532917607,-0.1738160213552357,-0.07589650305519145,-0.08002055978970483,0.07033336644596452,-0.16281704530706342,0.08810572686131746,0.12347315100517636,-0.0839199194307551,-0.04922834107240733,0.09728651447290791
1070,-0.12949922475246053,0.10249586774934513,-0.17419870495857764,-0.0758908101183888,-0.07923228165635951,0.07066328797654378,-0.15743015173305128,0.08810572693159786,0.12683834844615705,-0.08397788873670974,-0.0457477170376372,0.09242332072670405
1071,-0.13221511945409806,0.10728459975248099,-0.17408381304043105,-0.07589351679367097,-0.07927585557109475,0.07516423849756829,-0.15383938192929814,0.08810572667732013,0.12848284230455137,-0.08479863298994107,-0.043924667589735386,0.09308052222135645
1072,-0.13430151254616396,0.10704428689487977,-0.17411216824851825,-0.07589268685263444,-0.07943459490930146,0.0757562949699433,-0.15427638579817232,0.0881057272823343,0.12840791239317512,-0.08904140156191874,-0.04450286848381313,0.09287900642867941
1073,-0.13361721308267474,0.10717650925700384,-0.17410626218686628,-0.07589289422241763,-0.07828339291527396,0.08175678161513146,-0.15415631221641143,0.08810572747819914,0.1284832475844231,-0.08795563776500918,-0.03974165410792196,0.09292935627484339
1074,-0.1383993549814838,0.10713393695635956,-0.17410724389902157,-0.07589285054963445,-0.07282203056649719,0.08397518981914122,-0.1542202385205693,0.0881057134073577,0.13826346424337865,-0.09116344878531592,-0.0399112053049735,0.0929187562015954
1075,-0.13834843867181326,0.10714423365312771,-0.1741071443184642,-0.07589285794003958,-0.06809136505201037,0.08365716173047083,-0.15410849376323574,0.08810582249520835,0.1429373621517412,-0.0931923190397272,-0.03979050142114758,0.09292054010628784
1076,-0.13817943085551304,0.10714501971461181,-0.17410719277498451,-0.07589285715315255,-0.0626312838955415,0.08368225756006199,-0.15416425020069044,0.08810522234604717,0.14653979082361782,-0.09288172964087556,-0.03983393692103143,0.09292035445284808
1077,-0.1399902857301802,0.10713566930515904,-0.1741067222596085,-0.07589285710094021,-0.06155161708013926,0.08372546689623811,-0.14951119324468715,0.08810794951474661,0.14544511674094732,-0.09292223313175493,-0.039812085961623424,0.09292051676782165
1078,-0.14328201041456412,0.10715142842501545,-0.17410943535507792,-0.07589285715936671,-0.06168114296406174,0.08402570081514966,-0.14963925304555245,0.08809743957547451,0.1492250349056614,-0.09292149169388587,-0.03985636690486291,0.09291901534511361
1079,-0.1428539828125586,0.10722222913008493,-0.17409686508177236,-0.07589285713806676,-0.06167712866406972,0.08830612887839034,-0.15146080579248639,0.08813004908773338,0.15051073945451324,-0.09291972600794358,-0.03972624971666771,0.09292770708405454
1080,-0.14256698269386148,0.10628402038565643,-0.17414602611896857,-0.07589285714430828,-0.061672395175456585,0.0893902827293999,-0.1546133590874833,0.08807093969628839,0.15430514836825696,-0.09292098923004584,-0.03996131529129258,0.09288720285306615
1081,-0.1466396605592332,0.10253289800178447,-0.17399084423205863,-0.07589285714138386,-0.06167455473448996,0.09311169079337826,-0.1540995277683636,0.08788633730776116,0.16889724841833195,-0.09291807820042566,-0.03520008497750274,0.09304626853489063
1082,-0.15179709503447608,0.10071157920773383,-0.17428598533298487,-0.07589285714664118,-0.06167370702216299,0.0919301151507167,-0.15419826098239606,0.08312172146544773,0.17246952325179807,-0.0929295329946129,-0.03565781131341004,0.09254246016309983
1083,-0.15209824919855205,0.09780785403688334,-0.16958581186163463,-0.0758928571370507,-0.06167473988791628,0.09591579392818632,-0.15418395989561837,0.08518986112644085,0.17397190250635775,-0.09288873497323215,-0.03422421993393116,0.09715178808316849
1084,-0.15747181665069762,0.09828858820758649,-0.16824904834783455,-0.0758928571125803,-0.06167156689009793,0.09703528988291245,-0.15418448347546534,0.08853047236861195,0.17711179125347187,-0.09300026694821249,-0.028940422723970037,0.09729844437379721
1085,-0.16268923556170373,0.09820456922809848,-0.15975125009621663,-0.07589285750747116,-0.06168023555844393,0.09691454640068499,-0.15418871193763226,0.08801170414417879,0.1792820093172563,-0.09289602527846995,-0.023422143499233654,0.0973729053227055
1086,-0.16554034783288923,0.0982144621280624,-0.16085901524180568,-0.07589285483058816,-0.06167164650562876,0.09691139804944733,-0.1541624954673749,0.08812294325991668,0.1845311778676175,-0.09761419990889526,-0.0223622032825643,0.0973360444433617
1087,-0.16508634561838975,0.098214580784369,-0.1611278450056015,-0.07589286859442246,-0.061563944646018554,0.09691724386729936,-0.15429636248510317,0.08810350249712873,0.19008760000708402,-0.09722985648281998,-0.01820797738589695,0.09734753932506901
1088,-0.16524617287797458,0.09821498180875803,-0.1573471869337211,-0.07589280948790861,-0.06267082138365826,0.09692250658346392,-0.15372173465848557,0.08810575639446251,0.18591287626312722,-0.09738319271304247,-0.01769165210535156,0.09734443806633476
1089,-0.16505301218018556,0.09820939334426407,-0.15603922517159635,-0.07589302158806002,-0.06619893729318736,0.09688450098894873,-0.1575328018852849,0.08810528074937135,0.18134514388746256,-0.09731882294806946,-0.017755198304901028,0.09734583192143584
1090,-0.1651079555727493,0.09823735932538857,-0.15626543075153132,-0.07589245228216769,-0.06818566316447187,0.0970436171034205,-0.15879979356555946,0.08811023288427534,0.18049115304321453,-0.0974178430902057,-0.01699263459565673,0.09734362973848733
1091,-0.1552616018885466,0.09812239390254614,-0.15161790487628218,-0.07589284544583472,-0.07086234111592278,0.09649561287844634,-0.15859314746577502,0.08807988438518663,0.17676925049424855,-0.09711060180911138,-0.011196343404599796,0.09734508963939306
1092,-0.1507272283971084,0.09851647402775938,-0.1509089906083178,-0.07590146766196426,-0.07040423510288758,0.10095370798237027,-0.16294766507441477,0.08822592072920099,0.17523114436094395,-0.09787610167105976,-0.008561241432738344,0.09737685163591282
1093,-0.14564243781269276,0.09438253766485517,-0.1467249513283832,-0.07582418333518023,-0.07052764864866012,0.10131087780710943,-0.15701031471597116,0.08763132505145121,0.1695089564567613,-0.08842055614399942,-0.008789071503798354,0.09709216069371845
1094,-0.1400730700520159,0.08926099713954919,-0.14782081178460652,-0.07627337562986272,-0.07051584867970617,0.10130684947759991,-0.1538583410860436,0.09166229217938496,0.16513554790668053,-0.08816666095489581,-0.009249799196683296,0.099029005114939
1095,-0.13862421801073513,0.08884061662524263,-0.14458442813627878,-0.07348956229458596,-0.06945886567272072,0.1015894976663372,-0.15431946122022303,0.09259018018116595,0.1556545103935449,-0.08355654747654459,-0.004743301862737893,0.10222257570433886
1096,-0.13477361156395498,0.08425953498751677,-0.13944585438646556,-0.07110536262003607,-0.060782753687527294,0.09954038746077892,-0.15394294670719127,0.0925102989207767,0.15038276002611092,-0.08424570948151636,-0.004448154402941417,0.10158249893543862
1097,-0.13401272354799001,0.08541866036191513,-0.13402555671653754,-0.07147919651768787,-0.0619203842372402,0.09692885750582655,-0.15487889158368429,0.09265223988460959,0.15079515642536415,-0.08390433582510833,-0.004400509569619803,0.1020928821729987
1098,-0.12935225217874638,0.08202941705252481,-0.13362513861841,-0.0714246572469462,-0.061645670717694834,0.0940591151012123,-0.14592715575315207,0.09135833499295272,0.1480431713820667,-0.08458483760734031,-0.004433220103394466,0.09768425265705537
1099,-0.12475352074943022,0.08133769011944299,-0.12442393232733481,-0.07142874554999126,-0.061562871862972296,0.09210355110728016,-0.14069744897853595,0.08762715413429542,0.14096339419927267,-0.08033721856103002,-0.004424338771176783,0.09260432619729075
1100,-0.12525841127043866,0.0697116108779611,-0.12391305324262376,-0.07141611180034088,-0.062053075215041484,0.09290786770464655,-0.13622942179322567,0.08824916246595653,0.1396914101649402,-0.07977684320460922,-0.004416537487890143,0.08818678288308449
1101,-0.12376053533201188,0.06253193535006366,-0.12032338741367052,-0.07151213857266667,-0.05752701177671718,0.08340110597026998,-0.1366959903263573,0.08795943211055551,0.13399286082824058,-0.07509761524999745,-0.004457447971387193,0.08862070392372745
1102,-0.11668933967822509,0.0624642629669122,-0.1183862713161709,-0.07100998801802803,-0.057345238311748425,0.07853930402880953,-0.13642379487387296,0.08847350969405741,0.12925472656500497,-0.07548571523737353,-0.004328982857451846,0.08834967458121633
1103,-0.10238845872992214,0.06314520148121383,-0.11278231158041534,-0.07412839381380615,-0.0566017521431442,0.07449208302349165,-0.13703685825794534,0.08386135060056063,0.12398270689567532,-0.07393231651562389,-0.004558945636642416,0.08900194706505599
1104,-0.09439215162261673,0.06743357210789466,-0.10791867302855994,-0.07627521004497491,-0.05241086967425636,0.07499402003417818,-0.13323159715216604,0.08373666470759712,0.1236720348883226,-0.0707332450657499,0.00020522726737257598,0.08503764732187162
1105,-0.08976349681461615,0.0668367260015971,-0.10273085838032657,-0.07555340015395971,-0.05298616638567781,0.07489025833361386,-0.13197435448277683,0.08382716908964946,0.11926057105358392,-0.06840451203330761,-0.00029939804470492486,0.08416605421656909
1106,-0.08469723081209164,0.06699488500523527,-0.10270592062273805,-0.08034192950330336,-0.05283522186044197,0.07479723664337218,-0.1321715647975251,0.08257523853360904,0.11815630817994309,-0.06608083028293621,0.0014180950532014223,0.0796788777475809
1107,-0.08010539841392254,0.06695381034021049,-0.10288549421793133,-0.08033195223356009,-0.05286878380006809,0.07517991941133319,-0.12709980108819421,0.07721515773477716,0.11488957164707454,-0.06631547129594775,0.004842115042483228,0.07504783298322114
1108,-0.08041650975158665,0.06697884939647994,-0.10111229225708601,-0.07990124677920467,-0.052862985445803694,0.07080257166570376,-0.12254139910955776,0.0719310246680411,0.11279093336211712,-0.06653546386521858,0.004462026723149462,0.07507452883814039
1109,-0.08052879752228383,0.06694684911739111,-0.09778974695380584,-0.07165209764452223,-0.05286303272175468,0.06581076123823623,-0.11515785159025978,0.07016903936943406,0.10735581518595208,-0.06183537513915343,0.003967063081419962,0.07675640866274606
1110,-0.07881128595142323,0.06682364593496483,-0.09821639874987292,-0.05292407095195081,-0.05285978316916204,0.0606738376131939,-0.10984894551555653,0.07639096793861316,0.10230224255832682,-0.061360586852372646,0.008448949153919428,0.0831039175190351
1111,-0.06987394901915368,0.06853704965769346,-0.09849598314339164,-0.03170769720875218,-0.05290229622708697,0.05690271377948414,-0.10716765628946195,0.11846961548978331,0.09741923030810357,-0.0569259563365022,0.008830429839213881,0.14091541082213702
1112,-0.06328963740006953,0.07684702661213096,-0.09432468574146978,0.03868304645009566,-0.052624461818255135,0.05736828302527415,-0.10582381117026692,0.16638056826154743,0.08798853494198729,-0.05812959274088054,0.01356569887586004,0.17526157990840294
1113,-0.05848100078900811,0.07564487982405467,-0.08924707579163911,0.10308316270835456,-0.05448844783314654,0.05723760939783985,-0.10170845606703448,0.21853906499336262,0.08887449004068773,-0.054621252705945755,0.013150575998156328,0.2849331511349083
1114,-0.053435814548090016,0.07594768172556017,-0.08876419798489196,0.17841744730360987,-0.060322829370595535,0.05730532185199746,-0.09662672199501228,0.33992803705406094,0.08721086271890195,-0.05372707971699812,0.01331109045077697,0.36922383402103076
1115,-0.048436450900632845,0.07588307877539198,-0.0843343114221115,0.27166669326195236,-0.06198277851159497,0.05717798564372973,-0.0923487182140991,0.480470909636244,0.08130750056342011,-0.0454786637217129,0.013265154141945656,0.5257591349112588
1116,-0.04318684272458582,0.07589333857799875,-0.08495546676483015,0.3678023052693264,-0.061340394716218674,0.05736625737262429,-0.09155903613115822,0.5935644621688048,0.0796417275530597,-0.04415966823400962,0.013276805833520294,0.6248034098594154
1117,-0.03971621305867717,0.07589325670409881,-0.08479049629617866,0.4384252735456744,-0.06603643434364483,0.05263959830377811,-0.0859514014708689,0.7033554180666532,0.07684206782732825,-0.043930016545658694,0.013272136920339907,0.7813288897084388
1118,-0.040645165673748256,0.07590718650262107,-0.08482722724999965,0.5137256354869997,-0.06601508682069394,0.05306265893282135,-0.08121507745237343,0.7923550162270258,0.06709132298944846,-0.03938268873631513,0.01327825164236427,0.8496128969950308
1119,-0.037439287867805225,0.0757687139984155,-0.08482108272364476,0.5788873573028099,-0.06607507514549366,0.0520917325934476,-0.07581685894130584,0.8428970200173374,0.06182532336354442,-0.04027010537007993,0.013280866121339073,0.8867640915399245
1120,-0.03229336713220291,0.07683530032648184,-0.08482087250562617,0.6411813949514517,-0.06626622198920493,0.043785866102061415,-0.07463257442261755,0.8851803358022475,0.056603105548528536,-0.03774199222977697,0.013140513512524498,0.9200610287351191
1121,-0.026946494396139907,0.08482524400184002,-0.08481546065277404,0.6651294659503747,-0.06516176225743477,0.039346011584572856,-0.07495355907468533,0.894777335804547,0.05308281638028853,-0.03490249576461206,0.014328748140360953,0.920358520663973
1122,-0.02666918816887789,0.09281043104020863,-0.08488203633466844,0.6650747641314092,-0.07195422354134079,0.03684017794391525,-0.06535827138603179,0.8941337723498255,0.051077661284828546,-0.03590806025998955,0.01911620743432332,0.9203635807124635
1123,-0.022535786324878702,0.0938737239934217,-0.08445501997973419,0.6652216584548938,-0.07489395756991904,0.031178026881926217,-0.05947729753887538,0.894305580501367,0.04951702078745996,-0.03144884015676878,0.027814660742256834,0.9203500116568367
1124,-0.02737312615156934,0.09373573101137996,-0.08710257010049421,0.6651725691731293,-0.07893905259751641,0.030829488362546384,-0.052312046613021815,0.8942667951336275,0.03971243167547277,-0.030963123812561655,0.030119378643824024,0.9203544577475904
1125,-0.026621106528282423,0.09374954564189684,-0.08916755022701861,0.66514896426664,-0.079327775996924,0.030797026507078544,-0.05089679377841122,0.8942740129871716,0.03111205801325596,-0.030928020452474142,0.042203691153056125,0.920357088420082
1126,-0.026824955259130104,0.09375086597123028,-0.09273452010821882,0.6653057947182637,-0.08403520353725377,0.03107213335356845,-0.0463862674667356,0.8942731585037956,0.030964128740720104,-0.03121160949386973,0.04438033352112187,0.920340781773702
1127,-0.02677771802165335,0.09374966744233021,-0.09384554601206783,0.6647776572570459,-0.08357169754276954,0.02929550192775863,-0.03346648593879296,0.8942737643104973,0.03095809159426632,-0.029426256610751024,0.04429074257605223,0.920395558673271
1128,-0.026787011889413608,0.09375009248770495,-0.09374387670025562,0.6693788758785028,-0.08373724560873753,0.02598929411403497,-0.02649419635742927,0.894265883110227,0.031117662816591243,-0.026095914831603888,0.044224160209419876,0.9202769466623975
1129,-0.02678560748455413,0.09374998942883561,-0.09415170369807666,0.6696017233744977,-0.08369159775134359,0.026526146728305815,-0.026431614098029074,0.8943181962273155,0.029912391661113914,-0.02667772258928625,0.044255294691162246,0.9201280111570722
1130,-0.026785747365188343,0.09374995737290341,-0.099554537227639,0.6697830267451084,-0.08370224461701604,0.026415207210448474,-0.02655793956088051,0.8945089946689531,0.024035100408489978,-0.026418161719126764,0.04424638803716418,0.9239284267539857
1131,-0.026784924451381746,0.09375014652146688,-0.10451751442355146,0.6788325538409581,-0.08370014764306714,0.026433649967167277,-0.025407737893703812,0.9113459217871749,0.021847811038707438,-0.026814016896241195,0.04424580720797008,0.9430140866460356
1132,-0.02679120664245209,0.09374972442440464,-0.10944404209994506,0.7002373737027735,-0.0837004680195627,0.026431757506568326,-0.019923819728376455,0.9299484268690558,0.02217408360295465,-0.022090947221408225,0.04425610105573416,0.9534243997308665
1133,-0.02675701771683369,0.09374925865912932,-0.11512208153605234,0.7326860604040623,-0.08370044401783232,0.026431904734615624,-0.015168848425650059,0.9263060498352808,0.02211769085557298,-0.022205052206329633,0.04422652969386487,0.9720879752298092
1134,-0.026912334017779347,0.09376170349045325,-0.11583619455325493,0.65260764998915,-0.08370043780887687,0.026429488868507014,-0.00972666626479928,0.9304209707097589,0.022123898495694072,-0.02209217060293242,0.044253632283995106,0.9600263003261573
1135,-0.02630640321052132,0.09367102224682969,-0.12033746376507379,0.4775421614785679,-0.08370044147719698,0.026444133376927036,-0.008643179383029482,0.7254475956842169,0.022118663018834188,-0.022133035967401748,0.04465226775689315,0.8978405212143991
1136,-0.030510262910107624,0.0941571308053134,-0.12048059984556839,0.4512006313895563,-0.08370044027357997,0.026375246444518954,-0.008849002648847653,0.6943567381979663,0.022169576336828967,-0.02212172343414889,0.04915529989149353,0.7978536033870552
1137,-0.03128968636944501,0.09118673694525883,-0.12061682196841836,0.39710672690524873,-0.0837004405717002,0.026650894454083616,-0.003743207242543851,0.6572674025613369,0.021865019734715708,-0.022124163918795552,0.04825777157542936,0.7393168187805337
1138,-0.031183970143083283,0.08898782832801742,-0.120201267745381,0.38358695449470787,-0.08370044057890787,0.025736213582963012,6.624518099440622e-05,0.6453015642861227,0.023923472016006586,-0.022124414669312833,0.05063347080596275,0.7045568593340703
1139,-0.03244730104957988,0.08933027577201681,-0.12260348837193658,0.38402469496768105,-0.08370044035135756,0.03444090179348874,0.0015693972717474843,0.634905226164194,0.02998359358791604,-0.02212270194794214,0.05601500468714337,0.6839630725040935
1140,-0.041338067753972266,0.08928274640403279,-0.12537984280366904,0.383932764130397,-0.08370044076956118,0.03969286753275003,0.004497114737363889,0.6341892783903699,0.03069106045532883,-0.02212163627239228,0.06093855859979754,0.6841503018360391
1141,-0.0387285087798729,0.08928471527378937,-0.12493161666506097,0.38381832744371147,-0.08370044224100343,0.039594990148525674,0.006940799671891066,0.6346122260798939,0.035135342590996,-0.02216702054539621,0.06595877426453524,0.6807944921976918
1142,-0.04770037802152205,0.08928631079033103,-0.12500769498745384,0.38429471535600257,-0.08370042178823876,0.0397360800093753,0.012144179752156365,0.6299036288283277,0.03547652619588801,-0.02182338595206368,0.0709631442971427,0.6820305252777322
1143,-0.05459889685226726,0.08928521833364497,-0.12500006783233983,0.37982986990387324,-0.08370055685114146,0.03925857970072036,0.0208743398353185,0.6291826622644507,0.040233702735629914,-0.024030637280110873,0.07581635596132562,0.6736474463806228
1144,-0.053121710299278625,0.08928733448581018,-0.12502001836981327,0.37459731789343753,-0.08369986780496397,0.04207422257095546,0.035502042826343935,0.6177240477937084,0.03939058594954521,-0.02649864800715466,0.08206660647787287,0.6587431925961064
1145,-0.057672319214309826,0.08927912646029222,-0.12475496962934156,0.358938864996924,-0.08370283364860667,0.04448512385188955,0.035553739606177165,0.6003057576947314,0.041777551844361334,-0.029588324818830794,0.09122980907594783,0.6425576757037814
1146,-0.06272107467587788,0.08930884099094988,-0.11494133114445163,0.3353088556447343,-0.08369202703010507,0.04363000177595899,0.04087210755978023,0.5958268881397805,0.04428163426671999,-0.031167280297564864,0.09288727663041599,0.5883038688429229
1147,-0.06789610672860126,0.0892249061516427,-0.10640719454028628,0.3094785002066527,-0.08372256426029674,0.04825517965353043,0.04801518934489449,0.5136695512742476,0.046972707456304344,-0.030956836596050735,0.09523481640312509,0.5141377477794157
1148,-0.07179281953143345,0.08932319723062876,-0.10437076310252774,0.26398703305058074,-0.0836868031106353,0.04841377198464292,0.055171341684700954,0.4496566645562388,0.052367294414760165,-0.030966871891157682,0.1047615476219316,0.5058955060035473
1149,-0.0713368723924718,0.08417625158611394,-0.10232880160014328,0.23238881069486717,-0.08334697539816305,0.048533628340452196,0.06417967628352021,0.37544661876578145,0.05726410347864638,-0.03101912776987437,0.11046989984178805,0.4620788074689166
1150,-0.07141549847857505,0.08027476026273753,-0.10290294181211701,0.09365872532531228,-0.07881623681062412,0.04812917707010474,0.06569418867682553,0.35587569677017455,0.062067314960808855,-0.03069023375726532,0.11567081140329305,0.412117244348903
1151,-0.07155988217769105,0.07890750122380481,-0.09811173897622821,-0.0033871497960749064,-0.07977089320285058,0.05046807573079178,0.07473095367050894,0.1731166786837413,0.06225310050750938,-0.03279268243736674,0.1251564192994269,0.25957100711559
1152,-0.0710216707737205,0.07543777005352731,-0.09781011140029175,-0.05573588264388351,-0.07707937612676886,0.05289077403561148,0.07465466972832813,0.15590372295962573,0.06961648338568432,-0.03627032450296154,0.13005257710939516,0.1837987275351001
1153,-0.07572979605684825,0.07591785775421332,-0.09195615809745236,-0.12852072192673547,-0.0745418671607084,0.05564739036033209,0.07586317271923822,0.08563426441586768,0.07621195924310822,-0.03206916360702621,0.13268605409733172,0.11212491858499492
1154,-0.07604755909413756,0.07613007112825523,-0.08895075190461588,-0.2017224023815523,-0.07495080671506246,0.060996587324943036,0.079750548812458,0.02288319364322018,0.07419885232990692,-0.030854390568319023,0.13549113789882916,0.045013733668574495
1155,-0.08057780211086044,0.07222947451676037,-0.08936087183687833,-0.24684339968851848,-0.07488269049424479,0.06586222158353613,0.07918214208662311,-0.052353778430744756,0.08167377872293306,-0.030952682041712615,0.13712353484826525,-0.03610489142263401
1156,-0.08148874048134286,0.06238030640268589,-0.08927287369578865,-0.29978662516946675,-0.07488970153736513,0.07056810802227083,0.07931946517846919,-0.10920306198667291,0.08805511097021704,-0.030700359830356835,0.14077200808264909,-0.07733941824199053
1157,-0.08525233137100224,0.05271438398370387,-0.08928422669521562,-0.35479605910824685,-0.07489029103278673,0.07124506251713697,0.0792888161347991,-0.1451138188415935,0.09288568906987357,-0.026148269962277676,0.1460094672100684,-0.1543018680721791
1158,-0.08504682021144236,0.047978885920447654,-0.08928794619261474,-0.3697099629923978,-0.07488961278151418,0.0750611522884561,0.079300435418736,-0.19815519558980305,0.097468988530856,-0.026676081080588446,0.14637600486043317,-0.1898434821987152
1159,-0.08357212548835964,0.04291003945469063,-0.08933827995263376,-0.3705004617685596,-0.07489043169291325,0.07681181973575729,0.07930453452179204,-0.21227401504136056,0.09805943319311373,-0.026515798898527555,0.1509439112445729,-0.19022396854288443
1160,-0.09576956542299053,0.03749851777174652,-0.08875295869996966,-0.36983166942649054,-0.07488750936872683,0.07969806054318246,0.07911709641235251,-0.2097776211438631,0.1034981003319896,-0.026555284954193938,0.1500480078056219,-0.19040767096253178
1161,-0.10268240322135107,0.03532358805477797,-0.08157887695628252,-0.36669731311333115,-0.07489893946518322,0.07922891993108158,0.08065477367277361,-0.20554836996245615,0.10892028642451486,-0.0265497784430563,0.15228376583576364,-0.18937245410385967
1162,-0.10287175113042618,0.03615931768179752,-0.0727003982001209,-0.35891144555634097,-0.07486138238014116,0.07928297655068671,0.08337258759076908,-0.19421480392180823,0.11042722283308898,-0.026542462574294656,0.15829718640276427,-0.1832857448804104
1163,-0.10750941031099154,0.031522366486221046,-0.07185177119407088,-0.34356750952017484,-0.07494480877090771,0.07930708544682072,0.08867071112130036,-0.18457601640663407,0.1141340634357286,-0.02655218310540995,0.15902622513194895,-0.18118885859963096
1164,-0.1071011384821654,0.031280272084113686,-0.06744422188314662,-0.32327397856312945,-0.07501939659365063,0.07966048732509887,0.09330124198193765,-0.18639693082223593,0.11519241625937951,-0.026652301817572027,0.1634287282594037,-0.1579368455859308
1165,-0.10674329800268932,0.031219021502983682,-0.0677383792423301,-0.30668268853937386,-0.07964299842369077,0.08412497658164159,0.0892939682185114,-0.15322741421686004,0.11517379526558359,-0.02558481000361974,0.16374127990288584,-0.14258942378035086
1166,-0.10981215988390614,0.03130015918330156,-0.04862415969053743,-0.26915394230737943,-0.07917239325455114,0.08354462121585193,0.07943768560995997,-0.13228403336956676,0.11961961494168019,-0.021983888185605358,0.16969681700479408,-0.12886682745918976
1167,-0.11156428096955591,0.03103302930669426,-0.044583219155673884,-0.23555400107135746,-0.07932883128207226,0.08386731851705709,0.07910025739765059,-0.10758655447560332,0.12076312010645934,-0.020117959830681896,0.1777913691587309,-0.1150107049256831
1168,-0.1150033742104738,0.032186462038713635,-0.04527219371195382,-0.22741879331039697,-0.07928732734369773,0.08315053099329832,0.06603656745732589,-0.0983672821877229,0.1228484820322412,-0.017059364291670407,0.17670018048042077,-0.10208875136623347
1169,-0.12041335343244433,0.024878844347046358,-0.04057692968337564,-0.1878148705781419,-0.07929668863577918,0.08739343425395553,0.05150431709625783,-0.07076891177381535,0.11688844083728793,-0.01862558082539088,0.17736815886521126,-0.058422752405509745
1170,-0.12051087135687762,0.021883878531319408,-0.03711594047494298,-0.16041086149629138,-0.07929492378469234,0.0876726436833211,0.05144493968649808,-0.04847794312278493,0.1116642551232042,-0.009638961322294623,0.17431913771158633,-0.058117139330056695
1171,-0.12045727583113576,0.022483076691519107,-0.04340799076777046,-0.15550943432566253,-0.0792951678771868,0.09696210896942864,0.045387779683215605,-0.03950025646942083,0.1104837057438379,-0.008859670843575826,0.1684473569159361,-0.03586559064260629
1172,-0.12114965296686901,0.017665566420598397,-0.04857926523239182,-0.13059743860848597,-0.07929514219969891,0.0967428810772723,0.04109998294010177,-0.036226206240955364,0.11062804075812646,-0.008928554735605013,0.16833681834376915,-0.01937704359217712
1173,-0.11663555908870209,0.018119363025093673,-0.049140616385900074,-0.11716170653212303,-0.07929534220324146,0.09705337366013324,0.03164653933109856,0.0027373126038305563,0.11062129999286652,-0.007846055225024174,0.15867712195452374,-0.005533495153711582
1174,-0.11079762671696296,0.016647193395470453,-0.04918579734586036,-0.0978639783570986,-0.07929395938413164,0.09650122896549748,0.026373607620959773,0.024091332962407966,0.11063181881710388,-0.003941297475903599,0.15410052914432543,0.00499199462110899
1175,-0.11177913872951172,0.011583869632119112,-0.048447132786851727,-0.09197778451115902,-0.07930107450621851,0.09935107901762531,0.02678621231821528,0.025719048435540685,0.11053350488921254,-0.004550835710770049,0.14864946996966924,0.028394958538939478
1176,-0.11153875116354381,0.003971099692516912,-0.05364992889227374,-0.07917414708111026,-0.0792702940404882,0.10118237626301484,0.024005961155279455,0.031789690487023764,0.11104239872488741,-0.004366313854085685,0.14554730385036072,0.03336328037153283
1177,-0.11166998325035188,-0.0047654708966123754,-0.06341915163499737,-0.0792777999267596,-0.07938310216678492,0.10484116828439978,0.016988331575474674,0.04603982321217543,0.10789500074190762,-0.004537962745996513,0.146595383786448,0.040043957748274635
1178,-0.10648297456286136,0.0033664034422912657,-0.06507470251486766,-0.0728281377061897,-0.079060734625997,0.10581514345374357,0.015736119663010584,0.051230908134639645,0.10584815735054519,-0.004199353452282187,0.1425223666042864,0.04447077481372841
1179,-0.09749307119520921,0.004475335376694127,-0.06723791281596106,-0.07123093675841502,-0.08357082509326084,0.10573538901290833,0.009807739401077337,0.06091746517217104,0.10646050649305239,-0.008936348033594207,0.14168642874573642,0.051588571745776586
1180,-0.09874377952098148,0.009938142650821196,-0.06696307906715622,-0.07145696704151142,-0.08828526343029752,0.10568103340903905,0.005837579098930325,0.06166731037054121,0.10179372157207317,-0.008762110754480433,0.13719677529163934,0.06081294274712852
1181,-0.09620530811404898,0.018344503388473085,-0.06698527906152119,-0.0714271154268651,-0.08801297015561928,0.10600458034983001,-0.008395290753344484,0.06639647586193254,0.09679689421165003,-0.008867641360978605,0.1326271684489169,0.06199592512844143
1182,-0.09323677514164551,0.01916435876185208,-0.07281431610970954,-0.07142789658398674,-0.08819656116358787,0.10395355165613215,-0.013204487870360774,0.06593093414252851,0.09183352189065265,-0.008917174689462508,0.13206885025735032,0.0618898472272364
1183,-0.09428788496826061,0.02280292993275596,-0.08095365295633847,-0.07142784035502153,-0.08778675852862115,0.10090567089477706,-0.013911960029413535,0.06621550089596234,0.08648951436228829,-0.008511912834896803,0.12629333601860576,0.06284414648249537
1184,-0.08987901444689217,0.022316725932738493,-0.08147156031603793,-0.0714351377893221,-0.09042706175906373,0.10140497300159877,-0.01906964742182666,0.06561958293577838,0.08376207924437068,-0.011483010021367911,0.1225069597425519,0.06650793456889321
1185,-0.08925593533878606,0.02198988832050427,-0.0879793648853034,-0.0713966232601371,-0.09631736880549002,0.10130854091780918,-0.025906877673635607,0.06904089323080972,0.08400506879970246,-0.01715903598004303,0.11078218703594589,0.06843152020501646
1186,-0.08932081736763361,0.026180327015526993,-0.08870085829159623,-0.07155749608712676,-0.09672322676753409,0.10132247480728207,-0.03681601467263206,0.07069943994857433,0.08449533105308327,-0.017744550694492017,0.10190261959273018,0.0711772583771554
1187,-0.08873661968588006,0.031291073201860704,-0.0963698256391573,-0.07100287441917605,-0.10134479690699813,0.10132089871942476,-0.04315717960984893,0.07044831573356236,0.07987972437747032,-0.0177161087266909,0.10197619022906132,0.07073101150502083
1188,-0.08289567447619801,0.035823696508200664,-0.10266459213557837,-0.07553682299810055,-0.10123783742482712,0.10133346525604561,-0.04797217182918709,0.07045138856424461,0.07954956922985693,-0.017567783382687968,0.09725856987587268,0.07080397684140825
1189,-0.08044181746969095,0.036729090878382456,-0.10305676216403929,-0.07587428040650579,-0.1013547605084845,0.10124296793966009,-0.05298067191344438,0.07108397970920147,0.07497448418551843,-0.018663757172374864,0.09708574775581492,0.07079723375521638
1190,-0.0777531541515625,0.04028352227738326,-0.11322649310334106,-0.07591681793206145,-0.10131197862365894,0.10172114818627019,-0.05782600884299936,0.07534714171651265,0.0743727954311691,-0.024476867953341485,0.09048223748584627,0.07078545494427922
1191,-0.07562995145120709,0.04253525210202948,-0.11591445581534973,-0.07588401184620469,-0.10132391689516873,0.09878863374754424,-0.06409688297290066,0.07476385287200289,0.06883126035919485,-0.026944058944672396,0.08026291513496289,0.07087278283226744
1192,-0.07584563884173234,0.04452486728106821,-0.11832433078588167,-0.0758953167410884,-0.10132110508502042,0.09650569847850973,-0.0728533723765046,0.07492133308953805,0.06358593513543338,-0.026119845386614094,0.06997409546548297,0.07039230892754546
1193,-0.07599194610331912,0.04822926229494625,-0.11994771992414259,-0.07589227356094776,-0.10132166528194884,0.09730867872351526,-0.07710752597175946,0.07487531587033859,0.06157509663281717,-0.03011294260425019,0.06279956526146759,0.07334150500029946
1194,-0.07119677381637511,0.04918926762513684,-0.1273829110135252,-0.07589301437405643,-0.10132157825425495,0.09264560499400395,-0.08282968550222083,0.07491629282431249,0.06236401674656246,-0.035171741379200344,0.059135289772961175,0.07539372654644329
1195,-0.0717506221597639,0.04911331757353661,-0.12955444080679734,-0.07589270810643946,-0.10132158572835089,0.09256319468316088,-0.08351346666854277,0.0748571773273083,0.05763091820606928,-0.03992672306428047,0.04464049290336315,0.07553343842710367
1196,-0.06991829310110606,0.049133519851849536,-0.13391552832760545,-0.07589301735411268,-0.10132157579370267,0.09248336180217671,-0.08791517352136465,0.07462463314695252,0.0573150894356198,-0.04037403039172361,0.04436487954434649,0.07093156218926887
1197,-0.06692910022155266,0.04887752928761172,-0.14379646883116604,-0.07589432575736856,-0.10132166033284556,0.09251988935171826,-0.09324584338937296,0.07009911972877932,0.05261510055721217,-0.04577985028522531,0.0445114383323651,0.07085339335736533
1198,-0.06439312519625968,0.05066338236984415,-0.14754554709588158,-0.0758777653667765,-0.1013211961736123,0.09250869978198702,-0.10189845219147933,0.07054663288461069,0.05357983864474343,-0.05116343725934045,0.04180655781160053,0.07077773247728872
1199,-0.06210698654533397,0.05600025455259009,-0.1473505218245878,-0.07598443770260963,-0.10132329454426879,0.09251152786525943,-0.1022177498170494,0.070765762775936,0.050897336152073466,-0.05289319702482579,0.0322855209033103,0.0707393343723052
1200,-0.06281226407665906,0.06157754150658515,-0.14688365679163828,-0.07545097007834989,-0.10131522166624168,0.09251091786812127,-0.10833587019009615,0.06821860855809783,0.048656062553632695,-0.056513670172646684,0.03126834780098397,0.07111470479214674
1201,-0.05819864738446661,0.06223966778276261,-0.15035178167159627,-0.0787557085459015,-0.1013403626403933,0.09251102559201156,-0.1105284956494901,0.06243832894178814,0.04577362678926984,-0.05732102300063866,0.02763426902950894,0.0684365514343887
1202,-0.053093551984815045,0.06681552243782282,-0.15205927417863607,-0.08059279954892337,-0.10129348698972605,0.09251101319482985,-0.10960065001796945,0.0615875369098155,0.04015159705456065,-0.061899170871703074,0.026341401131766067,0.06265172721156813
1203,-0.048932522330828114,0.0671549103071774,-0.15163242668734012,-0.08033066829626753,-0.10116456761819526,0.09251102194456476,-0.11430935523251223,0.061674480847948174,0.039821098320022556,-0.062280038808923015,0.02655895172456292,0.06187424495123736
1204,-0.048125031032948906,0.07163340995970117,-0.15656962738147953,-0.08035642056454466,-0.09576266130357072,0.09251093152989281,-0.11463779606529799,0.06167800503898812,0.03977621541353845,-0.06636177152835723,0.0219653621341117,0.06194416346017561
1205,-0.042075686431279125,0.07278114624784462,-0.16084746200565755,-0.08034887293471542,-0.0924814950190533,0.09251148973283015,-0.12390055738407145,0.06167204024831576,0.040091704932850546,-0.06933657584194271,0.021199610832478163,0.06195143080504833
1206,-0.039937086167185415,0.0756614032741429,-0.16169701074115686,-0.08043017407544843,-0.09062195447292859,0.09250875451200757,-0.12401770495748723,0.06167636847805599,0.03809040822190058,-0.07572575965979969,0.017457646117202207,0.061945190496202694
1207,-0.040108814192551454,0.08067778628082449,-0.16720946401393977,-0.0799621628692019,-0.08769789993964021,0.09252014934205667,-0.1296612901446794,0.06166523952971466,0.035417952860641005,-0.07780348250368266,0.015968115835977528,0.06194740992654386
1208,-0.04049812248469438,0.08870113904943172,-0.1726842645952184,-0.0828574437452584,-0.08818455167247051,0.09248018169090666,-0.13500217566133682,0.06170782978699662,0.032504697983376324,-0.08009022014704102,0.009923709649078708,0.061946664183507964
1209,-0.03579768009924057,0.08942003708870651,-0.17402048026004835,-0.08512664732811266,-0.08808882840504229,0.09258495901083758,-0.1364698180800086,0.06156667170010229,0.030751979917295558,-0.07920686475935587,0.008723186754135142,0.06194739622437325
1210,-0.035776575984421896,0.0892241129584802,-0.17761615209516177,-0.08477710666384515,-0.08811136200083729,0.09252226963830788,-0.13991561772425468,0.061886143879393604,0.030995302840992903,-0.08854031039291525,0.008823247114513249,0.06194552642216533
1211,-0.0356846838248639,0.09423387608686368,-0.18303679641104784,-0.08482260907360487,-0.08819341395780983,0.09720571492711345,-0.14526485110720413,0.05716073255352515,0.03097546740974569,-0.09776313969810052,0.008763648506918279,0.061948726105472925
1212,-0.03572356441258844,0.09939283002145669,-0.1779649515560333,-0.08480906286625303,-0.08724392139403174,0.09679832500699831,-0.14533633619352557,0.05739518558328465,0.030974768554907446,-0.09724438421362035,0.0034264966576429625,0.06196057907373149
1213,-0.035711737686686694,0.10307093207474347,-0.17307917769879275,-0.08496569095012782,-0.08322664894789145,0.09695793136285927,-0.14539487573008014,0.057004896393269326,0.030951816384897354,-0.09699920940803622,-4.959472669461159e-05,0.061799130224591804
1214,-0.03571549698466592,0.10254901593751478,-0.16785759477957435,-0.08374110654926438,-0.08382058045726336,0.09687333169981273,-0.14536806854226048,0.058833477691396886,0.031089215490864977,-0.0997610697907529,-0.0017570023234584628,0.0630439230062864
1215,-0.0357117976800143,0.10282871655730727,-0.16334028534021502,-0.07764078080554666,-0.08367439651252827,0.09705379790488593,-0.14537549272087255,0.06414705681482326,0.03046873787842312,-0.10160234509134732,-0.004895748339886907,0.06893697530139622
1216,-0.03572061093122721,0.10223823468305543,-0.15498736307188168,-0.07613838299420071,-0.08370533624272608,0.09647827373515543,-0.14537664783349477,0.06944773682326064,0.034304816440906466,-0.10539602537233969,-0.004180693492460072,0.07107356559210652
1217,-0.035709771654194485,0.10672009005265261,-0.14780371332962816,-0.0723362560159505,-0.08369920421115108,0.10106059806488908,-0.1453658637228588,0.07070828661751281,0.03518708944110086,-0.10605360708203078,-0.0048983535528845604,0.07071816039610128
1218,-0.035621487641472535,0.10713990247399753,-0.14725822969208802,-0.07158932962815541,-0.08370033479431511,0.10138378237757675,-0.14539464528312618,0.07035927670364785,0.03969783627743056,-0.11070212871407595,-4.362932155781325e-06,0.07087482603760674
1219,-0.03660490247087856,0.1071557047108272,-0.14230565503716727,-0.06692614930074202,-0.0837152502981002,0.1061180340201683,-0.1453846884829669,0.07509152974369825,0.039958066865810535,-0.11052760238130438,0.001082038285693358,0.07083350882579532
1220,-0.04051317301923952,0.10719947817934883,-0.1238462252790465,-0.0670550398181145,-0.08358401723579435,0.10530669407028043,-0.1448526932666828,0.07477059090607822,0.04553189755028925,-0.11063348323954338,0.018778846175718386,0.07552343305575357
1221,-0.04124381949026497,0.10678452914608351,-0.1243488320217331,-0.06692895346121386,-0.08434545932332349,0.10761928072799973,-0.14068976089435137,0.07501133691582162,0.04866161498823095,-0.11072104897919358,0.021071793840960543,0.07517276154331407
1222,-0.05088971070758887,0.10942100926234626,-0.1190868006533629,-0.06697616781343733,-0.0795102735539381,0.11007927517297252,-0.13988059394269545,0.07445225267209957,0.05075917702061568,-0.11012598238660266,0.03471810006640965,0.0748666036525672
1223,-0.053088273733762674,0.1121684932337051,-0.10888910842263042,-0.06695311733887993,-0.07138171411984325,0.11312796592804374,-0.13161878827836485,0.07764504424927426,0.053139156761469596,-0.11382815078676918,0.03579003528512643,0.07766682361404686
1224,-0.06153700575857776,0.10874294336492368,-0.09584421722758486,-0.06699801639099853,-0.06998341811837111,0.1147106954770412,-0.10373505604943437,0.07955209111158802,0.05600043912634951,-0.11484698594314935,0.059023686154304034,0.07992307374362449
1225,-0.06248162690626256,0.09875013637018909,-0.08962960823148756,-0.06686574816247777,-0.0745983743766159,0.11456865809971215,-0.0963648330586113,0.07924317076876299,0.06162366101949185,-0.11921786007828016,0.08235052284581297,0.07969826387092255
1226,-0.06725554848306552,0.09825826050109146,-0.08934038886444437,-0.06710691858550397,-0.07486591472072399,0.11469871620471421,-0.0927503051272044,0.07929643369198298,0.061947846186639094,-0.11942979454027766,0.09291551684272437,0.079505244825859
1227,-0.06683421761523999,0.09817132960523943,-0.08429156591445455,-0.06229492641864937,-0.0749132801019427,0.11929283574615439,-0.09257947604420462,0.07972951433689114,0.06199143119632239,-0.11949599594313141,0.0932533072357718,0.08425796216392974
1228,-0.06700456119199806,0.09822980210013153,-0.07996007450733368,-0.06280316155787696,-0.07488131305592137,0.11889749709802543,-0.09247231437279312,0.08413915919484553,0.06169926251840986,-0.11946517285720944,0.09782363737487249,0.08396454325139673
1229,-0.06695163512130202,0.09820997957946916,-0.08105012032596991,-0.061055415501357506,-0.0748927557436482,0.11857184509281866,-0.09252347561047058,0.08354737857956618,0.06356071047294277,-0.11944244069845181,0.09720556914538353,0.08410786690939344
1230,-0.06697688568515416,0.09821529293738024,-0.07640164278054963,-0.05758586507285217,-0.07488692984357645,0.12148091200484996,-0.09250794205920825,0.08385091594110215,0.06693500926901139,-0.11959440964351613,0.09737695693832255,0.08404762430938958
1231,-0.06692819110989556,0.09821409852174119,-0.06790557080943616,-0.05812689144067843,-0.07489891889354179,0.12364114543768034,-0.09251106495615966,0.08322810786563517,0.06577425495877963,-0.11900692977601661,0.09734701041830335,0.08413200087091155
1232,-0.06705488386687794,0.09821427672363288,-0.06662840163526691,-0.05804299773039431,-0.07486320667138034,0.12330429123420424,-0.0925131166451304,0.0872783958281909,0.07010602953774203,-0.12325987599125564,0.09731807358189264,0.08386783624325647
1233,-0.06692934794846038,0.0982143460183389,-0.06748925800790044,-0.05797818182514051,-0.07493162362856781,0.12335086348031103,-0.09250566966450521,0.0882202726056428,0.07066213354127145,-0.1239340750016959,0.09740017078569982,0.08750702962246254
1234,-0.07151858683574379,0.09821459225232455,-0.05792718438187674,-0.05802135774638048,-0.07509559421065327,0.1233486616649682,-0.09250972178413772,0.08820422927258491,0.07534619559748053,-0.12390753215647883,0.0974696743577165,0.09737590975548979
1235,-0.07290340602473686,0.09821051645982279,-0.058492926742879654,-0.05287788215814505,-0.0796748494641581,0.12335120737765078,-0.09263424031982882,0.09350619654176341,0.07500396654068174,-0.12388629637994844,0.10217206921614329,0.09720494829817926
1236,-0.08297971603477117,0.0982383987530422,-0.05564804541237072,-0.0479727164992118,-0.07914793121430042,0.12332505423071974,-0.09146242484687103,0.09696699654733806,0.07618019120089263,-0.12389624484320837,0.10129206156454616,0.09740047046857658
1237,-0.08457653943251323,0.09809350535394286,-0.0486377572861296,-0.042523284934974724,-0.07943942398759274,0.12346201444363028,-0.08760441377755099,0.09867544475687086,0.08194300247336452,-0.12389312638465415,0.10400128223928438,0.09732929672957626
1238,-0.08763309259221247,0.0987264133982528,-0.04650841207199598,-0.039844066250106766,-0.07881672313934145,0.1228702128752183,-0.08765805648920882,0.10177938596236498,0.08450423346256236,-0.12389412353612676,0.10515766276770283,0.097348860575152
1239,-0.08950940892374305,0.09477589803134233,-0.04556894222737026,-0.04024524082597557,-0.08256622131826397,0.126675234131201,-0.07104477916763285,0.10111631093433843,0.08351783250165258,-0.12389315688292822,0.11583506587225219,0.09734455196930626
1240,-0.08932933848730626,0.09393906598697642,-0.03376821863141488,-0.04016875327532452,-0.08385087190304374,0.1278446084115539,-0.06543612837747813,0.10168459027330101,0.0879786111171311,-0.1238954724029182,0.11970244502397735,0.09734472872938436
1241,-0.08927073848257752,0.0893857547027978,-0.02677733084774309,-0.04017854254185587,-0.0836883281031095,0.12778368873513565,-0.06608461391055076,0.09704767273209663,0.08841560871760677,-0.12389252272758643,0.12361718579090475,0.09734593694884797
1242,-0.0940633737668869,0.08935666831567216,-0.026550295464052322,-0.04017456057060785,-0.0836179696634191,0.1284217044112981,-0.06585361427971423,0.09697137018094809,0.09313696664197514,-0.12386988884016395,0.1341199090919133,0.09734927339694133
1243,-0.09331161279580226,0.08921179329443941,-0.021936267919209346,-0.04022944151520712,-0.08449423304827688,0.1373911283072851,-0.06150113360177198,0.09688779912212223,0.0928636661545375,-0.12411198721035074,0.15271707821410413,0.09729483928228701
1244,-0.09606977801731705,0.08954562207509825,-0.011906659376355506,-0.039854632304231495,-0.08888702920857867,0.13630929250678228,-0.050020013318038056,0.09692533370037215,0.09260123547888778,-0.12240796078388874,0.154607112518291,0.09766473388572579
1245,-0.10857616163878833,0.08757696181186796,0.0017003743816350631,-0.042243625776782034,-0.0860048682014448,0.13662848134463706,-0.03358947677004225,0.09691397679371204,0.09512163961932561,-0.11901828388131859,0.1572029143318168,0.09530581860887093
1246,-0.10876334971257404,0.0816124700264157,0.0008319404818879067,-0.04502338483264428,-0.08278662333805423,0.1365498493782341,-0.031547430639063824,0.09691680732032346,0.09725086475934673,-0.11956689390977594,0.1760696670958856,0.09251205824814036
1247,-0.11036538230494591,0.08022341328944967,0.015493795206070679,-0.0445721084849414,-0.08752137904644458,0.1365664683771346,-0.016198684923225067,0.09691620545642411,0.10066371224218261,-0.11945094425371613,0.1805429532567106,0.09309806911170816
1248,-0.11160765891708331,0.08026382345844911,0.014260928624119491,-0.04465707451351545,-0.08446567943353198,0.1365633543638562,-0.008822152411785767,0.09691631849584542,0.10197667966683499,-0.11947267051838233,0.2001064247220276,0.0926405029795974
1249,-0.12053571428571429,0.08482142857142858,0.02232142857142857,-0.044642857142857144,-0.08370044052863436,0.13656387665198239,-0.013215859030837005,0.09691629955947137,0.10176991150442478,-0.11946902654867256,0.21238938053097345,0.10176991150442478
