,I,aVR,V1,V4,II,aVL,V2,V5,III,aVF,V3,V6
0,-0.006224066390041493,0.002074688796680498,0.07053941908713693,0.07053941908713693,0.025210084033613446,0.0,0.037815126050420166,0.037815126050420166,0.0425531914893617,-0.00851063829787234,0.04042553191489362,0.027659574468085105
1,-0.004096834823627886,0.004206824764594704,0.07993700297811929,0.07903886436841959,0.025210143403645482,0.003665871784935608,0.04273979891891972,0.03781424431479705,0.038063010294550115,-0.00854092954538097,0.03746658987460282,0.02916089687180392
2,-0.004172086102112192,0.00410273762312569,0.08807934922451353,0.07879940145607961,0.025209792482789522,0.00044861227858350634,0.04607012021485086,0.03781946169913997,0.03900261313063471,-0.008362610380347966,0.02816236634804303,0.02604746321337815
3,-0.0041421945348308654,0.004288927901672122,0.09417216881871439,0.07857713291032375,0.025211686829924633,0.004765368773382812,0.04911731023693813,0.03779132678087169,0.0438985109176818,-0.009473446492612989,0.026197495175119132,0.030341154420467746
4,-0.004151417574340355,0.0035066969133258513,0.10039745239256431,0.08055854480777484,0.025202437881283537,0.004024696888531907,0.0677589974232184,0.037928266673809385,0.049150525807327074,-0.015006366786592265,0.019758419799567033,0.029672139722630636
5,-0.004148472496488741,0.00816406805266939,0.11513485105282971,0.08338665277565763,0.025242223261146685,0.00436235208463514,0.07904066374196488,0.03734247586175763,0.05045819135144802,-0.01731663505513611,-0.0023693419274632083,0.02969747552945662
6,-0.004151166151963534,0.015929900052692233,0.13047405670055273,0.08290167818348246,0.02509117206307195,0.003724447723173394,0.08407475307812588,0.04093494916832481,0.05688012963253117,-0.016962480539783175,-0.012988244776738694,0.030220835349248243
7,-0.004143630604450198,0.01640615098918447,0.14273281857428946,0.08300352982223337,0.02557871501747583,0.007751344989955627,0.10658364320229391,0.041921974612629295,0.0595121984589759,-0.01701763736537431,-0.034557872001290964,0.026134259218724414
8,-0.004164954873986155,0.01995376794642678,0.14914667385217928,0.08298524383239492,0.021283831943611907,0.008308823153070495,0.11329167592609819,0.04579583501968278,0.06360898760113083,-0.017059396117542973,-0.04149001267613272,0.02548846228469312
9,-0.004129390424272138,0.02481388884273879,0.15353710064711387,0.08298769529325212,0.021023079802903553,0.012682092886013924,0.12253226620860089,0.05050286006520169,0.059673484721947424,-0.0169848280264195,-0.0637263921417869,0.025534220378114175
10,-0.004010585179095015,0.0248837319543626,0.16294329731043786,0.08298771398690487,0.021019121369779112,0.017395613935839684,0.13201548072281713,0.050090059036331,0.0596219701901809,-0.021906798227269417,-0.0785380971282497,0.02538100654571448
11,0.0008938848260074642,0.02472895951069782,0.17076294919325405,0.08298650711996208,0.020790446464904033,0.02146559234936517,0.1399965915059415,0.0524807562033263,0.059718666563901616,-0.030935739073314473,-0.10054240477302247,0.0266591141239665
12,0.004469564566116408,0.026143756127035015,0.1696422329312661,0.082993824341857,0.022440040689121494,0.019993532985632414,0.14658359349407812,0.05937771201299185,0.058394791736554576,-0.03514401047294496,-0.12059155762352364,0.030199889749985036
13,0.003998060772357167,0.02804885854521619,0.17198436943031056,0.08295581613724846,0.025642763835726935,0.013325790154762958,0.15220646636939683,0.06069339387251016,0.0551532543861268,-0.040308829222068944,-0.15428452245989754,0.029872818876172855
14,0.004457671580988093,0.024065999482082184,0.1746547870416164,0.08312894889090243,0.025112199001541317,0.0027526987375128585,0.149021318859008,0.0634222351256279,0.05355829347756356,-0.043024791722259224,-0.168973712289484,0.029052692074464453
15,0.0021046277337962386,0.02709584831806764,0.17416479250079403,0.0824229494158015,0.02522933353035255,-0.00042597744529810407,0.14013142035253878,0.0629502294363816,0.048409998617070654,-0.041899998134734426,-0.18120398208848282,0.03608340089333523
16,-0.003542060228275693,0.03242520514444698,0.17438915511198438,0.08650971630363756,0.02520703866239641,6.633294120353021e-05,0.13503367212806283,0.06303603729924516,0.04341748978005149,-0.04623886404244148,-0.21218464715333807,0.04263593704006545
17,-0.0035801412061523025,0.03305111631940976,0.17403748227023966,0.08375118452922733,0.025210357916676678,-1.2642932599926313e-08,0.12594515234905204,0.06302467864995989,0.04235158640628497,-0.043241300851200794,-0.25214880749759555,0.03829560327298899
18,-0.011923935879360003,0.03692071739419266,0.17843144089363996,0.08287632505210711,0.025210127190064758,1.215679638119323e-05,0.11927648819706448,0.063026087345852,0.04269575717319341,-0.04249976356031768,-0.27215884696607007,0.03827541865893531
19,-0.01239896515359503,0.041569994728521416,0.17838289923179163,0.08287071623215045,0.025210039208753948,-0.0002443571547753933,0.09878445835616634,0.06301332387134188,0.038168145180675614,-0.04254390662854713,-0.2961747631812138,0.039122269569207516
20,-0.012896876704179798,0.046572838992020416,0.1782522570082045,0.07856203658104459,0.025210185355007634,0.0018674604202666486,0.09063001984098579,0.06309979377816566,0.03838543386968095,-0.042527748906859134,-0.33100825109952586,0.0430196774682161
21,-0.016989629903497203,0.055492527072376605,0.17969871052891428,0.07888059498471876,0.025209608363679817,0.009382397405260012,0.07754560526981949,0.062650508356504,0.03825133747984389,-0.04276789051056113,-0.3640865381269343,0.04243477819311191
22,-0.01640044175220491,0.058240410709923106,0.18303136893461897,0.07914586275456095,0.02521222220815459,0.007834779474764984,0.06538721366661804,0.06530923979420855,0.0383919521527711,-0.041191201001409106,-0.3831440264527881,0.042571808237740635
23,-0.017018170134654616,0.058419807278216024,0.18238745055175054,0.07685390127945625,0.02520153769796315,0.010725341219374164,0.05246333307635212,0.06753435030301483,0.03790784170522785,-0.03666707388825585,-0.4056185294555021,0.04257880686496711
24,-0.014234089854271291,0.055753221297805355,0.18290141513195832,0.07463189883760804,0.025239806173963552,0.01545703603405214,0.03937281409524567,0.067199424121028,0.04076506622527116,-0.02849483876524446,-0.42431255450863786,0.04246464308163062
25,-0.012180295994784957,0.05365521931714762,0.17960250107786277,0.07227812371290726,0.02512782496110666,0.020763577962127293,0.025628231119614354,0.06716591116741855,0.043302433058585346,-0.02385704197273921,-0.4643411629015887,0.04269080625038895
26,-0.012391660276256898,0.05393309609898969,0.17440450131993665,0.06684019813418393,0.02531651551642589,0.017202621708676914,-0.005898029649709916,0.06723325555629926,0.03880886306864749,-0.006275928669684414,-0.49020105739594677,0.0381396180974764
27,-0.012719298120217363,0.05409545216079906,0.17425337830152177,0.06651111930230234,0.02082983156285096,0.012558806009514992,-0.016245225795331594,0.06278554392126048,0.038440413951318246,-0.005048134994134125,-0.527340047553976,0.0385459796110256
28,-0.008337377459741738,0.04990990661768099,0.16519706407709842,0.062221855049967426,0.021261334349239682,0.012181476272467054,-0.03850908463735213,0.06308616010486916,0.033990202659464175,0.026440235411729962,-0.5332395297911725,0.03714659244433071
29,-0.008107217032906903,0.040589879993274236,0.16088784775396167,0.05758098103736708,0.019859442234765698,0.007509906771220183,-0.055140778504066956,0.06324336231261656,0.03367716678694196,0.04679591236625693,-0.5618944489935502,0.03357021205666042
30,-0.003589009321534162,0.032939037030273406,0.15693631003826838,0.0535868966440371,0.01636456878064413,0.00044325707062507546,-0.07852140972165665,0.061431395910957386,0.029394767418197583,0.05323696563023701,-0.5805271658591763,0.03426017333884971
31,-0.005467931091401502,0.031434172689215806,0.14754578991656217,0.05432254186613883,0.016914128961634533,-0.002865048908924947,-0.1096900973821596,0.056418299999216805,0.02966615453085285,0.08707104732700176,-0.5925620724744195,0.03359605834405332
32,-0.008349520606519592,0.02187721447901232,0.14068367700468176,0.052203937870641225,0.016784253217434607,0.0005129791160208913,-0.12847430649160346,0.0514169450392018,0.03134763810806947,0.11678590809200672,-0.6092862739710158,0.03734770815985033
33,-0.010344895444023663,0.00918937414162129,0.13626413201806167,0.04925379750037105,0.01680888611784701,-8.265971282290531e-05,-0.1455548757746055,0.05021274665949783,0.03657188893739148,0.13677759571447956,-0.6256701036501956,0.03864969279021016
34,-0.01279263687091269,0.003811043597944653,0.1258951623323526,0.050450968840141296,0.016811415631422258,-3.085237307430853e-05,-0.17819673865791094,0.0505665804118978,0.0410498435601172,0.17493156846174637,-0.6285827237081058,0.03403863634080374
35,-0.012434031715657578,-0.024003246142011193,0.1206366785606263,0.04606706566404892,0.01680298378471473,6.287415463854566e-05,-0.2041327567157891,0.0460270054856481,0.04621226248468189,0.20325388279018725,-0.6331622135241908,0.034079937249881544
36,-0.012299543234034736,-0.04524373841203301,0.11613362839069209,0.04932984477452886,0.01673290700129575,-0.004681362016969223,-0.22988315390968464,0.04188798301836171,0.046833892415970205,0.21882651710945894,-0.6424524168619871,0.034230990481308315
37,-0.012710710553630301,-0.04892404611617486,0.10751843597849756,0.04972917864668519,0.01751262595263642,-0.013788822410312115,-0.27077442339910857,0.041363487039390676,0.046809925500499755,0.24678440481433053,-0.6426827586394608,0.03264518812982289
38,-0.0038534382615168137,-0.08049733722059615,0.10740813233953535,0.05395525647920196,0.021536004117514225,-0.017138382686179322,-0.29636586816271115,0.035823572297866965,0.041947661405431796,0.28465400155597426,-0.6404033361356162,0.02934454411936507
39,0.0010072937587642427,-0.1161746089459386,0.1022537739860173,0.04884416594258546,0.02047807142555186,-0.027526468304823835,-0.30865298525061396,0.033307216967724616,0.03821633795147489,0.31405286997232656,-0.6291001398091939,0.029889983983328365
40,0.009999399279892284,-0.1441382086973381,0.09736241615723537,0.04456559473537383,0.02349239266902843,-0.04208161061065225,-0.33277093736913477,0.03368828744053478,0.03710678194642106,0.32039069404803944,-0.626231892444481,0.029757255081601687
41,0.012687704249449986,-0.19620782514994534,0.09546762996858393,0.03945000201454218,0.025063089236461698,-0.05722530610983811,-0.35992504824088295,0.03357408242800701,0.03367702863642416,0.33800951440602944,-0.6224418430901617,0.02982073111591152
42,0.012311490558544675,-0.23498907699646662,0.09295455191422812,0.03744226642191332,0.028561654937442067,-0.06648917475215403,-0.37416753561145627,0.0336888155602414,0.03368106976278307,0.3625226274731422,-0.6078315519557917,0.029740423465797004
43,0.012788298005078146,-0.2813693606836715,0.08790822729643234,0.0347874142417695,0.029509151803705207,-0.07424339529566013,-0.4012173247184031,0.03352142512513348,0.03700007370548448,0.36368840534298763,-0.593572674431545,0.02956074961591783
44,0.009908622278689164,-0.3394494896139519,0.08357560165743294,0.03293903056384102,0.02941214028982739,-0.08373317453795505,-0.40989589773230695,0.03808503595203905,0.03812149687488323,0.33416239276784615,-0.5740742095206516,0.02577032715244427
45,0.004711105654432292,-0.3811338980547865,0.07460951799421633,0.03321279848202553,0.029430474491875528,-0.09273235182593521,-0.4253930623211939,0.036603649822679135,0.042060815458653256,0.30838743298383325,-0.5490316044361333,0.030542854656978338
46,0.004030650030578768,-0.45975696836435687,0.06597600928340114,0.03323276328274197,0.029224128650789147,-0.092268778166998,-0.43668906523972395,0.0273857883917273,0.042589671860271926,0.23935594882247746,-0.5465312164655255,0.028322160436074266
47,0.004136221621909079,-0.48562685801109073,0.06678134142657628,0.03331651522831486,0.03065609619103093,-0.08339766842683238,-0.44903428689721786,0.025165635761716577,0.04274222036855435,0.21175854783771664,-0.4962274556888286,0.022816682566417522
48,-0.00025997055765247356,-0.5398474028991591,0.0648667980769561,0.037606706698666545,0.034480451535006604,-0.06851006128037461,-0.4578647766707286,0.023866003468710074,0.04785533891966335,0.21752864454127807,-0.48803681139819677,0.021247054551742674
49,0.00029102121289668675,-0.5710399540341776,0.06259909916336509,0.037480495945279996,0.030939539122162484,-0.06327543660996242,-0.4573627032467635,0.015013498534878116,0.051105120430104185,0.23113328300411803,-0.4734847279979751,0.018698974738229283
50,-0.0012596219863055395,-0.5964643468368382,0.05756114365517966,0.0358732514788634,0.029588572455873523,-0.03375670010423166,-0.4662309641365977,0.01224141331286252,0.052676906660849517,-0.11104289379091231,-0.44453603222704147,0.009163234045743186
51,-0.00458263708723067,-0.6130176080480252,0.05333057947617554,0.03315891440838502,0.025952038963580636,0.0055816150720881625,-0.461426221714868,0.012651282285031377,0.05552099189387795,-0.09671020618691738,-0.41130779167482934,0.008515350745353043
52,-0.004045075663176482,-0.6091130836213322,0.05407237157468959,0.030837924847917385,0.025139109535935726,0.07433134376857875,-0.45269131206582486,0.012604614419076008,0.056175926440156405,-0.11004952274499832,-0.3970587213296824,0.008092726032519773
53,-0.0041718355708889494,-0.5852102699303227,0.053869872877418117,0.028734625315218955,0.025211564394791226,0.15037364146589968,-0.44796931417875163,0.012602905203379517,0.04872686685348777,-0.17507486532400612,-0.354482814723523,0.0038637062396114034
54,-0.004145223201314407,-0.557239561900453,0.053915857232396815,0.029124020269407084,0.02506615602361268,0.20307731913251706,-0.44522472201971136,0.0126059668641757,0.04688480563409976,-0.28812841463119493,-0.33225195453274414,0.0043800624701980095
55,-0.004149879581048596,-0.5191035984738617,0.049543524219517646,0.02898071756098734,0.026355414183754977,0.27743314252472817,-0.42771614444085,0.012604755624051221,0.04267681433385487,-0.299232860139865,-0.3127674569602591,0.004195182008169623
56,-0.00414946572977294,-0.4788512501651347,0.04985728873793666,0.029024066033352183,0.02841947908700687,0.33765490016041766,-0.4056020580228575,0.012605117200736924,0.0423243441214161,-0.2759222225230627,-0.2812733049460737,0.0043844438995846
57,-0.004150407934212393,-0.4293210362907035,0.049980474516613194,0.02465774278939227,0.024663277339544785,0.4629919272589158,-0.3980108726696872,0.012605024653804201,0.03282852082435013,-0.27265055140682715,-0.2697326691557974,0.0038163513467292212
58,-0.004138507264980795,-0.3936371398622097,0.04836747996275414,0.024945654476594716,0.025333615721385403,0.5647285064572618,-0.37160705810996814,0.012605045509328911,0.029616603961345068,-0.2616145994615993,-0.23796272436121682,0.007915684671121461
59,-0.0042172418393303735,-0.3325960321866119,0.04274887839974687,0.025160877622621265,0.02518532075066298,0.617196798117587,-0.3521654858260711,0.012605041444780151,0.029749203572674052,-0.23958756322100055,-0.20286034820390192,0.008557353337440558
60,-0.003803678160179081,-0.2967336838681962,0.041712666519347734,0.02313779380343048,0.025215601241874087,0.7090847422388975,-0.32394197581336115,0.012605042072711228,0.03019334264277886,-0.21771108205202463,-0.19559388817882656,0.008534425509589723
61,-0.006202600918181743,-0.23392864678600642,0.03813820310491083,0.020352454547162304,0.025206847561159516,0.7233820407433276,-0.3099479098793183,0.012605042017719404,0.02719566858868188,-0.19501190709886948,-0.1795916060218228,0.008345485560370552
62,-0.008650608538775407,-0.17679879042787008,0.0372004846659826,0.020830967474074407,0.025200152052964792,0.802467110471996,-0.2992270199585523,0.01260504209405997,0.025256393614239255,-0.19128710863333917,-0.15629552770326008,0.00964488193687627
63,-0.008230857930777031,-0.13405119567264626,0.03731215903262011,0.020731495913957898,0.025347716193237942,0.8037792603133684,-0.279870386229031,0.01260504144028007,0.025577314186417566,-0.17337123612637564,-0.13668656219472824,0.013221345939427554
64,-0.008303778693416117,-0.10502437638984749,0.03294281073076844,0.020748943690469694,0.024205062837851326,0.7216541355865778,-0.2716989967269768,0.012605045113507652,0.025527357214204828,-0.15832718335549534,-0.12736911124621114,0.012656293088008821
65,-0.008310171103347481,-0.06453899888079218,0.03329763248674557,0.02074687709714197,0.020461660251946567,0.6896561739290469,-0.2417602264897184,0.012605027835698352,0.025531945056525816,-0.14879342315429764,-0.11475735614246939,0.012789016091244939
66,-0.008318900484090898,-0.040579003968122244,0.03316333771933946,0.020748025908196504,0.021544977298726422,0.6488857299267298,-0.22407784819845464,0.012605099177706235,0.02552409489367972,-0.1439462067758071,-0.08249517775843458,0.012761908541967152
67,-0.007878614118852528,0.009817381401760196,0.03320523771765806,0.02073544843349351,0.018304724900901584,0.6001304530602409,-0.2060142331967411,0.012604842043081143,0.025590750532818823,-0.13300006709839757,-0.06849742267453808,0.012766459008968757
68,-0.0036916434671895046,0.03618087220313415,0.033184625908239215,0.0208165271790375,0.01656793567896432,0.5359289096086751,-0.18730940578387512,0.012605598128172553,0.025210251370322453,-0.12087030208377936,-0.06002622756071414,0.012765961438132741
69,-0.004602465703308572,0.054595734767856105,0.033226904444340025,0.020397791303592334,0.016841659887855805,0.436972489196893,-0.16760010566687888,0.012604317935879359,0.027448712284718364,-0.11862491650846348,-0.0470323496810264,0.012765797878071243
70,-0.0021642229993792264,0.08484659027834736,0.033096054017424464,0.02283980730479095,0.016804631577000677,0.36073126574128495,-0.1445811702368342,0.012599946718582786,0.03017313957322472,-0.10502649248633311,-0.036815625537576044,0.012767027133642304
71,-6.474925254913082e-05,0.09389920392307463,0.033411738287097564,0.025359232760967666,0.01680696860005322,0.3228567242040469,-0.1287209108652709,0.012660556503337951,0.02971488995856418,-0.09423468102936523,-0.019686468041559192,0.012759993624453575
72,0.0028015709711039657,0.11984265765994896,0.029012688400602362,0.0244024407668643,0.016795510381860865,0.26818821184214503,-0.11187667630992759,0.012256580557889462,0.02977550323964667,-0.09005609622128491,-0.0047565832382264256,0.012794081447045379
73,0.004362916111137745,0.1329133797127352,0.029115300301949042,0.028524148254009573,0.01687950479149538,0.21994290597631655,-0.09602666148198682,0.014669693808580882,0.029845938566719417,-0.08946591749360304,0.00439149671405872,0.012650003049629993
74,0.004122309497922521,0.13650761926047061,0.02901750775481314,0.029050452543841226,0.016438392224105793,0.15509095485934474,-0.08149721563819261,0.014922479940038142,0.029783227679592433,-0.08511409068565652,0.005205591836715035,0.013180623116141014
75,0.004149460159040287,0.13692523009087684,0.02905419850450783,0.028912415105677908,0.019040812939778995,0.14289433453829634,-0.07581759785078046,0.012320401967154768,0.03436415756744333,-0.08032024393073772,0.014560702953332137,0.009167427079300303
76,0.00413059490749634,0.13646368136071432,0.029043395170594417,0.024717705822981703,0.021334161726346425,0.1029274718537256,-0.0662261822694492,0.012276846260659263,0.03320862743505766,-0.07649388198386738,0.01854228667837787,0.00836756291244611
77,0.004322398504113036,0.12718691813978847,0.029046206378698498,0.024060838641781122,0.020949141267666744,0.07016881491122587,-0.04816406905092014,0.016412265602149565,0.029185403692025647,-0.07535531151514338,0.023509254158589375,0.013087992004474238
78,0.0030070774277896704,0.12449987693302512,0.029045375617499838,0.020290797727661635,0.021016397986221895,0.05494071644158082,-0.03986739103490046,0.016810767364266246,0.030790476572121753,-0.07227673497754888,0.028023853399439528,0.01732693703871862
79,-0.00045190884814507164,0.12317415060127462,0.029046166254328376,0.020761552929838396,0.02100814359710727,0.02661273640177622,-0.028706048681981487,0.016739705169522917,0.024603466446637943,-0.07000503208688107,0.0333393414597129,0.016638318484457394
80,0.00013903040806864187,0.11808778842815365,0.029044544494025652,0.021162927471026508,0.021008129304989263,0.016382686486634896,-0.013435462683576604,0.01755068044985144,0.023747317937960203,-0.06822581834047907,0.03383631690054303,0.018852044949571954
81,-0.00014126657495737362,0.11357820810105447,0.029044899816161627,0.017765374453988046,0.021008354321878076,-0.00693491460641255,-0.004984721445507687,0.021686359908239153,0.025016323441551504,-0.06468000982902715,0.03813541628993949,0.02123178922201097
82,0.0004106200054079922,0.1091020347311407,0.029073384440470515,0.016419798342267502,0.02100946485026397,-0.01826238319010163,-0.0015162090951165441,0.01940608537986281,0.03319668123669383,-0.06399018536315755,0.038221654373991804,0.024092540957470678
83,-0.003593043727184159,0.1040965200058005,0.028836742664954854,0.01661785039620285,0.021003005291928143,-0.022470062864518508,0.011073966642026017,0.01404124620012452,0.03399227044384962,-0.059662333983202365,0.03875665135894623,0.025678416476090152
84,-0.0042311791292074675,0.10379743588807154,0.03038016921378182,0.016597942639716683,0.021031596468787196,-0.027179782861866515,0.025299126066400144,0.01227104829601838,0.038238258144813526,-0.05962800737966532,0.04401718303617318,0.025686971029625173
85,-0.0043219724940900565,0.09930863789414238,0.03365691701274227,0.016603254736919437,0.020920647755657985,-0.03226375886889378,0.025977501646363896,0.013004096066726865,0.033883871567538,-0.059547037810352726,0.04724030757505906,0.02125477657817576
86,-0.008362656656336075,0.0952141389272444,0.03297607082105855,0.016544443645194674,0.021290350066623852,-0.03382589720871432,0.03428041953348314,0.008658095993066606,0.032116789784813846,-0.05958369531337766,0.046303898323663405,0.01683029863065602
87,-0.0016546533405760633,0.09551459639067475,0.03365319046093918,0.016897178779021284,0.017386511653312824,-0.03357329856568668,0.03482797323562435,0.00842528692331301,0.023445849400422634,-0.05957139616827526,0.04948378990457356,0.017101267525982886
88,0.004579911275808355,0.09541433993837646,0.02975316286419043,0.014810726156316529,0.012595983939865786,-0.03362841401981692,0.03842551339480683,0.008349115562167496,0.017668695134730048,-0.05957744212108735,0.051429995985621195,0.016991108086502633
89,0.005837379274948881,0.09543395187814482,0.02896954193612767,0.012059845780880154,0.012630203544984626,-0.033652978823010944,0.03722055389862538,0.00864708594526381,0.006333386179112064,-0.05956505190092097,0.0506964355281831,0.017057140141896066
90,0.009054852636640728,0.09546553688976157,0.029042777086804833,0.012524631748457504,0.012778427421684524,-0.033041256162861875,0.04119063927554472,0.006909249712837091,0.006667331715822785,-0.059606793249975164,0.0551569973977651,0.016897429583249062
91,0.005586362648595122,0.09532198399001314,0.029048683954907655,0.012453681088092462,0.011343485244725962,-0.02925394700788562,0.04182218572353744,0.003776146766690931,0.012480615090055283,-0.05948274344978491,0.05528432163273227,0.01745900870931651
92,0.0007730236754697369,0.09579038331112406,0.02905881283202111,0.012397589530998012,0.007591558165259844,-0.02790167951700588,0.046161380459867334,0.004295970831115466,0.012686302226058559,-0.05971833841141559,0.055339328267803786,0.013352872105379865
93,-0.0036400642687627696,0.09159872192304816,0.02896219488052844,0.012489480538559547,0.010848780505866384,-0.025178580359402677,0.04644239054430674,0.004184366031760076,0.017278598568282816,-0.055220159662095786,0.05532953656744267,0.012723212725335123
94,-0.0082916574178764,0.091300841135401,0.029441477574558807,0.007851560193519241,0.01331088372102823,-0.02265865181664103,0.05087774578639775,0.004202285794827992,0.02189665984956575,-0.05501579027611946,0.05522535839521219,0.012755013084931382
95,-0.0038992092355791316,0.09085533627286822,0.026615812973566882,0.0039045036022178786,0.009049556095403472,-0.020739744116015344,0.049988245958555264,0.004204320260222283,0.026939418072107407,-0.04954190281416494,0.055752534981411556,0.012772634042454227
96,-0.0038518170019625404,0.0871565201697861,0.02461456153996709,0.004161883755943103,0.008339156956305162,-0.021048414097910834,0.05231867272237919,0.0042198804657898785,0.029810169356193253,-0.04682736792981916,0.052624442820441056,0.012763654395369263
97,0.002780053784592613,0.08474556133635358,0.024936767969210957,0.004484864175212177,0.008398885489251507,-0.02100611552997573,0.05499329300005586,0.003998109993832399,0.03171100316067237,-0.044834381326896815,0.050920304466863124,0.012766725804228402
98,0.01035612856153399,0.07795336214143327,0.024906871292896243,0.002012433023182736,0.008402424184781968,-0.021011382963164044,0.05454808873490154,0.0055996005226087294,0.03457036404389394,-0.0421984368901571,0.0507684474649956,0.012765195423636836
99,0.015262643679827204,0.07894038469915204,0.02490973080534506,-0.00034163665346497113,0.008445311089829169,-0.020964860273268802,0.05463356406499627,0.007171676632918096,0.03346589193042749,-0.04251184575990414,0.0551322409162309,0.012768340019212036
100,0.014509078113876299,0.07923668476876539,0.024459814929386772,7.546813477871966e-05,0.008166456630042633,-0.02128946168609597,0.05462079857325866,0.00371742441848764,0.03781738863974632,-0.04290112070761574,0.05528595056648502,0.012758301314333918
101,0.008935319432061788,0.07557080854285339,0.020563005293744975,-3.903233260185639e-05,0.009973424450144208,-0.01929630064204756,0.05462168735125119,0.0041902230186808,0.03801824189056414,-0.03855082410465642,0.05534518069906249,0.012783745753994748
102,0.00813990805684103,0.07457151746008048,0.019516840551539506,4.6815903349952856e-05,0.015673509076717038,-0.016818772673656213,0.05462196712897881,0.004582700880068342,0.046996163605385104,-0.03831023160421736,0.0552930238080099,0.012769457330888124
103,0.008388467772947987,0.07469534239670661,0.01610496770528445,0.00018266985611234301,0.016536900744243195,-0.014177005982520348,0.05462180703952677,0.00040123013828853756,0.05153597141538294,-0.03838903514795525,0.05541463361612293,0.012371241923735074
104,0.00403953835326297,0.07469325975443121,0.016825500903777612,0.003939460618041388,0.02047171256456319,-0.012322058202849014,0.05462185978786132,-7.012951155889327e-06,0.05636069300501926,-0.03744317397245391,0.054895659966309476,0.008103718549417152
105,0.003622705854431077,0.07467576924498781,0.01613074762060205,-0.0005066168030527053,0.020913183548477238,-0.012726219853502238,0.05462184899579369,-1.6666436089823784e-05,0.06116528827032469,-0.033499953813888726,0.05795353362506177,0.00863967596984992
106,-0.00040040478193413076,0.07475880428687554,0.020078741084133565,6.293562718200507e-05,0.025351999491016585,-0.012512725198010556,0.05462183728453103,6.427194060930738e-06,0.06523088377092663,-0.034556132254866194,0.05983963789289434,0.008448814665037505
107,-0.00015083047381440182,0.07433744671143619,0.0207652745207669,0.0003674526527820913,0.025011445579545107,-0.016926768734154697,0.05462188818736128,3.5548000456534168e-06,0.07354617100454108,-0.03160036759800381,0.05953206801204059,0.008642571596925896
108,0.0017313126824510762,0.07677347563535906,0.02069816920840871,-0.002489468203621182,0.026032622526404627,-0.017359432120388898,0.0546217557096965,-2.7733656334725203e-05,0.07622185531287792,-0.029338779966394668,0.05957893455391057,0.008063786488728898
109,0.006685769893750227,0.07915501153749123,0.01632236069819926,-0.004428690229240806,0.031380406326680675,-0.021557900358886828,0.05462183683050695,0.0001195360339472662,0.08348073910853065,-0.030329771794618383,0.05957679910051566,0.01220648615195838
110,0.011465311278300113,0.07888261440674886,0.016705894838204012,-0.004093997772479675,0.03412095339165064,-0.02048111702534705,0.05462382884666223,-0.00044314123170439913,0.08523361309786497,-0.025632710753111337,0.05954759446196379,0.012772760035333921
111,0.01290707493389762,0.07851377973510534,0.016564908178589806,-0.004173171348511955,0.03275690480465779,-0.02340847388935961,0.05460616751027029,0.003498345083412352,0.08511226951727771,-0.02977900800257534,0.059753450261015056,0.012585868888610593
112,0.008510026296804547,0.08276590382818604,0.01660597979008909,-0.004164272233763965,0.03966493790730503,-0.02508186596346047,0.054709949302539425,0.004272109155557891,0.08068751377698756,-0.029705965102229018,0.05840519762193297,0.008156191462091233
113,0.00833226132219139,0.08295907336876238,0.016595549023164013,-0.0036597597384158873,0.045935630916179276,-0.028453739496428695,0.05420773397712936,0.004206811848318289,0.0802526933572276,-0.029835464276555514,0.05287250345589123,0.008630933653302128
114,0.008037509989664945,0.08312451561672529,0.01659793623118467,-0.0004198864121644542,0.046278655519609746,-0.02958826924603738,0.057223811650843226,0.004195420416591498,0.07579716290154394,-0.029698376836757925,0.05062907158051347,0.008479234437342777
115,0.0022041333089728807,0.08210418486872258,0.01659735126151734,-0.004732734692285709,0.04661864508294558,-0.0293714623937903,0.05904777480709874,0.004208308079225799,0.07859121784488564,-0.030168046901105087,0.05171379618915311,0.008510134990598932
116,-0.006188207223352283,0.0783889563889428,0.016597711325900464,-0.0038971963930086524,0.05587889816173404,-0.034037749006212176,0.058871451484176794,0.0041768018464295835,0.08084384779666692,-0.02749944947365864,0.046964428813966404,0.008541689985745752
117,-0.008970148788297024,0.07898213797226832,0.01659771337183128,-0.004621956001514312,0.0596737042496728,-0.03881960903604444,0.05872098077339635,0.004313510944529974,0.08338787357829297,-0.025084519950252543,0.05100378483601768,0.008404567050153562
118,-0.005662248141101037,0.07869297529827896,0.01659203283990959,-0.0012955535194133388,0.06650660947467421,-0.04235373454707389,0.06320452131671331,0.003749135885477416,0.08796218291689534,-0.02600203071598229,0.046787179106745666,0.008756952033444303
119,-0.004567701119051096,0.07928465216724107,0.016637676332602932,0.0002047940240862445,0.07398895086175199,-0.04201613234357507,0.06292809279363487,0.007362461093179554,0.09684031680188476,-0.02172010536609682,0.0515111653969442,0.004240318826328062
120,0.0019720906908521412,0.07546164450668912,0.01637717704552047,-2.770252181580671e-05,0.07848090129001005,-0.0416301205902307,0.06305860664735378,0.008545515709492316,0.10201001098150762,-0.021254566351344286,0.05067019850811955,0.004328957837424722
121,0.0114855473598336,0.07459565708872848,0.018049380083342607,9.544095918770216e-07,0.08224663528323992,-0.04477414018639602,0.0630092391809805,0.00839373977692247,0.1065593201189648,-0.02126364893477141,0.05260798685457262,0.0042061555937746315
122,0.020691093389780507,0.07469004149407836,0.023807497981985948,1.0179812318611562e-06,0.09519176688826254,-0.04681214786344347,0.06305888863924956,0.00840407637834171,0.10612733534218938,-0.021283265133535297,0.05563527574453707,0.004376100904863036
123,0.02526023365328366,0.07467173161091559,0.024230660630933824,-4.70538317743682e-07,0.1008347332188813,-0.04235336424717838,0.06290600636318565,0.008362769997732935,0.10758239604674943,-0.02127437241693991,0.055669744997369514,0.00372629132664626
124,0.02986190113529818,0.0748662834050843,0.03178947118165775,5.8322485711737364e-08,0.10097484310941049,-0.04201566135457734,0.06339459511778439,0.008672003019485822,0.11083002364239124,-0.02127721652968554,0.052260226550852995,0.007314121052715312
125,0.034782994006291985,0.07351802710495695,0.033344450115602775,4.55442581455493e-07,0.10684072096046585,-0.04197599346478954,0.05909592762928652,0.006740278216436911,0.11223645692317977,-0.021276438627623573,0.05079050768220046,0.005602923516675822
126,0.03727594882664849,0.07012214941049265,0.03320777406950532,-2.1770495457671596e-06,0.11473300806640858,-0.042224092281419,0.058851347701475744,0.0037938638600991466,0.11814537594690272,-0.021276645117562887,0.0512780306564947,0.004089684783164086
127,0.0396840882326002,0.07052969050731625,0.033072588632873295,8.589716658727732e-06,0.1225084986782525,-0.04070922061639119,0.058663898930887186,0.0042879910440706635,0.11877616750674376,-0.02127653511130676,0.04675246571382752,0.004233982595580449
128,0.04092502578870885,0.0709771964583665,0.0340733468582631,-2.9712400231557812e-05,0.13607817028542585,-0.037379175600759006,0.05989008327899881,0.004188086052821039,0.1231685276555087,-0.021276750729270058,0.04642220933428605,0.004061918343954512
129,0.04790019983908384,0.06729859299625786,0.0377847289246985,8.355946691720008e-05,0.13909204099225933,-0.03789462732370718,0.06313205556734822,0.004198602801328245,0.11932707103433272,-0.021276351837432844,0.042062968692629064,-0.0003107830039399554
130,0.04984201556456485,0.0663943297978255,0.03724972575172538,-0.00012638097947604296,0.13839284294003235,-0.03788203397624243,0.06502742493109512,0.004203872464444991,0.11904352159303967,-0.021275614252448206,0.04292985722230407,-0.00013771990056680848
131,0.05365764328961631,0.06264457803849938,0.03728629575843366,0.0042802616237191836,0.14210991838898596,-0.03754163292325735,0.06770235159498442,0.0042858859072778905,0.11452795786511251,-0.021289301750475005,0.04093045529764117,0.0015843883002366686
132,0.058195180470707174,0.053747837649067494,0.037648485994310865,0.0040545277408344385,0.15130730979222468,-0.04149793579573834,0.06677272339386198,0.0034351937184528302,0.11513045040223921,-0.021192970898231342,0.035403858897041056,0.005105394252762846
133,0.05789419879829527,0.053653945052423,0.03425939821379205,0.004248267093913292,0.1560110781721163,-0.046249300067297223,0.07095147171056694,-0.000470964439140604,0.11404421038174051,-0.021713920422985974,0.03374758839006591,0.001313160430383577
134,0.05909046494209742,0.04858360544200065,0.02918193117370442,0.0037811767107833174,0.15979329158933,-0.04603637730579663,0.07146624236258932,0.00023132439603428,0.10609177997573142,-0.018803885694233587,0.03434410567655781,-0.000299973205888879
135,0.06268064981508911,0.043885074363680915,0.028987022838170198,0.006255181523131306,0.16091635628501816,-0.04727335145311177,0.06668390802331368,-0.0005050285067165224,0.10160917497266082,-0.01927372291469259,0.030232768986753544,0.00027161965338657256
136,0.062134484006417495,0.041039085010468,0.024717558636684112,0.00821364551629039,0.1643378529132235,-0.04973562691761036,0.06274954774326526,0.0030985230388440753,0.1003521540481791,-0.021500128916015805,0.0254764961224108,-0.0042712022978778075
137,0.06224110515314459,0.04201791378387177,0.024127565221520396,0.011250011768086538,0.16372854939610293,-0.04406074586557263,0.06302768846252668,0.004020851459112622,0.08729217383189275,-0.02160412862565461,0.025705840561180963,-0.004260697446333554
138,0.06232714624743723,0.03846848664793355,0.02027484513798916,0.012629392879620146,0.16399676447735986,-0.03959989556633143,0.06342451963866254,0.008094643866433188,0.08090016448967442,-0.017233310872251044,0.02460391394720332,-0.0036342048351090915
139,0.06195891800639718,0.03717448917105869,0.020834388522700545,0.012428238479381085,0.16352709773194468,-0.03501739207512272,0.060435304365010045,0.00836419244667363,0.08082444439345238,-0.016970973082895337,0.02082566956298031,0.0019600166603889815
140,0.06595072159149559,0.037362990478865404,0.02086923126067139,0.012447159581703709,0.1677648550328735,-0.0298737597620938,0.05887015000034904,0.008916081352037556,0.07543699409708442,-0.012463831148094547,0.02139259282273363,0.004269562085109809
141,0.07059782128695104,0.037344491213771196,0.020201923221704554,0.012447569193526473,0.16796217502698185,-0.02951185660190864,0.05561291205598678,0.012777411469681326,0.0594622072862825,-0.01289844819419365,0.021252281705203793,0.006329098278490831
142,0.07516928386668362,0.037364808916007734,0.02457961037572273,0.012462443709126867,0.16357803803291127,-0.025066815994412985,0.05054581697234509,0.013956567192745847,0.04384417917557563,-0.012644554537686144,0.021272832893472773,0.011956584908825944
143,0.07996829269791862,0.0371817520090061,0.021072265730355994,0.01236623696623205,0.16407231128980795,-0.020324205404389718,0.05044729279592644,0.017257189609972336,0.04295828342078245,-0.0131801819844016,0.021304012425264637,0.012873028675237541
144,0.08317026972592015,0.038407900980540595,0.020769131350271957,0.012835949042508692,0.16306047947807256,-0.016522307382505947,0.05040278894035242,0.01673679543115814,0.03987464330386224,-0.01030383179607879,0.021217684581054868,0.012758119511765947
145,0.08368744529861603,0.04328538104361215,0.020713622108802447,0.01009918605999587,0.1550859832349282,-0.016641893979421823,0.05042614157061609,0.016711813541156577,0.03888986787985042,-0.008241895577480417,0.0212143593439273,0.01276377571908457
146,0.07828441858306973,0.048435784785028455,0.020812801696825013,0.00798838298344723,0.15014911362700123,-0.018465432020023057,0.05041851235655197,0.01712898298848816,0.03143116020562354,-0.008459698991336482,0.01685285087972812,0.012767316286038619
147,0.074506936902312,0.04927233966201802,0.020438733260902276,0.008380726090000805,0.1318412722794588,-0.023598339221829488,0.05042057661659986,0.012756591483142968,0.029540279543678875,-0.008749035579023472,0.016265831796235645,0.012765108688309703
148,0.07150718139329065,0.055944480883628654,0.02260226832151616,0.008222892821797808,0.11895270043319726,-0.028138258440275316,0.05042003754910459,0.01264892615771245,0.029795557553244662,-0.004264051505278416,0.01218336392157046,0.012768159866966913
149,0.0704115692800015,0.06204411159510225,0.025579954420641475,0.008335939479445388,0.10575186095026054,-0.032949012281952156,0.05042033690871524,0.012539688471746817,0.02508155274865498,-0.004318304423917917,0.013329509442646648,0.012756801844172895
150,0.06672614686850434,0.062249658772657625,0.02228548975356982,0.003943490137366975,0.09618236121648244,-0.03738656034553578,0.05041982088296982,0.012875287446762822,0.020092593233101152,-0.0042277034141868265,0.010119485284341282,0.012800994046884607
151,0.04888897343236896,0.06224646460395619,0.017010085428394058,0.0042421975860200386,0.08083831094561222,-0.04655303745468784,0.050419962097043934,0.010977333749012363,0.017491038100513938,-0.004264426163354254,0.008674246949995596,0.012652447686580623
152,0.0455857811496882,0.062237930614595496,0.01673721140164789,0.004138084832886706,0.06628683374155112,-0.05062113252132423,0.05042883780080227,0.007879299580170036,0.012080300520873607,-0.004250988241203472,0.005027480793197457,0.013026810188612244
153,0.03717577755398385,0.06224023004522985,0.012375812583952836,0.004060125013642894,0.05359041730526807,-0.05011428588263129,0.050354557113196814,0.008939938998694002,0.0011555403660701894,-0.004264412698094946,0.004175730093972379,0.008496612299868896
154,0.020505928971689475,0.06224753843510356,0.012535676872674364,0.004574024518204826,0.03429314731063769,-0.05197332316865978,0.05078181193614967,0.0050794917943189416,-0.002969448879542511,-0.004222388348238004,0.004255488393548468,0.008186260020369904
155,0.013171862503047967,0.06220903005966096,0.0123612274504994,0.0014468737520564735,0.02635958520281418,-0.05503261078762284,0.04824513301466102,0.00407129412545605,-0.004264904519287887,-0.004365355699082898,0.0041464354816489355,0.0037591876113808238
156,0.00011966310220718726,0.06236681383201359,0.012763268498716479,-0.00023486464387785923,0.014675079457748484,-0.05456172350273017,0.04635329651433417,0.00421644484776391,-0.007482714970440579,-0.003966151749801243,0.00516768684710341,0.004717521290219124
157,-0.007295406413851046,0.061795744140855306,0.010585460448389558,3.438241347950114e-05,0.004903727785544688,-0.05452505994014939,0.04296669124257712,0.004578762388058822,-0.01683720926009287,-0.008424215778491763,0.008646839815880504,0.0022041776787210454
158,-0.014782695444419474,0.06587048664248991,0.0076083117684490175,-1.0497266854012078e-06,0.004312412038340796,-0.054941745488536614,0.0421837087740082,0.008214353910185651,-0.021847636088660135,-0.008460594997638295,0.010311102298195974,-0.0003563405458030024
159,-0.024649854411946035,0.06632582874024816,0.010946413451131934,7.877127891598264e-06,-0.004823648855008561,-0.05056307467881666,0.03791042519797619,0.0023518497293825683,-0.030441235227896365,-0.008547787178164769,0.013148416685721281,6.0206420057033034e-05
160,-0.024992490977299178,0.0707423679641094,0.016100293898367646,-0.00010048341889154834,-0.008423672134546992,-0.050443485271667296,0.03785358353526088,-0.0002647331488649583,-0.029568838893038164,-0.00842970533773752,0.012800773994756428,1.5021721448522034e-05
161,-0.028906887570189086,0.0749217530020164,0.016636498518976403,0.0007340655573377277,-0.009286858688110198,-0.050589536760207485,0.03796940530115777,-5.03589706297063e-05,-0.029848188566740923,-0.00887769899802112,0.012402431693437108,-3.5370235205036175e-05
162,-0.02434121711457516,0.07443270678975207,0.01658537812512927,0.0061798830304145924,-0.014462496972255682,-0.0490895754673806,0.03657326603349984,0.00042814603741402773,-0.02977217743907453,-0.006331416575815836,0.01669868453853381,-0.00021223241102154083
163,-0.025222550084755126,0.07585844602067719,0.016934676258352568,0.008197437084472374,-0.01904715925516546,-0.04737515199034985,0.03316545548194424,-0.0034679348294058407,-0.029790487243885253,-0.003909153872466851,0.017012517490741657,-0.004451443094931612
164,-0.02364812297795423,0.08076859114114174,0.0219891947548202,0.010766377452125669,-0.02359778306559579,-0.05095289085327998,0.03372552057402292,-0.004293452253087258,-0.029786872871305936,-0.00431432290795923,0.01714149884254415,-0.005236508049240104
165,-0.015987322694264686,0.08565890841865183,0.02557040177265525,0.01272953354511754,-0.02882162954521099,-0.05028221304530395,0.03356105825420275,-0.004225402825675589,-0.02978652768223403,-0.004268560160540601,0.01618126620305841,-0.00927472810493096
166,-0.009018353659131569,0.0874539943782798,0.022757294792583704,0.012401532701121095,-0.029229221818622125,-0.05052128486203533,0.033712920222747,-0.0036901188086542343,-0.029788514011087557,-0.004218373394146196,0.012313405356985144,-0.006524011330743627
167,-0.008196878277053968,0.08682833260472894,0.020845753179179485,0.012453072615436898,-0.033573554227579405,-0.050203203039884875,0.0334340926058092,-4.308919066462136e-06,-0.02979226838115536,-0.004107110055080578,0.012885138445351234,-0.0010599769941848675
168,-0.008311662023120238,0.09069367108941147,0.01779960689498174,0.012448394914647934,-0.03352845412259693,-0.05443364436025809,0.037920409348681725,0.0025492063255825926,-0.0297213050522995,0.0003075407527420726,0.01273821040181239,0.00013423717892245676
169,-0.008298646241533356,0.09543084011103345,0.016419266460490512,0.012449279855833162,-0.033833026593002656,-0.05890588117960317,0.03769295836511692,0.010901297190961584,-0.030222214558826555,-4.3301381163290124e-05,0.01277110279855759,2.8934655243231084e-05
170,-0.008298139617106334,0.09572335183065153,0.01661588339027568,0.012437148286542138,-0.03234006827675815,-0.059290490698893174,0.038099930236233856,0.01536025560449971,-0.027061914247985226,-0.0003361787079746748,0.012766951948767147,1.569186494394129e-05
171,-0.008299021786503281,0.0998276207855233,0.016599185198196892,0.012509041430335235,-0.028995308024269945,-0.06434512638893375,0.03620205223299568,0.017026374302898533,-0.018647216123319942,0.0021528578528649334,0.0127615028855569,0.004934373101714199
172,-0.00829869839032128,0.10043124066542235,0.016593646784787378,0.012161429053667046,-0.02940603059158569,-0.06931880778063651,0.03320255540635824,0.016795457339962686,-0.01481996349944464,0.00413762323087237,0.012765173753626688,0.008793185840506637
173,-0.008298634589347646,0.10558783198843266,0.01661426142895314,0.014381624505372495,-0.029803466686822874,-0.07141429567495265,0.03370310849195067,0.01677429455486336,-0.0076169961460243445,0.007404079780236916,0.012862656904391282,0.00850972199895364
174,-0.008299373109608902,0.11015208183320449,0.01651018163805813,0.019771082369820066,-0.02608864032933552,-0.07380052740189372,0.03359027456428943,0.01662982214485543,0.00672322354542796,0.008333787982467663,0.011954063085239127,0.008117235731533853
175,-0.008296333717392976,0.11426049591130279,0.017001218669633823,0.020919671893594262,-0.02488234060906544,-0.07887840255652427,0.03363386544140868,0.012256909113934737,0.015359308005501393,0.012486198349518224,0.008079100717325751,0.011116031694243694
176,-0.008307029249779581,0.12236213847602866,0.014100629729613684,0.020661018767094544,-0.029429891048165534,-0.08344002602327312,0.03361064761714342,0.012792063831938233,0.04728277136467253,0.012749606990244577,0.008524742645702797,0.013029734632358375
177,-0.008275983953767229,0.12843767482370894,0.012168955560536798,0.02077417178181639,-0.029643128894418884,-0.08818006737163785,0.03325649267878064,0.01220899690825146,0.06287765604838505,0.012763347826430432,0.008932066984402357,0.012726273716260993
178,-0.008329969508588938,0.1285506664218954,0.012517015447879924,0.016384590509484164,-0.034835083117931764,-0.09333427609032212,0.028959379922336832,0.014823158133718584,0.09234218752118793,0.012932463570540498,0.005562565251929007,0.012768796449612296
179,-0.008484109784179239,0.1330052886919867,0.012396114895340905,0.01669363307031132,-0.03843015595665286,-0.10741157131684777,0.029853191660684276,0.017133653409983823,0.09704622883640852,0.011632033608204018,0.0040545704980096305,0.012766790082444975
180,-0.012666299414904677,0.13833804065947625,0.012360608085789116,0.01657174449577945,-0.03592654826945525,-0.11480577036237778,0.02741524064197745,0.016746792251675288,0.11054538911868036,0.0065595731998043805,0.004277257993235042,0.012765468801924822
181,-0.013082327406134067,0.1455411187517933,0.007977803214213201,0.016579601397090547,-0.03195117405877764,-0.12069057164040017,0.024843743431446335,0.01681609949719133,0.13856814927004002,0.0015339042483543297,0.00425545531158197,0.012766129504889622
182,-0.018612165286916733,0.14775187430430511,0.008634222927344865,0.016710242879225887,-0.020714083951356207,-0.13154673063160546,0.025311450838250493,0.016805649808529558,0.16301487102929996,-0.0002842138601576544,0.0043187817076442946,0.0127658746261443
183,-0.020854771575958834,0.15601162823765627,0.006843212420073136,0.016150886103679766,-0.01008844331851792,-0.13448345160915384,0.02510734010069955,0.016784873647826146,0.1765481744752899,0.00017482545568587606,0.003685537992497879,0.012766132525972342
184,-0.022329914669692582,0.16042452618379827,0.003729584580444567,0.01981137777157599,0.00306600154321786,-0.13772761910824463,0.025338268480133163,0.016996886304302763,0.18199238484484503,-0.0003179289506220766,-0.0018278377550513402,0.012765325996509922
185,-0.03119458934062666,0.16183351894644815,0.004248649203386669,0.020874075014104224,0.01713250803260618,-0.13884159248257233,0.02088511124071019,0.015540140208504777,0.19994108724952733,0.004255214698816238,-0.00415692864138389,0.012767990603590292
186,-0.033628248561864,0.16466473377537605,0.004116027452708757,0.020739863605889426,0.032841811043271656,-0.13864730355696606,0.020621062909465946,0.012161305961204134,0.20933090695411863,-0.00029441994812328255,-0.006712427300520528,0.012761322983797247
187,-0.03286436505312053,0.17362919368856816,0.004195665678246025,0.02075675545591424,0.05817717834754022,-0.1428379537046752,0.01516608319759533,0.01270886119580174,0.21818554131653595,0.000129367114199676,-0.008263161313234964,0.012764225941856404
188,-0.037289851708026935,0.17845168334132847,0.004066588611112822,0.020605967746826246,0.07764331060691693,-0.14497148000735616,0.012285198492987379,0.01258386228366853,0.22311985573985085,-4.130078181141759e-05,-0.012279528068770112,0.012873438546575473
189,-0.028371960927684084,0.17832884470300878,0.003987366128433075,0.021742275238956933,0.10440507708490547,-0.1578972226310467,0.012683085380937974,0.01260847424528216,0.22382188730463976,1.303204586511995e-05,-0.008999392648938096,0.011873899428700874
190,-0.022259795259078948,0.17890550170446287,-0.005199791188536022,0.025435581213353722,0.1354786796584162,-0.16128264363588707,0.012580289753355962,0.012604960057261031,0.22088598906256404,-1.1189923013347558e-05,-0.008502474337618035,0.008052699553281946
191,-0.011157148098604656,0.18527347791604046,-0.008487760936366944,0.024369728626437877,0.1718978388733367,-0.16628191788840868,0.012636740069161663,0.012605339275259734,0.18146774342051183,3.34124228338127e-05,-0.0084038800621775,0.008627702166606964
192,9.296993196254943e-05,0.19355435910187824,-0.00824329105393307,0.027482740624840657,0.2129771165124328,-0.17092145956851162,0.01254349406807373,0.012596210112025807,0.1581009708728921,-0.00011036252146933559,-0.00927621848980153,0.00848446382248979
193,0.03382975988460465,0.1947330328010489,-0.008312402655095832,0.02929041294647185,0.23802473527948945,-0.17548259749564488,0.01253374013087955,0.01267010569813018,0.11091538095687997,0.00029060592388856655,-0.013235214408477629,0.008515521139355602
194,0.04156786734467026,0.19803621001470198,-0.008297823373735644,0.029044714990590838,0.2796143019538714,-0.18047129519831284,0.008230233678467064,0.012249404541544823,-0.12668356384315818,-0.004166731402979015,-0.012541525543460596,0.008510328583273387
195,0.10627510943733462,0.19865966501033389,-0.008291114941339653,0.028968774234010296,0.3277013417754151,-0.18069124370686876,0.007570120221667384,0.014727016847870825,-0.19825579246879527,-0.00420810899577332,-0.013240852994522179,0.008510071746884586
196,0.16247341467630166,0.20647772825481653,-0.00832345999528491,0.03342423429919872,0.39030562436481225,-0.18558860876161679,0.0036234383523400184,0.016715334890236237,-0.26506311085880857,-0.004268791412424582,-0.009860077298967724,0.008506825898342766
197,0.19811867479146988,0.21149395177177385,-0.008251993603007279,0.041887515998826876,0.44606580371861526,-0.18915178090427726,0.004747709565915501,0.01986516764701717,-0.34629219110987586,-0.0043190955182530084,-0.008299532065168253,0.008553940837266832
198,0.25146346219211896,0.2205446151843635,-0.008200573697625623,0.04198180222444626,0.4791928794319019,-0.19034136094347695,0.0014722193380549684,0.02116734095476879,-0.3292926150945966,-0.003893876415970978,-0.008538485056312242,0.008236564154121363
199,0.2843281492608332,0.22406854528107045,-0.003855520814737783,0.0473570047149309,0.53029315420636,-0.19385045010542995,-0.0002004242653257537,0.02099778345131887,-0.15237802557091307,-0.006428103469632705,-0.008509962480180048,0.010215613534595708
200,0.37187296965454475,0.22514735633058763,-0.004260064834245473,0.05112279443459136,0.5670935946204936,-0.19269959126848216,-4.60852553029916e-05,0.021015136116684343,-0.29746928371737624,-0.008862626513006575,-0.008509506102231631,0.013290876193296391
201,0.4751998355504304,0.2285065169438721,-0.004110483706947923,0.05924438259643845,0.5387250852452172,-0.19641163657216598,5.432125879633156e-05,0.02089108037493223,-0.6568379849643967,-0.008434227653642462,-0.008511156212736378,0.012225946696523795
202,0.5384832055301877,0.22885690793481422,-0.0041888734112652875,0.061968923891474764,0.6161083233647936,-0.19739054528746375,-0.0044207989817851125,0.02188182289363457,-0.6849661130695764,-0.008546424988065498,-0.008510473081939599,0.016224383867394526
203,0.6111807725237146,0.22330504009685942,-0.004019570692315771,0.0686338771703045,0.5885234323107613,-0.2012092330635526,-0.004098896185076358,0.027004523745728315,-0.6233391510486933,-0.008468938855759113,-0.008510682335145927,0.017110063839164413
204,0.6900429316197664,0.21663086161312062,-0.004610410405123796,0.07427293751844233,0.5494010133891485,-0.20591810180763218,-0.004235596957790805,0.03157176467896429,-0.5948674613696721,-0.008355042747584734,-0.008510630520440337,0.01702317762694393
205,0.7218969655735068,0.212318750709961,-0.0005343232901141727,0.07882756062368132,0.49377376795785366,-0.20619930652854257,-0.004185519329868815,0.03628570558477713,-0.5620348530633408,-0.004075840314642405,-0.008510629300737893,0.01701007361986979
206,0.799687756302673,0.20782560033258637,-0.00011271937238471058,0.07909407898761944,0.4375463811052599,-0.21123817956131166,-0.00423583976841154,0.04096780373510273,-0.49147026918533976,-0.0033801260941296062,-0.008510675231516907,0.017070102176771886
207,0.8729725668612923,0.19872670131209344,0.004247222271713686,0.08338118435600654,0.3926508191449371,-0.21594757821758384,-0.004083645946467185,0.04564963506271154,-0.5184729508282507,0.0004914741752088604,-0.008510543971226393,0.016760605756042976
208,0.9019708841742496,0.19068891981587974,0.004055465873023692,0.08284709219434776,0.330048117468772,-0.21937346727113535,-0.004550890446903415,0.05034194996446185,-0.45070976665409024,-0.0001246057393417077,-0.008510700062673994,0.018710511832868662
209,0.9332586453648,0.18908219781956057,0.004242560471808999,0.08309931822937089,0.26435436012830565,-0.21532901394066695,-0.00019885594020000287,0.05508108746491368,-0.3177738739131067,2.616811744519878e-05,-0.008511990794481847,0.023942763157947196
210,0.9133892967160028,0.18225599693040911,0.0038109113535494256,0.08264213939207492,0.23518841901822946,-0.21736103218864852,-3.309566080416452e-05,0.05917467906968918,-0.2922636222318207,2.7923785203378117e-06,-0.008498532562053138,0.02840650813983982
211,0.8574082083245904,0.17907938748473193,0.006130116956348676,0.08537100292178003,0.17275977688865213,-0.21571084024728224,1.3065616679979676e-05,0.0584035615966638,-0.2508897460892286,-2.5020878282318266e-05,-0.008582474599993626,0.03377784109837697
212,0.7818241726061788,0.17226064994591858,0.008689485275906336,0.09029789885699686,0.14247834646125873,-0.20632525999755222,6.241948613266543e-05,0.06080149591023903,-0.2243132990757325,5.2986356289632004e-05,-0.00815673482337404,0.03382222152344152
213,0.7336215690307156,0.1615308973352633,0.008112193709179046,0.0947499724542255,0.07948014972429765,-0.20148463316980147,-0.0003636781088756357,0.06281163288932731,-0.17792419437792448,6.280807054652455e-05,-0.010693232107129021,0.04283690974654195
214,0.678987057283728,0.15394551050441266,0.008653983335787981,0.09949687385657388,0.06540406359314185,-0.19724639252755327,0.0022454609965394537,0.06646108938896639,-0.15009073770757592,0.004531643145708013,-0.013540878929766543,0.04299243979595504
215,0.5385594220265013,0.15002892980483795,0.004359501786089426,0.09956647764016494,0.03745226675917372,-0.1972600419024068,0.0045207223180672405,0.06357461539644518,-0.12195702635542342,0.004151018594670113,-0.009375831800215374,0.04739144277237899
216,0.4646702052873125,0.1410712726059394,0.00416633585231597,0.09945212096662848,0.009775042093244661,-0.18847382824096628,0.004145937005120937,0.06686916820169028,-0.10054884944925273,0.004265648299768168,-0.008327957352956246,0.04629697001198123
217,0.3566550716580966,0.1322293025124891,0.004262941830650285,0.10062481627340747,-0.01875420737545882,-0.17778656384256708,0.004208397982257358,0.06724682289019607,-0.09262553513628728,0.004352169983903558,-0.008577259203026025,0.0491345714011963
218,0.3005376962558281,0.12724105490590176,0.0031563058983770514,0.1041095994520442,-0.03939497120321904,-0.174009801194254,0.004201767683026007,0.07216503946299857,-0.0778018569272182,0.003815441903432361,-0.0040592704367163725,0.05150336314937061
219,0.2416878101420446,0.11746654627889748,-0.00014108831753948645,0.103953101448337,-0.06140900368149767,-0.1694714510216735,0.004201313195746679,0.07591820579710673,-0.06348328855150157,0.007192095927957108,-0.004351419179836093,0.05058777091055919
220,0.1915861821983668,0.10896715554387998,-0.0017703576955925152,0.1015185698241914,-0.07163248111744738,-0.1613306992183524,0.004201831946612667,0.07554294536267946,-0.08643031219529336,0.008824080910539803,-0.0042239304792413765,0.055053480341645665
221,0.1319943476728053,0.09676026935217807,-0.004979047472324463,0.09663943249734576,-0.0988608916753275,-0.15143573911340172,0.0042016270318862336,0.0756600841038908,-0.042732897117481926,0.008214841136184339,-0.004263925989978261,0.05534210222681823
222,0.08352358619606219,0.08791722807359877,-0.001013542728291067,0.09187175137786009,-0.10628045239675286,-0.15104880462880674,0.004201733124514812,0.07559273918772581,-0.03403581096343777,0.012757508649564217,-0.004253229112533204,0.059780646284208254
223,0.06322887220988468,0.08462247866148763,0.0001455046476874335,0.09107453145464862,-0.11851413518579589,-0.14104306718087575,0.004201510723335352,0.07574755071434089,-0.024595884185509023,0.013116186415916224,-0.004255780718664301,0.06018053690545248
224,0.0299401381582692,0.07557608605137853,-1.3782976504710586e-05,0.09552763195367309,-0.12676694187125817,-0.133285908381041,0.004202269209814098,0.07529362383757846,-0.021262313244127154,0.016678255685640762,-0.004255195006234911,0.06550181646575455
225,0.00073767230791678,0.07091303109079745,-1.7422790503702216e-06,0.09504298318752408,-0.12817008658335266,-0.12674644587075137,0.004200061496166723,0.07966131441423953,-0.0205862139062076,0.012189655723058359,-0.0042554388026242755,0.07013058173167797
226,-0.01293600083338243,0.0577431929254272,1.4259212497368722e-06,0.08997089921037248,-0.13105400456702537,-0.12056547746405206,0.004203556747100747,0.07980745011001082,-0.013412186447454184,0.012913010660579375,-0.004255213800152333,0.07476727083025016
227,-0.023388221409598384,0.05731702564820505,-5.013059157884274e-07,0.08713602990995963,-0.12655166859957248,-0.10685657321718064,0.004218848111087267,0.07970615372962328,-0.005503640117937838,0.012768591116998384,-0.004254057188694622,0.08010060097893607
228,-0.04833958625760905,0.04802104814672298,2.915332727066868e-08,0.085263101757554,-0.12619468955933918,-0.09731863052740189,0.0040257042142190416,0.0808986754560347,-0.0040640846418903325,0.012618675479751127,-0.004267545122416661,0.08064300067244946
229,-0.06516562551324459,0.04431321840854791,5.275851439066846e-07,0.08290934565329595,-0.12179573645994671,-0.08973578613305068,0.005419462549050753,0.08446260841274324,-0.00433966508724141,0.013286757878864935,-0.004180862547977903,0.08495171378560108
230,-0.06811748262508258,0.0389693248558718,-2.2943482303264813e-06,0.08060449795905653,-0.12117474220869315,-0.08005958989744806,0.008848834417364655,0.08403489225758394,-0.004113916191191202,0.008680321452279002,-0.004627697001518105,0.08501557660464697
231,-0.07300227557898731,0.037543014496565406,8.238445974015697e-06,0.07518683926108687,-0.11091189787073545,-0.07546042016384494,0.008299087009729455,0.08361538635383506,-0.008257906353560248,0.012650480543810683,-0.002013270067557858,0.08564935980967735
232,-0.0779373526870055,0.03426310542669476,-2.4318993642224226e-05,0.07474480212333086,-0.10279825025529095,-0.06930234323731006,0.00842452958245488,0.08727992125392091,-0.01734660683699481,0.012705041181693206,0.0003377761292044137,0.09075491617367067
233,-0.07896444613575274,0.033271653563765734,4.341302670282887e-05,0.07055767553183714,-0.10102797655321269,-0.056683513567132526,0.008399749618219484,0.08844222647951323,-0.01670846145656502,0.01279872931466797,-6.862847940524163e-05,0.0953405548783181
234,-0.07883497347754152,0.029507255703736246,0.00011737206834502961,0.06165618782868827,-0.09815539225994098,-0.05308607562953428,0.008403981370424389,0.08816490568777305,-0.018104149269424583,0.01275005792952359,2.479984694431945e-05,0.10040497073642855
235,-0.07885150154034054,0.0248661244275772,0.00444932153376597,0.05675225798177744,-0.09683237625903456,-0.04825271124129235,0.008403892725289,0.0924367654513896,-0.022129558119404393,0.012795170380078104,-1.8038762706876882e-05,0.10284553858703693
236,-0.07850203335067116,0.02464004405136061,0.004057008892950675,0.04681091753729727,-0.0929501923004162,-0.04309036112423202,0.00839386349507948,0.08699249550154561,-0.018788357907187067,0.012648970897899786,-0.00016775917200162794,0.09858314192039566
237,-0.07368459465174736,0.01950961560822485,0.004085322462285953,0.03932134042442896,-0.09253459696459715,-0.04212891591701128,0.008469651832827104,0.08398731310381001,-0.017523139922785026,0.013227249302698765,-0.005250154175757728,0.09790358458155728
238,-0.06879627170232605,0.016197101767035243,0.00458099496232499,0.03557422195555595,-0.08813315855561564,-0.03856008098412974,0.008050779768639282,0.08254028943306221,-0.010953066367246153,0.0095347228639968,-0.008832746065492506,0.09352623391834626
239,-0.0665111822477647,0.017065132008398567,0.0014783148425868394,0.027996720611352607,-0.08770909628885455,-0.03363800833775397,0.010562061307434778,0.07772621883422068,-0.004849619414404384,0.008387569596058108,-0.008422854429795193,0.08450205621982533
240,-0.06377151127008895,0.014248853584448903,0.00016604396888387357,0.01902114955959716,-0.08384492474144746,-0.033364871483881425,0.012938225676858326,0.07034309356606776,-0.0001545037328107594,0.008484623955303241,-0.008524259162534124,0.07826236698236944
241,-0.0632405048941462,0.012065311970419457,-0.0035075585827407905,0.00587655408881183,-0.08248200273937129,-0.029035955164101523,0.012546842023119118,0.06030815247818427,-2.7775797385139025e-05,0.00837037139398011,-0.008538778734189673,0.06447178620105064
242,-0.052312744991688004,0.012778133680420379,-0.004205387669498132,-0.003941858040881296,-0.07973081621298615,-0.02945486512772056,0.01260767819793108,0.054928127210086705,1.0159698323666993e-05,0.0039384834462268484,-0.008398571872857547,0.05528330593009295
243,-0.04940775424443679,0.00896189712959336,-0.004155142973017524,-0.008556632031758625,-0.07752689369659782,-0.029779910165429135,0.012606984510818,0.050312313950305665,5.786902973887028e-05,0.004364712152301786,-0.008818696190187707,0.04822735771012847
244,-0.04984770508267978,0.004171913120132051,-0.004178232625220266,-0.013320919432579844,-0.07256768197677282,-0.02700918771607997,0.012693717910762745,0.04099429947459374,-0.0003393354848633865,0.004246766195971872,-0.0043729216371445785,0.04369253594587041
245,-0.04544930290923483,0.003907525544507589,-0.003913877582666324,-0.016914438900221193,-0.06753728580725561,-0.025222074050440156,0.011798175421596805,0.030488076150956372,0.0020324329626509917,0.004151678055275657,-0.004298704924671433,0.03934076030829156
246,-0.04579047504081482,-0.0002519912045326584,-0.005627496271489278,-0.01657252627715748,-0.06728650390516665,-0.02228520067010857,0.007946969303589504,0.01871791962855863,0.004626718182877239,0.004710648171667151,-0.004241925360788004,0.030094963133308568
247,-0.045268833038669166,-0.0007133056973670005,-0.008713308078187073,-0.016315746033428793,-0.06280892328764934,-0.017033614815922644,0.008549792575970595,0.014799302785045295,0.004180615935285426,0.001156177815514541,-0.004192075237749624,0.025064814803946345
248,-0.04764592950778956,-0.00635205493077868,-0.00823584238878012,-0.018740997305592963,-0.06329902672648488,-0.01680967779593025,0.008254477556036807,0.010936224381417867,0.004267781431712225,-0.0001665402569550401,-0.004617050421543663,0.015841994509775952
249,-0.04802004048529796,-0.008167090531389065,-0.008203173117932894,-0.024100172414914467,-0.061818674985252335,-0.011763853330116838,0.008849200193347229,-0.0006483489699893939,0.004253955504090693,4.517635636097682e-06,-0.002069163444579338,0.011577660487032019
250,-0.04534404590817027,-0.010896766456734966,-0.00863025590529437,-0.025009148250867676,-0.058383795163210954,-0.0026940947968421714,0.0047787254558071725,-0.008333066029612247,0.004255235686731276,-1.519253640229737e-05,0.00034298665167467677,0.006746634885263122
251,-0.04527911691904453,-0.012712146911853964,-0.00434366976658036,-0.024884517197920418,-0.058929115812639835,-8.522913253698508e-05,0.0041843792723572654,-0.00825767693213304,0.004255570834763477,0.0004223824555829411,-5.692704860491151e-05,0.0016409957994968159
252,-0.049316312240744224,-0.01238519186884476,-0.004178566633737433,-0.024893123853511837,-0.05880123616624272,0.0018863709058503737,0.004325685632290442,-0.012695534686809064,0.0042541868102104925,0.004644523241546626,-1.4496283964745318e-05,-0.0003688041155093032
253,-0.049701776733606234,-0.012489354598080036,-0.004127991836708877,-0.02492895702386846,-0.0588273860409895,0.004155537362812488,0.009371452290066515,-0.01308531197584398,0.004261330680238777,0.0042164891499103276,3.244665321687544e-05,0.0004269238680678811
254,-0.05407439404199,-0.012583551776225891,-0.004152756151713096,-0.02467745367807291,-0.0588233451542349,0.007077930620183746,0.012922680043629644,-0.017248731507078015,0.004227060296635413,0.0038942779534662563,0.0002045768055758339,-0.003909832497926535
255,-0.05372186637966531,-0.01689142969310842,-0.004171340108662112,-0.026257530279293534,-0.058823427943311295,0.008579697865105127,0.01251752886369474,-0.01677268011875055,0.004373838215993003,0.0066523608109769665,0.004440655408488329,-0.004238093147622737
256,-0.0549294263245716,-0.016550037348942916,-0.004039374530651987,-0.02959161007059239,-0.05881782944598006,0.008439282270278568,0.012625923689924715,-0.016409621298965903,0.0038118373620586923,0.008945878231878052,0.0052151126785954845,-0.004696329816033596
257,-0.05844240410139799,-0.016301847190320552,-0.004596659387426129,-0.02847119113165572,-0.05887175271204813,0.008437497175631428,0.01260075306032808,-0.019540629946850886,0.007687966099982544,0.00803876038042905,0.009001827202117965,-0.008915674342492717
258,-0.05837599723431673,-0.018532470075040074,-0.0010574929647026885,-0.0321237025783582,-0.05854423100100901,0.012874360138832117,0.012605640903658408,-0.021239200232483678,0.008674122246545103,0.01247684124541315,0.008388549952254036,-0.00838189973757546
259,-0.055676348272651534,-0.02111732117489947,0.000142935096214866,-0.03300434000868638,-0.060546005145318625,0.012481979613258299,0.012605270356625438,-0.020976964466546393,0.008494290596839066,0.012755051994036646,0.008538203725609383,-0.008580000636976904
260,-0.05356905974926569,-0.0206725525442564,1.1482481033208434e-06,-0.037000636456129554,-0.06388045773276796,0.012723471042886056,0.012605276053426871,-0.021009374791582987,0.012969012087806535,0.017271435700396603,0.00850326479744404,-0.008345860193629259
261,-0.05425993088192531,-0.020754963536099506,4.500514647883599e-05,-0.0373434766241475,-0.05991358117736084,0.012191850736765975,0.01259678961268118,-0.021004169206672696,0.01284932884408561,0.01687532891037804,0.00851764702967472,-0.009069772417970197
262,-0.0503161758172712,-0.020756604400446337,-0.0006853380996339947,-0.03727425498931809,-0.05891793294515974,0.01509863160718192,0.012666726367342887,-0.021056854401927554,0.011600330696453299,0.017270838351876403,0.008501386610375498,-0.004461025358402279
263,-0.04563238820273815,-0.020749706672947944,-0.003341994107368353,-0.030702225785721862,-0.055182594028744175,0.017058207243113414,0.012266957662135411,-0.02071620343081325,0.007872618098118442,0.015634184298207576,0.008464491381829779,-0.008370419281325352
264,-0.045690669363102225,-0.020497705484417705,-0.0009492593187655373,-0.018452846972242296,-0.05040190537516749,0.016851797835308265,0.014674453238360703,-0.022795540142871714,0.009379757210612566,0.010059813119200619,0.00908473077325784,-0.008667690934682991
265,-0.04562288864782487,-0.015404892053002548,-0.004602665812987631,-0.003688770375551928,-0.050139919236027584,0.01662919740379399,0.0171612212592735,-0.025611002783944768,0.0033028164954063085,0.008259161481215402,0.013198022371777926,-0.013157831198116823
266,-0.045651013317279054,-0.012433481781942713,-0.004469775552117852,0.013498240520901443,-0.04514404666156733,0.021097546717585083,0.016719825322112997,-0.025096535477384406,-0.003908695992722839,0.008592264535982226,0.0126431180894022,-0.012615813446419051
267,-0.04563366661878831,-0.010721330992054275,-0.0010778622170825917,0.025793457258024392,-0.040294509429973285,0.02058926014359431,0.016874586323297035,-0.025327498631190087,-0.004002377755946714,0.008406256150818173,0.012796494006778816,-0.01290282729912995
268,-0.04567702840099233,-0.008197743277429823,0.00015384616797827128,0.05365709158995672,-0.03749252591155426,0.015498348454590858,0.01675287412642957,-0.024979869444293763,-0.008432045924877934,0.008615373824405621,0.012759728968437453,-0.012316155747913227
269,-0.04551435667536867,-0.006061952880336112,-1.3462478209859462e-05,0.09524401982495505,-0.03777491947678273,0.012266219951306136,0.02148927285532889,-0.029445026334653943,-0.00864376265116876,0.004290010153707166,0.012765200016336834,-0.015672129119629043
270,-0.04607653446768812,-0.0006441085597188169,-2.290408466513046e-06,0.1271093508622618,-0.0382370977458492,0.01268603232192888,0.025483897180715392,-0.029424565674251037,-0.006636035893447474,0.009116423979909544,0.01277169422877479,-0.01726906331292571
271,-0.04186930333949017,6.302085375358042e-05,1.6448941859459064e-06,0.19481754051691583,-0.03426655946780142,0.012609150487516166,0.025122056727022873,-0.028734510638387844,0.0055599631633787144,0.007255804733339006,0.012756569103721393,-0.016893073499211417
272,-0.041562716023477386,2.0426277468813155e-05,-5.839566207800807e-07,0.24083105327099766,-0.03355267596018613,0.01252380584627881,0.025235382818144345,-0.023587676218330307,0.003979599725625138,0.0038390797412064057,0.012727322026047308,-0.021382453642235743
273,-0.03722854745416723,0.0002194870671834361,1.3853532914302873e-07,0.3200942549053414,-0.033606828947261615,0.012855144536039885,0.0251961033603792,-0.01907668627364959,0.003926474534655628,0.004358522157944141,0.013282073788914495,-0.03017727636075367
274,-0.03680522400595646,0.004331021272513037,9.934870186946e-08,0.42835350408643813,-0.033616832863219516,0.008765628022562762,0.02524286517643243,-0.014171587735315537,0.0068984337205487516,0.004232437526866746,0.01768377656595461,-0.030351008174856208
275,-0.03301081630551092,0.005082824924687489,-5.633487259297267e-07,0.5201307094158579,-0.03362846507837732,0.004120933231903676,0.025114218652339693,-0.01018071000002124,0.008914338746920637,0.004259750369197354,0.0154402815315097,-0.03561954452470275
276,-0.031695219138877066,0.008753301132287724,2.026144914453434e-06,0.6175777595644321,-0.03352264640265094,0.004262872852401525,0.025383684946192732,0.0012649606520475007,0.008050979993479718,0.0042546366001787956,0.011950580498583635,-0.04094133551549957
277,-0.02899952312092234,0.008289588392064062,-5.8682596556335985e-06,0.7002398485988294,-0.03403108515034958,0.004180874940109316,0.02089812028808373,0.020181643600882457,0.012736771616517296,0.004255364339293459,0.015473817590321704,-0.04072171278738232
278,-0.026612086386011268,0.007879740250771598,9.684388588614124e-06,0.8053024648646181,-0.030991368367258916,0.004200944009386852,0.021093822631292756,0.03476757522696234,0.008360142136940843,0.00425527822055439,0.01739058950215743,-0.034607939643608816
279,-0.02446814196320822,0.011365721788052221,3.505364541146455e-05,0.8973276580194177,-0.02914924770363374,0.004232387709756651,0.020982594195397396,0.0606488953468503,0.008619761093495484,0.004256011961750653,0.01661885408720262,-0.03444494427146078
280,-0.025382341969825417,0.012614774317858034,-0.0004919998082209842,1.0464578975464278,-0.029474026191638074,0.004072191065355846,0.020991076158809546,0.08396758685579084,0.008454941557514408,0.004250666386752351,0.02113540656759067,-0.025999976276673185
281,-0.02078205047884496,0.012418864353031814,-0.004809945148158389,1.1428061568794416,-0.029374004458677293,0.0046573024973968705,0.021122648324120145,0.14347674122923168,0.008612947048079146,0.004279786227483128,0.021393820239735982,-0.011314878653952257
282,-0.02496600950314779,0.01242542235586355,-0.002523112148531856,1.1934305355521961,-0.029230038455991696,0.00046640175901534534,0.020554714325091334,0.19641287362081822,0.008091166628683689,0.004143503131042309,0.025724205923630842,0.017817517356882473
283,-0.02523368057739349,0.012882029170901556,0.0003949561437426016,1.2528174957610063,-0.02490559460262466,8.358093945791054e-05,0.024357663710850637,0.2295874674498289,0.011079625541645065,0.0047118817999132895,0.026473977726023497,0.04627002842436337
284,-0.02948294403885374,0.016989442920317357,-0.00010973609356246125,1.5147974696158135,-0.025133825527414583,-0.004371223690977031,0.025292182270092382,0.30858158271908376,0.013054469326883927,0.00116161608285535,0.029942417512730326,0.08567955154362249
285,-0.028891612921881398,0.01650247096466663,9.754762693137164e-05,1.5965889400894067,-0.026434082504459663,-0.003943925576254858,0.025210490524196962,0.359652693471099,0.012691182343743142,-0.00017362864351568377,0.03170287382935743,0.131274099602385
286,-0.029192269433603042,0.016516297716227025,-0.0002351095082476196,1.345943112116616,-0.03201170047703688,-0.005374394957283139,0.025573513340420254,0.492887500067613,0.012829122369468841,1.7771986329967492e-05,0.034566584357812145,0.18169098793228156
287,-0.02856634367099493,0.01706086383921293,0.0038231512144786773,1.6063421905399624,-0.033859523928956775,-0.008489399390685222,0.029868966234299094,0.5634395395537142,0.012828863358382472,-3.973448529496592e-07,0.03349270039719928,0.2701346600524492
288,-0.032049388895602014,0.013599253852493864,0.00834764733940567,1.7391918661096137,-0.03355985660907175,-0.010450728578612095,0.028970867502560137,0.6578402681252261,0.017177614618814226,3.6439113098896196e-05,0.03779823952943491,0.36445993624628936
289,-0.03301010425287333,0.012625092176553802,0.00880075744742849,1.7846917719812332,-0.03364203968795772,-0.012991022301041962,0.03140535385594604,0.8264817894320289,0.017831327033171394,-0.00027662599052900676,0.03816652132168254,0.46884082957859746
290,-0.03694461792629313,0.00871671708648917,0.01269669297174175,1.8677218272531941,-0.03359190416912261,-0.012455724498846176,0.034055125950937286,0.9603515387789545,0.02144799768585232,0.0016993120078674026,0.04260760883889854,0.5293320880223628
291,-0.037354287894816166,0.008280035806697806,0.013558929882613775,1.898859621613772,-0.03334398220020088,-0.012834573662074671,0.03323707596948284,1.0944125402179805,0.023038436018757425,0.002702632220128017,0.043372808121332304,0.6880308205526855
292,-0.03736047890627894,0.00799883984027821,0.018814538722825663,1.9641840287388255,-0.029190633610618844,-0.008595198759625602,0.036930298848775266,1.2953663476003006,0.025962080141571905,-4.588460562483766e-05,0.05274337863096736,0.7608680384283532
293,-0.037336341754504496,0.003797350637324011,0.023092235291300563,1.914405901274411,-0.028553099167711708,-0.004075641379359018,0.041940885848879964,1.4033766378266506,0.02541154963121772,-0.002859357985583493,0.05665056678806309,0.8642431993168368
294,-0.03735059861880342,0.004263204494321192,0.028411333618902843,1.8196527095699937,-0.023376278354640772,-0.0042222861811985046,0.04214360784515846,1.6439155095160989,0.0256521664594523,-0.004481751918749021,0.06212106507560748,1.008395826183303
295,-0.037324987278283615,0.004118090718129427,0.028603790443248633,1.6943507691250999,-0.01843004879045246,-0.004478852242670855,0.04724344404386984,1.7027168824649785,0.025279343484063344,-0.004210494056120514,0.06362984242119693,1.1751208728683709
296,-0.03742645940036536,0.0041570548999666805,0.03684846353404928,1.5890088444012864,-0.01654753299515003,-0.002399551802096329,0.05079658886757904,1.9092186019615542,0.029769788025028304,-0.004259935721151442,0.06698946383303762,1.2529269484524468
297,-0.03702324339603547,0.004147648363828364,0.04150796481137089,1.4748261188244565,-0.01686517236953168,-0.00014207311506055228,0.0500338236970942,2.0238535129603874,0.02972610123158589,-0.004553332623316432,0.06800604014689454,1.324191374655807
298,-0.040086342234275055,0.004149857266728641,0.04202607931442452,1.2585943950131526,-0.016769331402258454,0.003157169056884122,0.05244035604973732,2.074817149161548,0.029815292350123708,-0.00907717904428578,0.07191230044507803,1.3943474492610148
299,-0.045312965547863085,0.004148886580714967,0.04588247197384589,1.0635818412118003,-0.01681453852145827,0.0011310324759957018,0.05749588677195075,2.152327248366409,0.029773267024017173,-0.0071604897033853325,0.07663903696673942,1.4507369942139456
300,-0.045578483635979515,0.00415006508349308,0.04676558715757384,0.8370457709271427,-0.017382432122251792,-0.00015993783838010815,0.062119914656932285,2.200593016923844,0.029815623029805418,-0.0038364404626396336,0.07692234095686744,1.5486716185446547
301,-0.05007273767886655,0.004152286189124616,0.05200397629094495,0.668671768056901,-0.026812181489643164,1.5915744981081516e-05,0.06685607146692046,2.163976981048775,0.02967421620279881,-0.0043460676685354105,0.0820677401005668,1.555379252097741
302,-0.05416460424295005,0.004112560168070193,0.056340118947378476,0.689746139520718,-0.029315809905027274,0.00022927659556120137,0.07156342857981915,2.09028238060476,0.03022147348247193,-0.00427571436245882,0.08656691989675676,1.5233532631721431
303,-0.0538625232406542,0.004390736672948203,0.061450059948322734,0.9180388705990339,-0.03119927561742138,0.005152492059643853,0.07576376219689832,1.9898311598186194,0.02652771310701914,-0.004116877000310139,0.09173136172879046,1.4740659932874152
304,-0.05396462414939043,0.002674670307039117,0.06226354893740113,0.7615571679902148,-0.03402073543575816,0.009655174800667644,0.07634546845457604,1.8873806278405534,0.025200325782454052,-0.004633364874583048,0.09391074110065414,1.420933550221721
305,-0.053937545548421645,-0.00031550934827489417,0.062371893977137466,0.40407165378846377,-0.0334999885233965,0.014733069641527027,0.08147977483116982,1.7733704891217725,0.029606573222202733,-4.180374725770708e-06,0.09355047591625215,1.342593899174778
306,-0.053937000196132914,-0.00035694371546052186,0.05798174166849302,0.2026906832091461,-0.033727151603586775,0.017086929987360378,0.08654108406841053,1.511792720630689,0.034114644429218986,-0.004417418567645294,0.09365174708195709,1.211356460926432
307,-0.05396448094457914,0.0030087092880986396,0.05787486965361702,0.06254746535966565,-0.03339646204940579,0.016861721021097103,0.08817652183577447,1.2898225860302692,0.03460179157650735,-0.004774602219147367,0.09356693721875435,1.130378058984671
308,-0.05387095625138545,0.004212312281407767,0.05172002684159209,-0.043875179434380115,-0.0378594423085103,0.01642613351894472,0.09104230588755971,1.1133074797345406,0.03875795884226176,-0.008935513425238838,0.09353236787245742,1.0029124584766522
309,-0.05409740354694026,0.004385255004613706,0.04330322108365453,-0.42153288867305244,-0.037712526475856815,0.02063751681073618,0.09630127016877572,0.9648006201264026,0.0381755296237514,-0.008643813390427739,0.08903470100646078,0.8711723349087489
310,-0.04973778205243432,-5.575648764441627e-06,0.04094625182170321,-0.5548062424646392,-0.03806377292929453,0.021011278275438246,0.09665740461223933,0.7983261890653284,0.03829890643983775,-0.006803907947636185,0.08971430264564391,0.7581478890687741
311,-0.045460887808101307,0.004761511020999839,0.026253131012747573,-0.5310420149281757,-0.03640272645084035,0.021023930633350115,0.09687338895532711,0.5495020026814288,0.03841416797604199,-0.001230707638366399,0.08782265113033459,0.6040294904675637
312,-0.04572174236635522,0.009124169296496967,0.02098861366785227,-0.5178897735240685,-0.03318314758540286,0.02101427249788877,0.1020555632548054,0.40193585990884473,0.037866760071565836,0.00030862732378014024,0.08497921193245817,0.49368889793976617
313,-0.045599133461545906,0.01412365439855156,0.010325944981854372,-0.49813593603915396,-0.03370328260212638,0.02093434147125814,0.10502301856582419,0.2792477736853756,0.041983942607609376,-0.00038507765719397063,0.08310897588200453,0.39185737986369
314,-0.04574911796728321,0.01666387178179201,0.004305330442630023,-0.47796849897918764,-0.03362531126937163,0.021375310800305598,0.10704847866746332,0.12593500573823663,0.04259302393417019,0.0041173093668861495,0.0775023177798606,0.31726650984155513
315,-0.04521613445367192,0.01835977891656854,-0.0001116929259980572,-0.43139843458452165,-0.0335226980204875,0.018712671493739903,0.10800015485603659,0.011589796994418668,0.04253256548319621,0.004364535138243413,0.07637278368656865,0.2442080471873236
316,-0.04840732072149693,0.02389904972802324,-0.006683239463674885,-0.407831399356457,-0.03378533437331419,0.014835305782137006,0.09875018521428809,-0.03080691251802503,0.042961738382657974,0.008810161879019484,0.07680816327874156,0.14170144419412173
317,-0.05012199398969551,0.024975737866670015,-0.021817137273777716,-0.377107499992104,-0.029312934745018768,0.0023178532896190184,0.09356221241887737,-0.11047566927818851,0.04801397111098562,0.0086318447275678,0.07227851419966337,0.11119858869737057
318,-0.04946554487447416,0.02507406624696782,-0.023527162712459717,-0.3201545512380112,-0.029484924815122045,-0.0037417496177937068,0.08425846844952666,-0.1526710395879331,0.05265437760460543,0.0070519862603482236,0.07238505765537633,0.06429729558007707
319,-0.05387283115717106,0.020918202443261626,-0.029276305398404593,-0.3079752962310184,-0.02944514765599108,-0.012702953574082361,0.08360855100924917,-0.20998452082689129,0.05720064156823569,0.0038392762813013025,0.0725316309705176,0.022484333569402715
320,-0.054065089765822215,0.01653376136988439,-0.03360389034172921,-0.2740004295252965,-0.02908380874719493,-0.016724774182192644,0.07049973359706237,-0.25050705538481266,0.06361596601515873,0.004235049014348776,0.0709560917376127,-0.001879289001266285
321,-0.05901229369830871,0.016022563874265726,-0.041122923520200666,-0.23512238528873602,-0.031452836868347336,-0.018462422959485518,0.07089958485740638,-0.2605536393751095,0.07791159321214157,0.004678090277059859,0.06754548276723729,-0.02095907668486694
322,-0.06296591527387008,0.012189280834872555,-0.041256810586745234,-0.20676960746702822,-0.034093529723095754,-0.02612004666030812,0.06529818889015823,-0.26480750838602823,0.08112158594587028,0.000690649641738534,0.06858267927341165,-0.04914970630796363
323,-0.07076366934874721,0.011362717178576379,-0.04545110724489549,-0.1945033485688439,-0.03309771373741173,-0.025006007458604033,0.0608191648130916,-0.25747299626683195,0.08438404562747184,-7.603044281906694e-05,0.06523010820099237,-0.05975589463304428
324,-0.084033955256851,0.005770403786549449,-0.045442575117955616,-0.17455453266000442,-0.03734053053720953,-0.025121391304596286,0.0561379973232683,-0.2463596086422319,0.09370831185365129,-7.489731007171587e-06,0.06081432600226028,-0.07809855471872366
325,-0.08900105872302637,0.0039013930012933655,-0.04115257881953083,-0.16314794305838637,-0.03776327628271451,-0.025725400977585734,0.05118067162269664,-0.2368438374995668,0.09339848049610733,0.00010664104557862091,0.051642786074225455,-0.08090167480196774
326,-0.10014561584352198,0.004198837341577173,-0.041867114999034914,-0.14171419524374707,-0.042363817357626586,-0.0214314672165237,0.050108109443630394,-0.21846187697630387,0.09442230811330644,-0.0008027988498883385,0.04664840259046616,-0.08051078761013315
327,-0.11052895824893429,0.004139743682623833,-0.039826683544797015,-0.11957541456417911,-0.046462471060625773,-0.02146523670697221,0.05464511581563042,-0.20873338134883035,0.09903854489350741,-0.005019182934828802,0.032474955221024414,-0.08293702651970561
328,-0.12340401125534636,0.004153396764429505,-0.03734648379388571,-0.11436565351390596,-0.04611571880589445,-0.008099662479172627,0.05458078364441671,-0.19547021338596454,0.1062196117777384,-0.002283910285372698,0.024496636842928802,-0.08534588051398677
329,-0.13712074252717363,0.004156163402437629,-0.034836476005787556,-0.10165795231091058,-0.046344680784393515,-0.004303905696666475,0.05443853705727459,-0.18539386309867137,0.11140955384763539,0.0005166681009557709,0.018734641199994698,-0.08546285272225974
330,-0.13675406385606845,0.004031828408754964,-0.032820172439317466,-0.09736724726751561,-0.04575522405611783,-0.0030575477784043014,0.05599282754498003,-0.17606314579433088,0.11024652315975395,-0.0006489120294290205,0.0086011836034418,-0.08142156712685306
331,-0.14493473820833339,0.005029928920534292,-0.03355027625258532,-0.08403177805356872,-0.049074891352279514,-0.0010505542295840982,0.059581157068494,-0.16684332987870956,0.11344641991072617,0.00385570223372405,-3.487646677178223e-05,-0.08079410837417031
332,-0.16020890942364588,0.008742676137525756,-0.029193173527632163,-0.0782301211615946,-0.05028775817425573,-0.00445697563749747,0.056462538823994976,-0.1563785592464942,0.12249522904838356,0.00047198984848851504,-0.013448129067675226,-0.0806596604091811
333,-0.16484390290410963,0.00819018573682963,-0.029091469188538402,-0.07659917011023815,-0.05400170081443765,-0.006151315036824738,0.05153305082718943,-0.1429357119788733,0.12765303971265968,-9.048604404691008e-06,-0.020718589915816998,-0.07571255490125865
334,-0.17546796734773734,0.008294268084348813,-0.028914993403427677,-0.06757592509244884,-0.05862717164726138,-0.011909282465919867,0.04689338714463345,-0.13673866473647966,0.12787208849897666,-0.00016981877294015068,-0.025098072325413535,-0.07102318367084084
335,-0.18089271710745058,0.008411118189849506,-0.02984121781120809,-0.06244583307423046,-0.06752746284978148,-0.012366901763170105,0.04214913785428301,-0.12914541913778213,0.13294564148882654,-0.0061023098500627435,-0.029854557860746176,-0.06636813330995994
336,-0.18940410835359406,0.007920166302595916,-0.035168433152513175,-0.057885271055143905,-0.06761393476462736,-0.016604657694332104,0.03726851162668087,-0.12281528218316382,0.13721503096707557,-0.013547421310389794,-0.0341500513133579,-0.06103961807986801
337,-0.1911480949926573,0.012091654461272739,-0.03776087289261525,-0.053292185013226405,-0.07284069280425275,-0.016812381468772144,0.027605672578866668,-0.1179988144702463,0.14390824665406432,-0.012546596548908611,-0.03480658495719297,-0.059783532163659586
338,-0.19083544361253746,0.012453855624429688,-0.036829898591610864,-0.04877067407685125,-0.07766957515166421,-0.01627233022311876,0.018490627892144937,-0.11769014565868682,0.15198692156708754,-0.012850786165191072,-0.03877955774917376,-0.056144850575486696
339,-0.20005282935831312,0.012463697766197998,-0.04051057373221741,-0.04374229127008099,-0.08022085095993331,-0.012433403887711447,0.008090948607596227,-0.11305407820084022,0.15326406104702026,-0.012624616334343036,-0.038171968877107866,-0.05522999463636495
340,-0.20928761694180933,0.012441119546541634,-0.041629764321447146,-0.04164235243936285,-0.07951833972934269,-0.011133689625410257,0.0043979533451675955,-0.10829144482115963,0.15349448551755626,-0.013207716100245808,-0.038325492677861873,-0.055315961549706714
341,-0.21733227752113846,0.012450386529818527,-0.04148341590988461,-0.03875428962182197,-0.08255257704113483,-0.008277029008507202,-0.0013118960697069038,-0.10469929264744673,0.14962079667854064,-0.008911403811411495,-0.03829864759298494,-0.055324889995706214
342,-0.22196191462489767,0.012447480059042797,-0.041489905516663095,-0.03825254453122645,-0.09150299313856823,-0.006234298957473419,-0.007690850316433232,-0.10506631813762125,0.14484717699159672,-0.008560929012843582,-0.03827730474620824,-0.05531681341140791
343,-0.22389493851063902,0.012448452058580972,-0.04150888961834031,-0.02732673690257241,-0.09663804357390873,-0.0010667094566326754,-0.012437068238598723,-0.10533277333271918,0.14035311352619986,-0.003964491215683816,-0.038346250783032367,-0.05532025215788091
344,-0.22808058217289995,0.012447438321413143,-0.04140687653175118,-0.020893242217408826,-0.09722673229139299,0.0034060783494454273,-0.012689277683802779,-0.10264292728490512,0.13978894515588516,0.0015012748073008403,-0.03831514002376943,-0.055316963064509325
345,-0.2424143639279704,0.012450412150358423,-0.041937859679877454,-0.016488991910522065,-0.10640993379668692,0.008312494842593735,-0.017141223184875647,-0.09712481736968721,0.13634061177580784,0.009293093850344812,-0.04311184260120524,-0.05532738150509355
346,-0.24522644173557595,0.012441802970229171,-0.038969227654390357,-0.007926813746937326,-0.11081787581487336,0.008523093575998812,-0.016666418857206877,-0.09681874045156803,0.14390469857230778,0.008333731311204937,-0.04776024857944813,-0.05529036360304314
347,-0.24465927593800826,0.01245733468095861,-0.03965164075638671,-0.007881437490648596,-0.11351439559280094,0.013267911568995091,-0.016943084909427024,-0.09242135489527822,0.15171460735391643,0.008365226150608274,-0.05251645043729312,-0.05539892750863318
348,-0.24904242068018648,0.012494923020152208,-0.04179354622014016,-0.0023589333555895996,-0.11545781275448176,0.01028113044131046,-0.016339071022520326,-0.09232700336158081,0.15470098911506736,0.009295951213388639,-0.057226512755456115,-0.05522041338088096
349,-0.2494838545121554,0.011872886025623466,-0.04146990117588656,0.0002490938805881297,-0.12044918385152113,0.0036876156620870145,-0.019687180161850996,-0.08610398877269163,0.1673260785706173,0.0025095974814702765,-0.06198314306364331,-0.05981135804642861
350,-0.2531425062005004,0.008123761012425755,-0.041465584084026466,0.0001702239239603419,-0.1255608296157135,0.002264231864272072,-0.0208332441593783,-0.0790831926775957,0.17055030908597762,-0.003945814565783149,-0.06659729250526271,-0.0588180669773556
351,-0.25557440273096843,0.006947104133328803,-0.041313441324069486,-0.0009066591319345286,-0.12588893503740925,-0.000411440814642699,-0.024752293306752486,-0.07992142888628441,0.17030306969641432,-0.004329414272099769,-0.07168974141118475,-0.05482780979956618
352,-0.26437617915627093,0.0036863668400177576,-0.037014039718869816,0.006744793034887998,-0.13029381330131137,0.00015998776334877126,-0.025222630851702288,-0.08024500003425636,0.1657598690504222,-0.004433044988051349,-0.07247130944095043,-0.055817908838446006
353,-0.2653414257956785,0.004285107591151215,-0.0374594082156924,0.008225303448272492,-0.13049834092568813,-0.0002473610370262966,-0.025620915306136836,-0.07674708835358826,0.16062626451479128,-0.008264916847531783,-0.06806078820723324,-0.052925315420802664
354,-0.26830132931022765,0.0040131367382870275,-0.03730641749483134,0.012398174498769534,-0.13571781153166676,0.004024165971137617,-0.02943782990746199,-0.07556061251499102,0.15121026154518766,-0.0039789460167978,-0.05436456392113105,-0.050790047152927814
355,-0.2727658031461386,0.00450751958759725,-0.03737848829928759,0.012661707680900957,-0.139326517838028,0.008700350365553335,-0.03171266445555324,-0.07547520616087408,0.1604836734863393,-0.0028364126167542423,-0.042531710278561695,-0.05101946057133782
356,-0.2814079671689769,0.0002803193213567149,-0.03723890774847553,0.016854376210262124,-0.13649417254741017,0.013535555121523124,-0.04063302716575543,-0.07993355173977952,0.15148322186736785,6.0682645717006936e-05,-0.021833507786979015,-0.05126828722451105
357,-0.28629145384394855,1.4167115905868767e-05,-0.03770466131720267,0.017332863423214342,-0.13454554604165475,0.017146103659299045,-0.0423111350587416,-0.07988285931276559,0.12599279720021708,0.0024537210680817432,-0.009894915544095084,-0.04675174173966423
358,-0.2816763832897447,-0.00014579185900829845,-0.03387018776956958,0.022810283986152032,-0.1314818522827588,0.01673105799737909,-0.04151599011553864,-0.07884854298726206,0.12835715662577304,0.0045588461016034115,0.022369284774169624,-0.04732460034812182
359,-0.27620013602495375,0.0010113874113484606,-0.02935626407413783,0.02537964191071564,-0.12997310258226474,0.016746291171523642,-0.045743932355333805,-0.07516148330799392,0.1244154459402607,0.00420275876615387,0.06173768377305074,-0.05144866371789501
360,-0.2684022045526019,0.003306692188760753,-0.020375111045758797,0.024074427561969505,-0.13045865867461828,0.017125636100057906,-0.04610904070216772,-0.07577698347869771,0.11931428023945802,0.004264603864806893,0.09459450518582155,-0.05095029323145049
361,-0.2605927023278738,-0.0005284907895873511,-0.008727591206455792,0.030768705270644025,-0.12601060378153606,0.01392628349433621,-0.045389717013607625,-0.07547743054341068,0.11911661737271706,0.004259169687409616,0.14271748037904033,-0.051090585471283485
362,-0.24801011437238465,1.5105709866019982e-05,0.016976795592228543,0.03725202681832215,-0.12512696155040345,0.008661530088484259,-0.021870206215293952,-0.0760745772161545,0.11428719598706508,0.00415428453507458,0.19145671184465876,-0.051066024425122876
363,-0.23970302762171555,0.00041855373847344657,0.032090581901009364,0.03710344100556772,-0.1165832924773907,0.008435217328299736,-0.009757956861311206,-0.07185774278224945,0.10960987768536756,0.005052698028503172,0.21302524216885899,-0.05103487479367911
364,-0.22948170538548868,-0.003302618488423012,0.05579779696805398,0.045908455819721805,-0.118911291184872,0.0037782669293780526,-0.0016324002073039912,-0.07146509144302446,0.10521821125373063,0.009275308187519241,0.35028807843932336,-0.05114709508880524
365,-0.22554042522798295,-0.004241178332388881,0.06603431635346041,0.045327814855268024,-0.11143127788599513,-0.0010005652711989768,0.02987142114030058,-0.06677898128768088,0.09837360976536699,0.006537966946408458,0.42572262190843385,-0.05096202561227168
366,-0.20380280673294607,-0.004161915277066113,0.09075245315855918,0.04673837674800082,-0.10261464807173266,-0.004426601515953867,0.055104138295614,-0.06276801127791908,0.09063495554322014,0.0037593117654391027,0.5263420275553513,-0.055519023414877126
367,-0.19487460677777477,-0.0043841106285382805,0.12676765389989328,0.04987153827858539,-0.09159813035368879,-0.004758873415238908,0.10810135189890384,-0.06311054499428989,0.08864817532603934,0.004825649918433637,0.6252258640861268,-0.05500333557748194
368,-0.1883864706290378,-0.008645217497913771,0.1728115087416101,0.05174369512691586,-0.08435183428232537,-5.531056263795265e-05,0.15463898995373743,-0.06299707275104442,0.09118123432165574,0.0006576140017076734,0.7249479388830181,-0.056837098067562014
369,-0.17054238000756913,-0.008183467579433744,0.19653987101797188,0.054010025812998824,-0.08013848301435002,0.007794554196762316,0.16927700706074247,-0.06305326900370545,0.07034706432956174,0.00022556843387565393,0.838902294386176,-0.058248935322565205
370,-0.16497381027838845,-0.00833094487010265,0.22903598276508916,0.056420627689810016,-0.07079344026630194,0.008182103414828182,0.2697307897575995,-0.06293791392578657,0.05961957649681135,-0.004253288433148131,0.9280015768260493,-0.05480429442126273
371,-0.15537388132605545,-0.008290905122321165,0.2555145707906251,0.061824328933589884,-0.06220278948041994,0.012036540742062738,0.3408365748187687,-0.06330403445638894,0.0499937430893808,0.00028381460888132683,1.0035824494417094,-0.05545622552407506
372,-0.14680192021185237,-0.00829992180723313,0.27585726907862007,0.062142981533891035,-0.05640335438102807,0.016784510273111237,0.4486738603993789,-0.05942973175024855,0.04225603348657245,-7.994437277941254e-05,1.07531180907187,-0.055197834346554564
373,-0.1369732292678238,-0.008300582624503502,0.31316119326222275,0.06648343118863258,-0.04941498475654062,0.021180351281112064,0.5468122335317833,-0.05461656094612581,0.04087957625612179,-0.0002495720108533012,1.0928410737119976,-0.05554633355482924
374,-0.12194638503307996,-0.008292448991371094,0.33677676622743064,0.07077446389382475,-0.05139253021201346,0.021079700629825178,0.619471359962359,-0.05434692359301707,0.029558933726634363,0.0017350556183930044,1.1494533011212797,-0.051017830424364
375,-0.11294444748983344,-0.008310135960847925,0.3403451579628082,0.07011302794576425,-0.0452227470126968,0.019990721846695786,0.7188856438620232,-0.04958338993312857,0.02507126893628287,0.004675763504557028,1.1857702142561353,-0.05113989452159889
376,-0.09508349773486124,-0.008327547537681612,0.32407689964064523,0.07283262406385684,-0.038575192824269605,0.01479933072344705,0.7963381121655572,-0.05327291930570996,0.025165795006611678,0.004135829823087959,1.2130100703988167,-0.0510340555973308
377,-0.08968180234628044,-0.00783093014365234,0.28789393657220314,0.08163254873507167,-0.034316345268481194,0.010403247377146981,0.9176132767118033,-0.05968576980622392,0.028958681929744216,0.004374939853855056,1.2235875068479805,-0.05107263600919221
378,-0.07099723191569864,-0.0037465668875785504,0.2464919469460895,0.08269725712940237,-0.0294450708328724,0.005100825645597851,0.9830062773690206,-0.058543005564726726,0.029595946355002137,0.00397774246545028,1.2245715654140725,-0.0510616012716447
379,-0.05747345347705183,-0.004262766614298595,0.20410303433518032,0.08592892989616852,-0.029142075678397123,0.004432427324254837,1.0279389022896586,-0.05918259843451752,0.03395886757793825,0.008386144146666306,1.243025015933411,-0.05106432381404013
380,-0.04713990773735794,-0.004146887601720687,0.107928411804957,0.08693727592285715,-0.02519633461281669,0.0003284147931457864,1.061299552826808,-0.055614754462772836,0.03421759712846117,0.008244329556381037,1.2762878543664724,-0.0510637361609846
381,-0.04342034639589923,-0.004038327683538415,-0.042489464007786075,0.09092333072358871,-0.022834002106403184,6.061024075929814e-06,1.0567870019955803,-0.050582259033363344,0.03862528874585349,0.003933270394033326,1.2905778061996995,-0.05106384330749543
382,-0.03873841762935143,-0.0045863973259749795,-0.16338153194688998,0.09126471032511715,-0.0163125888177883,8.592272782611187e-05,0.960838605197788,-0.05044045391515678,0.038457936137724504,0.004364401233114922,1.3105644119826794,-0.051063829144580956
383,-0.033809792834278235,-0.0007530973632105295,-0.2784770450609873,0.09585029065146113,-0.014476963069907263,-0.0008566467945958852,0.8919508340702049,-0.050403713735469514,0.03661699891608086,0.00422293472459925,1.3254099174532308,-0.05106383106308319
384,-0.03310604159631916,9.404272608595104e-05,-0.3605436657510117,0.10054779634330407,-0.013137699392780021,-0.004569765720094095,0.819046852865677,-0.05042614129458514,0.034067730500504365,0.004271143041016166,1.3315924700957513,-0.05106381307252484
385,-0.033197840298897545,-1.2101653594908269e-06,-0.4948936758461834,0.10388377895746098,-0.005922746888704428,-0.004485511961758971,0.7139862765309153,-0.050418449876303985,0.03133072877988989,0.004220857179252729,1.3478595156147815,-0.051063934305937725
386,-0.033527908843189146,-8.806787462440237e-05,-0.6068867083059342,0.10492448388067817,-0.0039356318705351424,-0.0017532469763091771,0.5790571581778873,-0.050420608728846454,0.0299157804323544,0.004370749615817798,1.2988127917904921,-0.05106330706794227
387,-0.03760969697212301,0.0007264288459163453,-0.6918087164280978,0.11047049079658909,-0.004206575336650798,0.0002887045589884036,0.49940157438741667,-0.05042002006041809,0.02623767855684916,0.0039228972121333455,1.2493687537907927,-0.05106609322895447
388,-0.037817797535224865,0.004584427723200182,-0.8101160671707857,0.11232969900993452,0.00023313953338161765,-4.7609574168692406e-05,0.39895057525620353,-0.05042037349132286,0.02534018401529872,0.0083220114039702,1.1245614027203978,-0.05105525914525994
389,-0.03387615445029735,0.0040380018600679815,-0.8516937887379529,0.11178757038395815,-9.616625212130555e-05,4.561264890190619e-06,0.2641295977736279,-0.050419656798682676,0.0299324797497178,0.008471401060948404,0.9935337365912253,-0.05109102059404673
390,-0.02869460401636954,0.0041468597630667965,-0.8638332773322668,0.11260018046243815,9.213989204408339e-06,-3.42539133466571e-07,0.22229875482576575,-0.050420730413860346,0.029125390515339668,0.008656942128989828,0.8631110226738131,-0.05100494737087571
391,-0.026371765768408727,0.004264627969758227,-0.8427606167806124,0.10411593651549512,9.588129428007072e-05,1.5019187510648059e-05,0.14281291743324645,-0.0504256771575871,0.025614087175641273,0.007596083134816325,0.7085714665496697,-0.051013492092777786
392,-0.025031627940033267,0.003736058116533085,-0.8307183242966653,0.09935802894276036,-0.00043616372373357187,-0.0001102867029405948,0.0714655158656289,-0.050364591700990696,0.022706256515784055,0.0034602931313556552,0.5791274114295273,-0.04649417734780618
393,-0.02130491337099458,0.00782360019851398,-0.7910557394921037,0.09520401929848638,0.0029479202348071045,0.0005982344714608017,-0.0068310841139386635,-0.05076142247750401,0.01603083305054224,0.006389435772967248,0.3995162724238085,-0.047133137257140995
394,-0.020673803433878524,0.008309784907827076,-0.7524641618180737,0.0951568353598328,0.004483038975148226,-0.003694253304477097,-0.09679491864871823,-0.048393465091800474,0.017579879998335844,0.008855113643220225,0.2290479840318945,-0.04539040958911522
395,-0.020512849320762555,0.00816895545423279,-0.6993381242463634,0.08697661805038526,0.003973993518319084,-0.011217924889226495,-0.1525112653460181,-0.0477709963320883,0.014277281553038127,0.008449669304935561,0.05190259496417503,-0.041655469964276076
396,-0.016796826903069374,0.003366417628655462,-0.6445355494419678,0.07397963389733007,0.008457741193111807,-0.015885727890999513,-0.19663434074332817,-0.053336723429135945,0.009231218681822322,0.00849438375917605,-0.06698080614889536,-0.045517014958568525
397,-0.021539454168613414,-0.001044054514331174,-0.59431963394142,0.06801695139437047,0.008329572099942359,-0.016754972714258062,-0.23159855393557818,-0.05779759836657352,0.004830432165406497,0.008568133134061554,-0.09536031786082821,-0.04631598226326741
398,-0.01900519805333569,-0.006096702046145956,-0.5271786516304429,0.06312444559143937,0.008432042941240529,-0.01713382813597779,-0.2588206028100239,-0.06263876114398173,-0.004396128420800982,0.008565232136978847,-0.17564148389630654,-0.05386219163773098
399,-0.01663866162142868,-0.008219505451262007,-0.46604438706081314,0.0622758520601484,0.008394828667163592,-0.008222923415936197,-0.29759415335191475,-0.06723933793075852,-0.008544238133318673,0.012936818888480068,-0.29963271921240603,-0.05957815293066631
400,-0.01409099875508519,-0.010757380911178914,-0.3725293499998387,0.058729079870358934,0.008405548953496421,-0.008028209789054682,-0.3459285381160833,-0.0759128731613635,-0.009304437392731155,0.013450849171069134,-0.3390241066445145,-0.060036863134932256
401,-0.012377816159793751,-0.012732086068639082,-0.294461305538253,0.0496752982767839,0.008402866022330466,-0.0038996268856963273,-0.3653376041645835,-0.07687967742545818,-0.013237770015802817,0.017826057364494604,-0.375064653015518,-0.06870223864983421
402,-0.00965652319283228,-0.012400725598765415,-0.23473525800631564,0.04457760843706321,0.008403457347397211,-0.0031593878104856253,-0.35366076691818543,-0.08640913112029583,-0.012643765495439054,0.015005064885363437,-0.37334139273675687,-0.06872165539830631
403,-0.0005463198101133943,-0.012453275688611185,-0.18313210957888512,0.037378312691121025,0.0084033509097703,0.0025044210836022373,-0.3345266740438679,-0.08812206812417202,-0.012785940077033837,0.012434905160665538,-0.3631659953883939,-0.07483141845033829
404,0.004274394688316261,-0.012448328958195948,-0.11775196210417603,0.03270385397244434,0.008403353815151815,0.0045733320574310905,-0.30569183815959655,-0.09026077252179011,-0.012794727912044064,0.012722724569724767,-0.35531796924551434,-0.07604245241656153
405,0.013252100427516055,-0.012449911727712686,-0.093815112081497,0.016246064266638334,0.008403335188484903,0.0037266840675248534,-0.2881038569708676,-0.09565371462272683,-0.012654136661438302,0.013137832026516997,-0.33876471370969485,-0.08219550523888902
406,0.01746878462033929,-0.012432401906474825,-0.06204088498696977,0.0058646663475597,0.008403752448422001,0.007853795658350838,-0.2673957692171905,-0.09931481782759247,-0.013038920773774923,0.00890489340609652,-0.30916938810419214,-0.08832332842736706
407,0.022101576112133495,-0.012535687446980344,-0.03763351342452342,-0.0064179847992477754,0.008400722720574998,0.008443681223504002,-0.24115888584255796,-0.11267414410186076,-0.008528434984943717,0.008497875962193549,-0.2979424340485167,-0.09707333786562136
408,0.027153488758658688,-0.012033525374905844,-0.007488700080808322,-0.010974545962266852,0.00841723935150548,0.008410164765736847,-0.23058929339541764,-0.11776723997872422,-0.00825701356642908,0.008183660954579976,-0.28726472665574926,-0.10215484173260969
409,0.028884139208631924,-0.014899235606453709,0.002481338909036108,-0.023274859138643886,0.008340461818911564,0.008436365501068048,-0.19640408944790386,-0.12241788982494645,-0.0038753152132706328,0.0038864774025337396,-0.2508500239591529,-0.10201937199597248
410,0.0319436548271554,-0.01645142378742112,0.026964942575858197,-0.03716872246173139,0.008655302589484748,0.008151810965475934,-0.16494656353990683,-0.1281051295331391,-0.004249324310898063,0.004373077112471002,-0.2315239697745614,-0.1027314662985563
411,0.033017912220727356,-0.019890656743335004,0.0445731135579265,-0.055739602025911196,0.0075251253756275045,0.009973781165782689,-0.1592788858277702,-0.137071492317895,-0.0048787076736067385,0.00422318178965313,-0.20415039783486527,-0.10918650919530111
412,0.036922648482688385,-0.020789553800503246,0.052764038262537075,-0.07225009567510175,0.015837988842690564,0.013136584056054074,-0.13642437699998441,-0.15135723468965306,-0.00013622153828548342,0.004263666755766554,-0.1902307817031642,-0.11957500109337173
413,0.03735085233906945,-0.020797034680725954,0.05797459316523129,-0.08471505184926105,0.01675787109579362,0.012060297283597603,-0.12780582805933374,-0.16507763135392406,0.007758460278438359,0.004251300226035182,-0.1680490576176641,-0.12581097553277065
414,0.037175991792549976,-0.01640064650483689,0.06262138988269601,-0.11585231618392944,0.021147735138932002,0.01586072373228092,-0.11110013379273787,-0.1773070777056287,0.008557551065606305,0.004263571009371648,-0.15971048292005005,-0.13387800099361863
415,0.032156010942288725,-0.016705180451568342,0.06649290290907867,-0.1339874700847622,0.02141699192555559,0.01692634141243877,-0.09359451322664142,-0.18788680345906603,0.00865485815771808,0.004234013146204329,-0.1353271355640953,-0.14002382058190976
416,0.028930205062678176,-0.01649422349397573,0.06740199688626003,-0.1607822108332905,0.026446166622272935,0.01680696674632033,-0.08335493755770242,-0.20093843321939067,0.004517228427750267,0.004279639909390535,-0.12361451422046711,-0.1443629344276696
417,0.027875195368788196,-0.01696418565056502,0.07100957925358002,-0.17284778569492346,0.031769630549471635,0.016872196651499874,-0.06990533651981899,-0.22369040532226678,-0.004769496767567453,0.004471704014817074,-0.11441588301935667,-0.15864174448080431
418,0.022365813967621516,-0.014464845312121713,0.07042443541134497,-0.19476552582021198,0.03163988996892196,0.016073008394716922,-0.06360448776422864,-0.23382543012799403,-0.008684549197856361,0.008867912010533502,-0.10963484854537053,-0.1713853555950115
419,0.02038242493674686,-0.012118897860805763,0.07056382149811757,-0.21913038830463805,0.029368393174574625,0.012733432483586944,-0.054763189980888624,-0.2511044202023927,-0.008520358314161801,0.00832296442319526,-0.09824916981142771,-0.17697618737903248
420,0.021214036074315493,-0.01247609703021642,0.07053684661949317,-0.242570765883268,0.026509023766476018,0.009282606389729248,-0.04534282248832481,-0.2616261026437693,-0.008160622417090101,0.008901908893300222,-0.08639228713219135,-0.1846268090422455
421,0.017152936303277078,-0.012548010960127075,0.07053442085784083,-0.27687551373820374,0.021549787825227353,0.00376612935911989,-0.03612069714601297,-0.2725127130702035,-0.010689302707021842,0.006360767066390687,-0.08573566342652846,-0.19384007256165148
422,0.016549206777804075,-0.01226059410531474,0.07054576880804429,-0.2845497187752995,0.01689928936530553,0.0016906901562588014,-0.02524612502285228,-0.2915125443438033,-0.012987781206613171,0.0038715102064327497,-0.08002534689688312,-0.20611060778260268
423,0.01659004953385069,-0.01658101110791564,0.07059856555462368,-0.31106874380128696,0.012169711764865133,-0.0005733939481652537,-0.012284461379561249,-0.3045899880820633,-0.013162339077270543,0.004437719143915517,-0.07302809428329465,-0.21499869665216548
424,0.0166031675202149,-0.012070118568336204,0.06990962567495133,-0.34389187529234055,0.008063137478041302,0.0035747574698937875,-0.0052852287365481605,-0.3218359610101573,-0.00900895812176191,0.0039147486778697525,-0.06915081222709588,-0.22497096911399198
425,0.01659543983577606,-0.012585368429089121,0.06596122761611857,-0.3617671909515252,0.008787520222881366,0.008319866879595848,-0.004486592964678522,-0.33192429582074684,-0.008622918007405193,0.00831426235159423,-0.059797252969360705,-0.22994554852136256
426,0.01659811935028763,-0.012413694800738086,0.06650245279916321,-0.38827920474936106,0.006610570001712907,0.013088446995515974,-0.0005648984445700295,-0.35101835772429063,-0.00417044603942979,0.00845292176457182,-0.059695820391797605,-0.2445752225586351
427,0.016597350467252497,-0.012429911607798399,0.06639149256661701,-0.4267160519259554,0.0038196674901730962,0.016734561288769944,-6.793513560071716e-05,-0.3675947450514878,-0.003829651834629726,0.008946242920710945,-0.05902519920716292,-0.2575227415428788
428,0.016597558764263744,-0.012564220188916212,0.06627642874999964,-0.4430078657327632,0.004251647315985389,0.01913560941060658,0.004474302808573699,-0.38952184179008287,0.00042497118688991127,0.013907431108831667,-0.054119862675019934,-0.2684860862278622
429,0.016597458532174356,-0.012011630510959749,0.06679723903615674,-0.4609387079170088,0.004289690610014494,0.026122400135046703,0.009291134123574235,-0.41753040800506136,1.7653926865404443e-05,0.01883292073450499,-0.04883477741198914,-0.28091544401302787
430,0.016597651877277225,-0.015864450334154782,0.06270999515523742,-0.47558428093796246,0.0039634347362747496,0.025023811565537908,0.012666447514608265,-0.42879068198504494,-0.0011162789748572631,0.02163715776312277,-0.04764738753955858,-0.29239690886385783
431,0.016597188338383497,-0.016687404761223854,0.062216659000359026,-0.504277601504442,0.008405647120047844,0.025129407763537764,0.014301057327258337,-0.4483478670442121,-0.009877535748305077,0.021158700211677033,-0.03917017745076153,-0.30755083060844596
432,0.016597488118842738,-0.016598140141121747,0.06224422718553556,-0.530747852883627,0.008242107746344379,0.025616024518334845,0.01676255942630852,-0.4709371405697284,-0.012779475284351192,0.021429092581293902,-0.0299850220285091,-0.31792285782753
433,0.01660396919332281,-0.016497781773233685,0.06208431914780806,-0.550026869398954,0.009241907538128846,0.02133500641858817,0.019704066168388237,-0.49013756677690967,-0.016333900678095422,0.020854521178870603,-0.029905508128291895,-0.32732006765116095
434,0.016545906889090484,-0.017401323673424535,0.06335312456696433,-0.562112655380483,0.013051709969995027,0.02101515571402685,0.02081692534933512,-0.513268701563933,-0.016914452529521586,0.025362763226453842,-0.02591794755269412,-0.3367794605873461
435,0.016892289592945472,-0.020855525111906904,0.06683594355961583,-0.5808998421051266,0.012460753300537962,0.016217918903311215,0.024897114165696867,-0.526472164485792,-0.02134144332780868,0.025617016519559173,-0.016796221457552725,-0.34703307144973705
436,0.014846550862736672,-0.022547064380982126,0.06628106703434938,-0.5872189182778845,0.012751872182453914,0.012345686708841199,0.02522527053867997,-0.5366325511655206,-0.020732975333726648,0.03461447441952898,-0.016748276599117224,-0.36065913914349124
437,0.012181963543225186,-0.02446984352002467,0.06641422085630148,-0.6080625356556638,0.012156033926507116,0.012609355060439687,0.030166029865388928,-0.5510846782873382,-0.01708894937964371,0.033714755514440545,-0.011152293817848583,-0.36873791164514086
438,0.012022530005611818,-0.03028147507457734,0.06638354983819203,-0.6140635564048612,0.01610300266176926,0.012973573828127968,0.03366350068106005,-0.5653614602596425,-0.014375282958636984,0.034863648564957495,-0.008480372526404682,-0.3687454038346164
439,0.015895166476205272,-0.033779533837284555,0.06639627938503347,-0.6280280829779452,0.016874993485349543,0.010217647239139444,0.0350710018202631,-0.5770441783932044,-0.007919399656001299,0.04229761639416566,-0.006746085777646997,-0.38174438009693956
440,0.016123098229878827,-0.032810884219718214,0.06638412539241717,-0.6406655306389907,0.016806025337511347,0.008103707693901398,0.03789644630119032,-0.5852699766862249,-0.0065826530086198825,0.049002277877438855,-0.0016794967613266122,-0.39085009873452997
441,0.024679274429393296,-0.037263618133788146,0.06632781322519486,-0.64227276922075,0.016925673714317836,0.008454951071727874,0.04015466937015723,-0.5995948876424524,-0.0016168065162685276,0.05716903645667536,0.0035322406225396074,-0.3991568668530482
442,0.02492890998763938,-0.03750480848574819,0.06703567535855944,-0.6376451567430755,0.015840078281596417,0.008397158964373349,0.04460754441917615,-0.6008165306669774,0.006243408629279357,0.05981799201843481,0.004018782838516784,-0.4042679096491786
443,0.03025049336582719,-0.04177741401851261,0.07095156477564737,-0.6297975606344155,0.01245869908407684,0.008403152167400126,0.05379257206876703,-0.6052295781805384,0.016443328817728173,0.06277769996522092,0.008384382737475791,-0.40457914626922914
444,0.03172121308841626,-0.04188916841809454,0.07051739758964579,-0.6273419891805448,0.010835785999068042,0.008407202304395301,0.05458554145045105,-0.6051185123495124,0.01703331150193912,0.07647176776863909,0.008664217828341349,-0.40971710363205804
445,0.022228842196041338,-0.04920367226183676,0.07014155773637037,-0.6151841176863488,0.007561069819862513,0.008376554667498521,0.059064520500656956,-0.6037896184333436,0.017105471559172476,0.0853033407246156,0.012815114825383615,-0.41424942161876743
446,0.021339810136568133,-0.0544791749527874,0.07326090792902736,-0.5954345453911909,0.011580897533972281,0.008552211066456502,0.058533120605499554,-0.6010598669835271,0.016462930293560628,0.08575397950573123,0.014807588794654854,-0.4194790176030802
447,0.015910618388945575,-0.05540586922395366,0.07492176117353022,-0.5815187512607117,0.012743789892182486,0.0072857176945528975,0.06008466600245239,-0.5966928497220253,0.011128071656969562,0.08957689433105706,0.02181920045095058,-0.4214567333786426
448,0.009599931931137921,-0.06463619543463389,0.07464135252971935,-0.5632265253991255,0.01260317249703516,-0.0010841184482508277,0.06357128797652281,-0.5894763452707156,0.008075040501031257,0.09088934107885138,0.023413184115709612,-0.4215684251498784
449,0.0015373222188633713,-0.06625966629893505,0.0747057980369876,-0.5447664726325864,0.012638558143464065,-0.004820544190603365,0.06244678830158225,-0.5826037474765069,0.009032549377630174,0.095040918914944,0.024925601228960696,-0.417778462180314
450,-0.004013584379969867,-0.07360161008408089,0.07486563165372526,-0.5273085626695895,0.012081170225547147,-0.0037303038069035122,0.06615427001460678,-0.5652718835009685,0.005674619383005718,0.10648039079225366,0.032199855190481186,-0.4129397921348731
451,-0.004122393390648264,-0.08726956323055055,0.0798278538924035,-0.5031945788934147,0.007912184467468102,-0.008203030279235484,0.06704038698173694,-0.5462553974924049,0.004027385306875494,0.11156953034666922,0.03336113152811357,-0.4083616483993851
452,-0.004586087560155411,-0.08740296433423178,0.08335777896268795,-0.4781825899415878,0.00887424925418207,-0.00846093358834209,0.07116907147350321,-0.5365454767585027,0.004288753974055282,0.10978680926548222,0.046244512356523326,-0.4085406633574369
453,-0.008617179198616777,-0.09156423594705076,0.08263163756012357,-0.46235553811652785,0.006262288969301778,-0.012879659083669177,0.0713826192168945,-0.5234595470714699,0.004252851389908731,0.12293152928276549,0.04665889468016902,-0.3992975035129198
454,-0.008572404392939425,-0.0923252764965081,0.08478750823198188,-0.4299013315409988,0.0038621568838471346,-0.012718274356617869,0.07175059023323002,-0.5100014296955443,0.0042504404278807546,0.13233019140353924,0.04746658643492744,-0.3829257483011683
455,-0.0061070272184694805,-0.09696179768677267,0.09016223371939734,-0.3899395337392403,0.004266033070235177,-0.011184352497705649,0.07783875871638865,-0.47829510586066387,0.0042973884094414825,0.1364488282568385,0.05120327172985536,-0.3720607908994674
456,-0.006112899097759935,-0.10457453170832517,0.09156036729145588,-0.37872534435968497,0.004192296318497067,-0.008044073415112037,0.0865821511264658,-0.4608531422664652,0.003996294252414725,0.13580760334116115,0.052557764080921325,-0.35796430303624655
457,-0.00868307645904678,-0.10840529762260542,0.09097621402567395,-0.34770317107357196,0.004202156145130242,-0.008168427709871645,0.08772727086968808,-0.4496384930903149,0.005832933105715882,0.13789574124834603,0.05547457969631761,-0.3390473713660393
458,-0.008229333223617206,-0.1078664596539134,0.0953561460369971,-0.32538910653763403,0.004200832423020268,-0.011053085625155236,0.09322083383909985,-0.433324257314021,0.009059674651654635,0.14040877178340874,0.05737987268349631,-0.33217513855738345
459,-0.008308448243159187,-0.10769481500917971,0.09540070833371839,-0.30026094084993976,0.004213127208340521,-0.016296226373645535,0.10062859766340182,-0.3973762598292922,0.007924380445444277,0.14304809763118395,0.06311847053194808,-0.323079766240293
460,-0.008298219420564959,-0.11195228768784006,0.09532491084753744,-0.25929085080379344,0.00412918190992475,-0.016935786935058882,0.10035257720893015,-0.3731889894949159,0.011845560933832593,0.1448489153245169,0.0636895884854172,-0.30457035812865774
461,-0.008292890096602714,-0.11651710216184806,0.09636964589946814,-0.2293425466996652,0.004568859721089969,-0.0170540871622784,0.10921898721590395,-0.3454937395322853,0.012579700479728319,0.14494935963502914,0.0677278684698474,-0.2964616282946919
462,-0.00834794576081778,-0.12137997575562373,0.10130008764379315,-0.22877997660228225,0.0019755351605135786,-0.025830178495819586,0.1092732050569723,-0.3287020479799747,0.01681469281189807,0.14066174403609402,0.07242897396306293,-0.2823660826424273
463,-0.008007432835293107,-0.12426281981296125,0.10635819970354819,-0.20248996498054708,-0.000327122268776414,-0.024952947554307315,0.11562402031284194,-0.3237354605304188,0.01698341975606762,0.14058271074700687,0.07218013563875751,-0.25807230161077377
464,-0.010026319451481063,-0.1277188683045289,0.10766548841461032,-0.1731342085339168,5.971784087501503e-05,-0.025451869933141254,0.12230340553302844,-0.3044212641117345,0.017136564658977782,0.1449741676008589,0.07311199171629831,-0.24788578410864326
465,-0.012433276053534293,-0.13331688710472853,0.11119585296409897,-0.15952454546408154,-8.206976770717053e-06,-0.023880612574178204,0.12356240156703271,-0.26917386214102124,0.016321515986971544,0.14453092744452703,0.07855451376526111,-0.24176437631031586
466,-0.015025748673984091,-0.13479146563103367,0.11187287054689841,-0.1370106628422259,3.551726788609554e-07,-0.01572704782892211,0.12667826892630055,-0.2442111901643221,0.010656899482858237,0.14495217757827963,0.0812083108408259,-0.22367765858323024
467,-0.016859945387852102,-0.14045270103549176,0.11609994464584694,-0.1228998861895503,1.7548795433700839e-06,-0.009453057994689316,0.12519083728602867,-0.2297215711654765,0.009021862986993413,0.14310753251094208,0.0806236943848022,-0.21291480191691678
468,-0.01655062092836736,-0.14093624668768803,0.11613419665823975,-0.10582933828936995,-1.3330565709339868e-05,-0.004620549460926403,0.13309126896964568,-0.20247469538039717,0.003471154296315579,0.1373854073491845,0.08142088909330862,-0.20780919134863376
469,-0.016611436314688224,-0.1449238013416062,0.11615265813917516,-0.09459942354178609,7.828931890513562e-05,-0.004262222817881551,0.1384550141287762,-0.19246127166620894,-0.0005406305424406237,0.1363854342159409,0.07686929952565748,-0.19285317903858876
470,-0.01663650579586582,-0.14950210374471623,0.1165203730193546,-0.07944803009083955,-0.00038369326693371596,0.0003182677577168394,0.1429445084977406,-0.17361388844785194,-2.7392503164191083e-05,0.13271733120406948,0.08058264205158283,-0.1803200187019844
471,-0.016067655514842568,-0.1487528405657728,0.11415626876539393,-0.06524349238481035,0.002341058231387661,0.0044568129560965605,0.1434192452883934,-0.1600581578858231,0.00025471750728837646,0.1284975115361003,0.08081689995051787,-0.1688520784839398
472,-0.012205944799426516,-0.1452502912725647,0.11381176130169081,-0.05628457163318242,0.004509534832834653,0.004000029217334304,0.1475243847981238,-0.14678890381716136,-0.004252334637900022,0.11477626219408735,0.08087899609416305,-0.15748692062630468
473,-0.011477506394939791,-0.14276574297783273,0.11671964648426102,-0.03804196663040309,0.0041455174246471825,0.005103316662306312,0.14693902855504118,-0.12697214093924938,0.0003140936756732378,0.11488710173756186,0.08084071779401973,-0.14165034725158246
474,-0.0058347944306357605,-0.1342881540557398,0.11567617445005274,-0.02921588067429435,0.004214100349281367,0.01312414948454752,0.14705512980055968,-0.1116817993234335,6.006680971933369e-05,0.10859303723405174,0.0808545194496229,-0.1290750439971359
475,-0.004124643516691073,-0.13101787428714362,0.11997695997163459,-0.021311881592015795,0.004202504441801663,0.017364993346242828,0.14718125415406227,-0.0998737245184793,-0.001214510164761549,0.10052616860329934,0.08084818713792825,-0.12000198885163177
476,-0.0019858485078976316,-0.12115746403587914,0.1202845646266865,-0.003215906518132863,0.004078209490628882,0.016807636935904192,0.14665333948230652,-0.0856805120516401,-0.005112586932284951,0.09447686559777511,0.08085986001444251,-0.11044823106906212
477,0.0067007117007087825,-0.10209341221491507,0.1246864607294969,0.004637076435188459,0.005228987512092424,0.016518367548798537,0.1510225270440351,-0.07146447251946711,-0.001731888086177837,0.08464953770090838,0.08081998978224932,-0.10097480306583485
478,0.012281181277148535,-0.09593083093198072,0.12437855136112917,0.01173203629703315,0.007520716449980058,0.02089878109358683,0.15130921432794772,-0.06583941421021255,0.00028546084860742193,0.0746891703989177,0.08094395804815695,-0.09111213617398117
479,0.01244572323716972,-0.08710811907609337,0.12452026530402359,0.021921761984884155,0.0036157232566110106,0.020964589162433052,0.15576598295497332,-0.04825560778820623,-5.091242967910427e-05,0.06941735484597414,0.08067548185441488,-0.08383178972343051
480,0.012457529269628,-0.08125854222296923,0.12444439345515407,0.021306527135212718,0.004450526723506678,0.021001547083130106,0.15540609334739464,-0.04522447602501678,6.648215382632595e-06,0.05722583267823397,0.08520085739537712,-0.07466316766966145
481,0.012443940906337318,-0.05922847054517728,0.12460475436077177,0.03282800533851592,0.0037334627613505,0.021199621254333216,0.15515328735476805,-0.03931493387580985,-1.3646067405425559e-07,0.042596534422580386,0.08490108821114409,-0.06473040741948091
482,0.012450865418471407,-0.05131699668567927,0.12401121859604636,0.04039326635243147,0.007711160625520784,0.019708708734630914,0.15755688802676093,-0.023506547569955693,-2.8197186194092385e-07,0.041833617610605736,0.08607955036405313,-0.060957405983147854
483,0.012440545019455861,-0.04377409730856354,0.1278256269528209,0.04825791635545009,0.008473015407018504,0.014164787338450113,0.16000644786305135,-0.013122197949633506,1.238513240838653e-07,0.02802340784278997,0.08980421691658394,-0.055706721390688003
484,0.01247929964680425,-0.0371014728846545,0.1285409282153204,0.053884767978219256,0.008407748287837625,0.012376772686930826,0.15960819389567027,-0.009418537655978942,-1.4528246065178443e-08,0.02448078206438756,0.08927856507513648,-0.05529980939799475
485,0.012328673733668392,-0.03017674903728102,0.13264429598753927,0.05403167061340996,0.008407007167386609,0.012611691651667404,0.1596520354085185,-0.004436280757194363,-1.1903539590148204e-07,0.019403665016784505,0.08925652385055971,-0.04994390707590243
486,0.012849806455769417,-0.025988151543525448,0.13706297624844233,0.05826182027339198,0.008339725873891899,0.012694790305748412,0.15967869041240731,0.0003151271992140729,5.61748420810008e-07,0.014784653103798088,0.08983298974637605,-0.03184259634529173
487,0.008754411931346046,-0.021329677281088567,0.13691012350650295,0.05891460553559506,0.008759088904784005,0.012532196282943896,0.15995754058334566,0.013828825428006545,-2.187894584647149e-06,0.010046413629076035,0.08567507890529819,-0.03060452156676624
488,0.008272484620582075,-0.01673976829651776,0.13665797276614441,0.062463748729774546,0.006285671053471896,0.016730240198811464,0.16428731413185454,0.01762464648392414,7.419275789173604e-06,0.0053365021364986,0.08523919983284332,-0.02467203855026982
489,0.008286832493899035,-0.012112963924922575,0.13868857033092669,0.06371783749938645,0.004290818606837129,0.012183961419340463,0.16349875472570716,0.02299688016820574,-1.9968889160329738e-05,0.0006188551669631508,0.08078619039257906,-0.01388681462558257
490,0.008305962761686872,-0.007991704842051259,0.14113202256410035,0.06877026072269649,0.0011629800482197536,0.012488426318323812,0.16549058567406305,0.02522331539665065,2.3600753970053415e-05,-0.0040938783815056895,0.08062910256413752,-0.009736920672171395
491,0.008291763847251171,-0.008656461299071213,0.14344291473982107,0.07367448181510007,-0.000166097577700862,0.01421223780737531,0.17042482850634896,0.027320274816708484,0.0001968198302570133,-0.008799641725175392,0.07499908208060137,-0.008331899647170892
492,0.008323800904484308,-0.006663421297146662,0.14830419134430622,0.07484004062181224,1.4438742310057958e-05,0.017654864221048356,0.17563203642700656,0.032863131189458654,0.00475944498860897,-0.013638414447969205,0.07328605739870589,-0.0085259647893097
493,0.00818939035623762,-0.00404064126796967,0.15325764082407212,0.07467411247946089,2.49694787665054e-06,0.013861229154736868,0.17625207567894008,0.03368848363859258,0.0030395298604379284,-0.017438010636825874,0.06473935351924497,-0.008506732452123578
494,0.008736970902626547,-0.002112733745312386,0.15347764432251804,0.07468868147544096,-1.7706725961259862e-06,0.012412376024017934,0.18045975698196834,0.033639079949682814,-0.00034810512540036373,-0.016553526025944457,0.05197524469291521,-0.008638981721089527
495,0.0052512149564107515,0.0033713076400192408,0.15781153278094315,0.0746048809226286,6.296259744516292e-07,0.01262972480969777,0.1806393866257666,0.033833866947648394,-0.0002386990949187354,-0.019240505949847587,0.04564473510352714,-0.007492431026771967
496,0.0038996070817434456,0.0042181640853474756,0.15829046294007457,0.07541553516411828,-1.7959749775728414e-07,0.012604734587079853,0.18066324303364623,0.03799022401248847,0.0023218364443098093,-0.021412915827290865,0.03565910408402171,-0.004135608056745759
497,0.004341722592500531,0.004222971767031889,0.1620882948337647,0.07935571980338638,4.46615409649264e-08,0.012603925999791476,0.18088960355269518,0.03890185276528739,0.0072840709326652524,-0.023539705867505027,0.02625811429032376,-0.0022957462954781337
498,-7.258895882924947e-05,0.00429605471173807,0.16302783999529738,0.07833787603453994,-9.88358371993634e-09,0.012605531983598216,0.17921556098523425,0.04213637153433278,0.012281838869678612,-0.03302565387234992,0.016793912710617094,0.00046986102310408903
499,7.38159513300423e-05,0.013326657606183219,0.168611839452418,0.08114719120199074,2.124797167636067e-09,0.012604888768737946,0.17458943429214785,0.04412298787486203,0.012815541280560488,-0.0341301640007823,0.0019618451675743123,-0.00038606244295996624
500,-3.2437654235375796e-05,0.017648697465658936,0.17047040258919582,0.0831815684292506,-1.0178190301752528e-09,0.012605082275330656,0.166774992687641,0.046685099302077496,0.012796210805944933,-0.03405346579735806,-0.015556551255708406,0.003450485763956372
501,3.250812633529787e-05,0.021114188852132964,0.16968442057683158,0.08333197458685002,9.307749156804604e-10,0.012605034529175238,0.1603180126672377,0.0457572875408521,0.012394824660784308,-0.0340672373171035,-0.024249195435945607,0.008429902972490156
502,-0.00011505185565566445,0.020749973566187758,0.17385653636270237,0.07930524648044819,7.276393271579525e-09,0.01260503619928,0.1562280244160167,0.050035329948487174,0.007086356221484991,-0.033811129888780794,-0.046011764097193396,0.008405719383450805
503,0.0004726807168284188,0.020330929125690164,0.17428943269976704,0.07881141682571871,-7.674067342436894e-08,0.0126050664228725,0.1470245351071813,0.050425840932556504,0.004164384401242302,-0.03549786933547116,-0.06792955930419935,0.009232302396828387
504,-0.003008299122307846,0.023629318985201195,0.17428809370544612,0.07882598758469633,4.780826266519057e-07,0.012604986621478622,0.14203054843873647,0.05043669976437098,0.002757522141839262,-0.03878938068558089,-0.08262883443980618,0.013208823862012392
505,-0.003956730889283783,0.02509560662936827,0.17426678081033176,0.07884475030335782,-2.411745045946741e-06,0.012605018419674504,0.13271988688512387,0.05041287440153218,-0.002968034360392799,-0.03798119645197747,-0.11020843824355557,0.01264461947587754
506,-0.007921406828990233,0.02487003743269058,0.17427752051598394,0.07883604445724032,1.059523328287015e-05,0.012606335897688383,0.12021074841055608,0.05042257631690473,-0.00436508851654777,-0.03910617996143019,-0.12702316343165876,0.01280266611495689
507,-0.008299087747828308,0.024896886486875262,0.17426611341103662,0.07883828356669877,-4.113773148380409e-05,0.01259508843776345,0.10412576610573931,0.050418878136273146,-0.004511455716640512,-0.0315062269568864,-0.1364725961515816,0.012727763912305573
508,-0.008006536249062833,0.024897280299763073,0.17430499186141854,0.07884033484538729,0.00013738903329922538,0.01266068361399912,0.09675841288867278,0.05042322814000557,-0.0004556557816946529,-0.02577436221568115,-0.1591736457936408,0.012868723897147665
509,-0.0039688801189303085,0.024896369224496513,0.17415441099393594,0.0788289475925981,-0.0003482504501876214,0.012341775590197154,0.08042524420898522,0.05040934245181021,0.004320682462911155,-0.021159016663707307,-0.18504409011353148,0.01255262471733436
510,-0.003047122390476771,0.024892879376119708,0.17467138214494,0.07887093500920053,0.004198863281993096,0.014498648559543525,0.0646339434688876,0.0504533836938408,0.009051026967534567,-0.006003796561553748,-0.22679488104519954,0.017083525129141703
511,0.00013373088973595032,0.02491369080194111,0.1705415595109748,0.0787419524825835,-0.0002722610229362041,0.0205642455210771,0.05493221740210839,0.050353723516464714,0.013692507729423296,0.016324078566877027,-0.24097411516372358,0.0169393366026631
512,0.0019675783004924085,0.02482004260502048,0.170109907003105,0.07901238788523694,0.00012314437149962032,0.017564299059748885,0.04544107581496209,0.05031510819847411,0.01880127104278482,0.020839665668334898,-0.25939452223321285,0.01707426533492301
513,0.00486218854476073,0.025194918135264636,0.1701100221994348,0.07462628954325926,-1.786602115362038e-05,0.01685524535641572,0.030142702541735313,0.04639702507143862,0.0212291496017846,0.039203883050531595,-0.2867696772233595,0.016888579601338622
514,0.001220165625446307,0.020591070308511206,0.17013000381678478,0.07426716390191633,-9.97690542173552e-05,0.012445966448655919,0.013796563187609993,0.05094614224948915,0.02361727385934313,0.07314173378519828,-0.3118773460872333,0.01759338084077457
515,-0.0034884538753965516,-0.0017612208890805487,0.17013079870844788,0.07032614561099439,0.00047140892192847734,0.002433874251712607,0.002098333228779352,0.05026815634603368,0.025810081170142676,0.09263707343279719,-0.3371432792897376,0.013747520281828646
516,-0.008097312729916211,-0.007899522751344906,0.17008287023665142,0.06929687354152286,-0.0030239741901197954,-0.01000153738568753,-0.019259688356750897,0.05045038465763706,0.025630111842048327,0.10728725542794643,-0.374781039698817,0.016201224825480465
517,-0.01276679871961494,-0.025782294574481023,0.17030722269276186,0.06582095713576849,-0.004016104544270654,-0.015078852964388446,-0.04769091232376103,0.05044637627144995,0.025157135096021764,0.13210396719910286,-0.39926452486952163,0.013420238110426013
518,-0.022382018129664772,-0.045407960107506216,0.1682934158851691,0.06693179623955607,-0.008037854653530225,-0.025248418697065608,-0.06385800424516498,0.05029938005069651,0.029809181388388367,0.1740879238500466,-0.4366900083205513,0.012752481051092507
519,-0.029457386057618076,-0.06961811032566365,0.1589488364289039,0.06345258997174646,-0.00839823984216763,-0.03399152745916298,-0.0940239385733302,0.050763539314074894,0.02053565758202612,0.17403834624324438,-0.45389090564816087,0.012984466018004494
520,-0.03021061648140298,-0.09099804525670062,0.15806121694136085,0.06195985191989027,-0.0085034567447501,-0.04643388704750884,-0.11804432271613907,0.04632511794729342,0.01633144030685071,0.1602909931146763,-0.48087542250828685,0.017579819815780738
521,-0.03415577170039274,-0.12960959787213924,0.14946158124032474,0.06248940594444443,-0.00771184550228026,-0.06084308010218003,-0.134115134790321,0.04606095700964117,0.011186538235355752,0.27926436626603834,-0.5118580233748444,0.01566602665009894
522,-0.030260668495249672,-0.14073970407986133,0.14899867788662335,0.0580830630764027,-0.0027415221125694756,-0.07117201579265815,-0.16496258294965024,0.04165922259518859,0.008028926172654643,0.28826916151647597,-0.5223935317258936,0.012340150372668878
523,-0.030010309864327633,-0.18481674319949132,0.1396718771767231,0.05815421440700352,0.002333143733084127,-0.07148930120420027,-0.186673458161483,0.042068994945565,0.009184008120631526,0.3218233222209747,-0.543894150862868,0.012896536898073291
524,-0.01897404301523313,-0.24360980463276607,0.13615956604690316,0.05806113796054764,0.004056792364055384,-0.07629432075553416,-0.20660908434131153,0.04235241241240025,0.0051034495701541525,0.3419788116051931,-0.5686036984129946,0.0126247564822222
525,-0.012724736001697268,-0.294965142806402,0.12877764346009427,0.058120148347123216,0.007154418875000275,-0.08147227851743828,-0.23921994291550747,0.03977478551808419,0.007751055131397176,0.36057713266826263,-0.5831132293740979,0.013148650937919735
526,-0.00827711161386253,-0.32804501472670494,0.12455072002941044,0.05798989350768063,0.008588161279735426,-0.08203007093861096,-0.26019611408066695,0.03752273924677609,0.004924271684521116,0.3738451381662697,-0.610217496804675,0.008798637362292094
527,-0.008091576792910476,-0.3686892922704394,0.11940929925676869,0.05851676931763219,0.008385013750554908,-0.07071051427219856,-0.2989102459233851,0.03776589825950475,0.004187981903677272,0.3823886631379723,-0.6131093262803381,0.008527796349872071
528,-0.0029550197607428096,-0.4395251972093655,0.11266462520086101,0.0553368888291755,0.008403431504350118,-0.06515847296516872,-0.30660212645546076,0.03807342516829737,0.004014917971470201,0.3849607779102508,-0.6194993211915621,0.008489419665667854
529,0.0003077453733377923,-0.483138564216723,0.10864938102808494,0.05361646504221546,0.00837231329279626,-0.052906344500243334,-0.3343528895616573,0.03364177569568591,-0.00017739488222694435,0.3371429226320397,-0.6303185034932212,0.00851904432101666
530,-4.96649558161825e-05,-0.5515402856441426,0.09974150894408254,0.05425475509828435,0.00863516606862364,-0.023538079522232642,-0.35348724687127453,0.03367397373145606,-0.000965173283176082,0.32877481163395356,-0.633428812478559,0.008506496044431006
531,-0.00012693240028579383,-0.5741752951499928,0.09072469306970565,0.04987765376541031,0.006936223766294315,-0.01415700921679849,-0.3828777459477358,0.03359983391082332,-0.004752096949504248,0.2612250092220854,-0.6423237169611693,0.008519414320602624
532,0.000557816827607731,-0.6268127236003697,0.08648646635038998,0.04984155426342581,0.003801461024211966,0.040197757448787834,-0.3984393171052269,0.033540488149195004,-0.004104597615035619,0.18326418896382532,-0.6510076800154311,0.008477575534660935
533,-0.0036727920696044674,-0.6419188143255999,0.08074249285132101,0.049737430693245356,0.004177862897357124,0.09409678428703237,-0.41597941282199097,0.03400504248895531,-0.0043961063542478215,0.10170462407971152,-0.6478137002496398,0.008624817346834462
534,-0.0005720187700149946,-0.6650405803545131,0.07073119637573032,0.049991533508621434,0.004612171803370853,0.18585045692883023,-0.42841617404737753,0.03118754207344113,-0.0038496497174365743,0.024527876541523802,-0.6340338544102799,0.008202558301921445
535,4.850201727303713e-05,-0.6646364955336255,0.06394767064941706,0.048565416895585356,0.0006017254842283837,0.2630631028323518,-0.43411974781592855,0.029114947453548146,-0.007821900728975494,-0.06385029161760697,-0.6301222670219235,0.012670074920995849
536,0.00023673234696801394,-0.6283413069102508,0.059265335984041156,0.043131267479684404,-5.905698943462563e-05,0.37819505330033026,-0.45712489506457066,0.029481106045183926,-0.008730120210591266,-0.11789777449172881,-0.6263634923284164,0.012713722464862137
537,0.00452317540010331,-0.6017832825285693,0.05786492625071398,0.04123288537305569,-4.934075033724133e-05,0.4442181937582227,-0.46229760697129385,0.029363695812717142,-0.004184917674262229,-0.13793726013437707,-0.6026566376535926,0.012792544953888514
538,0.003780175304873387,-0.5802177027351116,0.0582374337034053,0.041573431632032046,0.0005604590294617298,0.49569072784212037,-0.46726288743514444,0.029350613715662353,-0.0038983709844962675,-0.2159386464536514,-0.5799635064525993,0.012757310759137207
539,0.00573872448858062,-0.5375435518819178,0.054060186423577065,0.041397583190875734,0.004626073289827748,0.608128595723445,-0.4716505024941172,0.02457102131328989,0.0009811301316749333,-0.26827628341596405,-0.5433312023139211,0.012768295236863776
540,0.008739024134503347,-0.46023521876647644,0.04527276995662893,0.04164868561541793,0.004081160299142857,0.7077242830788291,-0.47742072812192954,0.019798291859844164,0.007242200049238685,-0.26060558237299747,-0.523174942323736,0.012765363162558717
541,0.008079164349051452,-0.43522931262269043,0.04582775055519364,0.03724438568798518,0.004231005079164675,0.7644354974007876,-0.4755110388765727,0.01626207730137,0.015249324932991661,-0.24916454125255058,-0.5053608239618839,0.012766248325554994
542,0.008770810684869866,-0.377431081799319,0.045506356555809764,0.03739926201688662,0.004197464906408493,0.8090848166305172,-0.4644746286207287,0.01773138428147146,0.01933572070489062,-0.23817032010069422,-0.49514853613189946,0.012765378165157276
543,0.004656091502714752,-0.30008784873264344,0.04606052818982057,0.03748234558298209,0.004194855957087379,0.792215349065976,-0.45889881751322326,0.011560800529830224,0.024467929909674058,-0.2218489217693958,-0.464036017744252,0.012767121929545539
544,0.00425643395665232,-0.2810830685638695,0.0432466765729522,0.03626569301136377,0.004223430232102338,0.7659946348143668,-0.4509718249786679,0.007896839260635977,0.0260453753306326,-0.21065434409397277,-0.4240945776223693,0.012767444015981516
545,-9.869732535183602e-05,-0.2012774182255768,0.04162705762387107,0.03083196481153282,0.0041760480408459385,0.7164431238261312,-0.43254913830276354,0.008481267555695253,0.02153699291075505,-0.18957715337378572,-0.4164618563548864,0.012730475438703074
546,0.00020870309536513755,-0.17132159006723743,0.038237963759213,0.028775218266671287,0.003976305467746564,0.6513879691780012,-0.4176085757107486,0.008395456236047686,0.021277642063923893,-0.16574894070245502,-0.3865132621090272,0.013022063520857852
547,-0.0009737961865875187,-0.1281787642708041,0.037228279693808534,0.029100984958993648,-0.0003508951869826198,0.5656033350984047,-0.39558372972385913,0.008388138720501299,0.02157212573554199,-0.15630428504259636,-0.3651855886243202,0.011150072680804311
548,-0.0042671246334995295,-0.08231295965689565,0.03734990733044531,0.02903612197199234,0.00011194331319209058,0.5200874740211359,-0.3789672214290473,0.008561536572936224,0.018775349772912734,-0.14885816770605753,-0.33195911642364095,0.008509663897692102
549,-0.005924122444673772,-0.055061118387175104,0.037433190614635334,0.029046779836486503,-5.556698727283802e-06,0.42226802737212954,-0.3596901740522384,0.007293055339152349,0.0071506650224204635,-0.1452453858831909,-0.30683139410994686,0.005897169004824261
550,-0.008669417784985927,-0.014546253358925525,0.03657236776890226,0.029045662155310743,-0.00010941043717631977,0.35316509534485774,-0.354133301909155,0.003749016555451878,0.008843180486192618,-0.13393421619511311,-0.2831086460506313,0.0040277785366898446
551,-0.008340428392933452,0.006004853941996148,0.03304495666547959,0.029045569612262206,0.0004522313322713094,0.29128680759692865,-0.3278559409795689,0.004319431313378966,0.00854594280660036,-0.12531475572050924,-0.27478226202084305,0.004195985274667067
552,-0.007909551644737792,0.012472606459501785,0.03157354631200212,0.02904572873188229,-0.0033352508659993817,0.219453978770413,-0.2974708899696757,0.004145905003097937,0.008074131128322826,-0.11315979239173787,-0.2385798696999985,0.004351775695244728
553,-0.012153101281889615,0.04685190213198284,0.028623833152309562,0.029045307037142195,-0.004290756751423871,0.2017160460303291,-0.2736653665070583,0.004313907493436571,0.01194252925322729,-0.10386447688462142,-0.2244881805339063,-2.457632341251559e-05
554,-0.012435941518438607,0.05802570893011931,0.02913548879079108,0.029047217450109814,-0.004209206660113997,0.1664771995568457,-0.26025432980028085,0.003931512850683466,0.012863811262536572,-0.09821831824706415,-0.20323141782107695,0.005620154672485715
555,-0.016912373241082527,0.0760881342350105,0.029027107257467304,0.02903893327318863,-0.0044998213783158,0.13318283892979998,-0.25186022013661097,0.008368496838897448,0.012765403655472216,-0.09370439426164863,-0.1767018349701255,0.007566406707586441
556,-0.015777772122838048,0.08404371510697412,0.029054051526597298,0.02907128090669266,-0.008796855083154993,0.11213216027048609,-0.22748624653677296,0.008342541720108216,0.012825407881981853,-0.08456809041798583,-0.17055793668178656,0.003724393657425674
557,-0.012087197130292614,0.08740429888011589,0.029042779768099162,0.028960301018297017,-0.008192653135088324,0.06675978143721512,-0.21268790339634924,0.008431742633977205,0.012183229383353148,-0.07931506968376496,-0.14792353493646873,0.0043799197511156735
558,-0.012355791816048728,0.0873426392543344,0.028943988386039045,0.02926719417877729,-0.008877454653217116,0.05467021600220358,-0.186933307444537,0.00838889308952837,0.007145018378047274,-0.07080528193234861,-0.12359117751152046,0.004229896313878115
559,-0.01329920807076047,0.0852758101442158,0.02995758794601663,0.025021520776803953,-0.005795772177757918,0.03558684195763137,-0.1706096257272441,0.00843402651111313,0.00220704147719777,-0.06477550145835882,-0.12168949803902333,0.00425956870066188
560,-0.006940223669204358,0.08037790440248256,0.03241798328785216,0.020379641060518993,-0.004786076741904825,0.019492015852591256,-0.16653355753538757,0.00828257756883847,-0.000387305519658503,-0.05654887600444608,-0.10070705992826069,0.004254864750535883
561,-0.00397336917727319,0.07549482070367573,0.028479095561626148,0.016276249466488868,0.002572234907097648,0.014308675231180496,-0.13620105636391122,0.008850548117505875,0.0002889526344577785,-0.05509779071394182,-0.08107993944703937,0.0042552895091229415
562,-0.0009071483391989218,0.07450039133950388,0.02921019551573035,0.01695424112323586,0.0044485011597972975,0.006413381085180942,-0.12560977668816797,0.004909296823900605,-0.0007514075296231545,-0.05553613818947362,-0.06711304945089128,0.004255353902099579
563,0.004086433551012081,0.07481524075099906,0.028898476728453554,0.014975810419869385,0.004227990248075806,-0.00039545265132995353,-0.1066738058208554,0.004147065368768788,0.007274350662522314,-0.05217410042051169,-0.058073369718624555,0.004255305848196199
564,0.004300721809103195,0.07040784999956508,0.02944070736952366,0.012041408031348138,0.008550194342291973,-0.007375864315964242,-0.09326169277944635,0.0042205257559833,0.012662323982464498,-0.04272303178402561,-0.0471951940273183,0.004255323650978087
565,0.008507383079625376,0.07058564064279067,0.025277465769487015,0.012541095868300507,0.009147930157360023,-0.011530103547586395,-0.07890174436180347,0.0036329712116121653,0.017538727443835257,-0.042426518579763234,-0.03394758109238521,0.004255315167199834
566,0.009068032349618713,0.07075206989143268,0.02488892424329095,0.012420376272268777,0.013063629580748767,-0.016617322197026167,-0.06493355377443763,0.000516068942081722,0.02658372822292506,-0.03787224341182721,-0.027185910145408144,0.004255331486713174
567,0.013442220656925373,0.06907037745711243,0.024885166571159852,0.012480461864193852,0.012588797105723063,-0.016825326653027575,-0.05050363044906101,0.004776400335180614,0.031106552914006297,-0.038685971196205746,-0.023228825640457036,0.004255277176550754
568,0.00906006813807133,0.06596562449350352,0.024863034981254112,0.012398311529007677,0.012178854217400946,-0.021309306224938727,-0.03929035513916471,0.00405587883264171,0.034366693275823146,-0.036693018900848626,-0.014850594596870558,0.004255431744431528
569,-0.0011896190997153285,0.0664787822937748,0.025129174791272104,0.012283613563870444,0.015647261617030464,-0.020686027374939922,-0.0342013810650479,0.004234262807467562,0.0342549510369849,-0.033510668021852374,-0.008511849407105877,0.0042552069260935995
570,-0.00735246199884365,0.0664015474099675,0.02341124734326406,0.008503923877535808,0.01690998494745434,-0.022396575969484103,-0.025228634320470362,0.004195399011930571,0.03186040661365863,-0.03459199962553761,-0.0086738842350006,0.004253981853337563
571,-0.011220610596529504,0.06629758648818981,0.018523821390332016,0.012902394576007802,0.0169275155020922,-0.025637850250050172,-0.011303120731492788,0.0042026362854986656,0.026293930520908393,-0.030842664580916352,0.004816935455453308,0.004268331205629916
572,-0.0201491031817564,0.06659255603515529,0.013409881062547762,0.012642010593498757,0.012437169220092902,-0.02511942823367929,-0.0029913090815356976,0.004201605523829805,0.023141315286268015,-0.029612110802254645,0.004527001496750059,0.004176473584543327
573,-0.02498947619279152,0.06220029388658729,0.012700156109699462,0.01045634767377814,0.008189525564734481,-0.02519844335873058,0.001431313562093528,0.004201643459324183,0.004966743055355209,-0.02984359606634386,0.009944673153050022,0.004644677658933597
574,-0.03416396891004348,0.06228986359171856,0.008628499201141164,0.008250179038971678,0.008479507501896036,-0.025304487978791333,0.006218931013136554,0.004201910555349,0.004243086342060794,-0.029908745641177303,0.014878286626743915,0.001852719591777012
575,-0.03670271600529544,0.062360715428441925,0.00831490830672328,0.00581787981372268,0.008403885316285793,-0.025010299362629978,0.01088978480739521,0.0042002760354368516,-0.000421080421585795,-0.03435658672321713,0.017020326108742944,-0.0003325651301343724
576,-0.03286452091352399,0.06127128095900681,0.003908686794510764,0.0005355995112918138,0.00829814823780998,-0.029475089982327538,0.01563952435617984,0.004208844603206157,0.0003611886436386696,-0.03386451210707026,0.019378446407483707,0.00015107863774549887
577,-0.03215512953678613,0.05585256320428237,0.004255933693858837,-0.0001172224991916438,0.008854089184249481,-0.029335512010959224,0.020215469046994762,0.004169970808361769,-0.001410348331147364,-0.03442782474795192,0.024670855577572343,-0.0002126149419480641
578,-0.024637825831630655,0.05368767418791109,0.0041209911701465905,-3.431117562299334e-05,0.005272072181206447,-0.029441204515125167,0.025135491381752046,0.004325316812279214,-0.00510521611773937,-0.03195841382997892,0.02884309390616098,0.00432497344942093
579,-0.015460141199980465,0.053885893017530606,0.004131347525876468,-0.0042713924244231856,0.004051317426459993,-0.02940250764618796,0.025400070438818836,0.0037883756072414694,-0.0015857404624359367,-0.02973725324115403,0.038161414699355335,0.00417566053604903
580,-0.005509366213218438,0.05431711149230164,0.0042634025434859415,-0.005052980456807354,0.004214069142884201,-0.029416563093950927,0.02966662683760485,0.008005023867321588,0.00014825525771162474,-0.027277740495455578,0.03821353480363678,0.004285459842686578
581,-0.003988793281324081,0.05023504369794452,0.0037085263479348625,-0.007420851873904632,0.004204214279997667,-0.02940071726584623,0.030163200442342324,0.00840316594950577,0.0003180894521934213,-0.021693316352510452,0.038267355068694386,0.004246538596877213
582,-0.004145071499638962,0.04975515172438912,0.007483031661994614,-0.003974115386929446,0.004199996117557487,-0.029449873531496012,0.03595769310695493,0.008087680559447152,-0.003943491140151951,-0.021433893855123256,0.038867689277018544,0.004257516887368618
583,-0.003982580349006405,0.04952157827354169,0.008414243646886926,-0.001944343342884435,0.004202271749411741,-0.029298696805715032,0.03762218454779451,0.0040067295268378655,-0.004234160178231021,-0.016980664871191913,0.0465143716966119,0.004254837373694796
584,0.0010241212694357194,0.045463146836386185,0.008292361383823449,0.00021839210310856518,0.004201513811084705,-0.029616805200183925,0.04080127660426211,0.0030500704369878094,-0.0046747826236580815,-0.01712307692969796,0.05134109004331823,0.004255409037631646
585,0.00420175528073985,0.044686739460288116,0.007974657781998606,0.0003341703238946552,0.004201719224817185,-0.025202331843874916,0.04183880002434793,-0.00047779054806054136,-0.008860738206894654,-0.0167847906356306,0.05371207840626345,0.004255306588743766
586,0.005633641888521961,0.04091411704537031,0.003776864297908233,-0.0037320074906923976,0.004201682986754894,-0.030177958080056938,0.04591252694150491,0.00011985828391504309,-0.008613540327301807,-0.01834471419470822,0.0555797649428306,0.00425531962410503
587,0.008808446074987673,0.042062848755665544,0.004266696013319532,-0.004162443328453413,0.004201643317302892,-0.03486484084221529,0.04619912384058007,-5.523801027083426e-05,-0.007106905104595211,-0.021791028088978155,0.05528195019770568,0.004255317651446223
588,0.00790605852229835,0.03872050250264497,0.0041181340638044095,-0.004095288507266162,0.0042017859106172235,-0.038215721373870686,0.04624136102051312,0.00010548743553707068,-0.0013304528988063078,-0.020883210422424612,0.055321165190545946,0.004255337109556921
589,0.010905792495481743,0.0375224709922038,0.004156066268307313,-0.0048033474395575435,0.004201563248007345,-0.03759470418571303,0.04620982878952622,-0.0002136788925810784,-0.0002214416415591326,-0.02362480302163573,0.055320181895129696,0.0042552094340695314
590,0.016490147359939776,0.03380648039537812,0.00415071257980154,-0.008659745966293327,0.004200555254445985,-0.03834675081379525,0.04622103287321688,0.004254543079892879,0.003366536309268476,-0.02966804094281246,0.05531882779678824,0.00425586064590723
591,0.012691363781061265,0.03315026379310802,0.004140241370300671,-0.008537004831877896,0.004213078754598858,-0.03445245737045261,0.04621770599920215,0.004244398302896997,0.004419502080965565,-0.02573489982480092,0.05531791735459509,0.004252999393242996
592,0.01250000123600504,0.03321703656662014,0.004171947768748077,-0.006189452257431528,0.004131515410726941,-0.03405429239686442,0.046219248549432115,0.0032952023687750935,0.004225313029127351,-0.029740562007322082,0.05532620750777261,0.004263999088549865
593,0.012083850232896275,0.03273036207170879,0.004144417567924398,-0.0038023382982257216,0.004553267766963065,-0.025654028297985562,0.04621633103990652,-0.0003716249647546002,0.008935259936388858,-0.02970994217251887,0.05528785913047347,0.004228306623184747
594,0.00693847234559102,0.02863897130631296,0.0037382038419805017,-0.004224324202832295,0.002031012429277941,-0.020813247355269977,0.046223985689391796,-0.00029851760656416054,0.013804009019347386,-0.029828820055249977,0.05544183424844139,0.004310472444948644
595,0.0041430801994899675,0.02916541739858849,0.00037830284106343023,-0.004115028506109818,-0.0006733269778157278,-0.016104984206806835,0.04621493360015134,0.0025717698348099506,0.017097222669567022,-0.029738803959772384,0.054899871866257235,0.004334544889894013
596,0.002321229363387196,0.02901657720968337,0.004708129131066583,-0.00418879858153929,0.003068290251362162,-0.011156931348253052,0.04613662551903101,0.004435329163176105,0.018625538210405256,-0.02997255745651385,0.05907780404007527,0.008810039577191056
597,-0.00035438173186264023,0.029044219192077482,0.004000043599224829,-0.004298197404922452,0.007916105271420497,-0.008399615896798709,0.04699243327483524,0.004249726443295414,0.02180901476733879,-0.028369665242783955,0.059605858134656756,0.0084017361541726
598,-6.679089982577677e-05,0.029076261242389247,0.00418477873002061,-0.008511702076613295,0.012537133934524217,-0.006345087988930077,0.05086877225500866,0.00407122985748966,0.020808903873937013,-0.019708237068015715,0.0596023106753139,0.008520385507349367
599,0.00045812383182601405,0.028943642180701463,0.004141816640280814,-0.008892554385416866,0.016752275269516777,-0.0038591912828393454,0.05030283338059295,0.008546953957842116,0.024314612161145523,-0.01622008655269757,0.05940532524086491,0.008608593495480312
600,-0.004040428566479499,0.029285031872375765,0.0041512158267787485,-0.014466141509181707,0.01883762199484891,-0.004205246608848411,0.05044525643760727,0.008323892490728502,0.02907338304537283,-0.020784107653389238,0.06069490857014345,0.008086631111852417
601,-8.605406326043195e-06,0.024902158721091257,0.004147945611886052,-0.016497548853790338,0.03180138288120105,-0.004368017531028064,0.05042163247881891,0.008363809017309754,0.0377687704846741,-0.021377798753005633,0.06426244171634547,0.011663208091592953
602,-0.00018011514865389402,0.02487257101147453,0.00414958011651281,-0.019014599818777393,0.03520796923174621,-0.003988956411205641,0.050401015725473446,0.008757733290960695,0.051327412910060065,-0.016668790117019723,0.06382465212167922,0.013197738061144536
603,0.0009132027862752266,0.025597272050586525,0.0041727766509391095,-0.021067553432219804,0.0401808086892266,-0.012827586380971222,0.05045324136885941,0.006198782145876524,0.05245680351689638,-0.012466605042035424,0.06343115254132764,0.00859064744668752
604,0.0037012353947538574,0.029491584567123717,0.003957089052633553,-0.020601815371540353,0.04493810295822648,-0.013715899837762535,0.050547459830983486,0.0038737992033189995,0.06647992868555473,-0.013129117189696978,0.066973097170263,0.008559197031154937
605,0.009234771814963804,0.028924008076272937,0.0054038762560722885,-0.020957615142239844,0.04912262880330971,-0.0217623406084922,0.05539045310625258,0.004255920663971232,0.06715860453015667,-0.011076964821867295,0.06855674310821715,0.008499878773593393
606,0.017400533779072053,0.029077640683359364,0.008737813660263572,-0.016558808696113408,0.05808504404068505,-0.021954125294594083,0.06024020518439623,0.004208184145871318,0.07411334594559699,-0.008424302179087304,0.06391663394180819,0.00843331228454388
607,0.019060655626644156,0.029028988023167952,0.008195118834905524,-0.016664164493307862,0.06306934693024159,-0.02830680877563697,0.06338741579676296,0.00419300533329035,0.08425824881021407,-0.00630650277658828,0.06365617839656369,0.00892913374317362
608,0.021048742121954716,0.029081880819490015,0.008319819005067708,-0.016584436707419048,0.06736402714350091,-0.026983355996480694,0.06293810706805551,0.003980333464846632,0.08790876876999044,-0.0010973987862010416,0.05936585438931858,0.005971235630439713
609,0.02064435236540025,0.028949507578253396,0.008296902303071604,-0.016524913945328457,0.06787675506666033,-0.024539162661857166,0.06304287450674598,-0.0011238680089120572,0.09316375177549069,0.003394664724680504,0.058611680746985695,0.004407480176643601
610,0.020831240659315266,0.029173884999774594,0.008294584096291167,-0.016980576626510032,0.07270965040588093,-0.028995748240533983,0.06302405161077347,-0.004528296680358615,0.0936569981037915,0.008407162494032642,0.05482597736129867,0.0007783456623367427
611,0.016288900837529374,0.024882537864317104,0.008299202271990904,-0.014270274506186259,0.0794804785496201,-0.029435785029477444,0.06302095945220772,-0.0041146057511805365,0.0936223393122664,0.008638493761596278,0.05544143187116153,-7.691558538146888e-05
612,0.011981082404062754,0.030013021479758813,0.008387014339991755,-0.012142004484488027,0.08684796783764832,-0.02955365148009712,0.06302350727982074,-0.004222073383667257,0.09361526984514681,0.012590169067188791,0.055291567255677625,-4.120875160780699e-06
613,0.005688217196172458,0.033489452446855625,0.007534840544870348,-0.012503555814287852,0.09106651592204913,-0.03536076405762815,0.06313280994627202,-0.00419750725272734,0.09360080358691837,0.007990914074222796,0.055326656264195674,-2.7719033407022276e-05
614,0.0007732791617560592,0.03302476673368376,0.0036865218548987034,-0.012440702954305353,0.09584393785510746,-0.04285584360354173,0.062130396463780393,-0.004202385863101605,0.09371131670842892,0.008578482429964167,0.05531174621521589,0.00023971792718504396
615,0.004450055884498508,0.033626203402010425,0.004369883462768158,-0.012448334338763347,0.10048936405529883,-0.04145682903960773,0.05837098034708514,-0.004201602279128008,0.09318056370152382,0.008883292077615863,0.05532867733568419,-0.0015380935111262864
616,0.00619098703996054,0.03065248833426426,0.0036838623330276562,-0.012447054766622926,0.10515776470100828,-0.04425060106446933,0.058938395978036705,-0.004201676933146036,0.09624847227140645,0.005984865308962448,0.05537098117985696,-0.004681061659152292
617,0.011303951699837736,0.028779068108439883,0.007027695444675943,-0.012460202434217721,0.11034731816912,-0.04697311656582133,0.05879807991015795,-0.004201686192984824,0.09780588922630193,0.003967249743385395,0.054692916214437996,-0.004170506672146791
618,0.015755955779965164,0.0290883567627943,0.008494649528762343,-0.012375356798128864,0.11914664741039363,-0.04279761718886298,0.058828342869136865,-0.004201678104421865,0.10107595939073018,0.004304241403288142,0.05090300567067845,-0.004242346155218183
619,0.020454678722791518,0.029044554994414447,0.008274321629671066,-0.012809567654304273,0.1233696012986501,-0.04192422591740204,0.058822807071157134,-0.0042016837071731225,0.10599883295379697,0.004249697741330908,0.049527293709166476,-0.0043338784548522845
620,0.02505034203749327,0.029049518985969774,0.008298795764165952,-0.010288963786350008,0.1278217313871746,-0.042017846728600296,0.05882360194343244,-0.00420166934125339,0.11069423730508332,0.004255134083197911,0.04666526454537121,-0.004179566441549851
621,0.03369666243072036,0.028938431610144887,0.008300100584416917,-0.007963894165863272,0.134954825216854,-0.04199784903070609,0.05882388944006223,-0.004201726369193001,0.11551342244856849,0.004255646242034315,0.044676915627249986,-0.008713412667494275
622,0.032804964026061305,0.029885594140817137,0.008297207453624332,-0.008362986838207227,0.14496857435021995,-0.04220882855775082,0.05882008789703409,-0.004201518019804893,0.11929531449320631,0.004255458862221922,0.03905414080396992,-0.00841026134690143
623,0.034532927200602144,0.03355657280502719,0.008304774267026555,-0.008288925504847009,0.15092767945115032,-0.04074374875059154,0.05884450928209395,-0.004202149136326173,0.12014996114211593,0.004253761250173496,0.038213573315791685,-0.008542999783843859
624,0.03787104949319173,0.033465166554222,0.008270551050163794,-0.008299531742323164,0.1512627040527635,-0.03736888405205367,0.058719652785008375,-0.004200952491365642,0.12533808658622264,0.004262930186653268,0.038276915789553216,-0.008501971924201091
625,0.03680466324658521,0.030884957797229006,0.008418296315573177,-0.00829887574956624,0.1561149402331037,-0.037928557137348065,0.059268551106337615,-0.004198396469652988,0.13034481995359676,0.004223085344186561,0.03816814207061449,-0.008512665754194373
626,0.0402198612444529,0.02874296543651018,0.007848951027145447,-0.008299345290470212,0.16880499474331512,-0.037759759102920856,0.05585019344543713,-0.004242734427561631,0.1321586204201877,0.00437704710389942,0.03330495987709484,-0.008510223365971362
627,0.04167081346842033,0.02907410920509152,0.011699240501503318,-0.008294186182030861,0.16888763991317635,-0.037926442804635405,0.05444555195168883,-0.00393490957664821,0.13189437586441066,0.003858135890255147,0.02838819075860164,-0.008510716573873792
628,0.04153193361844188,0.029108930063875556,0.012478890945053597,-0.008322776525153695,0.17242713587203298,-0.03757164321432889,0.05463567528444253,-0.005851661772116791,0.13186023203036656,0.008118835971234611,0.025414389751244132,-0.00851061104962117
629,0.04144583336608949,0.02899313763725608,0.012446315273521342,-0.008189431313317027,0.17440812940227804,-0.042033582818259585,0.05461561517578644,-0.008700373767515993,0.1319456290869701,0.008520654556110861,0.023967563607395874,-0.008510606730452982
630,0.04590538905809457,0.03338842353720278,0.00796873573135991,-0.008743952319792931,0.17638735579304124,-0.042231323892656436,0.05476401535839109,-0.00876712323977157,0.12729082826740185,0.008524565757033885,0.018110226573451585,-0.00851129539603197
631,0.044896552000792504,0.033100863919739425,0.009131449078234181,-0.005279218548710355,0.17964116406681221,-0.04747403752652471,0.05353624216921219,-0.005126772814271931,0.12184142687942366,0.008516520839657628,0.01726908673390124,-0.008505967759891174
632,0.04109393894704317,0.0332259675586355,0.01315796672688455,-0.003977649177359209,0.18082818890910454,-0.05076325089537394,0.05032154126755194,-0.004085100520265564,0.11317562014774857,0.008436258180804148,0.013378621746958965,-0.00853572121481945
633,0.04160649864853359,0.03318646702271062,0.010531914518401006,-0.004171927265990898,0.18064344927596443,-0.05023123216315671,0.04836255785246647,-0.004205713451078542,0.10838720854501892,0.008887230247169331,0.012715298744487659,-0.008396004657488477
634,0.04145823076744186,0.03319697761578719,0.007929961033071711,-0.004153993922039915,0.18043899158295038,-0.05087887156127211,0.04585647157503699,-0.004205870803917611,0.0926744701332981,0.00624816992516988,0.012756684280779298,-0.008969463553062095
635,0.041532097156742546,0.03319520423824206,0.008411119110422648,-0.004045179800857125,0.1759675011721406,-0.0474453097231499,0.04630379771090608,-0.004199695659014957,0.08142004334220809,0.003920593805079682,0.01277263411542891,-0.005236674497991074
636,0.04137982485615689,0.033192826227963636,0.008164324254922596,-0.004960643412832668,0.16840407398473525,-0.04594322425458467,0.04615731886958517,-0.004202409761406627,0.07812157830259575,0.004318281135684837,0.0127623303875134,-0.004129159155057812
637,0.041818959691413075,0.0332015940751538,0.008581351546649801,-0.008822181110765236,0.15831742360225579,-0.04643855616013798,0.046235531760952686,-0.00420101545038753,0.06961506015986499,0.0042460642214813046,0.012773493906740478,-0.004260784931487918
638,0.03752341001334051,0.03318385695440142,0.004147740494187187,-0.0078032653804802465,0.14507297567613542,-0.04195569187478136,0.04143005262914054,-0.004203844331402622,0.05968340992302299,0.004255924563840634,0.012734602818089165,-0.004253998570691768
639,0.03736592136158729,0.03315984998688938,0.008959825626840999,-0.010633783249098938,0.12528240684196099,-0.042114139794553834,0.03752790561588431,-0.004193704476451171,0.059112442583160826,0.0042555410279745895,0.01289193925858724,-0.004303300046549247
640,0.03742558179038004,0.03371139657927567,0.012704935371469972,-0.012895458596334619,0.11297524577544739,-0.04182212068804566,0.03790355903128901,-0.0042267976813056855,0.044880986606743896,0.004255197405717885,0.012318266780007036,-0.00395570034757013
641,0.0365916098989753,0.037567038663499926,0.012348257336499314,-0.011903211982304297,0.09391309720458652,-0.04312980830905309,0.03779220644478924,-0.004147464394417787,0.03552375416810768,0.004255336382539195,0.016448260943118152,-0.006098752397446508
642,0.031674004698484935,0.0384044406304535,0.012572138955727008,-0.016478337716741367,0.08827903123464458,-0.048597972438519314,0.03782030470889312,-0.004156814959797319,0.029674501447995584,0.00425543886615019,0.0170162886496923,-0.008870916109763285
643,0.026733953664175195,0.0434562124334361,0.012006387819567872,-0.012499235433343716,0.07314351238496827,-0.05081641536724261,0.037814134054390325,0.00038923268060226095,0.025961583236749183,0.004254731907132397,0.016855915721346672,-0.008551194455148464
644,0.02488735028066512,0.04845796086082166,0.015335706689065854,-0.01249779106749322,0.0473641262038521,-0.04990859311650157,0.03781524088930684,-0.0010073227387528796,0.018634655817762434,0.004257681584060677,0.0131344179758358,-0.008151592829126718
645,0.022568958157354543,0.049648959401266415,0.016816194555578656,-0.01258923239359016,0.03866110784052056,-0.0540625084215956,0.037815170585104856,-0.004621481136708612,0.011023185255432985,0.004246957930090156,0.016333853595093796,-0.012492802390782124
646,0.01672576374899141,0.05297422693373785,0.016513130384387245,-0.01131216863270551,0.023476962539614482,-0.05455766476836468,0.037815424792307324,-0.004094450885548591,0.0044333018129260856,0.004279801577891634,0.013651069209743441,-0.012740470804212225
647,0.017460995119596527,0.0574726424524135,0.016586909707681462,-0.007846078709379542,0.011080462172549215,-0.05905251514534902,0.037811565844687374,-0.004225248441315375,0.004463916061611685,0.004211758290402079,0.017641625254545767,-0.012881654614851905
648,-2.36612043071007e-05,0.06640820933449323,0.012178390559565603,-0.008430053598725267,0.008279401770440453,-0.06310299292968197,0.03783788323262301,-0.004199195236323517,-0.00469737269357938,0.0041400372905939535,0.0167654468685883,-0.012012498599133288
649,-0.00010713114519632414,0.07057351531035115,0.012750623212728757,-0.008189439337738672,0.005508758853717907,-0.06398749158355406,0.03769959339969165,-0.004195952304749956,-0.013104467727018594,-0.00030354671920235525,0.01748658625775494,-0.0065082745508656
650,-0.004429056770652273,0.07122145819912977,0.011124715282945228,-0.008597152381675384,-0.0030608133900362888,-0.06735306797452625,0.03832006121559226,-0.004211940585473233,-0.01337693378296372,0.0001122864111012833,0.013390954862985418,-0.003941388751353269
651,-0.0052976150869173235,0.07522259730026007,0.007870280218857497,-0.004992670997708743,-0.01692915730043943,-0.06920389033407022,0.03467620142908298,-0.00424454322788833,-0.018647220440617143,-3.486657340899176e-05,0.012708511677232243,-0.004326769705186673
652,-0.008382316494480459,0.07418556316841936,0.00839915204689517,-7.089050903900853e-05,-0.0209791968009645,-0.07165696221941398,0.03421128064375218,-0.0036284953758401865,-0.02356717905987405,1.756018473821907e-05,0.0127590470152752,-0.004232114344960918
653,-0.010535177757705313,0.07698887297611336,0.008278156281705919,0.0001434379213432151,-0.021899529272839575,-0.07189679756253882,0.02579185697586585,0.0004299817760395904,-0.025870505660823936,-3.940074435733004e-05,0.012771824839193653,-0.004284930358780854
654,-0.012379577134047757,0.07905670528475055,0.008301835181111569,0.004436120963912902,-0.025327660736980194,-0.06748232915411574,0.025184673863162487,-0.00012111285095334684,-0.025352146521520055,0.00013754058273016576,0.01276348044982096,-0.004230316376732995
655,-0.015521679284246168,0.08083947540187869,0.008299503572066968,0.0043451358051254454,-0.02713873129983514,-0.07121332980375786,0.020680911936258227,2.9705471697698527e-05,-0.02590742426470382,-0.0004263619535491627,0.012768333100195157,-0.00389787141756946
656,-0.0170169082909735,0.09407675878388998,0.008299036242625336,0.0023321961547678937,-0.029362025087791652,-0.07136318222423686,0.021131093682140705,-6.409021231290527e-06,-0.021587517464026255,0.004076430458352282,0.01275776700927186,-0.0004197304498330902
657,-0.01255619665662421,0.09561160407819647,0.008273056068920405,0.0016887875024908037,-0.03237890593599166,-0.07172075302992631,0.02099607607521023,1.1759888627951487e-06,-0.021294990323667985,0.004318078301136195,0.012798805600084324,-0.004447530822617916
658,-0.012536311973318158,0.09619882668624542,0.008500271327230207,0.004157705148825597,-0.033795111086552865,-0.07822063545746158,0.020902386534825058,-1.611130386220789e-07,-0.020872380404876146,0.013259998462014972,0.012647600231465335,-0.006336614125525651
659,-0.011879042731158694,0.11392889295076784,0.006999500506924571,0.007104510087498158,-0.03359457137758291,-0.08468394878786648,0.021470323373986525,6.145810234796454e-09,-0.016606572479505966,0.012956143155208487,0.013121414755453987,-0.006507006780185732
660,-0.007687453367088664,0.1161500005817232,0.0037130112535573296,0.008454897334237939,-0.03360949645382303,-0.09890731652012802,0.01774189895246304,5.596321399923115e-09,-0.017284890270986928,0.020185606165997235,0.008746624169923936,-0.003871955849215665
661,-0.009663594379206329,0.1270428801254265,0.0042514931339793964,0.008330172172764999,-0.03365166591454423,-0.11288168732422282,0.016782678951313208,-3.0018869517973544e-09,-0.01630298989817452,0.026287943355258886,0.008532555712659784,-0.00431919171574483
662,-0.014574982294530536,0.13775586446927285,0.004128312166514066,0.008361021342366576,-0.03335913698983806,-0.11917089296998726,0.016727146423849364,2.9435654795091404e-09,-0.02137603562200064,0.025369298210062934,0.008498218690983623,-0.004247739388653329
663,-0.018986860168376026,0.141345625027852,0.0041530174774662395,0.012719625452666224,-0.03519218667817307,-0.12898346428959365,0.020942274701947833,-1.0496053108469647e-08,-0.029059472182067458,0.025504496546080564,0.008456529045203358,-0.004253082324791288
664,-0.023986203847888767,0.1485476709109951,0.004148942304679416,0.012342101147077981,-0.03786211042258084,-0.13836122328188552,0.01627740713817048,4.401379094005723e-08,-0.029953148244273937,0.025738426256020127,0.008842256501775997,-0.004290434454183522
665,-0.025118264767510494,0.15268724263917108,0.004149370626046948,0.01247978848283403,-0.040182786780913075,-0.14808314809860423,0.017260626314908278,-1.6538754306323123e-07,-0.02960437820937038,0.022129302395165328,0.006510649822538961,-0.004010573394921069
666,-0.024695109470803753,0.1573437219178258,0.004149405254106986,0.012441702454668593,-0.04283404985581622,-0.16621092557144038,0.014909838756196768,5.237181420739131e-07,-0.033952651313282886,0.012873012449894835,0.0038802788605446525,-0.005806776926142478
667,-0.02910377762919454,0.1619269942799685,0.004149345720113547,0.012441708786981847,-0.03800848681201972,-0.1738284575173753,0.012234105813405045,-1.1460727704096997e-06,-0.03254080677342252,0.008400727953278966,0.004332726953360884,-0.008931171614508043
668,-0.029089945122444734,0.16664331029029733,0.004149502142972541,0.012479278563221842,-0.04182230032602226,-0.17687252239655107,0.012678294072615953,-7.995955014662394e-07,-0.01081241995346495,0.008524912109928104,0.0042359222140826505,-0.008441678634887602
669,-0.028183174355739908,0.17019270129084058,0.0041487987865198375,0.012345888748924326,-0.0419823350812685,-0.1760530677660612,0.012595087351482504,2.9439215399478656e-05,-0.0047225746320206635,0.008723028797297217,0.00427057801708538,-0.008445125792548233
670,-0.0246870849015129,0.1715282801016108,0.004151810519956777,0.012697770378171255,-0.041888845129359656,-0.17889097887753463,0.012602872696139297,-0.00022116959406349925,0.015421673304506922,0.007074238110756736,0.004276087479829513,-0.00872699194968162
671,-0.02348800194131751,0.17392469673261723,0.004140309150073707,0.008329366193376198,-0.04312467250263386,-0.18390428942514947,0.012595493107483488,0.0014186069855152477,0.023733374593881636,0.002023631639704959,0.0038009529913496628,-0.004402278031293252
672,-0.0190331738862579,0.1790099532235626,0.004178076127402398,0.008376373240692445,-0.046426185373445165,-0.18839029061255078,0.012748868441475098,0.0046344189258177675,0.048972710009861524,-0.003049964078278048,-0.00039563869807979175,0.0001516691478227841
673,-0.029384399561068992,0.18272116975000602,0.004085102636409165,0.008095072477088041,-0.047209336834863384,-0.1932568088398446,0.011539932978196917,0.004103918681747076,0.06935381600572621,-0.004412634733203136,3.4400157758356084e-05,-7.389578566160467e-05
674,-0.03396732729057501,0.18591612309749006,0.0041241700524747744,0.009472966000755612,-0.03877775243410268,-0.19376668067470168,0.00794480336834305,0.004220839030459363,0.090170345768264,-0.004315205054849672,0.0003790812290080783,2.370584407940528e-05
675,-0.03266600937640918,0.18656122801667008,-0.0001546194329447699,0.012889943674880855,-0.02701834003046643,-0.20247841491642832,0.00854412946116653,0.004198574040448717,0.11017021322120975,-0.004145319231965981,-0.0025196602976178713,-6.3291502011677045e-06
676,-0.041371039100927404,0.19083613096697774,-0.0007108692726643937,0.012340702873193134,-0.01814708539982922,-0.20115173980324733,0.00825916668660807,0.004202138415823058,0.12501619958033397,-0.008617521446222196,-0.004542883668964088,1.4760715268070403e-06
677,-0.04580092122189182,0.1911013727359147,-0.004625148561602682,0.012470805348397042,-0.0009482592772412299,-0.2034846231982222,0.008805562299856762,0.004202514560557913,0.15695893878633033,-0.00901618868561338,-0.004205285746572246,-2.9868880670334645e-07
678,-0.052074640482370566,0.1952665836098051,-0.00402432970557752,0.012446358211130966,0.040181247108242675,-0.20626732750182428,0.004573579906240243,0.004191188501081247,0.16790535581287988,-0.013230307988619797,-0.00426478145255091,4.86215558876648e-08
679,-0.06369354773943142,0.19582972774657872,-0.004178597156337462,0.012441445066327375,0.049872429892025304,-0.2057993495252126,0.004202818869535331,0.004270610767982881,0.17977699979417783,-0.012637949084547071,-0.004260261702322375,-3.6597792180688838e-09
680,-0.06035556649556043,0.2009210067567493,-0.004143168691636979,0.012458126044272348,0.07477028036095601,-0.20590282318114292,0.004183171930785739,0.0038441603977477238,0.18972893567612845,-0.012782286784801256,-0.004133999636231482,1.9911686557960598e-09
681,-0.056842736836736595,0.20577527301044873,-0.004151093170444607,0.012508282677397821,0.13183248736878544,-0.2058658907374065,0.004209434763937601,0.0063721578342826645,0.1963944650906097,-0.012825203196959012,-0.0051999352627097204,-4.756121772592166e-08
682,-0.04581438517110413,0.2077020568250683,-0.004147730722004929,0.011746495329205447,0.14331093423613184,-0.20588723294408864,0.00419903336736502,0.008738495906004584,0.20549470666297256,-0.012531426785775332,-0.008641465902289076,3.3833590074624524e-07
683,-0.037065542234613044,0.20755154087963945,-0.004148656529695433,0.008871702570019038,0.17426079779706224,-0.20613703601597613,0.004203787535065448,0.008341609731566257,0.21986521808236612,-0.013458022688460462,-0.010344169185413508,-1.8106706135937099e-06
684,-0.011151702242566388,0.2070923793892605,-0.0041854236037551515,0.013106642723803068,0.24767018088360465,-0.21109082607970042,0.004195347260680744,0.008411905881672654,0.22110511343534173,-0.00465423059859241,-0.01314319744120293,8.2519935192722e-06
685,-0.0014537943569775773,0.2115593141144288,-0.0038731976304762603,0.011893279388148317,0.311744578469081,-0.21556105239196469,0.004223638582430864,0.008403000628062922,0.2300381381491024,-0.004270152174590199,-0.012802754019358863,-3.293888174523427e-05
686,0.047429842178923994,0.2072096322906019,-0.005862654949643721,0.01503127183775965,0.3316437485699137,-0.22076770929649195,0.004140432504410214,0.008402984584895322,0.22264273911089805,-0.004825731254933776,-0.012405793354162038,0.00011292819606527736
687,0.0759707422927544,0.20271424330419247,-0.006484370941994948,0.016864396907949955,0.3852060602624613,-0.22254243429724313,0.00427907494536098,0.008404371418288425,0.19373893735134048,-0.008018292252670986,-0.016727124006861608,-0.0002976505687135138
688,0.1120518106798226,0.1980704900439349,-0.006072207577128154,0.016528241192732804,0.40224630193936556,-0.22558347359996508,-0.0004162083424566379,0.008398094013474243,0.17115230953921168,-0.0035822976018077034,-0.017011040409656345,0.004180834919497078
689,0.14383446652743292,0.19349202780357094,-0.008686117686740163,0.016654843014776426,0.4638342077825169,-0.22698821291163332,-0.004295729697805618,0.00842905871822211,0.09308949688206683,-0.004809795915039053,-0.01700428821625237,0.004199341514938784
690,0.19944199003990787,0.18892159735436626,-0.008232495598474797,0.016678945706410226,0.5031700115696477,-0.2271116315503192,-0.005289915438023417,0.008293107691701537,-0.016846533836801125,-0.0017284899703688792,-0.01728652259880652,0.0042826977536753056
691,0.263130387694099,0.18422281343948982,-0.008306462628899435,0.02089381131902459,0.5679143468620911,-0.22267385418310326,-0.008976012347879812,0.008819328737065334,-0.15737126628424342,0.0004089368747476988,-0.015333244104540034,0.004245082020248028
692,0.32334204756414314,0.1800394635154991,-0.008298968851809035,0.02161851766484781,0.6065476353707137,-0.22245620966090549,-0.0078499033268465,0.00506894526863266,-0.24253245217153804,-0.000447406233790786,-0.014236465703382363,0.0042652398589093
693,0.3703013732128375,0.1720461196966004,-0.008298276483490935,0.024729186426161922,0.6365250851726952,-0.21740338046675478,-0.011364824292609587,0.003895630355719341,-0.30165090454839216,0.004019664106977671,-0.017511355394008117,0.00422237823145837
694,0.5088135462090173,0.1624719008789199,-0.00829894917008756,0.028578027061281673,0.6408189081912453,-0.21282587857155633,-0.012786639719116465,0.008436983339772568,-0.3540756188384811,0.0042800414569095216,-0.016920756911540866,0.004375932839287686
695,0.5519636293972789,0.15765381588226896,-0.008298696135342384,0.03362853225505502,0.6087579586623387,-0.2083415101171802,-0.012585978920114657,0.008222478924386191,-0.47993874242744294,0.008789111399547286,-0.017038513470505934,0.0038840397307902015
696,0.5974033818498289,0.15278670663799054,-0.008298770649079482,0.035613274753189546,0.5705858957924121,-0.2018856639511076,-0.012603599413228595,0.009354623248151197,-0.5988834505337327,0.008396081187595543,-0.017019253612924667,0.008250149942937246
697,0.6799288035508527,0.14313712625533653,-0.008298751592712176,0.04054150306016021,0.523517803606861,-0.18845199422400036,-0.012607217240697285,0.012787841454421776,-0.6226400224662734,0.008551362691532075,-0.017021228234225066,0.00848861994604563
698,0.7071464552998454,0.13545519220983118,-0.008298755921979447,0.04540468668251705,0.46460069751380095,-0.1807980483168316,-0.012599803455212567,0.014161959079548123,-0.5963942176649821,0.008473561450208309,-0.017021401983191946,0.008525278905186541
699,0.7710914795014607,0.12974667852791857,-0.008298755061628993,0.045632201567916336,0.3921418092247623,-0.18090973965510804,-0.012630245787589362,0.019297034035560264,-0.5756920497184245,0.00863067726192455,-0.01702120569267713,0.008554478923779998
700,0.8332159877108947,0.11935802704361305,-0.008298755200600319,0.0502443944927288,0.3393022475367926,-0.1719771005870574,-0.012491008325057094,0.024268402898607697,-0.5379827682547558,0.008064373877096553,-0.017021408186130814,0.008235060853337485
701,0.8354733719643181,0.1140374904560606,-0.008298755186824295,0.05496558313190438,0.2807405699433994,-0.15841934685709688,-0.013057950287350463,0.025404192620293708,-0.48794213983959306,0.011901481546130225,-0.01702072029535748,0.010319027339311174
702,0.8159204753193355,0.10285075395410188,-0.008298755199880228,0.058173161237500916,0.22998984520924176,-0.148126595056355,-0.009329876602451201,0.025086601550863025,-0.41633675559805156,0.012941851853713628,-0.01702360100582829,0.015475908264123674
703,0.7574400655283944,0.09200580553363456,-0.008298755080697119,0.05963084048928113,0.18751468784625516,-0.1366186088625996,-0.008288981817669185,0.0296791621045876,-0.3624260195524857,0.012722769092329965,-0.017012602746172886,0.020176764346934037
704,0.7268334433679557,0.08735224036746979,-0.0082987557778923,0.06291396646170959,0.14042900974817496,-0.1307297367695922,-0.008406506647630804,0.03384163053082729,-0.31245371331069915,0.01722365831022164,-0.017048864258915677,0.02485982371651959
705,0.6738246511493922,0.07835572941421544,-0.008298752393271474,0.061183996029387566,0.07620169729782114,-0.12303574284257966,-0.008407750827669307,0.0335959487954707,-0.291400939785098,0.01697141172705088,-0.01695832764429429,0.029731471407481593
706,0.5657129511058968,0.07415720406877552,-0.008298766865967748,0.06895499984415046,0.07067275751582544,-0.11945321358073356,-0.008401352799112714,0.03328938210388035,-0.25241226393762617,0.016773584432537614,-0.01700822749728849,0.029762181316468003
707,0.5081274854442556,0.06850710388187492,-0.008298711984346396,0.0701289986335872,0.03705575630132685,-0.11056495978273718,-0.008404096969599635,0.0357316039743765,-0.22084076957318194,0.018697307639142534,-0.012512147444763576,0.02962773292423509
708,0.3946807166567895,0.058754061222674556,-0.008298890217576953,0.0786703973629137,0.012023915687530449,-0.10545383216505892,-0.008402645239371434,0.038289824718019276,-0.17155545017408572,0.021813191438028533,-0.012886079756428647,0.031010472742129095
709,0.32983282692186777,0.051021706267677935,-0.00829846334250774,0.07933447596410782,-0.023204605856722182,-0.09633952010154583,-0.008405716090225328,0.037288050138320955,-0.1587921890929727,0.02071676021906483,-0.012650537501046872,0.0347138104475283
710,0.2705223100735292,0.050457715264565585,-0.008298544692935636,0.0922138816014541,-0.04841481625446992,-0.0923888440021867,-0.008394950949647956,0.041695250297830146,-0.14607534764177538,0.02463030551465699,-0.01317078288256878,0.032999929142764624
711,0.2257831463621597,0.04374562950093293,-0.008306241085508795,0.09170801310599917,-0.07648730513982399,-0.09169356298794239,-0.008427960981677599,0.04191802132085296,-0.12196079085352617,0.025557101232005816,-0.010350988964280416,0.04022983393733956
712,0.1696398481209163,0.03868016880002942,-0.008242575706217016,0.09750583744875403,-0.08796775248327778,-0.08662024105549235,-0.008363920466265894,0.05111775747332249,-0.106737373636383,0.025655971818195834,-0.008196382490242387,0.04251212114044059
713,0.10973301409151967,0.02549869317425788,-0.008610051631766114,0.09988993223242174,-0.09735584485619259,-0.0816121407219689,-0.008235001313098046,0.054644498926026255,-0.0969657474643265,0.02129872124752224,-0.008592251046697605,0.046570127440042686
714,0.09427605424620665,0.02487235546903954,-0.006426023043066993,0.09942793535876626,-0.11127184468038889,-0.07978073508651218,-0.00386479258888417,0.05555221976817183,-0.07836884267267548,0.026112294094436113,-0.008438284304523192,0.04688495333626789
715,0.03208000069287216,0.02037651155847962,-0.0037430634225917594,0.09993197516489885,-0.12705653149762286,-0.0775081588757859,-0.004313035025557295,0.06078452581593185,-0.07237933807130453,0.024340992563820284,-0.008512806380776955,0.0512686745966631
716,0.017861734131683987,0.021107326236426742,-0.004342855317241036,0.09632643899053672,-0.14107508805566846,-0.06847719367191558,-0.004195936515340563,0.06518213012938286,-0.06946976230737432,0.020764736896792594,-0.004013356366783768,0.05192452111046714
717,-0.012090817931566026,0.019275811872625316,-0.003771442846973372,0.09157592217400905,-0.1472833494998214,-0.06322512625361926,-0.004092334609275103,0.07049773534513895,-0.06170925321404536,0.021807716293362117,-0.004359267129625236,0.05591507040327762
718,-0.04141366441083202,0.016567899545400205,-0.008013290750467465,0.08698118026305077,-0.15183456832832823,-0.058579713277128985,-0.004650132153592747,0.07119878815653238,-0.05396770852863995,0.01859443640844571,-0.004222976808904984,0.05473416821926863
719,-0.04870157044280847,0.014306323864143303,-0.008287071158140123,0.08289286914296304,-0.15143169639936263,-0.05395687442831757,-0.0008049243166302225,0.07528557493264443,-0.05103626695078184,0.016765930262064303,-0.004263466314202483,0.058211723503646985
720,-0.0687689303973219,0.012161575103015451,-0.008325414766676267,0.08211954877763958,-0.14785411032870988,-0.04900458201711943,8.842975543344182e-05,0.07562255680852988,-0.04740534842066982,0.01705422671485332,-0.004255416139611055,0.05936572538690204
721,-0.07793501432997307,0.012403884717055294,-0.008234234175902345,0.07877463416508787,-0.14289464089391396,-0.04602632996688721,2.2501268482461137e-06,0.07564983875636984,-0.04691113147886472,0.017032452141299694,-0.004247636671224833,0.06338354628254439
722,-0.08984746824350817,0.012686571744929613,-0.008615745516386414,0.07665688008110508,-0.14262279809139736,-0.04502304253085963,-5.285322595854068e-06,0.0756264819247953,-0.042448405651111826,0.017058225285222946,-0.004281570084976242,0.06380414961197112
723,-0.09545821886621497,0.008330601288671514,-0.006407944249413786,0.07680634063900411,-0.1384128280607561,-0.03627333500995392,2.106406990928529e-06,0.07560829902187526,-0.0426405007151359,0.016409118644725277,-0.004191992610249585,0.0686231089103438
724,-0.091029920246486,0.008415554672226393,-0.003784556782680526,0.07877674995479816,-0.13781439595203954,-0.033198106727256,-6.25556748175393e-07,0.07574440868237482,-0.04252061136686679,0.013289020208575603,-0.004271180475049403,0.07241107927471047
725,-0.09169028958183537,0.007723936638019798,-0.004193917551034017,0.08215672599431448,-0.13254293745319637,-0.03367412009402361,1.5818523980257727e-07,0.07515620255151718,-0.04256397665316785,0.017594436439783586,0.00031897360041170994,0.073592363305465
726,-0.08923524425992815,0.0027655449709938873,-0.004233983166837,0.08310285583024597,-0.1279834365975119,-0.03360995180347771,-3.4911325243198513e-08,0.07879596821648432,-0.04254493428750793,0.016906815861230932,-0.0008659107745160839,0.07677812910370763
727,-0.08037823269912484,-0.001592662951407515,-0.0039442532982706825,0.08298467998229539,-0.12342171501108004,-0.03361514151926839,6.5542113135870204e-09,0.07973947110569796,-0.04257767921510681,0.016910604677236266,-0.00467398074127106,0.0784793778738312
728,-0.07895690628627842,-0.006777013350139214,-0.008345729160794393,0.08266830803857772,-0.11822511657123626,-0.03358042314235379,-9.33651084728656e-10,0.08366144457757575,-0.042465312197877796,0.017546857708858634,-0.004142913521024717,0.08419739273738515
729,-0.07664286296427625,-0.008077959378885828,-0.008226631057971688,0.07842654807984874,-0.1177873103048348,-0.03382473331902424,4.8327479570357345e-11,0.08831902842985741,-0.04282688017081901,0.013223232158127252,-0.004282268252826564,0.08520794360274675
730,-0.07122045876020128,-0.011552802313366814,-0.008327347165535333,0.0792030753184816,-0.11346921451799646,-0.03225370534343531,2.6744566718422872e-11,0.08817470636320389,-0.03881923565946198,0.016403750522454137,-0.004248923758255399,0.08514508834857117
731,-0.07054716127024008,-0.012257678987427759,-0.008289620227819275,0.07727913994287858,-0.10848617736701784,-0.02709792850369867,-1.303334150157412e-11,0.08825292876409664,-0.03402068536412639,0.021287920723650246,-0.004258799137632887,0.08520311251935263
732,-0.07038680319513453,-0.016468715610325882,-0.008303586359149387,0.07287037253406066,-0.09937041230631002,-0.022676468144868983,1.271246430132324e-12,0.08825091587916448,-0.034100527608223914,0.02161360466765653,-0.004249104390414937,0.08967882790794685
733,-0.07466532854301887,-0.016714280412098242,-0.008287422842636933,0.06498831564909599,-0.0963475555082166,-0.017458848961521396,1.4151885561391969e-11,0.0881386174757314,-0.033966603709255076,0.025947791971853332,-0.004258050243481675,0.08919956256655358
734,-0.07013973927512186,-0.021083325881046933,-0.008338639843145215,0.059430853933654146,-0.09698916848708586,-0.016918215727017745,-6.513417648109779e-11,0.0886241837534472,-0.034357896725117,0.02539281193468733,-0.004352857417663726,0.0896474975722869
735,-0.0706969295213066,-0.02062737287609231,-0.00817559962056021,0.050582260426070065,-0.09465127316816987,-0.012750203291321992,2.4267574209312903e-10,0.08520294295721673,-0.03219625374057424,0.02562184434947546,-0.0033775586507788884,0.08765620045590786
736,-0.07041277816590029,-0.020781601126296446,-0.008557300633832095,0.04613971450502507,-0.08920773372051186,-0.008331268111036532,-7.405161620358674e-10,0.08070505344361759,-0.02939210416987016,0.025286009577561448,-0.0004992263209869063,0.08191754481817946
737,-0.07094078820791848,-0.020737498789722746,-0.004153365059721051,0.023948121293611877,-0.08802486585650546,-0.007780835247172311,1.396973232588364e-09,0.07164166198776585,-0.029862492504463347,0.026434326703448197,-0.006577698062885579,0.0810367853029325
738,-0.06810500958966854,-0.020751197517814502,-0.00863212186272692,0.02037213240146773,-0.0884089360856863,-0.0037319092200685227,3.2331721047621038e-09,0.06697767685139099,-0.029800169682833416,0.01872836652914768,-0.00889938739209197,0.07724409961778725
739,-0.06588412467154521,-0.020738150725451425,-0.008241096945178503,0.015324445362876325,-0.08394109093847693,-0.004355078968586882,-5.441181537290496e-08,0.061567551643326744,-0.029719363444852546,0.016739091498312653,-0.007988921248515763,0.07249687362693995
740,-0.06715018976178672,-0.020772749947643252,-0.007914163634351778,0.01045506999343461,-0.07960855527239188,-0.004053939858441828,3.73916096173084e-07,0.052061025662190105,-0.02982827397846447,0.017069866982256623,-0.011937336442974645,0.0631563118164359
741,-0.058674922817413766,-0.02069090956111304,-0.010699250768759109,-0.004999356428680247,-0.08006997588070995,-0.004658532544237201,-1.971198841816797e-06,0.041378238598154614,-0.025298756470621533,0.012569044392540528,-0.012801907969404624,0.051872208258030086
742,-0.058116784512571566,-0.020714735560128213,-0.00992069699666608,-0.013203554296123503,-0.07874267138668432,-0.0008414355807985724,8.864832444668685e-06,0.025665451374354463,-0.02583176654070379,0.012813950921816426,-0.012807620109423792,0.035762943256576085
743,-0.0576664576716337,-0.016342687363271935,-0.010952946407328346,-0.015390155358245906,-0.0731606457031594,0.00010234932847630416,-3.4794634750042545e-05,0.01878578727017387,-0.02418518460110275,0.013013294036352357,-0.008272887195636548,0.03144622367672367
744,-0.0537140062667797,-0.016729676311145778,-0.012577787534399107,-0.016520851664858952,-0.07147810683338753,-1.900310910013872e-06,0.0001159141286134211,0.00638106382785122,-0.021473209652183575,0.011094983397158822,-0.008807189569619171,0.017614937363812887
745,-0.05311736454185279,-0.016400659859717535,-0.012641313279299703,-0.020393680861326736,-0.06888116711164537,-6.04346735278718e-06,-0.0002834297761761745,0.004189665650532851,-0.01735226026789112,0.007968095442383253,-0.007191357951033052,0.009909170524656808
746,-0.04742736275435683,-0.01739515650038154,-0.008262604004901484,-0.02505561979049132,-0.06339692559414783,1.6038334051957077e-05,0.004190549894647929,-2.230610403714592e-05,-0.009167326438384164,0.009092599958784371,-0.004183372734503281,0.0013630663854771138
747,-0.04589135411918251,-0.011895484261052195,-0.007840312543457302,-0.02928750113616939,-0.06315428273530041,-8.23761985022024e-05,0.004492029608752191,-0.00012920083370575452,-0.008794746158764709,0.005085559162284405,-0.0020937635770021,-0.00016550160123958739
748,-0.042541426386092984,-0.008112206156584928,-0.004590839408885777,-0.028898950465946236,-0.05871770185196722,0.00039638459379197203,0.008840399104727996,-0.006135677637531056,-0.004857831227186904,0.004434760371205031,0.0004798250630462142,-8.587334842523012e-05
749,-0.044258721493485156,-0.005148155804130858,-0.00887453200799227,-0.029389574207370726,-0.058900974836926655,-0.0024055163551397144,0.008194643780910262,-0.01475295278466627,-0.00411291199904094,0.00013385380634997092,-0.0005014881225172948,-0.005067477126793209
750,-0.04923567897124721,-0.003965758011177407,-0.008142349769928545,-0.027146903891988844,-0.05885682743329623,-0.004381337898375177,0.008813106169803105,-0.01707768467970512,-0.008655978257802177,4.4360337577853585e-05,0.003901385194759392,-0.008809730616016304
751,-0.05386382023010779,-0.004209230621723706,-0.008364853208412433,-0.024490361513994436,-0.058488543364954175,-0.004540531420788069,0.005972637314124219,-0.016608669745779212,-0.008415521977945177,-2.218541135933436e-05,0.004213407383077187,-0.008513644722716688
752,-0.05378200285698644,0.00041156377198063387,-0.008175063217500098,-0.025094989447235972,-0.06089960169559854,-0.00031959750899074454,0.003485888914237618,-0.01733967736339921,-0.00861223566202711,-1.4595828267384563e-05,0.008745048893113757,-0.008105657777222008
753,-0.0551954029577477,0.004288097248816605,-0.008659009600697147,-0.0244964813365384,-0.06337934021028037,6.119379578397156e-07,0.00793244402543331,-0.012980093093424476,-0.008129355710802305,0.00011794201282738968,0.008229019509360906,-0.011238723143329554
754,-0.06308823520875968,0.004857724295745906,-0.004413177744796543,-0.028750187343598906,-0.06294963811492865,-0.00040754322801223064,0.00835145237312864,-0.016381328829274427,-0.010709789073502304,-0.0005399001258842567,0.00972917878070117,-0.01304253973701252
755,-0.06199714940588623,0.01043192352859714,-0.004163863851759199,-0.029046139885810722,-0.06305836010595821,-0.004228731081311735,0.012993564290488637,-0.021083121288927833,-0.012789129798699216,0.0031128225900048266,0.013211965240118011,-0.012631268091638817
756,-0.062326469571733344,0.012330449472989072,-0.004159631929495601,-0.034067018210351886,-0.06299202875571461,-0.006532152754804279,0.016878318722672456,-0.0209425635202999,-0.015430427413674948,0.001345123533884245,0.012657741054761284,-0.01284545186158871
757,-0.06212128174905505,0.014979553059616738,-0.003938650880129996,-0.04254301417604018,-0.06283628250721918,-0.015017229588310674,0.017973547121952926,-0.021093774572790304,-0.020834678373673816,-0.00019338599287145835,0.012789836842195057,-0.008626518446067754
758,-0.06261875313676207,0.01689737958871475,-0.00552910159540578,-0.04810178363654933,-0.05848477193454542,-0.019395559975325286,0.021030409281320106,-0.020660515078177757,-0.021313332707626052,7.149684102958115e-06,0.01275953442827562,-0.012922016616488225
759,-0.05882767722881272,0.016460191172951347,-0.008729779384907255,-0.05616101857337429,-0.05894089930645932,-0.02137978172991971,0.023533818624683595,-0.02310037515883851,-0.021273044772204774,-2.655183001859339e-05,0.012772147802345785,-0.014856626392159079
760,-0.05444940510523921,0.016775173285463376,-0.008199753351996597,-0.06036182291963651,-0.05878362095789478,-0.020600681316832535,0.02312186220305194,-0.02572614025988433,-0.021409313846395023,0.00048072932932087336,0.012760622432794851,-0.02420074563301413
761,-0.045538531376203555,0.012380224654964104,-0.008318713721948697,-0.06323301951281379,-0.05886472526149418,-0.02493399833183957,0.017190208647713735,-0.02454467535348524,-0.02026754114577813,0.004672018779956991,0.012699656071469518,-0.0251835697423181
762,-0.044871034405888355,0.012196359486987876,-0.008295436288640259,-0.056252793390930186,-0.0586913748409318,-0.025190175512359803,0.01702955492577317,-0.032038130169602684,-0.01696806144901062,0.004132522171721824,0.013434543876972732,-0.028776238294052188
763,-0.03648502985597392,0.006922191555433272,-0.008299111878992498,-0.04689154605227588,-0.059265647942280154,-0.0253529171279211,0.012606922799948517,-0.04190662466386408,-0.014824429205800863,0.004286455040166855,0.01746592897242651,-0.029208638475717925
764,-0.037620251960517846,0.004148811634860934,-0.008298780161500024,-0.03374868314947348,-0.054995884560720895,-0.02424108788802865,0.017178584082718964,-0.04219858992018232,-0.013755926215890368,0.004250348714643445,0.016891853736960716,-0.03783195570113378
765,-0.037178215428952444,0.0023498676634318384,-0.008298685446964483,-0.01580841014838368,-0.054672918111038596,-0.020902571135934314,0.016664024649340012,-0.04657070455314237,-0.0035955823191043627,0.00424820364690914,0.017082493653944132,-0.03835231290747955
766,-0.03777582110299966,-0.00040508424680603904,-0.008299069683264798,-0.005743355140234496,-0.05025921011330355,-0.019073902186333296,0.016848853949308476,-0.046381212345082475,0.00019478681893094364,0.004281949773722884,0.016892201088496792,-0.04287451763563836
767,-0.03452191853702066,0.00011387059770462472,-0.00829709699983589,0.01172054858624814,-0.050002201892918305,-0.016735490073469965,0.016794100950353105,-0.04446404213766285,0.003880449490600484,0.004196193627179335,0.017439025368193667,-0.042675668817398725
768,-0.03270044638258297,-0.00011537048065610357,-0.008306471681681825,0.030513358397662328,-0.044564854757893235,-0.014275419972103912,0.016817870126444916,-0.04178506946489742,0.004244784709668567,0.004226737977937367,0.013246914976314994,-0.04099005524562943
769,-0.03683700110080398,0.00024229314077724943,-0.008266873423145768,0.07963581064491927,-0.0415913096169371,-0.008798563227326356,0.016775862857091914,-0.04023247414111023,0.004351601490711017,-0.0002573496597166603,0.012738004093177383,-0.03798811419557816
770,-0.04146547045755226,-0.00413204586805761,-0.008415070473962607,0.1245836835138245,-0.04255545173232318,-0.00848830819110752,0.016886376998632237,-0.028464021247027873,0.003631978355564496,0.00010566494283101908,0.01273675124356491,-0.037900185222159426
771,-0.045896587129595094,-0.004068939064004795,-0.007943491958218403,0.1674915979032067,-0.03904949465159847,-0.0039921175391921864,0.016746214640443857,-0.013591994120201272,-0.0017362606203896967,-3.256015034601971e-05,0.012937517752416756,-0.04169567656845204
772,-0.04487695858797047,-0.004356588871181981,-0.012193988373865093,0.22889682098382252,-0.03789858078416045,0.00021852144281920148,0.021202909881337,-0.008388770670261858,-0.004699268011900543,8.644332223769283e-06,0.011636874732475643,-0.04238361866763875
773,-0.04094823776617824,-0.002962679025492663,-0.012430450449676582,0.2665354763823811,-0.03426135508993774,-8.039767836389325e-05,0.021094636000610914,-0.003364458561989366,-0.003693916584579729,-2.0098963876018005e-06,0.008028238505031397,-0.046741631146258
774,-0.04226334124238821,0.00043436227551904593,-0.012466125009371736,0.34786206233229827,-0.029417722322971445,2.336016013802556e-05,0.019769878787563016,0.014109757427250529,-0.007320051290658784,2.692114811198261e-07,0.008737120361926688,-0.04675580895610614
775,-0.03740603759156379,-7.616860934868613e-05,-0.012455995785816104,0.43127186203063905,-0.0294338642603988,-5.887739541136591e-06,0.016249161321855516,0.038972412845709514,-0.00828278932932235,4.60658540963078e-07,0.008036319880499538,-0.046710232944423696
776,-0.030153425151324048,-9.861533302096023e-05,-0.012365683570574557,0.530790818893471,-0.029587244615428266,1.2711911427286631e-06,0.017366575117711922,0.041560057057222294,-0.012425190097487018,-1.3369395477437037e-06,0.01177382002139341,-0.03790174065802942
777,-0.026140523453502453,0.0004138876601532794,-0.012841908536596437,0.6553112223087618,-0.028137695067688505,-8.556116350489889e-08,0.013719153279428223,0.06416569138876221,-0.012723502517474353,8.264613753507545e-07,0.012976409079413224,-0.03011808690436526
778,-0.021136367353298137,-0.0036665133093793665,-0.009999797259260626,0.7019727829895857,-0.024633257257274062,-4.5056553507396164e-07,0.01253588594535577,0.10216750386979591,-0.016963620849628398,1.9583300087392288e-05,0.012659013581341732,-0.020395590497768457
779,-0.020719092859549107,-0.004154791787165724,-0.007910220443225426,0.8343915158482765,-0.025876769525260062,7.727144110238271e-07,0.012459448184403735,0.15421730368052802,-0.012289638956861342,-0.00017389412964341505,0.01720053628924589,-0.006863447442376872
780,-0.020739953278405984,-0.003990632088499198,-0.008690536445409772,0.9334267444834489,-0.02178093821352083,3.250415123328873e-06,0.016939594107900326,0.20666446695920018,-0.012934116288969512,0.0011548933277362385,0.016772458284719096,0.03792899351681239
781,-0.020743596414874325,0.0003247037274823993,-0.004407577595018296,1.0707972758197266,-0.02427919839770123,-4.165608158427522e-05,0.01660846591829513,0.25779965607695954,-0.012652302457314944,0.004838021676632054,0.01814289614765794,0.07031937605392373
782,-0.020796606231504332,-0.0001138486494350497,-0.004189292010879671,1.1156155787897646,-0.025364009019638454,0.00027268352820469517,0.017661717381919986,0.305063631931523,-0.01308812336513532,0.0035908092505254983,0.02180287213547462,0.10763807840204674
783,-0.020481402193357423,3.27607877427071e-05,-0.0036658242163351467,1.153901325454288,-0.025271239147543006,-0.0016692642909344147,0.023073163439364747,0.390315443162349,-0.010473518306302677,0.007512249251207396,0.020823208409780265,0.16650693967962402
784,-0.022423777538667807,-8.423178470493943e-06,0.0002750988231017163,1.2631065625650868,-0.02964495432151433,-0.0041898709014602945,0.025622113947816293,0.49175070898497225,-0.004861574209558645,0.005484047315864243,0.023682854137033617,0.253910100471594
785,-0.02741808761942262,2.336877799436892e-06,0.0007330581100691723,1.3519781712086623,-0.029588285695066236,-0.006819949616370419,0.024714161355836123,0.6148123099472832,-0.00448685746255404,0.004001472588053266,0.028688580638630876,0.3195139433898457
786,-0.03194636244490329,-1.979020776267571e-06,0.008061842797471316,1.4433935290107638,-0.027696034005408293,-0.008581535155019537,0.028526608740898456,0.6573325732421719,-0.00010906564097997243,0.004382495318380768,0.0334020245017834,0.4164949148126622
787,-0.03646400437673441,4.961427926675242e-06,0.015683952971425726,1.5061460009054857,-0.026751954771053056,-0.008590661154195014,0.029646963831843405,0.7430909323650016,0.00012036491043205862,-0.00011338243648639642,0.03806264265212956,0.5056388400964804
788,-0.04126696877831973,-1.032994019770554e-05,0.01630159046923731,1.5827358628366637,-0.029846873969136156,-0.0044315969549969594,0.029440210254189633,0.9699859997999468,0.004941554635485829,-0.0003447945956580071,0.04256537125551622,0.6008580196295656
789,-0.04147396372150313,-8.733494125130379e-06,0.020100253800635175,1.6649693517425723,-0.029435982221198375,0.00010951751379144002,0.03814118840215541,1.084690280516345,0.010668403001215736,-0.005790613218463712,0.043766789799644525,0.7446683797554107
790,-0.04185070015772671,0.0002801850342842422,0.023962542671483594,1.6997864569102565,-0.029080727227847776,4.759676132542056e-05,0.03925870729613438,1.2357740653791047,0.019427922961663062,-0.008744776933589772,0.05141540245124121,0.8407232079143502
791,-0.04641464360835866,0.005388569114714597,0.041750116793977346,1.780199142058625,-0.033401721168586175,-0.0008057978312389812,0.047931438781419436,1.3607141364507218,0.021465887385414717,-0.008846200189721631,0.05412422160627764,0.9589338869250431
792,-0.05275321284140135,0.008380092928977236,0.04172300444051765,1.796494779833058,-0.03358229739522901,-0.00639313350997903,0.05474445508485531,1.5299846950559004,0.021355104974479226,-0.005911740774091311,0.06006339495374969,1.054655316904077
793,-0.05856725833665056,0.009725768915165637,0.045676931180615096,1.8178131111172988,-0.03367213896634101,-0.008337862865442233,0.05901415837857574,1.634684678596001,0.020831039592701127,-0.0038709219929004483,0.062051275508642534,1.1618492706523502
794,-0.059924959062476885,0.014737206731657751,0.04848959838898144,1.782279544138959,-0.033360231966294236,-0.01083895729832853,0.061970203345248547,1.7535610892863374,0.02497041867076452,-0.004641992236728702,0.06424079909900007,1.246888996692115
795,-0.06487717472365251,0.019648643057235366,0.05402943564799082,1.6952751574656029,-0.035146367095136785,-0.015492601424755401,0.06287620105131866,1.864642841559409,0.025486273904363324,-0.0002130747875577427,0.06344082093817817,1.2800481398589938
796,-0.07016067557128904,0.020911150490181,0.058728381222273945,1.5894825717233412,-0.038237539654546494,-0.023915200721562477,0.06708855976422165,1.9461135605852788,0.03004122550795091,-3.0041854503104176e-05,0.06797168804830378,1.3692818717747455
797,-0.06981444490077478,0.02073852654154115,0.06282436176120199,1.4980474028848574,-0.037722262997480674,-0.03341577024911931,0.06706538207649182,2.045252601487439,0.033425553508083454,0.00011326055080930955,0.068220548137073,1.4494369209833051
798,-0.08277956494618918,0.020734801237248482,0.06214689899428228,1.2916811646014204,-0.03783078220204586,-0.03765530230501877,0.06845100820072886,2.0755676324376897,0.023661825610949667,-0.0007127380690783509,0.07272599951520214,1.4885584744172478
799,-0.0828375139304276,0.020556066172705546,0.062246689118849015,1.0918946660664746,-0.03781856713692062,-0.03332477941492978,0.07769487776754748,2.031952428703512,0.021241151472254603,-0.006122129073975506,0.07202789884437906,1.4754724448761336
800,-0.0830450981347496,0.01573402660462574,0.06223491253949852,0.9147725282985183,-0.037806999944561555,-0.032825978510019685,0.0801523902634404,1.9526987343971642,0.02017500694783482,-0.008951973059794624,0.07360171921235836,1.4249755799414945
801,-0.08307451697576469,0.011305496610669454,0.06236744616602613,0.7373690524661016,-0.037762847000745205,-0.027298088582317116,0.07930495764541978,1.8439830815734253,0.011597077061976293,-0.007949333480558266,0.0791464291232795,1.3700388689215126
802,-0.08216479738448015,0.006349484569059882,0.061273365195702,0.6191131697715376,-0.038426909819234856,-0.023828156290887824,0.08292364249076214,1.7172984446799926,0.008019898582808922,-0.011684409666431635,0.08111690205852573,1.3057231317315825
803,-0.0739662183149157,0.0038171151323474276,0.057946803526742016,0.32875501117310846,-0.04244929659347105,-0.012698412366528059,0.08381818167286807,1.6123642759500112,0.008567932428827538,-0.012580751572815222,0.08078363008474863,1.2425259973032716
804,-0.07087036596649106,0.004253633616799476,0.05635783682956191,0.086618000711321,-0.041902753599675324,-0.004401052141818835,0.08800616842038986,1.368560531825824,0.008563158712617749,-0.016675469231562115,0.08090741103967398,1.083646950286113
805,-0.06429913991797105,0.004022388277462278,0.05225568883605281,-0.02006999087212015,-0.04201592041126609,-0.004315764062600017,0.088302880472498,1.1637714545538411,0.00853810978714295,-0.01700676139766193,0.08077424181308733,0.9660079362867006
806,-0.06223578062414828,0.004480240671399316,0.04098451647383893,-0.14392396358649903,-0.04212934930220199,-7.592258809266549e-05,0.09278601646379198,1.0120881799002304,0.012951758092496126,-0.017425612478292947,0.08052753164366153,0.8856868979257204
807,-0.05834674497841391,0.00019383251232724542,0.03326878835041373,-0.32317209959785415,-0.04161677812922466,0.009111797116713264,0.0921726401585886,0.8441740272993092,0.01325350038598479,-0.02160450225238281,0.07179162000038633,0.7930688090686139
808,-0.058208147397944485,2.6266194370578927e-05,0.030136972818399495,-0.41779487885282507,-0.04575164597678852,0.012818289936287454,0.09323220423225448,0.7376705701827739,0.018890775965389957,-0.02148118688086824,0.0718118778638,0.685244782358444
809,-0.06291946336636235,-2.107481066350639e-05,0.007868311108426024,-0.34381423224911917,-0.04625273743017324,0.012485247898583815,0.08786570015166138,0.5575362607355604,0.02122513097104451,-0.01939499534171647,0.06591241725918014,0.4430154269309459
810,-0.06720051039008282,7.872234537219952e-06,0.0033158820888201323,-0.40664562734991594,-0.04650642484591709,0.012891728035657832,0.08440015919282182,0.37225579415032006,0.02348928372256178,-0.016942693994249754,0.06395695619525975,0.14635101619433455
811,-0.0734290060795583,-2.765704578710765e-06,-0.005178414221149843,-0.53159627288561,-0.05078410523612029,0.0107372805206657,0.07713983077244312,0.23767284367413627,0.027418135640900586,-0.014650893981527238,0.06123902911107687,0.17080338493996708
812,-0.08119985905238343,2.7576979923211553e-06,-0.013048011723997773,-0.51857514194001,-0.05028160172492349,0.004951641010620806,0.076489754828851,0.15601506761487616,0.040135759750487325,-0.009129093042627807,0.05929876430344086,0.4006726762852605
813,-0.08527142733230182,-9.092520753860512e-06,-0.020738069353145747,-0.4977770210641232,-0.0505609579120665,0.0048048591965512465,0.058970786471165944,0.05103182111507176,0.04293056141071055,-0.008434900973655585,0.0596237821787778,0.4159151296112502
814,-0.0899433062351485,3.3168080759336364e-05,-0.028087618437322576,-0.4801088591365502,-0.04994118850938296,-0.0034677433882025956,0.05917129966012111,-0.030397956241894487,0.04249366866624354,-0.008512950119156681,0.059559901248950886,0.3328041060534871
815,-0.09464179046936333,-0.00010537099953033142,-0.03373938636772702,-0.44153344380086434,-0.05341498431254386,-0.004182446191327174,0.05790639464018952,-0.0785185624022738,0.046924314379476445,-0.008509198069779967,0.059536392341516815,0.24234107964406473
816,-0.09890365638981863,0.0002457408516635213,-0.03622875497656252,-0.41377429352813255,-0.054440792375114434,0.0005857206333447033,0.054207872344239405,-0.13750149404831863,0.04746549813143577,-0.008547506898087514,0.06010811089709537,0.04260588349875892
817,-0.10787293634440569,-0.004145973011670174,-0.04132736140241924,-0.3835271347664252,-0.05842328326803524,0.004554180033684018,0.05472966611783388,-0.23410364575663448,0.05121516334316456,-0.00828403826257173,0.06425234724243177,0.007602755432985222
818,-0.11240411840144211,-0.0043243861211470025,-0.041451844104219426,-0.3696332667385704,-0.058824591970361106,0.0038332477104288023,0.054597357437391934,-0.23412557155224673,0.05283769844093048,-0.009936837626077735,0.06372424636333844,-0.03855088543487595
819,-0.11711194042384797,-0.009437363189589551,-0.041996116290861994,-0.31381644405050996,-0.059123199753452864,0.005937161086550565,0.05462663358920275,-0.2602203017181435,0.054875543295201896,-0.014986164575430881,0.06378195359483071,-0.035768677954583765
820,-0.1214946790260016,-0.012700068936616269,-0.04592310239442622,-0.2783754052705457,-0.06405540478460793,0.010298560021053836,0.05462109625199051,-0.2638685499506033,0.06083971294320097,-0.020047745500540264,0.06414182776348622,-0.05852119337627503
821,-0.12727933936923522,-0.012655231800089525,-0.04618200533335938,-0.2638046120581035,-0.06861134846112865,0.018921304601241362,0.054621933668292225,-0.2541834587705542,0.06412455990588257,-0.021470886070894722,0.06116550081181232,-0.07461750262007666
822,-0.13951514129364817,-0.010588513930815021,-0.041728549806051216,-0.23801694254213915,-0.07344876518808778,0.020958015158511378,0.054621989695419294,-0.25233629567466215,0.0668964818431772,-0.02124170611401246,0.0556045749375551,-0.0797402119816435
823,-0.15074622948750563,-0.005555910719896556,-0.036598679354150794,-0.21959203032938152,-0.07756481926831452,0.024911751100296455,0.0546202646397758,-0.24496111555564506,0.07635319238212329,-0.021287059623257516,0.05557839123250108,-0.08466581848355086
824,-0.15990381763382655,-0.001163338651699282,-0.03755085048876918,-0.18635844165168144,-0.08568741184430259,0.025211255946635168,0.054632028830494825,-0.23107946172642957,0.08149733410809339,-0.021330186140452765,0.04651680613188328,-0.08517042432581451
825,-0.16562388015397564,0.0037664675524244607,-0.03713615278626449,-0.1703744366485666,-0.09173077395058435,0.024746363335664566,0.05456987853894992,-0.21296431463159274,0.09460288918734876,-0.020661953645686543,0.041643088638942075,-0.08064182612577074
826,-0.1697242998770734,0.004173467002102216,-0.037692919977420705,-0.1526744660099007,-0.09629039788696735,0.020974601848035374,0.054850019849953344,-0.2032945406969336,0.09309615052193068,-0.01678346906007307,0.03139168879976455,-0.08095823238477774
827,-0.1831133329842935,0.004148159170414725,-0.02886850196663537,-0.14736314374936857,-0.10099521268496471,0.01865415679506388,0.05255497325493926,-0.1898840684136983,0.09493704922442758,-0.015899418822820765,0.024099127285149062,-0.08076036110151584
828,-0.18745765713253956,0.004250713527633799,-0.029194502975547296,-0.13087952903490027,-0.11010453336062266,0.00962047640041174,0.0437041947310391,-0.18099354082333768,0.1003234691456822,-0.010344266599577923,0.01660435980778837,-0.08115093464709691
829,-0.19918707807608377,0.0033893810658350196,-0.029048746067195434,-0.12484297636250656,-0.11434503966146878,0.008721986178193872,0.03817181467762254,-0.17213464601479028,0.10263982067451158,-0.007673548256974911,0.013366807585842697,-0.07883315852187249
830,-0.21739514690121106,-0.0019583035997615835,-0.028732847673803536,-0.11148359173518718,-0.11942561386758802,0.005253740833566513,0.033546860805715846,-0.15886487698342702,0.10120966921896721,-0.0121598803908349,0.0038406767971266207,-0.07325305033368934
831,-0.22674313410214378,-0.004428170206137431,-0.031022076300064875,-0.10248400638760705,-0.1223718207190798,0.004380866314265293,0.028851496319858855,-0.15178275368111824,0.10938316879966581,-0.00928772911996616,-0.003847603356178149,-0.07224036449635902
832,-0.2301298816288985,-0.004200534046452283,-0.03356196718890782,-0.09386208753191497,-0.12099198372515503,0.00024432304323637657,0.02414307159699634,-0.14737736504144988,0.11079897300588347,-0.00842604891771161,-0.008172302131669393,-0.07229984815254083
833,-0.2383061655311359,-0.0037271299955366523,-0.033100995600461404,-0.09049784407807272,-0.12761214796498624,3.259020838356545e-05,0.019433744147586928,-0.14262164987223955,0.11075446833347997,-0.008475377458657648,-0.012946264515787663,-0.07222036559014411
834,-0.24429973237054523,-0.007666025466233168,-0.03327382137095926,-0.08132092776962573,-0.13414963820785972,-0.00011766726024907538,0.014772933474949531,-0.13294723936583572,0.11517908732284837,-0.008985407657960603,-0.01717031828984565,-0.06791355796608137
835,-0.24835089808079255,-0.008328582381296204,-0.03306952960564083,-0.07110811476805946,-0.1344814081424881,0.0007361320443509451,0.009892592462325413,-0.12490910791644527,0.11479232058906241,-0.013239849662659018,-0.017647187702465556,-0.0671104425567616
836,-0.25734698968374975,-0.008259205081901406,-0.037542045180376904,-0.07076872583785905,-0.13446512922248477,0.006143471905368879,0.005825511620138168,-0.11851402487369325,0.11489513246333802,-0.012313366034094605,-0.023239485807295127,-0.06366297695138773
837,-0.2574286397144577,-0.0034806321304806176,-0.0417137679209868,-0.06750860020449462,-0.13433993179079795,0.008718879866202775,-0.00327586455983469,-0.11269024993013735,0.11502485540748242,-0.014766553596292063,-0.02581603315256629,-0.06191938683777512
838,-0.26272109935299415,0.0003429447004349747,-0.04139665898181617,-0.06233303017768313,-0.135287090282723,0.008324666685260306,-0.004283262550834634,-0.11352633302901464,0.11431927702222244,-0.017392416223861812,-0.025580323942442328,-0.05862838793721704
839,-0.26564576435881315,-0.0004085080785697309,-0.04160614675994705,-0.06217529783012756,-0.14027702092007507,0.008447279457535333,-0.004764650514470199,-0.11372589655555289,0.1183784149689367,-0.016953336633423684,-0.025113492018940232,-0.06336695848240795
840,-0.2669087103807709,0.001916506222120559,-0.041079629737339925,-0.05353790007058294,-0.14538272431894245,0.008313937809764147,-0.013384051661131833,-0.11005513386358504,0.115812254341039,-0.017007928130972506,-0.02909720383645933,-0.060152690716524716
841,-0.27245470217479517,0.004209860141885979,-0.04402908294682245,-0.05322400604606821,-0.14688287854730112,0.008543036734917062,-0.012084172527795901,-0.10513791000037466,0.1147897045194788,-0.0170784544985121,-0.029907537260552872,-0.059542894966446054
842,-0.27407801636879064,0.006475692524198184,-0.04590729239646545,-0.050020801623399,-0.1502105144839992,0.004061491397494305,-0.0144460295642531,-0.10520241606793991,0.11489160237277918,-0.017044876022728396,-0.02989271639052002,-0.05924070841746576
843,-0.2738186552846138,0.011847204343548766,-0.04560075468729068,-0.04534619574881195,-0.15138240084956717,0.004422126748034506,-0.017422933116840626,-0.10366075611944689,0.11489325844117902,-0.021559122121245024,-0.034119271926934515,-0.054995787609477216
844,-0.2738657737688043,0.012522502772919282,-0.04564719370973729,-0.03141742955750834,-0.15128017945551367,0.003203586976367966,-0.01581816797906075,-0.09606645024049919,0.11494174056588513,-0.02095699079442277,-0.0355616581710536,-0.05513041508696761
845,-0.273857679859647,0.012445608896451679,-0.04564363531474397,-0.029043118173613904,-0.1514603608620953,-0.0008072433914501713,-0.023967391263928543,-0.09505710837729159,0.11460931852536993,-0.02267150596204512,-0.044928999212766926,-0.05717142644379811
846,-0.27383912334378446,0.012450409583495277,-0.04564296879871821,-0.026077418153687113,-0.1558207822028267,0.0022852549995210393,-0.025160103680314395,-0.09244102354859891,0.11662219001104435,-0.025683870434870353,-0.047082825977040506,-0.05996987434118815
847,-0.27403719385991476,0.012404464761285176,-0.045641740541670146,-0.021325672039380194,-0.1552673140685475,0.004329532587218646,-0.029551201181734515,-0.08958861739671548,0.11998719405242979,-0.027363067962100668,-0.046440077093780695,-0.05948717725675888
848,-0.272681046045962,0.012716809558160312,-0.045651430357378994,-0.01663074242394658,-0.15588895165352368,0.006448213369949327,-0.029035541211541428,-0.08832673536691726,0.11618979107455944,-0.033000157777867335,-0.04941887566016926,-0.05961318283136674
849,-0.26957799447403846,0.010831471350046274,-0.04560501110849881,-0.016384965814340242,-0.15311158522375798,0.016089099113823016,-0.031529018007733355,-0.08461629851966843,0.11458783896329343,-0.034299894936835496,-0.05492082401688512,-0.05952463647841068
850,-0.2678783920189248,0.007893981450917598,-0.04579843174163483,-0.012053557316455054,-0.15141922500310726,0.016642267860562027,-0.038785094262138976,-0.07983917029820405,0.11519231505270171,-0.03375669759051415,-0.05514589913292682,-0.059459592231135096
851,-0.263444866140619,0.008366143878220962,-0.04508699596908228,-0.01270445782328296,-0.14790872607351616,0.025502954656639355,-0.037256899761370234,-0.07541310649334222,0.11068764942017469,-0.038243894963822515,-0.05960635825842522,-0.054993084561259495
852,-0.25491897570307687,0.008363355140612089,-0.04956092903901654,-0.011465845475549572,-0.1472237051728986,0.025634104086888227,-0.04029131305915334,-0.07586086621837776,0.11067165506672734,-0.038170401885691145,-0.06035380168041584,-0.055497246881226946
853,-0.25292115580588004,0.008064982563850525,-0.045833889359471865,-0.003799040080787826,-0.14291654608213045,0.029921132417365538,-0.04524537107350028,-0.07460256750534529,0.11079907307915982,-0.039012610855024416,-0.06103788211912318,-0.05495375736177379
854,-0.2495902021629302,0.012124384872697036,-0.04549027648936843,0.0023571449018170115,-0.13736267575057856,0.029228956132178224,-0.04989942942718081,-0.06898095647839879,0.10941445753717224,-0.04300911215961982,-0.042212962562623725,-0.057395618040233916
855,-0.23618695466060316,0.016679139039387496,-0.03601518763997611,0.010613170076826486,-0.12059632904414994,0.02963785340473996,-0.05461220763585083,-0.06743215963121327,0.10621748249277843,-0.0423350507802661,-0.023501529654409856,-0.06036256572023756
856,-0.2309259990648479,0.016511767043223245,-0.026239747514146962,0.012688557129750958,-0.12123545436774125,0.02758186337362438,-0.05357224908048258,-0.06413130221035983,0.10460928961712578,-0.04301182754771378,-0.009001495037347713,-0.056221983775877254
857,-0.21784818730873698,0.016798976500697924,-0.011337170135118665,0.012455437463778403,-0.11597336036861979,0.018308969996934172,-0.03982654755039316,-0.06322802141500194,0.09932042893590526,-0.039803329495884644,0.01802024809683114,-0.055134347123263004
858,-0.21518043987396246,0.015438713643159789,-0.0013002395219312757,0.012561294396564582,-0.10895119361614865,0.01688850889605346,-0.028497061007095523,-0.05903190007951205,0.0948519051399804,-0.03794869502901936,0.05162126867820331,-0.05537066958872111
859,-0.2056572487761573,0.01037454012887219,0.0024342304320309396,0.017297831451944815,-0.10162329378885837,0.012690414263868202,-0.007793518155662594,-0.058749674571791546,0.08973015213459476,-0.03863894574400274,0.0734284414319669,-0.050844108610847136
860,-0.19637446752663382,0.006051881270625583,0.029139684911735002,0.021996272351701138,-0.10064077356729818,0.01266494256362322,0.03906370979614546,-0.05425860301441429,0.08938476832799748,-0.03418072695147114,0.1331782650562831,-0.051165361580581374
861,-0.18980760896873483,0.000837716215568621,0.05317824999941509,0.02534176393607315,-0.10107830982870646,0.012566539791371255,0.07768926669135069,-0.05498994514195636,0.0845636888377788,-0.03413169436188617,0.19240030873431258,-0.05103142382381898
862,-0.17982232059440922,0.0002513721604633034,0.09355751889001278,0.02441369628033166,-0.09663325646786752,0.01267043152641958,0.10908490297726237,-0.05303656893805492,0.0761533603660982,-0.033438741138093496,0.23909002836184026,-0.0510743395001662
863,-0.17461226790840118,-0.0038751719609759483,0.10864637758168735,0.02735464908489738,-0.09127159198055732,0.012325455057628193,0.12937398553014562,-0.05014838321418501,0.07586745183131462,-0.029362359168606907,0.309749635453886,-0.0510531626880488
864,-0.17010627864883757,-0.004155477525883968,0.1415239852150128,0.029553607819864394,-0.07781727199851157,0.014459511366084485,0.1780307581729338,-0.0499374032382159,0.07096128239056532,-0.029914950325012193,0.36115113167506463,-0.05109630716537501
865,-0.16054184156489135,-0.008552942710924926,0.17532546498645454,0.028267498160864418,-0.07609922606392044,0.019937695807890652,0.2632023801201089,-0.05402226735640102,0.06361376087401141,-0.029724863527456305,0.47143827882492,-0.050966624485522076
866,-0.14712915014389896,-0.00819058282861526,0.20552525045764902,0.03684327617007196,-0.07209020352931987,0.02124012078105608,0.31448776862075073,-0.051076935159596534,0.05879073360661691,-0.02992308330089624,0.6146343405190048,-0.05124448210895108
867,-0.1390773501052447,-0.008332752797306624,0.2319564418923387,0.03735508343532765,-0.06484576507603901,0.020800380155520562,0.4487266393744582,-0.05038032236042225,0.060165248470729286,-0.029326435852843252,0.7069655711479226,-0.04670601075559344
868,-0.12580493275724858,-0.00828922542619199,0.2595477599786213,0.04217624651434917,-0.057125346497362374,0.025148695728361172,0.5238453244776193,-0.05040865215457078,0.05584817456069011,-0.03348637702596644,0.7343481241003097,-0.046893746969564096
869,-0.1106392394501618,-0.00830260219396166,0.3040596519423444,0.04595219899202691,-0.051467636879102496,0.02949415882337142,0.636414035239589,-0.05038434267215462,0.055397805514719116,-0.03397804214051008,0.8657054439913809,-0.04677761715167467
870,-0.10501898133861813,-0.00829195188607648,0.3200823257949083,0.04534241782556044,-0.04263124941028985,0.030090831471599914,0.7272325962596304,-0.050693970418709135,0.05088691291275759,-0.0385013758014607,0.9699719198224892,-0.046817331488948524
871,-0.10104214715446654,-0.008320225393165005,0.32345903423987266,0.0470687697278466,-0.037664184510754074,0.034082599091347865,0.8336671980950893,-0.04871843816367501,0.04625421413350889,-0.04264356887656612,1.0296184931155714,-0.04680632270912601
872,-0.09236778420203562,-0.008241183281967669,0.31916815434452006,0.05259320469373375,-0.028427856777675193,0.033489998685346405,0.884216822332966,-0.04581521499666522,0.04124439622316842,-0.04338045044533504,1.070406371776043,-0.046809037096540336
873,-0.08724988831936455,-0.00836840347607666,0.29701179276985884,0.05385072586456756,-0.02501688837796816,0.03363432542845619,0.9872924199039473,-0.04630299067080309,0.038205864833251356,-0.047384410883015204,1.0997329235758078,-0.0468082301814411
874,-0.08255290071740581,-0.0037954814856189555,0.2553360667569597,0.05681294524358391,-0.02520759723779421,0.03364021971129236,1.0118473172522453,-0.046205423806315975,0.03672003680815159,-0.04624472792282553,1.1664498425248326,-0.04680902016345487
875,-0.07300351203091339,0.00028213235827723344,0.22407345960288277,0.062031372607748776,-0.025487304205362833,0.03350900924183097,1.0414286690715848,-0.04621548726114521,0.0316118852336605,-0.049466632132244594,1.2040818726188454,-0.04680820910674713
876,-0.06525734935326327,-0.0003342248656166978,0.19324510220853375,0.06220128575920566,-0.02313805696888053,0.033855561132803955,0.9803015208654177,-0.04621923287361621,0.02645304669305037,-0.05089943018506294,1.2187104824851465,-0.046800962820036394
877,-0.058720284414703255,0.0015485568478357933,0.03992119153384081,0.06652057117181004,-0.017513468918356326,0.029400247795584946,0.919977626585376,-0.046310454811323565,0.02566942696312758,-0.05453903908152211,1.2324179967681388,-0.046875239283245315
878,-0.054076546048822054,0.004571193915334135,-0.07577005134248478,0.06704015008733526,-0.017060792221001587,0.029355317136570126,0.8799796913655764,-0.045413875650035934,0.02180529969412373,-0.055396899589228076,1.246791916902696,-0.04641690647713657
879,-0.04866588873584031,0.004023886977612044,-0.20532889286149777,0.07053645346299864,-0.012761394812028464,0.030411713208615423,0.7988610029563395,-0.041567487542605905,0.016995820333377026,-0.05531679894736336,1.250916399499524,-0.049101650283131355
880,-0.046230508170752235,0.004282688664862179,-0.32102713330517724,0.07330987358830991,-0.012480127962011226,0.03273753427573806,0.6325176522105945,-0.04213450097000627,0.011820576975666859,-0.05556838707308314,1.3053654916758815,-0.0489651217296321
881,-0.03558535045805409,0.0038016396722748225,-0.3987825187212065,0.08195485332266438,-0.008340019820552363,0.02884958594745315,0.5549100834807431,-0.0419902766249426,0.0035412744114310057,-0.06092152958198916,1.3097138736582072,-0.046445326846339126
882,-0.025726310907644746,0.008060812074542938,-0.643338160712941,0.0827289135379926,-0.00648658005474914,0.029549722776906793,0.4522886402489002,-0.04201983333329741,0.0045537630554480036,-0.0631699731588628,1.3282961420281452,-0.04686531993371233
883,-0.01227824529591622,0.008280998890201475,-0.6685423449789095,0.08600031878026589,0.0009388088969809935,0.029355758145682795,0.39141886430213996,-0.042023345537530316,0.003805163450145451,-0.05720159498038394,1.349060862675928,-0.04680636801552887
884,-0.012451840554168593,0.008318373399340996,-0.7387556878687526,0.08767140304808618,-0.0002260670938486262,0.029508101732277223,0.30636619860769587,-0.04200244479336903,0.006640204999958942,-0.055073372892511546,1.3512480096179784,-0.04681643265302073
885,-0.006072168413101213,0.008291187123353376,-0.76641136315925,0.08300055130090929,1.9001180488101288e-05,0.029218233118243276,0.19575502105165907,-0.041989674308957885,0.008823645065361258,-0.05527797362486491,1.326575784595188,-0.04667015347197876
886,0.00043680504215579536,0.008300926199280035,-0.8297513764138402,0.08730135936978581,0.00010312820787352747,0.033681975335785264,0.1017358972714579,-0.04253969847527897,0.008454073520091171,-0.05563383399642031,1.2746841801592752,-0.04784765675430283
887,0.0016442818255876267,0.008298703599494944,-0.8433373292424765,0.08703143426547837,-0.000309526937609164,0.033115543263812004,0.049543875563792646,-0.04639758955418522,0.008517863968618497,-0.051671713596339146,1.1316324086030212,-0.05152403690642631
888,0.004581539117981195,0.008296589837873979,-0.817761404805733,0.08717417903429157,0.004080637302964081,0.028977065354098115,0.011153128349089582,-0.047602620088567575,0.008510691275110737,-0.046901381657752685,1.0524008532400448,-0.05094260789832328
889,0.0040489709963992355,0.008307396844462026,-0.8059037042550888,0.08712628763288277,0.004158043664108846,0.029843243998637616,-0.05396504988963186,-0.05088340229219895,0.008516953748456098,-0.04246154215012214,0.8694075437194169,-0.05112111769572762
890,0.004198771259955583,0.008270521167756584,-0.7699383439546762,0.08713920766232816,0.004214103422950003,0.027450411107586847,-0.13659120990200194,-0.05028699111920385,0.008451272818326161,-0.041944585538376364,0.824723388459292,-0.050948089791591274
891,0.004065027917907981,0.008368703780872313,-0.7218854774141342,0.08713813751420238,0.004271623732184524,0.02471847426381986,-0.20591018146749127,-0.05055279185133398,0.00886535975514329,-0.03781895445173892,0.6226748644463419,-0.05134794205352077
892,0.004196108246552047,0.00825903606338148,-0.6659245289523914,0.08713044295629888,0.003807930545273638,0.025748642736354826,-0.21755681176389102,-0.050102509222456425,0.006452456596468382,-0.038472183845111925,0.4207931897785546,-0.04685493620181063
893,5.839699457530135e-07,0.012632172697520035,-0.6280551489701696,0.08715707210029981,0.006555748978768699,0.02155686403168308,-0.280600230343691,-0.05449560729285637,0.006041578340273991,-0.03806942977701145,0.28082352828535045,-0.04686334088171639
894,0.005264502876348558,0.01252472246626403,-0.5700172557744676,0.08709539722069391,0.008245621842129918,0.02111239820670841,-0.31518923155338624,-0.054573925472576695,0.009065547219816427,-0.04013560370234119,0.12099399225167393,-0.046832397686409365
895,0.008657473710225844,0.011342762747293102,-0.5012037858985174,0.08709176177225905,0.011762310391681876,0.016679009501483134,-0.35173490870821766,-0.05468166704311096,0.008001203469804815,-0.04943649535023483,0.010316846731224325,-0.04651454720862182
896,0.007859321398812,0.007844412914331182,-0.44150362066160725,0.08241113398721427,0.012449615268675718,0.017409693815738283,-0.37116965994986256,-0.05439547903475393,0.012277204041354337,-0.05106956332112625,-0.08067535080652372,-0.04866918818349706
897,0.010471254094415471,0.008412527955851,-0.4050332518338893,0.07780023468321981,0.01674878384435085,0.021223852571549445,-0.34432805073622613,-0.05602968992876062,0.012779149428761093,-0.05504956534341959,-0.1442594217423541,-0.05158860131347223
898,0.012803049260347912,0.008265154339470983,-0.3038934562057268,0.07371928289218917,0.016723762303451267,0.022020780809042996,-0.3271329752870531,-0.061111937649745436,0.012645670710236234,-0.059664489938485256,-0.1503570156787004,-0.050472393981979974
899,0.012302177297377391,0.008334884893279161,-0.23701479884699136,0.06612849232416532,0.017030492805337635,0.02782114454756428,-0.3115150706157043,-0.06585855343511482,0.007551328423659774,-0.0596727027890982,-0.18283630398236245,-0.05486543732495913
900,0.012691283858066784,0.00820884600899529,-0.15689924720559084,0.06327668776892063,0.01550299952150962,0.029213248521694674,-0.28260610483061627,-0.070008413903167,0.004215270279240543,-0.058479578812188814,-0.30593318296833666,-0.055000445257632986
901,0.008594274387811383,0.008440952252682795,-0.13621104418431743,0.05102613586924215,0.012464017066585058,0.03250323198522201,-0.2574301708518773,-0.07900494682285716,0.0026924411735576525,-0.055230907528758956,-0.3703290594908289,-0.06398955939778944
902,0.004051851853094299,0.004056910860043324,-0.07361312496594141,0.04252486638702644,0.01071551514321876,0.033754330840668555,-0.22744263722334648,-0.08399391525815719,-2.8391197875664753e-05,-0.053227326680846655,-0.3665864874600989,-0.06464387504576183
903,0.0043382258329672276,0.003860863270723565,-0.06001064394292523,0.03043063812135917,0.005523231061273594,0.0336278770099824,-0.19741231513389737,-0.09310940038128045,-0.002536357860491731,-0.051124181969386145,-0.3601903677290349,-0.07394577052987894
904,0.003203791692489181,-0.0014370604052227295,-0.034218690891343356,0.024912504696439276,0.000979708839092452,0.03372096891980137,-0.18485368993115145,-0.09784960118867164,-0.004541951841080668,-0.048019167445594584,-0.36367209145097473,-0.0792339734805509
905,-0.000577799206680871,-0.00422656925807987,-0.013023706870901215,0.01977143169177646,-0.0038027917706919268,0.03872338997560717,-0.1768235158218355,-0.10966241710304486,-0.004209277784988077,-0.0465300458555838,-0.327890117318372,-0.0905022805051703
906,0.0007401336518179396,-0.005619054103238512,0.009130233623170753,0.0065999610225364385,-0.004177928266394752,0.042139477585711606,-0.1617136785313053,-0.11993079672771378,-0.004259292344975222,-0.04702218174416467,-0.3086079778652211,-0.09327861529353743
907,-0.00341610183412529,-0.011157757159491037,0.02435048632711277,-0.0049625264972253755,0.004685990420001326,0.04316124777609867,-0.13187366168229167,-0.12645117836615935,-0.004254537924324751,-0.04251472552272104,-0.2874707876521573,-0.09994057335562717
908,0.0016309182559382913,-0.012659724474075634,0.033635152047214546,-0.019537584302883004,0.004052250668569494,0.04869568280420539,-0.12747325690716196,-0.13505023771035873,-0.00427693575949984,-0.041784692869528905,-0.27171818073225773,-0.10576250748150186
909,0.0042581997716351575,-0.012380495175996065,0.0424169321782139,-0.02346377027907352,0.003951092617378398,0.05101674718983164,-0.11226136484962412,-0.15291987602590335,-0.00410210415546954,-0.032460315140175264,-0.24721317314202226,-0.11473259429429412
910,0.007799956572462087,-0.012525813238353457,0.046699269511832835,-0.040359326110862626,0.006081342288448903,0.04752674461982489,-0.0951156918604027,-0.15902110685852155,-0.0052756844936204415,-0.028340945596866212,-0.22562066530743646,-0.12393406460355447
911,0.012486852669218779,-0.012475267274000544,0.051341316829163576,-0.050373201793589104,0.008785953565674446,0.042574668784108,-0.08414227541140407,-0.17241286923191826,-0.011263181346255445,-0.023862810339635915,-0.21089712876207573,-0.12912555685553767
912,0.01660908109555714,-0.016486201637043108,0.05631695252854146,-0.07597027009899027,0.00832588770599335,0.03810537124845196,-0.08226152515346893,-0.1739050143423992,-0.010788046695943033,-0.016549892256765203,-0.18471215189620324,-0.1392851815884163
913,0.018057108489220902,-0.01195967984310456,0.05837579018426657,-0.08257829429818381,0.008416816291559161,0.02892772392616549,-0.060195869092530836,-0.1912174272220688,-0.005899819981939185,-0.007423995840808257,-0.17545892088439752,-0.147904447467739
914,0.025800059580783925,-0.012638643504715111,0.05800948119972153,-0.10500315882789399,0.008400719168813341,0.024898624193353938,-0.054619568396213396,-0.19695808313071092,0.0024987416374172237,0.006250371610267841,-0.15337985420611272,-0.16146108326943984
915,0.024667071801971474,-0.012211624013530252,0.058180597719820516,-0.12284860767362957,0.008401416847493424,0.01725715511458008,-0.0486649857344964,-0.21210890794257456,0.008408152513215764,0.01255341964201051,-0.14761379886675816,-0.16601777352880748
916,0.024894755582085704,-0.013952390880757254,0.0579604014221943,-0.14211131007801117,0.008444114578291624,0.0074462914642627375,-0.035759723776741685,-0.2280962271383612,0.008528086175565098,0.017075762877852122,-0.12482957514540442,-0.1723555420210741
917,0.025113370918513258,-0.022143807137086587,0.06240509157957458,-0.1668436476919569,0.008112182995051311,0.006822294839704862,-0.03264709723376066,-0.24843297092870575,0.012999373586063987,0.026152111379260646,-0.12460252432449175,-0.18254429237963357
918,0.022353799921308922,-0.028192758122570303,0.06161778617946079,-0.18173682627151003,0.010189272857106491,0.0015002500542557792,-0.024572276215566687,-0.25865158247041276,0.012873352016640404,0.03156703520247301,-0.11696613093517429,-0.18746440473442913
919,0.013432847413389407,-0.03268147718563954,0.05770390888948846,-0.20278882330883363,0.011026223418558672,-0.003434020926667604,-0.020904911236935893,-0.27672934946758637,0.01142529133343879,0.0393072496246983,-0.10050920339122528,-0.19775149825807492
920,0.00843788800679348,-0.037099814929547885,0.058195906658520445,-0.23364602560643993,0.007936098534576736,-0.004299719187563529,-0.017721752192286635,-0.2868016855209228,0.008435300911256736,0.03726764427945517,-0.09492793662113357,-0.21119773101569342
921,0.004058313281158141,-0.04589003045941903,0.05809340034470622,-0.2590213899095805,0.008523506729760622,-0.004196968774799268,-0.016903946478792654,-0.3095252741059038,0.006284974894161634,0.04317916181171681,-0.09083709475386578,-0.22073249098195089
922,0.0036671805350074254,-0.046059498080079316,0.05797708070161005,-0.2678079656856917,0.008300547207398035,-0.004196967933995445,-0.012651073078136814,-0.32517366366240297,0.0037935595538562904,0.04707454751426499,-0.08172483768486623,-0.22732057998680277
923,-0.0007070936237132986,-0.05041306463627628,0.05851400669390672,-0.30762885635058135,0.008552254950296581,-0.004219018318396915,-0.007864119988034355,-0.34608368031572767,0.00471901229883282,0.04976584629422746,-0.0767302195788585,-0.2375313152625585
924,0.0016776064059208647,-0.04894120639883535,0.05449564811663699,-0.32372746890181114,0.004068815625576689,-0.004105571020660317,-0.00410120653325868,-0.3620208366658537,0.00040870130460499057,0.05483973562743849,-0.0678274768854198,-0.24946547760931795
925,0.004532461857785649,-0.054052360685065255,0.05390741398096706,-0.3584162300823583,0.004426591967935634,-0.004676517003095422,-0.0028750410461906976,-0.3767647145913801,-1.5628292405424913e-05,0.05946842710906255,-0.06702281655748335,-0.2577885317362608
926,0.00407318016948731,-0.05842956535087894,0.053973781727686056,-0.3679953341267181,0.003160340657208951,-0.0014906856122141481,0.0001417620802451973,-0.4023458843588256,-3.3153875561093394e-05,0.0692959023644327,-0.05747490243386016,-0.2764122137194983
927,0.004129399027828804,-0.06070981322341988,0.05340307667920314,-0.4098331412192211,-0.0005450730473766863,-0.0024822195440826326,0.002073324392644756,-0.41500365973141373,0.0001783184922235151,0.08145723699566979,-0.054521451487083025,-0.2810460629122932
928,0.004256939374649658,-0.0656735208656003,0.04937588667224299,-0.4205445421769131,0.0005654015942063885,-0.00457910710687641,0.007236635057998186,-0.4284862617229921,-0.001146250741731632,0.08265911477088608,-0.04383104639339008,-0.28678555307554837
929,0.00393959864783126,-0.07025546343968182,0.049886518738286735,-0.46126031075852264,-0.00283206394176568,-0.003901622230108769,0.011885420585330663,-0.43882363488705994,-0.004818050105604299,0.09176210613158295,-0.037339827794614214,-0.29636200424334064
930,0.008307348698939395,-0.07488117065932942,0.049881818801772566,-0.4794879611795109,-0.0040200035893599405,-0.008371498702206711,0.016537666813520736,-0.46076942523800024,-0.0036755327590299747,0.0956308731003425,-0.03864496993931094,-0.3073654634178739
931,0.0034609726635763927,-0.08428129410020897,0.04932058463843912,-0.5034071293642416,-0.007859748617195662,-0.00834456809650816,0.021078117538600116,-0.4803836605981166,-0.007170357139141077,0.10075777706463515,-0.03505463401741542,-0.32316944705794504
932,-0.001086083196911351,-0.09258983666897337,0.05303028142503849,-0.5185784479979304,-0.008437882213600995,-0.008432362562964296,0.021563066905812958,-0.5038430409470902,-0.008325274912093296,0.10464717782500874,-0.02563407299365024,-0.33045794934386763
933,-0.004770080560414853,-0.09681119165175582,0.05376973344991168,-0.5378696278512586,-0.008432554039690558,-0.008380121021474764,0.02565177586822153,-0.5100343379965576,-0.012208754795195205,0.11679328308507408,-0.02532240028431892,-0.3415118660628079
934,-0.002469370829790826,-0.10146897437617584,0.05790902083141986,-0.5617622692095627,-0.008228705012718019,-0.008477900037376276,0.0251885036407175,-0.5261445664573432,-0.012807530359657935,0.13155139365608948,-0.02122888736338828,-0.36062348253515375
935,0.0022721032146512873,-0.10621766229862421,0.05801138301126073,-0.570410369071133,-0.009561526550445202,-0.008094062165649975,0.024778607005074633,-0.5357916999572847,-0.012790181848132177,0.13659662280192145,-0.018984028300018288,-0.37030836642336373
936,0.007383567840197903,-0.11010566649598837,0.05866290460499269,-0.596721751010468,-0.012955662049572086,-0.010806273658872424,0.028175637099828232,-0.5495469795016594,-0.01261084871683333,0.1452343351531481,-0.012181003807127106,-0.3705854986377455
937,0.008075872874212605,-0.11900756516470384,0.06267508624635106,-0.6038515817651448,-0.012930619247448366,-0.016406958396038996,0.029335484558999224,-0.5546636026022248,-0.013807689672215327,0.1450333887806765,-0.010785877991265654,-0.37553290675677525
938,0.012059252497895728,-0.12030280049738974,0.062005906361118246,-0.6103319423739711,-0.009830514887722427,-0.016442446057211197,0.033039168964310354,-0.5604186427864507,-0.017481106087834933,0.1523585521704134,-0.007909631921403584,-0.381959569758202
939,0.012457404158310465,-0.12443071171383216,0.06279871049953836,-0.6234811242719288,-0.008177439198917199,-0.0252395137177327,0.037835704115609374,-0.5732619748748294,-0.01689799727296742,0.15961947814488392,-0.00932219644797026,-0.38999221255291544
940,0.012519347496841119,-0.12909168524482867,0.05916883801197778,-0.6338680469020265,-0.008438633271674458,-0.029915454976523443,0.038198265495248455,-0.577349391427699,-0.01707948060895165,0.166374472403766,-0.0011497514311649506,-0.39354247346305826
941,0.011935753202327868,-0.13289749782041557,0.06097796230208741,-0.6389553698870841,-0.00839933108586025,-0.03379229869299002,0.042516467213346065,-0.579693792388447,-0.016901087139809062,0.17657854640577345,0.004153641718898,-0.4025878005670396
942,0.006633702816053616,-0.13384375504158844,0.06242602745261486,-0.6391800897459426,-0.008323130736297464,-0.03461446209751235,0.04153084477284083,-0.5828415504974731,-0.01736413653880758,0.1825868583116427,0.008871045433106314,-0.40453092678598956
943,0.0041883276152825145,-0.13740059609781097,0.0622173614489477,-0.64327593016465,-0.00914167754398895,-0.03974706803687363,0.0442138066010117,-0.5810524143834986,-0.013004055098319143,0.18302518530084375,0.013532176828796235,-0.4042117327897188
944,0.002048548673117774,-0.13681163820086747,0.06219455026627733,-0.6359900369137602,-0.013043914498438107,-0.044809878060481735,0.04621208821951947,-0.5798951098696209,-0.012814641372315663,0.18300405278270468,0.01852743012525525,-0.4087143948514151
945,-0.00035768087580757444,-0.13696566262567347,0.06278910287237366,-0.6216948180919893,-0.012515419493197193,-0.046156246275995565,0.04901259628870368,-0.5758891809703571,-0.012275224109442939,0.18257878734542085,0.02161687399753747,-0.4085777393533967
946,9.641155408016903e-05,-0.13688671586773218,0.06687767384832616,-0.6077285425729574,-0.012506124932543106,-0.049207027574296174,0.05414202624788309,-0.5712301563301405,-0.008121812953209974,0.1777519820212476,0.021272353688320114,-0.40739837191178
947,-9.329060961188544e-05,-0.13703650419391925,0.06592356733036026,-0.5953275963694136,-0.01307915709423767,-0.054601114503326276,0.058620344363519754,-0.5656346869994235,-0.008542965828761285,0.17182027129088057,0.020969337907890902,-0.40250526738397685
948,0.00012562402489265192,-0.13676973524966274,0.06850421574805048,-0.5734005215683026,-0.009082115924969953,-0.0503342483022239,0.06754406474686549,-0.5495428585648182,-0.008887803841930745,0.1618375157159724,0.02412946738302238,-0.39553792348235706
949,-0.004279270671581818,-0.14104616607457773,0.0708772126352054,-0.5628989241108222,-0.008549928272315578,-0.045143259548757,0.06758582016500726,-0.5326933984450157,-0.006020975027588034,0.15280862938936676,0.029513375995252424,-0.3851772214115934
950,-0.004064827440547645,-0.1366112514536851,0.07047250495881596,-0.5331363695910556,-0.0041835946418167175,-0.03729999074602655,0.07329141982021772,-0.5297494374739942,-0.003952377051012865,0.1409477686040689,0.029711496504098312,-0.37943753836569766
951,-0.0041836886547261766,-0.13647600400259682,0.07055530441199107,-0.5184188348964274,-0.004275419914105555,-0.036629434893645216,0.07552462199410755,-0.5053875394599558,-0.004333218785791949,0.122389523539575,0.034184806495427655,-0.3747416428429864
952,-0.0041168360173244505,-0.1298947365470853,0.07052969877700921,-0.4979726345449466,-0.004171243701868428,-0.03267516604823492,0.07808912160636852,-0.49059200079398746,-0.004188208321120972,0.11100329435250449,0.034406888007992444,-0.3698884080097625
953,-0.004260590721736669,-0.1204390810238512,0.07049488493233558,-0.4629370008815881,-0.004210967124872245,-0.019554456747651102,0.07981279991401503,-0.46049055078677675,-0.004237786083387346,0.1063073902620953,0.03996724138387851,-0.3541263196264075
954,-0.0037039546689418734,-0.1113257230311319,0.07109477736130698,-0.4392580913818896,-0.004199258016743137,-0.008403359438473595,0.0829517003186487,-0.4539897957701734,0.0002522203520759386,0.08791156194599242,0.04251798380756062,-0.3318492075753183
955,-0.007151392743627628,-0.10212458701155576,0.07516056282572273,-0.4168724254599236,-0.004202238918979651,-0.008690082835038537,0.08811346464448988,-0.41828161486045645,-0.00012003462882378662,0.07848674772183675,0.0446527821586689,-0.3181789446118633
956,-0.008473141479571207,-0.09295609097459051,0.07431283843701053,-0.400235784588459,-0.004201568219528544,-0.004563220822963967,0.08831118805403872,-0.4059418572683725,0.00011990156929697922,0.06406307873052264,0.047288362502279434,-0.30627502936770634
957,-0.008278948287808254,-0.08065791112700349,0.07639825734744102,-0.37228848227035205,-0.0042016994104770115,0.00016626000638794076,0.0933327730206659,-0.3723879006356598,-0.0004281417322596383,0.047641043225039516,0.046325376168969604,-0.29411749649995367
958,-0.00829832497270638,-0.057977997134021804,0.08178453738203076,-0.3295425907976298,-0.004201678353308128,0.004470204998026775,0.09693754263477043,-0.35455585134126605,0.002484906118461101,0.032887346222826595,0.05054830814556744,-0.2806305569406003
959,-0.008291963837271493,-0.057220288994586505,0.08325064194892341,-0.31692714116954446,-0.004201679886638121,0.003926412267774373,0.09660233907501213,-0.3337431359119003,0.004116540317374032,0.024477432456249903,0.05111788659026105,-0.2576223561242565
960,-0.008359491563867635,-0.044689038649424834,0.08272803138022237,-0.28644061997687226,-0.004201693810366613,0.005439841659318084,0.09643382421192118,-0.3072939139382355,0.0075928612617187545,0.014392780454611535,0.051242739092679554,-0.24690448747933452
961,-0.007956492998165357,-0.043963387592786424,0.08687133574191372,-0.27245508528917417,-0.004201588468443778,0.010559432518314668,0.09863096585858953,-0.29026938037989325,0.00862785558655547,0.009088304616647936,0.05610688752244935,-0.23764801575741742
962,-0.01028386629916646,-0.03346411546437323,0.09140007937166829,-0.24784382418426945,-0.0042021774600101,0.01501372416885008,0.10742946287864337,-0.28328227003402984,0.008506464943177054,0.0002695676199742249,0.061047692219895894,-0.22533891096508551
963,-0.011944679399959603,-0.02437262295345207,0.09111157457981416,-0.2300782037894138,-0.004199389447794288,0.02014716854290828,0.11305968187740771,-0.251437263221318,0.00851196397548764,-0.013271216616082004,0.06393172536032024,-0.20557851507871913
964,-0.01807809634185245,-0.017302389754222547,0.09211207419076821,-0.21297378269756295,-0.004211010882548591,0.021127000267612217,0.11765116849180794,-0.23308090195931472,0.008462725864883712,-0.012511783811310892,0.06548619070372788,-0.20119423282181026
965,-0.020872026361155583,-0.016903760464027945,0.0973420755605968,-0.18441673696813723,-0.004168458261437159,0.02099839883479247,0.12194843635861638,-0.21478957406308313,0.00880872442373923,-0.012906339232763178,0.07119252259174723,-0.19056452259440046
966,-0.02419975347076166,-0.012817498900664923,0.10030118303620215,-0.17061708880417822,-0.004297939896128986,0.021006494361740864,0.12260971079687802,-0.2014980015105365,0.006730572908054092,-0.01244313284590812,0.07248646920706442,-0.18175266185195965
967,-0.0289174843649292,-0.012503170148483282,0.09690866909819651,-0.1546888099699395,-0.004045593645394029,0.021009712249022854,0.12661941672463908,-0.1857646595992991,0.004257770004078561,-0.01468636396449726,0.07239781872567622,-0.16843254845215413
968,-0.033328044473637415,-0.008168095621549892,0.09509149054987995,-0.13014449801957403,-0.00848985403524328,0.021007917293692707,0.1254938132945092,-0.16474286036142158,0.0016486325012047415,-0.019633960428912987,0.07222670466081642,-0.15423267914768302
969,-0.03323427652130367,-0.007785677631832761,0.09578870480782362,-0.1290705356440587,-0.008884126026240982,0.021008662378302644,0.128756881758973,-0.15766698627631123,-0.0004866596639692728,-0.024838943891906134,0.07675834184092564,-0.1402263527562078
970,-0.03242199805574755,-0.0036380615536017033,0.09141822783069051,-0.10255339330663504,-0.012994305911042399,0.0210077964256255,0.1301584535290585,-0.1377530199207907,0.0006703703723656782,-0.02533228584547263,0.07639577356107877,-0.13952364762240818
971,-0.02693769787730295,-0.0045373031868704995,0.09128597307066909,-0.09310794510895298,-0.012830688017741877,0.02101070043964708,0.1336360227424662,-0.12631208408372446,-0.00823589988631758,-0.029630678577303754,0.07741969659778886,-0.13091771131663327
972,-0.024954917015280388,-0.0024372218730167716,0.09173300420174779,-0.07635002626302985,-0.01049039975159096,0.021000447674571755,0.13844990030823845,-0.11687232054420997,-0.00844705652258414,-0.0296989109218046,0.08299842539689913,-0.12115150095596479
973,-0.022583197880625766,0.002924958361654801,0.09663928173816802,-0.06257108540307274,-0.008087149770732414,0.021030442751922306,0.14297120767029092,-0.10334251445124562,-0.00839966608596022,-0.030378278363980594,0.08498755632464196,-0.1076710642860005
974,-0.018138551206928987,0.004425750095381488,0.1015753496798035,-0.04671869218487254,-0.008356854499630946,0.0209794112085224,0.14309341233590636,-0.09335944229382948,-0.00959731737788388,-0.034495871834212044,0.08775039943099859,-0.10079964469155052
975,-0.009609908730358423,0.003857630824427353,0.10361947325812874,-0.03910530093942049,-0.008698060983513162,0.020810596803750282,0.14998569207932105,-0.07882524411265818,-0.012883533871366405,-0.03375809153032726,0.0895982280768756,-0.09563184564972112
976,-0.004431507193436302,0.007963424898657675,0.10642114698607404,-0.023981855982799994,-0.004308847193656694,0.016421678287586082,0.15584709410567002,-0.0644658350981214,-0.014717081225231906,-0.03532074206715756,0.08940057926649563,-0.07846275435173411
977,5.0668049105274436e-05,0.012587248000309062,0.10775535448811344,-0.01339790558389428,-0.004249296357097985,0.017191234501736364,0.15763864066715697,-0.05329838708420959,-0.017497080745945658,-0.04389045185004988,0.08924665559220832,-0.07236524996366506
978,0.00037727449503787666,0.017287326874508586,0.1113832084677279,-0.008942543796647003,-0.0041762277487293106,0.015128127413553828,0.1599999970558837,-0.04371388421755933,-0.01663422792044149,-0.0473597858744371,0.09381484051507909,-0.06756994529551617
979,0.004679289673132384,0.021062527534407884,0.11219639397730871,0.004395353643856847,-0.004210152358879174,0.012229673174484978,0.1596078484412386,-0.03847566784013676,-0.020274665335398474,-0.04647819878397657,0.09282085553354641,-0.06305209414871406
980,0.0034712241553297653,0.020653551579273684,0.10779306484490912,0.00977025283202751,-0.0041993395232638765,0.012579974757859522,0.15966977278066183,-0.029537671846951916,-0.025424133794357748,-0.05066332037273558,0.0899345013668584,-0.05710200062884173
981,0.00756197589883869,0.020769260992477744,0.10741312030608427,0.021546655771097465,-0.004202287272571784,0.012970219948322042,0.15966428818291512,-0.020217431509171872,-0.02563529114969119,-0.05537619980403816,0.09457092913236803,-0.04672718790295862
982,0.015605488045648059,0.020749562418815384,0.10309444605521027,0.022802065969090724,-0.004201392804683296,0.00894595801257978,0.15966340033821694,-0.010366988153725097,-0.02960598696061025,-0.05534946324708696,0.09122767507335398,-0.039942770801465854
983,0.016728111091834506,0.020716972543018984,0.1050814054881857,0.031973828825632405,-0.0042022602601311425,0.008307654303310413,0.1596640421084518,-0.004097769024333456,-0.025180900149865626,-0.05465663708653057,0.08952127177388368,-0.034968944466813666
984,0.016594156072558375,0.02084627029751364,0.11038891289723252,0.03300169625282769,-0.00420028093699386,0.012770048876234058,0.15966380384033696,-0.0007312583280663907,-0.024536991421410543,-0.04917303353929935,0.08613423802805323,-0.034149764660677956
985,0.016551075400615,0.020510238095321893,0.11225647803571373,0.035735338026956845,-0.004202404587273365,0.012645710026604678,0.15966392935543983,0.005118791621747006,-0.019131881168030256,-0.0465304666080347,0.08519330469567503,-0.030205918330575503
986,0.01660870291633096,0.024880551407264265,0.11209429371781232,0.04066167061548035,-0.004223531517872749,0.011720027068874404,0.15966365884261946,0.0036530231408850086,-0.014741479384244943,-0.04589796054096053,0.08117621589365992,-0.025513858380522978
987,0.011960417157137549,0.02477262462375674,0.1117360937579704,0.045140821860897656,-0.004011479825760556,0.0063245737312786115,0.15966455834563523,0.0075197089172745,-0.009385747102268546,-0.031283635148486824,0.07649211523065629,-0.02459735106326378
988,0.007644192982012207,0.025494680980360875,0.11604389186103374,0.04978889604838279,-0.005462542939137159,0.0028442679942051333,0.15966209638231055,0.01202478494925061,-0.008741637631222168,-0.014993962727692784,0.07682063169804736,-0.015278357428283805
989,0.001639318986129785,0.03029833159120791,0.11610125461939509,0.04965231544894048,-0.008820913790960117,-0.008364031936627951,0.15966488379064517,0.021167562516163634,-0.004595680305531446,-0.0018002008685555839,0.07541342933973656,-0.011202139735368679
990,-0.00623476839318173,0.02397656346605625,0.11668364730367381,0.050601134375808064,-0.00841505345205405,-0.01631125670078155,0.15969126743834472,0.025813100997448407,-0.004259634941061248,0.02137719200736831,0.07261265674570222,-0.006355445668399847
991,-0.010813630464679883,0.014363848179078601,0.12155244675955924,0.054085892313485776,-0.007986323695419349,-0.02022621023422455,0.15942311142038093,0.029749470194802605,-0.004229604691880861,0.03540628774595284,0.06814721836588901,-0.0012332336856559218
992,-0.012347212453749397,0.004729613851227818,0.1263880639267561,0.055545859405612096,-0.011803603025866008,-0.02929248937831334,0.16123802603118995,0.02939735762756324,-0.004316629672207843,0.04939537402811443,0.06353678646397232,0.0002895799730717626
993,-0.015384988640260475,-0.005814705867919827,0.12897544024639104,0.05851543368243187,-0.012752931592643867,-0.038450395516903046,0.16268442701625463,0.029021555946810777,-0.003950751831874575,0.07558189266600344,0.0608197702187999,-0.00029915812491524904
994,-0.0173427536351217,-0.022077820002801632,0.1285020698704569,0.05800800641967094,-0.012630282424894784,-0.04240771027637043,0.1571814066455947,0.03201170064846033,-0.006063892280337871,0.11396819017123122,0.056936028390828654,0.004222757499940284
995,-0.008557384698645714,-0.044336776605122474,0.12883837808259355,0.05807930616870245,-0.0170768627527924,-0.05040943886243553,0.15208082051897842,0.03384174171070235,-0.008946539338626117,0.1304452454258685,0.03929730662149384,0.004193256914925195
996,-0.008374384996275989,-0.08063096887001887,0.12809267983493866,0.05816669697187293,-0.016590141144579292,-0.05976060668198152,0.1515259639214573,0.03366184490622119,-0.008293457689674622,0.14730115098337257,0.029549477687667653,0.004282915998761185
997,-0.008216085395253198,-0.101027181535586,0.13657266609389584,0.058001987889813554,-0.017465768497798226,-0.06051173495884475,0.14716785567185456,0.03348652244155408,-0.008962553261818823,0.1906090260643499,0.025139091245588743,0.004247165922287263
998,-0.008561483326339693,-0.11317275438445613,0.14118849528016397,0.062401430631591634,-0.0129954108837782,-0.06604775415742932,0.14674298884537532,0.0379630154106673,-0.004591985532824588,0.22214364493958297,0.018236929558127456,0.004255343039568181
999,-0.006790061729979642,-0.15347526584952778,0.14062205070137274,0.06219514421188366,-0.007501454615067748,-0.06815916187064822,0.1382561757013683,0.03772433131138856,-0.004302270355818916,0.2628519226898541,0.005251942492397304,0.004264170780284428
1000,-0.003815416084217833,-0.20379554230493413,0.14401805900340667,0.06199520153800452,-0.009113933602722326,-0.05943454967157318,0.1367228887242075,0.037845381419112485,9.298214659657614e-05,0.3091723833898731,-0.00733823827335,0.004221219151460895
1001,-0.0038858002232530775,-0.2454733422808026,0.15654563799813404,0.06388593810383457,-0.004484855617828505,-0.05881996678347676,0.12874631136184245,0.03781151880477283,0.0010673940766500187,0.3297984636049313,-0.028014379608605502,0.004357338026752045
1002,-0.006843686147329643,-0.29474555552722026,0.15733568075709287,0.06636189518499234,-0.008107186664585465,-0.04841749598577346,0.1189279334036457,0.03779456741011557,0.010664969660619281,0.34780066462191944,-0.040850559206669496,0.004075736455716538
1003,-0.011583147484126326,-0.35585685932108796,0.16033079441872716,0.0690154029143516,-0.00840012447331994,-0.024579529138627296,0.11191019282369336,0.0379031976023352,0.012592065232456078,0.37208897967031607,-0.048332333535664296,0.008591175093041413
1004,-0.01642057543790048,-0.40221543393700704,0.1620665685315661,0.07038967439643123,-0.007955896279441495,-0.009594009269301765,0.09231304661516149,0.03751888325241215,0.01496112947792042,0.38838351986654357,-0.07472889478255876,0.008980434495721869
1005,-0.016622834169712237,-0.46992307721229143,0.1617901318725728,0.07404877369801234,-0.0037602601385060986,0.039908485363752674,0.08462505927493547,0.041318398782719215,0.017285467687150197,0.409804585420906,-0.09856694384475989,0.013235901717875866
1006,-0.021410618742821793,-0.5185697367088964,0.16182810295644434,0.07475100019499882,-0.004416292836426484,0.08831091896061401,0.07133064768093587,0.0461871991934498,0.017257766851088072,0.3392050098310699,-0.11803245676921403,0.012608385140525044
1007,-0.025189697165299455,-0.543110865846756,0.16182657456740007,0.07470265933211144,-0.003754725421552564,0.17494908628412414,0.06600036552651804,0.046196900771025576,0.013636300262109496,0.29674174489720767,-0.14038058019008443,0.012914934720574565
1008,-0.024725625569429092,-0.5836630992907887,0.16182504172429743,0.0745703537188934,-0.00680590918513002,0.23888658907294036,0.05268311109855497,0.046047569519459396,0.008588764596960003,0.2570289139899719,-0.15291705795386734,0.012300923610813343
1009,-0.025325252750512645,-0.6217464104278743,0.16182722863723892,0.07553181335413234,-0.008661465339945468,0.32046938268780445,0.038654096074715365,0.04748250809485162,0.008399654209275024,0.20257276992604176,-0.17139615047942788,0.016119824436756303
1010,-0.022479329536446022,-0.6416253443010433,0.16181885078175048,0.07960643405470492,-0.00836350308565557,0.38781600530906457,0.020984086278155498,0.050865326417281816,0.0034601372053537642,0.051309030679884106,-0.19553133830915942,0.017130867421352187
1011,-0.02078772455713126,-0.6479003878868166,0.16185606980432063,0.07680728821692386,-0.00840661163226579,0.4830192837722713,0.00428140777100749,0.05031625340094639,-0.0011660262869803133,-0.018928288627353927,-0.22144995264997078,0.01701906739265074
1012,-0.017810487070909115,-0.6270588048041928,0.1617060157435796,0.07437404506872913,-0.008404033444353703,0.6079657425393641,-0.013368655519240198,0.050440798150138785,-0.005770019219120922,-0.03850503894443661,-0.2544976743182041,0.017016730253009208
1013,-0.012938574322383998,-0.5936232563324658,0.16223770600703816,0.07464212832630797,-0.008403063323790642,0.6976317104169018,-0.034105432984766364,0.050418545719884494,-0.011168760236544426,-0.0745545979346997,-0.27937199171599153,0.017023295315890925
1014,-0.008416822006460909,-0.5609490975300915,0.15817570048360183,0.07504986264569928,-0.00840252404002931,0.7072473828344515,-0.05831087468694659,0.050416437540638494,-0.01210614608038912,-0.12926048867485465,-0.3029256724279203,0.017020648966357264
1015,-0.00406696548057568,-0.5094756885390005,0.15764328567002775,0.07085876369454355,-0.008408466629628875,0.7438255651395108,-0.07308193656659252,0.05041582878519469,-0.01911173652844656,-0.2087588425856899,-0.33219270031854115,0.017021440902277765
1016,-0.003594968539609359,-0.4572882127610309,0.15765178657293102,0.07054062492147002,-0.008380303186366954,0.7316625006652726,-0.10156061936692543,0.0505380855977899,-0.021279869790064868,-0.23365912031669311,-0.37056232939186234,0.017021238954919422
1017,0.0005253241961624805,-0.4416521634041092,0.15782158177327596,0.07061826042850257,-0.008494710890098562,0.6922357886031667,-0.12382519583801385,0.04948918588210577,-0.025232556768617645,-0.234180886604874,-0.39745309665311146,0.017021284049755232
1018,-0.0004868127911513341,-0.38312147599322344,0.15670102435929317,0.0697413328523115,-0.008089752964559827,0.6470148732972327,-0.15051978801632684,0.0458481174053669,-0.02544089377888687,-0.22958388345200564,-0.4101076770902585,0.017021275413794227
1019,0.0021694141347944835,-0.3304893844090927,0.15225572486583216,0.06623945251989344,-0.011838538243501052,0.5778703246668282,-0.1723226895651305,0.0459522249158223,-0.020532812062844873,-0.21966161595759606,-0.4250766128881151,0.017021276700290522
1020,0.0043970506569870355,-0.2703693415110085,0.14449605399853055,0.06476931756087329,-0.016708555578051086,0.5264022279164353,-0.20349935330284868,0.048648301559068,-0.016815677326482127,-0.20533609186496038,-0.4580268301343327,0.017021276606776964
1021,0.0043925248296400364,-0.22693728526293935,0.14160738310404183,0.06181621662694191,-0.016518395263616665,0.44743060243836136,-0.22976086553653297,0.051146709870780835,-0.01635457859457358,-0.19087670358752037,-0.485822308353304,0.017021276659776347
1022,0.0009088119095428789,-0.17186064239982185,0.1323205201763434,0.0623318972737832,-0.012437347116066772,0.3699674248299991,-0.23748630138793322,0.046665526410942994,-0.008402193112428815,-0.17905446259214572,-0.5088775325733812,0.017021276090880506
1023,-0.004007124760055724,-0.11778459085408508,0.12117831877103527,0.06222323282332763,-0.011558190723703069,0.3206335870233716,-0.28287507368183284,0.046313386637526856,-0.003596462551148088,-0.1672926729611148,-0.532566209355091,0.01702127924925976
1024,-0.004122332408973369,-0.0978771802033909,0.11630565491481827,0.0622445456815698,-0.007923318999864532,0.26765407428930993,-0.3056213542575012,0.041865866021635,-0.004390944019693954,-0.15520897952523824,-0.5556524036647862,0.017021264720232434
1025,-0.00427917169833981,-0.03617297962956324,0.11147988114179551,0.06223898485424203,-0.00851904462377426,0.20923239395538948,-0.32765748119570937,0.0421058329292436,-0.004231316507965445,-0.14985214714385311,-0.5755814052520122,0.01702132313484558
1026,-0.003298602021051155,-0.020553693287275365,0.10312633756461234,0.06222458591203827,-0.008378756129345738,0.17030289029832774,-0.3423172063638349,0.04202666560518503,-0.004259432781270732,-0.14487667062633275,-0.5964498682872075,0.017021121092399914
1027,0.000798061951928354,0.0007819597487334725,0.10384762035882387,0.0623999521926089,-0.008407925333030001,0.14959739441523762,-0.36129067487248046,0.04180547629825782,-0.0042556193342866405,-0.14466824693691438,-0.6128005841099359,0.017021662991885587
1028,-0.0021698925468594033,0.03054480190258217,0.09292312169863527,0.061159505566231225,-0.008402415948722642,0.09038992165397172,-0.3833506770689081,0.04358682473212045,-0.004227931807703479,-0.14040309249733174,-0.6243284543257015,0.017021130970148405
1029,-0.003903960225240601,0.05555307626599081,0.07963386014310873,0.05769470872849258,-0.008403534902608254,0.07502303220419175,-0.4012554907740347,0.05009364438982952,-0.004469494810142126,-0.13851047924190057,-0.6313122492735935,0.017014691525160726
1030,-0.0075706205811911145,0.07397473118300024,0.07658016718066112,0.05797960321373251,-0.008409335367240096,0.0609533114811002,-0.4100935526895873,0.044413325111821694,-0.0028901518635849137,-0.12400131465814937,-0.6377795065297981,0.01707714350203866
1031,-0.004725192209186872,0.09755613189277401,0.07127385342464819,0.0589540566643994,-0.008352281456284322,0.03542006691428377,-0.4285100001766804,0.0379439175248643,5.515323675030242e-05,-0.11683083557791368,-0.6419388842524786,0.016698294735513538
1032,-0.00783769757144394,0.10321460250553219,0.07038233955345112,0.05188502191140184,-0.008701065785906098,0.025101328722637897,-0.4341593512532937,0.03784433994734216,0.0022726699491982475,-0.11451317903625267,-0.6511962591808321,0.01898668087336308
1033,-0.008300119920799142,0.11202688531538442,0.07062126588559682,0.049422590393943686,-0.0065940185246776,0.016265557215323974,-0.45156068894627444,0.03309238212770681,0.004500634080794309,-0.11535305291740458,-0.6503789851208439,0.02150101650892772
1034,-0.008669722868762128,0.11618497796429546,0.06606873120723178,0.049944647431852916,-0.003779986695820743,0.0033409588961338566,-0.45652334277810563,0.029135605760203208,0.004512068336378203,-0.11167716010507799,-0.6472548550266682,0.021766624090932288
1035,-0.012619787741269492,0.11706366508709846,0.06134705079062736,0.045461715916005646,-0.004402396330072282,-0.00736820554222859,-0.4629311101625251,0.029520788014763325,0.0006515712180957809,-0.10726581500517098,-0.6417624706709543,0.01731851039786409
1036,-0.0135596403573623,0.11952795099416295,0.057883833939251735,0.04081297383418276,-0.0038058417310627016,-0.012547833031557628,-0.4625322245407245,0.029279041087282735,-0.004163755694355864,-0.09797445940019132,-0.6248612862674384,0.02102543325186458
1037,-0.016958743886209902,0.11588244177703015,0.05721516532276566,0.03689192375925327,-0.008091522101635183,-0.012762362527395942,-0.45877231249127043,0.029884470332074402,-0.008877354693762905,-0.09777962360638845,-0.6152319423604902,0.021273626497929115
1038,-0.01696838922271501,0.11455059281250923,0.04949763013194256,0.03811393995555842,-0.008397899539693778,-0.0173206009276473,-0.4587923494121918,0.02637858644411576,-0.01359924555222951,-0.09248534366099855,-0.5940762962703331,0.02073942541076689
1039,-0.01366419790840734,0.10881715169400723,0.04281149518108008,0.033349832017507776,-0.00831000671310274,-0.015591324735963126,-0.44588218290430914,0.025291689266450684,-0.018243693822017282,-0.08933964713371857,-0.5728657880204033,0.01659439307009081
1040,-0.012941767562131508,0.10812397709179286,0.03818214950537091,0.028784693239439624,-0.009310308663298674,-0.012159408025315894,-0.4406445441695022,0.02155229685769036,-0.023332109383343947,-0.08772649390130917,-0.5592223150344331,0.017051070574458004
1041,-0.005387954353776047,0.10425619704669786,0.037165438781788324,0.026119384214938507,-0.012734429389530873,-0.012831595066257919,-0.42641201752866814,0.016782528433973168,-0.025778588546714852,-0.08486062415248492,-0.5315395631077937,0.017418958348608266
1042,-0.0001292897595709286,0.1036811143574543,0.03743327243174631,0.025050536299947967,-0.014439891631883247,-0.01209526336084916,-0.4184689165218349,0.01651779063626711,-0.025786108816747914,-0.08339907040475528,-0.5175451562991545,0.014249179949704004
1043,0.004467252577401659,0.10359020145875854,0.03295261384126817,0.02109176794251727,-0.017121531323202342,-0.01599965784315495,-0.4035913064628726,0.011431092763864406,-0.022735208062903647,-0.07393427775499954,-0.4966456928599833,0.012434212573675643
1044,0.00855763353282036,0.09865775996453031,0.03406960312494608,0.020754965772210157,-0.017039519513059244,-0.016613232234602496,-0.3808820602268588,0.006995963222689065,-0.01732192234320847,-0.07244492865567981,-0.46624791272551913,0.01306102000122536
1045,0.008148871488750667,0.09539301271021164,0.03665924234066954,0.020474789797782313,-0.013664055042002859,-0.02094121963651826,-0.36478031729764043,0.0017341621513894496,-0.01712214203173322,-0.06821511406118067,-0.4212726047237968,0.008538532457885778
1046,0.008651459084788852,0.09391854951706001,0.03254195981400619,0.015398649170191002,-0.00852726644280329,-0.0212247148231214,-0.3556566393182527,0.00019127982190837365,-0.012650023546901559,-0.06795515000124074,-0.39046849396151784,0.0086749689474906
1047,0.006325986564945475,0.09128335434073973,0.03375690868586219,0.012440602788780354,-0.008321252314353808,-0.025413083519741583,-0.33392642923131033,-0.0031479643977254277,-0.012442176131636088,-0.06347091815632104,-0.3789688886066963,0.007577429406137829
1048,0.00355566157531596,0.0887241822781165,0.030455003046235638,0.010667017064693403,-0.003920266111902825,-0.026326097791592968,-0.3191729988552736,-0.004123247811370443,-0.0070072223499677445,-0.06397705490659848,-0.362254454184802,0.004351351964275021
1049,0.00507788655835721,0.08727164081531819,0.02882130080339142,0.00835035969609067,-0.004082485613182441,-0.029547619599372663,-0.30248925108122404,-0.008069437983774345,-0.003995353182408637,-0.06367551255200653,-0.33321443146489693,0.0009346120042182362
1050,-0.002862718495008645,0.08370622346239998,0.029077920623538388,0.0054654502058224174,-0.005654893347818796,-0.03145220236378676,-0.2687145016921674,-0.012659099510016503,-0.0040368496107504774,-0.06437496626321956,-0.33180069363084586,-0.007652325834364127
1051,-0.004296001574238473,0.08286418304993204,0.02904380288129411,0.004319252126613264,-0.00884158066108605,-0.03440839291657117,-0.26102412832037303,-0.013110574585025164,-0.006366154953420561,-0.060747591523213365,-0.29653301085501754,-0.008310370395767718
1052,-0.004174765588147814,0.08292128951069985,0.02904476447204301,0.0004539903437124236,-0.008296594685665848,-0.03021109727985846,-0.24481099771820078,-0.017329551425806805,-0.0120519276218673,-0.062447109833597005,-0.2614119439483229,-0.011751353966394231
1053,-0.003708228734037273,0.07859200925223565,0.029046113226373016,-1.2441215843590151e-05,-0.008455343013003259,-0.029310119552428064,-0.21880167696079114,-0.016318334474113298,-0.01250871530191185,-0.06403783745708531,-0.2518402907259011,-0.01687319484476289
1054,0.00022315448569737724,0.07882614761964464,0.029045461605930797,0.00010801988265747837,-0.008305635779798192,-0.02941606613509834,-0.20307197933971843,-0.01903070598465803,-0.016823761407590444,-0.06380844044369353,-0.21815183584820855,-0.016997713348912244
1055,0.0009526608916563303,0.07943769321141414,0.029045817269130733,-0.0012216206264885556,-0.00854908456419028,-0.029474552062098217,-0.19187544673775622,-0.021323850583707997,-0.01708701053345397,-0.06382735104337224,-0.1996521973790319,-0.01703540901028839
1056,0.006124915829101944,0.07512163650696765,0.02904505584584445,-0.009343219107067672,-0.0041110234454246756,-0.028859551895852324,-0.16834220039095238,-0.02098148366648489,-0.02159806833056205,-0.06384093775888389,-0.1759626601183495,-0.01703521636377858
1057,0.010606788701392535,0.07010947067773986,0.029047901928914616,-0.006860644498851196,-0.003676690647655987,-0.023490640083221707,-0.16266428558344376,-0.020932711125666106,-0.021094438466822636,-0.06376397686412429,-0.16401053980477975,-0.016918981037149484
1058,0.015066363800381132,0.06820504547632629,0.02903796913817524,-0.0015069175011024863,0.00021889990163674215,-0.020813263720036525,-0.13862989591809177,-0.021067404698568788,-0.02165552379811294,-0.06418159276965324,-0.14577579276188435,-0.01748525737154857
1059,0.020215223585476037,0.06310908370991676,0.029066132752333683,-0.00042345501636026545,0.0013819517614344302,-0.020524660838194667,-0.12012406809176907,-0.01671082560134768,-0.01924312737581457,-0.061768303141168,-0.1403112221466647,-0.014099207219870237
1060,0.020512313343601186,0.058678245233544424,0.02902376220983568,0.005492009110186859,0.0050462188884810855,-0.02434186136214537,-0.10498234884590658,-0.015775939711073276,-0.016971041893910625,-0.05967634514395403,-0.11309579351942485,-0.012901563752408411
1061,0.024878833104994252,0.053982733935483376,0.02881999652781585,0.015447051032685576,0.0015064363433867957,-0.022001028555962115,-0.09413946309826296,-0.005201627461756886,-0.014535697470083434,-0.056518624320355704,-0.10987663406930723,-0.009074734453135096
1062,0.020271662667651767,0.05398299904304057,0.024501856275308036,0.020633566375658267,-0.000640020241107572,-0.02089350575666432,-0.07926626629388327,0.0020603730186454995,-0.009057152025615401,-0.05549551577390633,-0.09687362095287094,-0.00431930306776759
1063,0.015985957542107524,0.053922131098157425,0.02530072250974272,0.020722520649493033,0.003774381852537807,-0.02100794516586199,-0.06812824026480982,0.006817037823551793,-0.008453392567475248,-0.05141650716454134,-0.07705633758723295,0.004691442966720198
1064,0.010204364919243968,0.053948287527815546,0.0231246393702465,0.02085239948744287,0.004202509725845932,-0.02098884464018452,-0.06379423435037809,0.008655950094718496,-0.008510870825729537,-0.051066909667819106,-0.06053916849254064,0.004061359211178513
1065,0.0013456838466876248,0.05394064370801248,0.020776575231724593,0.02005051852468743,0.00396899664024619,-0.021209852856773338,-0.04569992320210451,0.008352982324975174,-0.008419951887960027,-0.05104657787029768,-0.04855259343607085,0.004330690421367972
1066,0.0020665355262111575,0.05394001499028591,0.018107285184158495,0.014655570449231346,-0.00035232006912560497,-0.019686288424440222,-0.040697096477313656,0.00842515288667343,-0.00929718735486269,-0.051057629927826996,-0.047067198835960805,0.004162246732835858
1067,0.00397629786195244,0.053951034052100395,0.016354305768562918,0.01245082676953128,4.617902265895548e-05,-0.016364156470094544,-0.025331823998962867,0.008416837997399874,-0.013214216605802876,-0.0511422125470877,-0.04258157007059517,0.0045832188215949015
1068,0.0076148381986825345,0.053909747743204686,0.01663314896540734,0.010404697835926582,0.0003352966079826897,-0.016915589587734918,-0.012916348751673171,0.00794577443760165,-0.012664607032385377,-0.050675356300587296,-0.042530886459170796,0.0016324331362505772
1069,0.004937299535094722,0.05403426535497549,0.016594554569110593,0.005345444941841534,-0.0022409246906426594,-0.0167624553695283,-0.005491471831717,0.004034063722932009,-0.012710469994754638,-0.053412240412419286,-0.014781509314330763,-0.0038743760194125502
1070,0.003956185443473658,0.05378797888675861,0.016584148899193272,0.0009295740991483575,-0.004633102627734788,-0.0168831311531133,-0.004397027907492749,0.002810206965957438,-0.013081974863660688,-0.05564825049743805,-0.008589745010654296,-0.004133723833777486
1071,0.008436189937440724,0.05816755269561338,0.016719917853827312,-0.0039021111993515468,-0.0037768930484561227,-0.016650983717772908,-0.0010588777755966773,-6.0285965297549125e-05,-0.009826582289266169,-0.05522907421529942,-0.007123178999207656,-0.008641625595354302
1072,0.00769688734571428,0.058504735796725896,0.0157374449678322,-0.004136237912257143,-0.007942859935177817,-0.021106432443063098,0.0034425606811142855,-0.0024253647693589005,-0.0044714091216940515,-0.0554085030881253,-0.00442146537378676,-0.00841726326651605
1073,0.003992133915367846,0.06268342868893964,0.010379639014291502,-0.004532516368102796,-0.008437137109030698,-0.025412713997391975,0.012624523027873527,-0.0046019714178349245,-0.004322830485968225,-0.055253196002575576,-0.0002514223654554352,-0.008543910262529746
1074,0.0028711011094211063,0.06208843536319475,0.007886028992346373,-0.008665961896962712,-0.004072207871310198,-0.025119340091449612,0.012432074436325415,-0.003822933545203706,-0.00011806928175244125,-0.05968303821753886,0.009978985611175935,-0.008499487568315096
1075,-0.0005946336775543477,0.062383607639303194,0.008818035172813198,-0.008239175825955743,-0.003543464788828645,-0.025297292802468084,0.013081242135541292,-0.00822496295037464,-0.004091752780455258,-0.06032174181867273,0.019610229312328278,-0.008521312498364951
1076,0.0006682410383326547,0.061780485169235864,0.005016269726213412,-0.008057424599790423,0.0005576123994284767,-0.024906830597118436,0.020165003250983176,-0.00835425951964308,0.0008717777281646545,-0.06315488391238297,0.025206049008572262,-0.008477271197916402
1077,-0.0034206786524591383,0.06523722770141063,0.0041094673613815864,-0.010128736311047977,-0.0005173201040942011,-0.027271973025667477,0.025598882745997975,-0.0086159326931133,-0.0018369974322792965,-0.058979333252535106,0.029756453617819232,-0.00862016456357786
1078,-0.0008983711428693498,0.06646740035081865,0.004078960212333732,-0.015699093976328588,0.0024218125964259114,-0.03274121561565629,0.027430932384514252,-0.007055489250753048,-0.004633513927391649,-0.05975006330369385,0.038704700440370755,-0.008241325658814868
1079,0.00010054962621143027,0.0666068709232816,0.008480367767100948,-0.016357644392630346,0.0044957421420049855,-0.03372979719233203,0.032002026707520365,-0.005454546182943838,-0.004172384350115793,-0.059420053530936934,0.03821956153858362,-0.012744089707013618
1080,2.0254319229209624e-07,0.062232696848207966,0.008259635757196702,-0.020308409364643537,0.004144369254513949,-0.033614168681211296,0.04104911843795269,-0.008506990484213807,-0.004271010371257283,-0.06000447291671655,0.03775211674202625,-0.012702799012104289
1081,8.252805341342057e-05,0.061981081295812555,0.007984884147838664,-0.020765419720112425,0.0042237831757413295,-0.03363816155600776,0.042066945497572346,-0.011001566378626152,-0.004253354855501399,-0.05585255711049199,0.0419146040604339,-0.012779539372036077
1082,-0.0007369040254796802,0.05754813718531454,0.01031300919703521,-0.02076113636305138,0.004212036870377683,-0.03313232995458886,0.04197857264784985,-0.012966941978088621,-0.004254863528025532,-0.055277431456620084,0.047611748537035155,-0.01284223131958208
1083,-0.004674167768065992,0.05901182024651042,0.010651154165203076,-0.02073981868534332,0.0037842199365329624,-0.028992944840003126,0.04268103393409992,-0.012279605261716026,-0.004252114789923715,-0.055296910021086824,0.04664018366105544,-0.012361325783472824
1084,-0.0036222108297082984,0.053235585997444185,0.007887179470477176,-0.02074922182851168,-0.0003287644739296426,-0.02955091043615128,0.04668582363261737,-0.016748036860293324,-0.0042940528420860255,-0.05547064492418816,0.046836613655426684,-0.015296492598091332
1085,-0.006572531197909676,0.042213929350794356,0.008374305842687491,-0.020746239743285298,-0.00028037686107454325,-0.02929973995207726,0.04599541029549778,-0.01682691456225159,-0.004004994591946403,-0.05429185445731606,0.04680959160505458,-0.017299494272809073
1086,-0.008068318049569588,0.041399396327748306,0.00828951920403476,-0.02074704772547415,0.002286676030621294,-0.02974878092495669,0.04668803799133242,-0.01610954850782075,-0.005788801714409548,-0.05060568263808191,0.0468067536666594,-0.016977036554955513
1087,-0.011822429354357495,0.041606755948379814,0.008297888239531747,-0.02074685346885441,0.0022017824654579875,-0.026720135153732155,0.04327112237183088,-0.012151635327575483,-0.008964715991428094,-0.05117951772591394,0.04672504182627498,-0.017025902974195223
1088,-0.009088947715262474,0.04122100789751997,0.008281572678661689,-0.020746891822269676,-0.0008182019506762084,-0.021440143038477275,0.041808154671422265,-0.012728499961638327,-0.008325092750587583,-0.05103768803586277,0.04755800198007186,-0.01702480385842905
1089,-0.004330889953076009,0.04551507740323902,0.00846698508581322,-0.02074689540031886,0.003688328234207154,-0.02098606685171308,0.04208879534601118,-0.012568474990377403,-0.00884482595335136,-0.05106903599552461,0.0515139451957193,-0.016981073723920655
1090,-2.7930570655689422e-05,0.045414022064194134,0.007158613504432361,-0.020746874311734508,0.004100379686792386,-0.02105106036660731,0.042108289554151246,-0.012640741577115191,-0.005267610067905698,-0.05106294709547241,0.050942562496131195,-0.017284988896959876
1091,0.0016700067784630583,0.04102382741762408,0.0037049158227445175,-0.020746836708671938,0.008548060696288549,-0.020329827193394403,0.046521120934377526,-0.012509539669006637,-0.00013413324025674184,-0.051063982520734894,0.05109280938378295,-0.015372488308588606
1092,0.013813551235195896,0.04270562393897096,0.004257360581243277,-0.020747571036350658,0.013841237523611128,-0.01738521468653556,0.04610609199928451,-0.012812862212566943,5.483351250644675e-05,-0.051063954266039914,0.05105765136702754,-0.012350068691465434
1093,0.01171108341144699,0.045696089577099946,0.004125578878910863,-0.020742362282687967,0.02155854994535105,-0.021677064790534967,0.04625083808624742,-0.00835539151347262,0.004882192029948128,-0.051061578609253616,0.051065084818983225,-0.012854539295315616
1094,0.014703328228964441,0.04767451425735884,0.004155689907249464,-0.0207706565847552,0.022109076705157417,-0.020440863103066555,0.046210456439556596,-0.008892678501101278,0.009805378678644385,-0.05107966182607364,0.051063310532630406,-0.012750101458597667
1095,0.016471536638429568,0.04981891830993608,0.00414345737708882,-0.020638192175725666,0.027011070471001288,-0.023711919744287133,0.04622036478774391,-0.012980367316416254,0.012609596836698425,-0.05097821001097421,0.05106403997531895,-0.012767996020190828
1096,0.019640446917679317,0.05244088826876532,0.004154213195999408,-0.021191676532963354,0.034510651145085024,-0.02543442992739879,0.04621765058878135,-0.01249261932924819,0.01596347883906927,-0.05146296171187232,0.051069473822394226,-0.012765930266104229
1097,0.020793270613416882,0.05738688618998444,0.004214859459024137,-0.017748232088262764,0.041211814041699026,-0.025219322155988995,0.046219852598887334,-0.012633902090139213,0.026093051916552434,-0.04861299108203812,0.05101437719101998,-0.012765867259342905
1098,0.02097476376639762,0.061867543497625,0.0034963604351462884,-0.01642434607354346,0.0451497755821651,-0.025151718472268287,0.04621785511191649,-0.012598517031964821,0.03636742552377937,-0.046392681115923345,0.051355203073363775,-0.012765996691440533
1099,0.01662821000698116,0.06644168278314813,-0.0005071643789985841,-0.016614474448885544,0.05424406216827238,-0.0299117155949896,0.04619689512113822,-0.01260631949220634,0.03819362783074686,-0.04724001007328071,0.04930369820073779,-0.012765945335254837
1100,0.020559074835090858,0.06637022119903617,0.0004843716736807227,-0.016596126874679082,0.05903929005465528,-0.038998530751722764,0.04640473278107243,-0.012604842356405209,0.042256712708617764,-0.04288120624465547,0.04640174606252701,-0.012765960602533492
1101,0.016922748783342902,0.06614222704533765,-0.0022386266416371424,-0.01667160998674773,0.0637641010800334,-0.04234032839335788,0.04496547002829582,-0.012605059030172063,0.0425606050489313,-0.0425559379199472,0.04689461349988139,-0.012765956725980018
1102,0.021333323157533866,0.06802678278146444,-0.0044969304817547955,-0.015981039110751792,0.06852053937033545,-0.041486943845096935,0.0411692093396409,-0.012605045042319952,0.046879716027711106,-0.042462911666965725,0.04679480593641488,-0.01276595759285476
1103,0.0206724488171232,0.06913372168626279,-0.003983758490631015,-0.010801836111127514,0.0726327566703357,-0.04467772624522255,0.04465943133806538,-0.012605041103916886,0.048319734632978874,-0.04318415507454342,0.04680532249590115,-0.012765957411727466
1104,0.020430959037274335,0.06589598581052572,-0.0044370996799119305,-0.007593571448086417,0.08052026016512007,-0.04370905808085814,0.0463536150196933,-0.012605034589116038,0.05594011624967965,-0.04831798890606503,0.04681231286538632,-0.012765957470297353
1105,0.023292247169065784,0.06652354156967746,-7.000574202902345e-05,-0.010696536202591731,0.08378879493276785,-0.04204785241579233,0.046517741688087,-0.012605084319994382,0.056948038048276396,-0.05278222513021704,0.04688179658492642,-0.012765957524823311
1106,0.028062829293474,0.06626906653082083,-5.184069934525055e-05,-0.01274725912108982,0.09023937907118537,-0.03855923609413376,0.04219580459862128,-0.012604851633355278,0.05971123681796283,-0.058108744372189464,0.046107264695878475,-0.01276595638532388
1107,0.03289284060694384,0.06664599236581961,2.8751850500082463e-05,-0.012367359724987854,0.09587534072744001,-0.03373004382967009,0.04206769462384798,-0.012605793342587933,0.061900218192266335,-0.05937199685007141,0.04210130876090143,-0.012765964467577402
1108,0.03320105647176799,0.06228015891911803,-2.8294269749049704e-05,-0.012526224986940008,0.10484835908433196,-0.029009044143303263,0.0418463602269916,-0.012602488164593244,0.06744722251979941,-0.062901198310894,0.04270243738588097,-0.012765921063269708
1109,0.03314200843256022,0.06231538226294018,0.00010149531163836274,-0.012397092741257693,0.10987440447214344,-0.02492844844182164,0.043079433963739,-0.012611725666206839,0.06816521181314557,-0.06397015104542134,0.0424048404522871,-0.012766119463265021
1110,0.033789827726356976,0.062041114698805376,-0.0004328884531841556,-0.016794735220792764,0.11800864780792356,-0.025306680702803792,0.047028697197213934,-0.012599414077966341,0.06808164666617897,-0.06380706769436197,0.04301941598547354,-0.012765325488734902
1111,0.0383571174431124,0.0633944557499117,0.002772229130472651,-0.016490827583841405,0.11957170290338763,-0.025163241002873482,0.04386547336997743,-0.01251790098641663,0.06808206572137819,-0.06355311729867433,0.039195001231064806,-0.012768054851538195
1112,0.045175795370722714,0.06680685442774356,0.004339933877540416,-0.016700724307708883,0.12840220919571668,-0.025310234997978395,0.04157450515679501,-0.013454674355952862,0.06808995174896151,-0.059354113403144136,0.03820136697214779,-0.012760830465660292
1113,0.05021478437500258,0.06639524830054414,0.004193024550321474,-0.01622995450000652,0.13251853812726627,-0.02484611451952338,0.04255709992074368,-0.01629577490856773,0.06806339927173861,-0.05874780042136611,0.038284878301397804,-0.012767183879977283
1114,0.051871920041371096,0.0659666428179748,0.004090376861929704,-0.01874669305911545,0.13664530349710133,-0.028255326980368155,0.03790627851914417,-0.010361255807713802,0.06819133468423123,-0.05353050030210954,0.038042334715274455,-0.012859154445772111
1115,0.05735481608795387,0.06955658364683326,0.008501003206793775,-0.02111404919134265,0.1456450510783894,-0.03304440719265663,0.04206485155735572,-0.007700723195067832,0.06761860582628881,-0.04855471194489381,0.03369060319717655,-0.01194089919331191
1116,0.05827243527211873,0.07067856005442681,0.008155164551891506,-0.02057122431461786,0.1469872681166414,-0.037783503022294315,0.04189235393167133,-0.011371891490837886,0.07095646487817654,-0.04653116390904251,0.03408690440017953,-0.00805304113768591
1117,0.05794977868176251,0.07052801830118842,0.00861371382952482,-0.02107118960513829,0.15123711513381954,-0.03776786995899434,0.042282141207828736,-0.012783167489201788,0.07216029590006862,-0.04686002935404584,0.03438452550166433,-0.008637162608133872
1118,0.06236032313606189,0.07053779471643833,0.006575134628790327,-0.016752931139415922,0.1510963349743745,-0.03783671484291997,0.04053331830245612,-0.012599781229868833,0.07602310542229555,-0.046804934627885375,0.03179191154250954,-0.008450894776152535
1119,0.06215995586363407,0.07053166932237954,0.003864847213230384,-0.016631193928059396,0.15211749280093761,-0.03780866416250884,0.0373917335258304,-0.012613214636922212,0.07663803027155948,-0.046802499210927814,0.029452343518157297,-0.00863444750287837
1120,0.06226506511571714,0.07060041514708536,0.0037976455841798743,-0.01657590524769566,0.15561980101418016,-0.03781491768095597,0.03790830717704993,-0.012198837207507906,0.07660318728604247,-0.04677588705856046,0.029848889700995192,-0.008161032899721539
1121,0.062257237801131494,0.07021687319198396,0.007379188888563852,-0.016600845843955842,0.15707463147748307,-0.03782348772865107,0.0377976907266821,-0.008000285906412793,0.07662782253897739,-0.04722208541236053,0.029779898850328092,-0.012572271234176154
1122,0.06212826150505599,0.07246343640182361,0.008491270812522371,-0.016619209713187817,0.16055229671315024,-0.0377819155235367,0.03781761753924728,-0.00852469333339735,0.07634686703680671,-0.052513646727393046,0.029786134088182405,-0.012731190838357833
1123,0.06270963601314065,0.07519779154051233,0.008233523808339013,-0.016488854204880915,0.15651472229808167,-0.037922458048476756,0.03781497704480861,-0.008371585406188145,0.07813334186605844,-0.05565547007848681,0.02977048159200722,-0.012789922437616046
1124,0.05916511656793071,0.07409376725918854,0.012572810523120198,-0.017042583522157127,0.15563621775843908,-0.037564781115594116,0.037814687618540004,-0.008412802847750709,0.081266248816995,-0.05523211027427789,0.02995507011310653,-0.012757586085802266
1125,0.058199969064575315,0.07841491271075686,0.013035079287878157,-0.013581222526956836,0.151642315525178,-0.04202050922763521,0.037818681270499026,-0.008393443939383488,0.08082479482339068,-0.05534709664061348,0.028644100585552824,-0.012768177545501387
1126,0.054429503763559595,0.07832956171663617,0.01708376148628613,-0.012276930066133732,0.14691121707097893,-0.04212729711831394,0.03779388533531356,-0.008428642475558008,0.07912029868884224,-0.05528393336075286,0.02507531090690302,-0.012765989635344244
1127,0.04975736325076469,0.0913808336772239,0.016371051510683046,-0.012468170098261601,0.13320290519745692,-0.0482052572119326,0.03791945475163294,-0.008360861403645737,0.06540279939334358,-0.05541396330486762,0.02564298979315623,-0.01276372095565514
1128,0.04517964725734806,0.09542583438050067,0.017059455685954412,-0.012449999539448444,0.12271350506281958,-0.05582584652321871,0.03737099113671419,-0.008257391677708215,0.06403556326686305,-0.05513624066659731,0.025510030479949104,-0.012773751972107868
1129,0.040422303614864964,0.0958747389570739,0.01381228958214786,-0.012418792206671652,0.10328630970808322,-0.06446164660348211,0.04080606298944878,-0.003917315254716762,0.05517139398271623,-0.059652061762352555,0.02552831213342316,-0.012746918016703348
1130,0.036991845187071284,0.10211165374945284,0.01223316662228624,-0.012655570504461856,0.09580694325829377,-0.0741499704308153,0.04221361032546942,-0.004061904561527784,0.04887244075874902,-0.05946332031673144,0.02555327677132057,-0.012769968367476538
1131,0.037458634978485464,0.11131258864031066,0.012477540889629726,-0.011140778583361129,0.07980158622330717,-0.08130247979850048,0.0419560719389893,-0.005754334548873011,0.026331303600333752,-0.059844294642182945,0.025506226357972412,-0.013122573916338106
1132,0.03723260150480901,0.12170815658708162,0.012446975754751111,-0.007881317492955746,0.06819310417767518,-0.08754585181660554,0.04190247354664461,-0.008827470256678979,0.018700617716501212,-0.05807509192708653,0.02530944619991304,-0.01741921200093644
1133,0.03769188351417854,0.12358106264153206,0.012445706893401192,-0.008318427074808005,0.05704486260779258,-0.09207005827127325,0.037356954978099474,-0.008313617844483413,0.008588094880985147,-0.05529188199785186,0.020951013114806922,-0.016894536967500765
1134,0.03441520626901269,0.13442469565166143,0.012461254538316834,-0.008592884504206257,0.046963975608142354,-0.09676001819905616,0.038986815326297816,-0.00841191088621016,0.0008018718159589202,-0.052910218530626454,0.0212443159123451,-0.017074670552651952
1135,0.029522743041600623,0.13671534029819693,0.012372722284508633,-0.0053801348158301595,0.02854523071086867,-0.10586457567540364,0.042368078508745736,-0.00842350433180008,0.0012734045933251946,-0.05086616185524129,0.022002391889615742,-0.016924042191666096
1136,0.02511592611417857,0.14503734340682983,0.012819458651806311,-0.0002175561486295897,0.006323290081469729,-0.11016353907532443,0.04222154067680665,-0.008383055342379606,-0.010771079391293632,-0.05073844512435708,0.016766016571149015,-0.017348444603191435
1137,0.016128341923854782,0.14524504125805873,0.010200902033616973,-3.170494423433484e-05,-0.0015520825742812812,-0.11494284584881077,0.03974026243466423,-0.00811891329391755,-0.01231032500570226,-0.05497455006014127,0.012528745913033918,-0.013732820603470515
1138,0.011734470823201639,0.15081337640240522,0.007973886010717447,0.004383239205663232,-0.003563178855877631,-0.11976057640711626,0.034154365086462225,-0.004015188977251088,-0.025550848297151502,-0.05531695063423443,0.009651941164462193,-0.008661937530347297
1139,0.007425930123969088,0.15950046554446445,0.008384710007619126,0.003875473821054959,-0.010102225312454416,-0.12284444764000438,0.033800973900355066,-0.0031008332706116146,-0.025690778892460492,-0.055422854130244795,0.008276030075933057,-0.00857846717219196
1140,0.0005176463294326895,0.1618205493825236,0.008218723027259723,0.005325960185123624,-0.019740149508027226,-0.11783005862907354,0.029420627470540923,0.0004512592992206955,-0.030119634389562888,-0.054584017976207155,0.008626869618054759,-0.007910071285759632
1141,-0.004093497802721203,0.1633960935104528,0.008347835928255566,0.008734789166778145,-0.026933846741378168,-0.1246772867611174,0.029456431747539587,4.895646479614998e-06,-0.030607160816051138,-0.050313817282269566,0.004083576436232823,-0.00381931221802593
1142,-0.009047558810305537,0.16902784736925708,0.003943156595665281,0.008191471061563975,-0.03342534764987912,-0.12598744696510764,0.029592861656501067,-0.00042449042137946607,-0.03634187820481014,-0.05298437375643617,0.0045021452707465276,-0.004402401464555591
1143,-0.01341419500141293,0.169962974066165,0.004259190011842191,0.008324429972132135,-0.03351019849382704,-0.13030664870485656,0.028032937139826096,0.0034163548450471936,-0.038552119421189114,-0.05569361780355296,0.003133480801595029,-0.004109008137803096
1144,-0.008840670818057065,0.17340521803471332,0.004042332629287728,0.008286359591075109,-0.03798283672488354,-0.13098786537216361,0.02477403917396224,0.00429029549662498,-0.03835756392977218,-0.05523993494220644,-0.0004493707619240679,-0.004716940036553948
1145,-0.00820425040966711,0.17806258253923102,0.004530795547482613,0.008321595679105887,-0.03756054110214744,-0.14050892117832395,0.02530802532713512,0.004203997393908181,-0.037908194530103266,-0.055331676038999834,0.00011118087854856196,-0.0008803767881666973
1146,-0.008206919519475098,0.1825773526591354,0.0018900506516910621,0.00826623344572503,-0.03898221473213393,-0.1428322796627525,0.025191299681596245,0.004168565614599061,-0.04210349808883488,-0.055322512023890595,-2.447043153990866e-05,0.00012079349052182336
1147,-0.0038386185029527877,0.1836293970996539,-0.0003145191871638122,0.008135259673834785,-0.04220205101895162,-0.14432059052896584,0.02521274627484589,0.004419199220568755,-0.04258419381492039,-0.055314641864619866,4.669842988420277e-06,-4.067060155958692e-06
1148,-0.004487845895191831,0.19785838763147798,5.7008550915270076e-05,0.003829208032892418,-0.04363396869461209,-0.15131478119991906,0.025210101408467873,0.0028109182678039677,-0.04274986476655675,-0.05525157823782417,-7.028701980691655e-07,-0.00033220022168310134
1149,-0.00267827815990195,0.20472793916857668,-7.673104338916988e-06,0.004278160309870694,-0.049440669877356715,-0.16502901127767214,0.02521140290066309,-0.0004425633871122157,-0.047870740196624934,-0.05598372808011511,5.1581452610711723e-08,-0.004916154586589974
1150,3.356214134701477e-05,0.21077013967924818,2.4556428746334266e-07,0.004028582640741975,-0.05017617681707681,-0.17152657910600355,0.02519471950709154,0.00013099679681710528,-0.05111958035824597,-0.06002167406890489,1.4504625022076841e-08,-0.0024387488116529876
1151,0.0022838561583182295,0.221007532140599,2.8621106924389327e-07,0.004559505673007564,-0.05412819619575617,-0.18008688520804003,0.025307029122230665,-0.00013569633825604756,-0.05260975917676825,-0.059425416707561726,-8.816868645052035e-09,-0.0015457591564032457
1152,0.004490509974992096,0.22662615658601207,-1.2827831043860117e-07,0.0016494314215196163,-0.05465229398627243,-0.18951191577040113,0.024721827178724155,0.00034661808323003737,-0.0558857067971265,-0.05972154554393916,3.393234117141892e-09,-0.004724190426560787
1153,0.0040131675682803245,0.23476687258066284,5.539985179313681e-09,-0.0003838631435496364,-0.05475344018961985,-0.19842263875019306,0.028020560840334763,-0.0039971894125689356,-0.05473036386619147,-0.05910737385400924,-2.722339553637953e-09,-0.0041633192809674155
1154,0.004350131922564804,0.24030241877097144,1.7373584458785365e-07,0.0003954171009139992,-0.060609945219562374,-0.20273822608558245,0.026677942481471484,-0.004160991689083694,-0.058707564138252386,-0.06283742788924046,8.564990396526759e-09,-0.004269674663421549
1155,4.56670213179577e-05,0.24476395912136453,-7.985212945198947e-07,-0.0038997146389576592,-0.06768884641677397,-0.20757813351329776,0.025348212227437994,-0.004364888340439556,-0.059390793681172324,-0.06395250370014396,-3.334795528135995e-08,-0.00425410970699754
1156,-0.004517089400773972,0.24902819086933167,3.073645390554627e-06,-0.004134137117032158,-0.06885769087587319,-0.2120126533102386,0.02132176172672496,-0.003163199435717141,-0.06366693668450514,-0.0638440031180032,1.1646319029489389e-07,-0.004255078701891063
1157,-0.009339006004957037,0.24976254059869651,-1.016660269492827e-05,-0.004176605264334551,-0.07143858480618996,-0.217549786737411,0.021023288849353745,0.00044980106882439193,-0.06379271481948418,-0.0639484012238838,-3.303375246161959e-07,-0.00425561254501488
1158,-0.012491427876047624,0.2524141796255799,2.5493981922592655e-05,-0.004081577348543595,-0.07419227130000128,-0.21593434652967228,0.021075251001316676,-0.00010921071142086717,-0.0638283042410383,-0.06896711151050228,5.031872157706522e-07,-0.004254357743600004
1159,-0.014117067599833243,0.24836621078072796,-1.470642566005838e-05,-0.00448301192279043,-0.07584623521819589,-0.2103870824372396,0.020289403604980976,1.5507386848865068e-05,-0.06399295962658906,-0.07265445318110013,2.3177520348636813e-06,-0.0042600187998236725
1160,-0.016604877154854623,0.24921674474867506,-0.0003864953631732847,-0.0022050387988000035,-0.07562277652817857,-0.2101443046835414,0.014830194556408036,2.5480658716103914e-05,-0.0627054199216739,-0.07224370492469458,-2.8635147828754974e-05,-0.004234512437187928
1161,-0.01918139795974956,0.24744925214325672,-0.0036232513365389604,-6.446337682176906e-05,-0.07562658705113255,-0.20552563131067467,0.012289149703296759,-7.914503975750938e-05,-0.05632133245681906,-0.07239439339365143,0.000186196736644532,-0.00433623582711185
1162,-0.021087749629379503,0.23542453855971995,-0.0006459025329236202,0.0028277173348850767,-0.07523822712420859,-0.2014334434655848,0.012704618538151136,7.719258208569411e-05,-0.04237940839883351,-0.07220873182545377,-0.001212608774599357,-0.003987868533750426
1163,-0.020464865179104116,0.2283489427650505,-0.004732239779655518,0.004260683829856423,-0.07147580000129176,-0.2017832309882698,0.012481096883326796,-0.004390818754166538,-0.03690751696461557,-0.07279576676846958,-0.006801423101967347,-0.007785592621153069
1164,-0.024655262970849523,0.22822946235016167,-0.004047692735986557,0.00437342310134703,-0.068578944752487,-0.2015594931593776,0.012896211711894284,-0.004151574481020139,-0.015267648184969729,-0.06869116528069176,-0.008771704630130514,-0.012768736621206556
1165,-0.029265303944408287,0.2234557239142991,-0.004025976557544515,3.2909281391666715e-05,-0.05183765677747192,-0.20212053574907934,0.008459696887181801,-0.003946076947613619,-0.013797639429077455,-0.06810438548412698,-0.00845943840024224,-0.008214385336628244
1166,-0.033904877953485436,0.21076387653406436,-0.0046500319319982145,5.769385033229844e-05,-0.044925282714718386,-0.19892265212856977,0.008440553219104927,-0.0059527066713069635,0.022118426552035716,-0.06358311398962897,-0.008520114313426582,-0.008623208648362983
1167,-0.038231927915360626,0.21190193309735467,-0.00011599327769862061,-2.6585396547489222e-05,-0.028067632040202274,-0.19730174056912872,0.008569934990898781,-0.008793073019794158,0.040913508505754134,-0.05491442151399919,-0.008507370113282172,-0.008557961623089748
1168,-0.04443209149612384,0.2116322231629126,-0.004110013916550562,8.924361913396807e-06,-0.00865608878919974,-0.19736704993646137,0.007107677969981126,-0.008353470559198968,0.07054695014577703,-0.05483012325997634,-0.008500715412442262,-0.008108928650043614
1169,-0.052589599782301044,0.21071647115419623,-0.004371651739714012,-4.228254432315863e-06,0.02300320081341841,-0.19762207255083653,0.0037594492567212252,-0.008311644244568673,0.08722230566480112,-0.04917760310580485,-0.0086411527996854,-0.011069814527369859
1170,-0.05391107572970037,0.20025888730853503,-0.008698839438340562,8.800288659224887e-06,0.04256012814247907,-0.18854949336802215,0.0043025800297805845,-0.008643896686344705,0.10769290997884023,-0.046382051114748635,-0.007563204033870326,-0.01300271794106651
1171,-0.054703223356324014,0.18906995728267553,-0.008176066101156043,-3.223024088139138e-05,0.08891024711936636,-0.18369810660535205,0.0041834782963562946,-0.004184471678610679,0.12644802087341897,-0.047363879100129486,-0.003447620547765371,-0.012834029014816473
1172,-0.04296100852080994,0.17974227309903226,-0.00830689557857073,0.00011004397911572539,0.11291509240905744,-0.1733897531507918,0.004199444328666171,-0.004141489656236718,0.1415409432917661,-0.04367855950182917,-0.006461396353294678,-0.012589276681139232
1173,-0.006067081887150404,0.17482258776194304,-0.008404400865706206,-0.0003038259939985974,0.14641342309982164,-0.16670800104822683,0.004210482951329389,-0.005241639257529132,0.15897536000531282,-0.0427182338479994,-0.008840884175067953,-0.017037956866830704
1174,0.00012883838578991254,0.16589581785775553,-0.007865067478625296,0.004017855363058897,0.20115432073051798,-0.15726572107468634,0.004234494807949323,-0.00747014030268523,0.17731634725992543,-0.038721345914942265,-0.00846170251777651,-0.011745067661043222
1175,0.03463372432527749,0.16084568278191594,-0.011585615309435382,0.004111799903187656,0.2203770697544486,-0.14638502344530746,0.003731633563161615,-0.003707066033326526,0.18298118336262192,-0.03830344657015118,-0.008472488598869827,-0.008240875942124748
1176,0.08136833353287835,0.14604220543242624,-0.012625419851666684,0.004162159512268382,0.2970974694213901,-0.12969448565282932,-0.0012600096989434017,-0.004078270567819879,0.1880919636922922,-0.04277499715411774,-0.008593329998160617,-0.008492571978450892
1177,0.11162912732299897,0.1349517784891983,-0.012410342595455868,0.0042077076750378474,0.36054528652675055,-0.12175497539288586,-0.006191061122668542,-0.0050821872639340345,0.19707893406152852,-0.04247254212965405,-0.008768186323136936,-0.008929668700226202
1178,0.17090284125255872,0.13092476247703227,-0.016730765321633013,0.0038093003226054873,0.3927794361492494,-0.12190835453980298,-0.008729628686957976,0.0030230387524771392,0.20088578982894228,-0.042498110553242534,-0.017684279276012755,-0.0056752610186139784
1179,0.21720032618381382,0.12718101730775916,-0.017223648532540485,0.006182285222185208,0.43031295563652255,-0.11246359562937688,-0.008335442473411005,0.004147014683331466,0.19578304575759511,-0.04295523724077264,-0.016555161846045625,-0.004029880856115844
1180,0.2836301996280557,0.1162111635541381,-0.021223056519803614,0.008622942018387335,0.48141699152872236,-0.10395433377052511,-0.008413279808792772,0.008526525616439207,0.17803569353967344,-0.04012189220258255,-0.01857330060007743,-0.004301561438042046
1181,0.34088945339645554,0.10827512578991537,-0.02058792833009156,0.008342672037127723,0.5302675994545958,-0.09926853008297734,-0.008406632222676968,0.008352396570475425,0.15698403657248608,-0.038336323121718266,-0.021806442164937476,-0.00425284919930868
1182,0.45097673056731974,0.10481945227055434,-0.020916335490268893,0.007963985006306379,0.5711964883418003,-0.09656396961216625,-0.008404742588735489,0.008127782575383954,0.1045212354146457,-0.03530256163504472,-0.020724909340299122,-0.0038885665125773976
1183,0.5294970384766239,0.09163530485148486,-0.02020919266462037,0.012205991041828937,0.5921307170738135,-0.09475146580601863,-0.00829676769433897,0.010274457102124039,0.049903276373138516,-0.030327704647037042,-0.024440783514007153,0.00039856703774127555
1184,0.5925234187916296,0.08271486450533361,-0.02435756904440503,0.012430260452564196,0.5937673806950134,-0.08949165630257745,-0.009295394168421437,0.011039865739740813,-0.1292872801899478,-0.025639008796707875,-0.025689848759308763,-0.000121697634728627
1185,0.6439247366479177,0.08354945015874211,-0.021491633093314297,0.012467969539121956,0.5633299785231218,-0.08525149498429689,-0.013033766116791025,0.0073974800405961876,-0.17276421229321343,-0.020878770021871867,-0.025516826323465244,2.9558444663519067e-05
1186,0.7412626225673156,0.07992068947190523,-0.01661680285526182,0.012440471613625154,0.49307552150244427,-0.07675594116248621,-0.012600926416438655,0.012129824900777665,-0.32345660783900226,-0.016692055124298794,-0.0255299058986908,1.5794182235052147e-06
1187,0.7905071642145278,0.0679063412487127,-0.01661469951447205,0.012450427446070646,0.44351558313078265,-0.06722396114104788,-0.012178327652682421,0.009025105487730911,-0.44367601875203455,-0.017394982208040005,-0.02553577390353318,-3.0230246694645723e-05
1188,0.8138263689895434,0.06456289278414562,-0.01676528355701138,0.012447577443421745,0.37923159334400175,-0.0671291922474438,-0.015774748298030702,0.008351077719963594,-0.5795060925621269,-0.015308270013310761,-0.025515503310724757,9.21699267090653e-05
1189,0.8492711818590302,0.0595609862260403,-0.015381988072422748,0.012448071747806261,0.34336506717095333,-0.06121347652245562,-0.016944608966072396,0.008143149279221763,-0.6386861301271858,-0.012468869186431704,-0.02561636909204308,-0.0001489457480173394
1190,0.8657121632037506,0.055445098738877166,-0.01200573051448335,0.012448861028407287,0.2779065700675892,-0.052388551395801515,-0.0167971552219328,0.0037897089164615084,-0.6954881914483679,-0.01239816954027433,-0.025144753010172823,0.004392416535556826
1191,0.83990063289418,0.047263170842734875,-0.012553501940426688,0.012445695045572545,0.20035673994776984,-0.050913663005565664,-0.016786922293175032,0.004677848488317775,-0.7084313423063971,-0.016000578317978083,-0.027993837804570036,0.004161801365464541
1192,0.8069525323436565,0.037837621405069334,-0.012425948763290152,0.01245401072457855,0.1515317704053151,-0.04586838441772406,-0.016973585994244877,0.0020471598679684664,-0.6823366376707449,-0.017164492300199063,-0.03051124076870796,0.004306032523192366
1193,0.765664410084245,0.03318838026979162,-0.012452057817430917,0.012446277932782487,0.11198366262288552,-0.03921389237084487,-0.015656860532229915,0.0019186548989469812,-0.6444839223515079,-0.017009928336971514,-0.026110348573575855,0.00414737923732954
1194,0.703292364080458,0.03244660721960684,-0.012447713448459154,0.012348468322226172,0.07654342127555468,-0.031181879167682686,-0.011801255344218158,0.004625155257439104,-0.5973865382372977,-0.01701842158628508,-0.0255236455288296,0.004696960858355971
1195,0.6356807950143001,0.023120357770970098,-0.01244810732878809,0.013323612314753519,0.04902049505790809,-0.02531335615775423,-0.01497876884326693,0.004029706127157463,-0.5397609568000145,-0.017025517842328704,-0.025623940583235076,0.0014092620559048728
1196,0.5335136194850041,0.0208612599525582,-0.012446541761522538,0.01594808673405067,0.017645543349640542,-0.02517947782713124,-0.017523965530188878,0.00444957851935795,-0.48058254521715327,-0.017004179872024135,-0.030056904217422322,-0.00021656910902405
1197,0.45305143027687667,0.018920032634547973,-0.012461798954014813,0.01142219484660523,-0.014662622911253483,-0.020397883250082106,-0.01326648121439524,-1.280830730119515e-05,-0.4160222337679413,-0.017107185889411184,-0.029906234889234308,2.8417228133695727e-05
1198,0.37912904034104855,0.016155959485401904,-0.012368588709287484,0.015206124565447647,-0.031207589045664258,-0.01580162417765129,-0.012542885303452368,9.007026850331338e-05,-0.3560226595243334,-0.016632521507319642,-0.02836455074736276,-2.403196466679104e-07
1199,0.31929762655326077,0.016875305209829723,-0.012834924639583904,0.014245495299338147,-0.051442764231551336,-0.01117200241795304,-0.012600903865512866,-0.00019914619993830716,-0.3461369141763275,-0.01949621442150836,-0.025084740144904517,-2.5404945514955602e-05
1200,0.2483720716153528,0.013966625313274283,-0.010112565550926059,0.01187297706395072,-0.07469545982000961,-0.006115706733459924,-0.012577600916188082,0.0011511050239480431,-0.29359195577824326,-0.02202235916078109,-0.025634001897103225,0.00019671756340158215
1201,0.19333871718171536,0.004698801664024239,-0.00811093673823617,0.01583304381106753,-0.08382061310395775,-0.003916718856761291,-0.0128332881152875,0.006133114214750762,-0.2574209176445604,-0.017530494124663704,-0.025511455020886694,-0.0012998053647475442
1202,0.18275038921069658,0.004153520058254467,-0.007965444062494303,0.02068572162712687,-0.10029081108026577,-0.004226793390856897,-0.011126947690322119,0.01130924438358289,-0.23655054398246353,-0.017154058082234913,-0.025535296418201858,-0.005108656964525456
1203,0.10526210227700583,-0.00047926425820189847,-0.01206757823802497,0.020915687429465403,-0.12171459331415696,-0.004294316475725455,-0.007559372340561873,0.012355680293400326,-0.19932647296175238,-0.012698589084043702,-0.025531543543444765,-0.0015894231659392003
1204,0.06724860513150714,-0.00512382586537567,-0.012453963569406387,0.02512506237213971,-0.13378700173934535,-0.004004770161812005,-0.011241082986087315,0.01622613891761275,-0.1796107434989077,-0.012643865411170331,-0.025531858307871875,0.00022849078944827403
1205,0.04255502882634371,-0.008653424770576538,-0.012464614018907347,0.025605322064725072,-0.14283303291874713,-0.008461433283134012,-0.012813364351264692,0.016688512724328943,-0.1476283342058582,-0.006222429847487736,-0.025532560192726227,3.2480845885342335e-05
1206,0.010111996939272111,-0.008203167829819431,-0.012440800330416849,0.030773881721630092,-0.15165154987938892,-0.008797946622019576,-0.012577500230130066,0.021097382366727518,-0.13116094594389432,0.00043493782849418476,-0.02552751164635516,-0.00011140319822383442
1207,-0.009656551788843355,-0.008317816348532521,-0.012450473494907965,0.03523381022609442,-0.15091555599962347,-0.013066784898818217,-0.012605696487123496,0.021307960003477736,-0.1205066111602583,0.001833208945792094,-0.025555727302385846,0.004533766543140353
1208,-0.022788453711743754,-0.008310834115363699,-0.01244737325129789,0.0397608654322508,-0.15254055503379005,-0.012378668911626547,-0.012613103792308763,0.026656505585365572,-0.10125853227099393,0.004236472236395571,-0.02542114666768162,0.0091491810111526
1209,-0.045383812267265726,-0.008240939173421242,-0.012448878301504845,0.04473866797121922,-0.15627798703656215,-0.013081473079875006,-0.012545859889961855,0.02982804237864361,-0.07603050764035853,0.007164910229683011,-0.02598946820808673,0.014567916458070306
1210,-0.07265922028120389,-0.008460772172617493,-0.01244583106525224,0.04586089577032894,-0.152967929919093,-0.009897123606180587,-0.012943751738070953,0.028905354338287153,-0.06870420682826618,0.008720312766654933,-0.02245608344232767,0.015339534279999796
1211,-0.08263820263378502,-0.008073726164424503,-0.012455526592773844,0.04545352240022039,-0.15086445102239496,-0.008565932527105684,-0.010558807290677862,0.0321253595380788,-0.06425141768106796,0.008484715180891705,-0.021125540653697802,0.014501625867495439
1212,-0.09170167386854951,-0.01688147454211155,-0.012430326588322913,0.04986605585229918,-0.1516956213594704,-0.004863661702038587,-0.008493510594187287,0.0338182188292524,-0.05956856461651829,0.008510593426706318,-0.02124150813572238,0.017575069189063916
1213,-0.09558435825483552,-0.016424996798984334,-0.012452568386187135,0.049741184525581815,-0.14729862076329267,-0.004110550123248237,-0.005348773656023084,0.033666895569965744,-0.05059980481139872,0.008511998245798484,-0.02121483795803071,0.016542056538008113
1214,-0.0955480737928652,-0.016661951155333143,-0.01276857931765168,0.049660187525866435,-0.1470320078171088,-0.004063856988097953,-0.004128498595264532,0.03352030798525573,-0.05149835184506409,0.008509918072119076,-0.016741324440904308,0.020902207330542613
1215,-0.09432886660751354,-0.01655730312302703,-0.016990020134879193,0.05083456844687256,-0.1420915914500208,0.0004794236939076004,-0.004078347195820899,0.037931741005887386,-0.04943788121586254,0.008511645805827257,-0.017115633265669172,0.021277784182507378
1216,-0.08873490724175767,-0.016705914303845017,-0.016379459514572967,0.056222584175648745,-0.13860019818325228,-0.0013139901694929328,-0.008553422401581783,0.03844164278549538,-0.04818621716227463,0.008506594944330762,-0.01707372301175515,0.021312418985956275
1217,-0.08735215096480936,-0.0161743188852193,-0.017113487461019088,0.05849865921931068,-0.13725751912371703,-0.0036448600255179985,-0.008351971448602334,0.04218518743671047,-0.05147704802790556,0.008527766322828359,-0.016629782379051914,0.02112238051543954
1218,-0.08404728918388074,-0.0195403026007214,-0.013831274207435143,0.057545264552008986,-0.134287028728831,-0.010095839777395801,-0.008160855069970722,0.0437295442963843,-0.05132228864509625,0.008445076187788742,-0.01948989770265477,0.022297075862243512
1219,-0.08316125605183783,-0.021175333505033943,-0.015007965915840428,0.06164566096254892,-0.1325113682301607,-0.020080919348133195,-0.010105417582031552,0.04618168590934543,-0.048011457346911215,0.008729090640090814,-0.02168686192919066,0.028177713382973216
1220,-0.07912664996333173,-0.017040201680488913,-0.016824693147313184,0.06196199483934188,-0.1267125619940382,-0.024242100048682463,-0.013004685332174502,0.04910101856818351,-0.04315938947261572,0.007944400613363711,-0.020854678078255872,0.029095889475312484
1221,-0.07885520849946115,-0.012411862509932741,-0.01663000093122979,0.07049955211575253,-0.1264253752065168,-0.025342334921714924,-0.01253056515698005,0.05029788082868111,-0.03835690602291429,0.016872279846896925,-0.02524630715036067,0.03618283814912919
1222,-0.0787166955443134,-0.012530358161427052,-0.01658554625801264,0.0795033956993117,-0.12181149555583026,-0.025200488716361952,-0.01259113670517894,0.05412610100907944,-0.038325585701202494,0.016918901533331383,-0.0255203443900953,0.03807499978360998
1223,-0.0796462415443242,-0.012208161208761403,-0.02100395069598543,0.08302651961511953,-0.12592887348098147,-0.02520621391882379,-0.012664933005338145,0.058840902346893036,-0.038403996877210904,0.017076675064026037,-0.02555090534011452,0.046202811398760965
1224,-0.08351082763637308,-0.013826003604353819,-0.020440761818573076,0.08413257781845845,-0.11704385355539193,-0.02522367814331571,-0.012654241292963875,0.06768612400877762,-0.03742351151422749,0.01697936062974792,-0.02552538802797884,0.05581607200327774
1225,-0.08247819537063263,-0.01665614109398132,-0.022104520867546447,0.08751186597210955,-0.11694695066330817,-0.025133658200600147,-0.017059035825723715,0.06702070520255526,-0.032025252267641184,0.01715080042352127,-0.02552818050011735,0.06496068989597475
1226,-0.08536991005492853,-0.018786330079560362,-0.024964602242858264,0.08740229887961963,-0.11272546004768241,-0.025597578945782937,-0.016927077301033697,0.06736883867350335,-0.02904582800401481,0.016470043249366014,-0.02555978903256039,0.06845890556288332
1227,-0.0873217620422976,-0.021195236802279215,-0.027035888817007397,0.08461604483432372,-0.11444308813245686,-0.02291153460656064,-0.015353076716081783,0.06681548721189673,-0.032591582756006564,0.020215308823400408,-0.025413044100219103,0.06737263940044326
1228,-0.0874670528965959,-0.020294272422215313,-0.02969546223976301,0.08032653224789944,-0.10801603959482368,-0.021129806678344625,-0.012164083369526114,0.06969624323526166,-0.03427675501143349,0.018281175618032663,-0.02597278985018976,0.07220345702280824
1229,-0.0834252869475377,-0.02449341408044664,-0.02600826921081717,0.07139160461820676,-0.10486153773448673,-0.01779697116736277,-0.012732595311227442,0.07179890709644639,-0.03400727543878535,0.016826126555604407,-0.022046677108681512,0.08009420499177305
1230,-0.08295481910150779,-0.024912849611314496,-0.021030740251389842,0.07048746989302807,-0.1017615911358999,-0.01670847911285768,-0.012474603035727522,0.07110460422236867,-0.034044505936334755,0.017059926020452906,-0.02113417031529649,0.08095675736577577
1231,-0.08272962334459037,-0.02490849585155441,-0.020743374233940095,0.07051875035569012,-0.09673175551770995,-0.01677887059769408,-0.012907267703341777,0.07527180464240021,-0.03403908866311593,0.017135428119697586,-0.0212434861370318,0.08082545491381751
1232,-0.07845263252904945,-0.024899270069879638,-0.020464855799006806,0.07055002096274365,-0.09667100702766145,-0.021716194785248204,-0.008480352814561484,0.07999674920662853,-0.03409318371559399,0.022228100233758367,-0.01677104433758452,0.08085149307445526
1233,-0.07921696318868723,-0.024840746495706317,-0.015654576920476674,0.07054140045127962,-0.09659033742984141,-0.029735596797884213,-0.008442599369777879,0.08466220345902309,-0.03370989884479036,0.025313464614188885,-0.017069827593650267,0.08111900707741246
1234,-0.07720640682614938,-0.025183997558300746,-0.010859558982692296,0.07051035094292199,-0.09684200892817998,-0.03123748778496279,-0.008526730745235406,0.08956485453152577,-0.036005540495161074,0.028671360983091816,-0.01730404395624907,0.0864252815640483
1235,-0.07428592605913878,-0.02307565207877639,-0.007973468631837937,0.07067420523128141,-0.09534639730316914,-0.04055289336562627,-0.007361340890800755,0.09279032103576526,-0.036242239051951314,0.03409598377383401,-0.015139587671936346,0.08930963585756184
1236,-0.0747718913054881,-0.018251001798512224,-0.008266858796809183,0.06999793709419631,-0.08985145867775637,-0.0418393185881027,-0.0023012721838657066,0.09236737136265227,-0.0362102826717172,0.0390276364956973,-0.012365522673836183,0.09154994164141166
1237,-0.07469508418783907,-0.013155001433158774,-0.008715797596066109,0.07396467111964761,-0.08785703423363563,-0.044467792139738754,0.0027165979161769007,0.09237817909650804,-0.0385545167381787,0.04320607932865168,-0.01287935944319999,0.09191075615772998
1238,-0.07462253131543271,-0.012702349403269246,-0.0049627921054722,0.07156245094024465,-0.08874042026549192,-0.049355839397370156,0.0044385528941994455,0.09270464731747825,-0.03856837299991454,0.042258292291581095,-0.012648530571967529,0.08583573897691625
1239,-0.0748084075149659,-0.008419227838419207,-0.003995615733005725,0.06666929045836756,-0.08433537979545914,-0.05432733503962622,0.0041396626078595775,0.08914510345936083,-0.03434621100522856,0.04295510675856507,-0.013002679152784183,0.0851310697505829
1240,-0.07034517351495888,-0.00809933062077079,-0.004153640322916268,0.06210399418723916,-0.08412261629829385,-0.0546081692900894,0.004250892218913569,0.08025404934999367,-0.034138239518298814,0.033925338667436966,-0.008495979547673914,0.08137204576439228
1241,-0.06579150585453361,0.0007056330664664403,0.00030362114261210893,0.05733626039139821,-0.07498345216870242,-0.054013054018686765,0.004332341742630392,0.06636184279796911,-0.0385696141034262,0.03372023057806354,-0.008552241779524685,0.06727454853122446
1242,-0.06118293626198463,-0.0009129579896509947,-0.0007283392487879034,0.046240216949012425,-0.07073629798431819,-0.04567803071519215,0.00873601413635754,0.0577317075804042,-0.0381371801503284,0.029542097530314178,-0.008687423008318923,0.053304691065698746
1243,-0.05656880507269288,-0.00593634356098717,-0.005527078737822499,0.037080477442678395,-0.06561707439115905,-0.04506486322169197,0.008218082540953488,0.05395432358765963,-0.038651037303002775,0.028537893984629567,-0.007198631441134186,0.04641570628935232
1244,-0.05212136347015857,-0.008603131319111118,-0.010427047374148254,0.03239953006064299,-0.0627105446358496,-0.04227465695110697,0.008803694701175075,0.04515799534433752,-0.0363665848972701,0.02504606456721056,-0.003803593283595354,0.045560496088257914
1245,-0.046914317895915214,-0.008337935796321519,-0.012752529598520787,0.021057030797555925,-0.06299067413500618,-0.03745572700889168,0.006151109939078782,0.03484567099532423,-0.0336534328785019,0.02566394152363646,-0.004365266219579739,0.04029263981628298
1246,-0.04596063985578986,-0.007884965978662577,-0.012398296186616855,0.021536289815500386,-0.06344872060549098,-0.032971309577450814,0.003996485154739471,0.030679682744718585,-0.03413711319840026,0.025434972020172586,-0.004218444268848792,0.035109052109712886
1247,-0.04193579023571562,-0.01168097219285464,-0.012413313672591504,0.014089166645270304,-0.05966270712758181,-0.03373016520909916,0.0038709902352529026,0.02921245298411721,-0.03398115744649759,0.025770854621619405,-0.0043068188181196124,0.034206139855128964
1248,-0.04513760580403854,-0.012597137023474496,-0.012554569281558289,0.011936116419130128,-0.05866270197138301,-0.03358966119800059,0.007990344565054708,0.029452298489069512,-0.03415456275446303,0.021966530856393673,-0.004143538012808216,0.030340291645816038
1249,-0.04149377593360996,-0.012448132780082987,-0.008298755186721992,0.02074688796680498,-0.058823529411764705,-0.03361344537815126,0.004201680672268907,0.029411764705882353,-0.029787234042553193,0.01276595744680851,-0.00851063829787234,0.029787234042553193
