,I,aVR,V1,V4,II,aVL,V2,V5,III,aVF,V3,V6
0,0.014644351464435146,-0.006276150627615063,-0.0041841004184100415,0.04184100418410042,0.0,-0.0021645021645021645,0.023809523809523808,0.03896103896103896,-0.012987012987012988,-0.004329004329004329,0.049783549783549784,-0.023809523809523808
1,0.01627263824718073,-0.008392321995609252,-0.00346331024272604,0.04187796633727019,-3.4283907023416275e-10,-0.00885918238069133,0.02607340186845859,0.038952257623778394,-0.012987085064195514,-0.00450864684958067,0.05196186323609432,-0.026381407225616844
2,0.012185450265136672,-0.008519495961963356,-0.0005643774068009467,0.041658064078951194,1.696844208989085e-09,-0.01611229976361007,0.02576223027969399,0.03900450122240723,-0.012986656057100964,-0.0033754534320504155,0.052161296344084875,-0.031580631027033186
3,0.01266610928750433,-0.00720248274402331,0.005711020245939534,0.04283590459480984,-9.22810774081562e-09,-0.037734797173944595,0.027217838748042185,0.038501286192051114,-0.012988952305190968,0.00042903291910560275,0.05043001391141022,-0.03472868391927348
4,0.012508292476061505,-0.0018730361224034635,0.01924138823168134,0.03567425652228179,4.2957983526855894e-08,-0.05110066496676529,0.03258570247480303,0.02767403145914583,-0.012978003955225343,1.7509753773331158e-05,0.047155708564640644,-0.03623150514194861
5,0.012623389711191459,0.0019996497768682907,0.029042675852211368,0.027039834380298923,-1.727327364120583e-07,-0.0698531427716869,0.0371223695469009,0.021015908787844324,-0.013023097705767797,-0.0005105383245266715,0.0478204864949392,-0.04165932534889663
6,0.012324309157691477,0.01271537427146613,0.03554654905645514,0.014934339271499564,5.861014568595311e-07,-0.08399321849560834,0.042786252340572054,0.017109498465809763,-0.012865563321625568,0.003579910114917137,0.04724032066751877,-0.04622897818781666
7,0.013166530971121686,0.03156594950437803,0.05606563928505832,0.010359282817955643,-1.4585552414771468e-06,-0.10193879865950133,0.04272329569614949,-0.006509814491110758,-0.013281957931488291,0.0038490025575127337,0.05139334113068883,-0.05155362378675846
8,0.0043663634730984925,0.04181512708422621,0.066902378209849,-0.020781182511799258,3.757112831870757e-07,-0.10801203482626176,0.05616622933525565,-0.012975150961452271,-0.008659578651401404,0.012915455204384339,0.056271529520546607,-0.051876150955429814
9,0.004272130429076613,0.0472792495740121,0.07632324667855624,-0.02590397835100962,2.6836502206315188e-05,-0.12744281090021228,0.07048265959337255,-0.017882106159350385,-0.0082941127565021,0.01312865394934385,0.06575565607739885,-0.0565985340655143
10,0.0043133656483707,0.05996323883934376,0.08591685839819657,-0.0397464368861539,-0.00022307320877965823,-0.14587846373684643,0.07946447420545477,-0.022720392168996056,-0.0041114762897840815,0.018487711082405673,0.07016236794822546,-0.0614912738101207
11,0.002948134517303352,0.06690963508966544,0.09351914280382484,-0.042473412581670394,0.0014813680883340793,-0.16027112486677617,0.08217579165665315,-0.02721615438349254,-0.002931185832913551,0.023046575001071982,0.075613886150208,-0.06543557331852091
12,-0.0005029805251310543,0.07826711977814653,0.10066413460910281,-0.05195162060656799,0.004769283591183194,-0.17392947799783123,0.08440060532386325,-0.034558630569604364,0.00043758209869083887,0.028517670553957923,0.07782044087811674,-0.06414572015206729
13,0.00034983998702978886,0.08189022989121875,0.104800303779479,-0.06388897852975434,0.004232600240148653,-0.17764317594170195,0.08649403402249824,-0.041849633880452944,2.5375830181912588e-05,0.03009111025228216,0.08065112082684245,-0.06933857402967247
14,-0.0009272675437542032,0.08671607987383757,0.10768188127983941,-0.073812258751249,0.004347590334183082,-0.1802156020903037,0.08982912740134161,-0.04684745096139452,-0.0004078989652294286,0.033650361703194555,0.08246648019625064,-0.07685169160334351
15,0.004943472799456825,0.0916900862897863,0.10899522229166299,-0.07521299933914241,0.004324051373374766,-0.1854418012608669,0.0910911799380347,-0.04748701326905166,0.003920870786833145,0.03446581759474586,0.0822955813681928,-0.08114396553324715
16,-0.01173016008584532,0.0960644359204012,0.10874615043183215,-0.07945922762401286,0.004330344820448739,-0.1902412291260802,0.09088049745680502,-0.051876571764968585,0.0043295399182748644,0.03887193450478601,0.08224668926196295,-0.08631022644847006
17,-0.012405651309498656,0.11421700458655341,0.11320388962460246,-0.07960599049916137,0.004372389406169456,-0.1950861826339789,0.09592688278045852,-0.05680035523298091,0.004128359558366152,0.03881808396492471,0.08681768838675459,-0.08656366350254108
18,-0.012585257393752027,0.11713770335337628,0.1128663997052418,-0.08561845144362015,0.0038999563733112786,-0.20014461597817215,0.09900663379436943,-0.0609968153793888,0.006233392821694805,0.03977445454159215,0.08674016403638465,-0.08694388011228618
19,-0.013084494146151574,0.11722051152109922,0.11300855383116648,-0.09389733519486741,-0.0033581968005390005,-0.20351189435616518,0.09468110317281488,-0.06015049929227255,0.013577057551282967,0.04382938390005078,0.08485226150749973,-0.09209595648983858
20,-0.020608004449508745,0.1168510813890371,0.1129329745304419,-0.09845395957716774,-0.009420578645612876,-0.2052790139979308,0.09537823977063886,-0.06280154896638514,0.014898797994022281,0.042756615919744737,0.08346242745545444,-0.09672834658121485
21,-0.02562274901253055,0.1193270599371767,0.11309386918378606,-0.10078264853604767,-0.00851141103136831,-0.20784602234153132,0.09521559866846939,-0.06489508978576508,0.017750199099538958,0.045933509275774546,0.09007355549744851,-0.10208917431805556
22,-0.02561517670908385,0.12474383169385701,0.1125488401665156,-0.10014369570447541,-0.008610904347547197,-0.2104390192272387,0.0952131697837008,-0.06793907087108468,0.01713287877610844,0.04789186324754007,0.09018946346901185,-0.10392472753951912
23,-0.019069898354420998,0.12569858646926896,0.11668592232325142,-0.10360947299807796,-0.008859552750590482,-0.2155143026705903,0.0953179570903207,-0.07271506834663159,0.01759727020535489,0.04755558664484488,0.09878100098047778,-0.10639277736374045
24,-0.008799613052823646,0.12546050090580094,0.11716676684604585,-0.11282278466092921,-0.004460099079082454,-0.22065303094796543,0.09518178167123577,-0.08207943463745025,0.012993972399732835,0.04765072202142622,0.09956425422810433,-0.11557667491216411
25,-0.00837834775236422,0.1298415128048639,0.11708734210816145,-0.11750261178598499,-8.891765788313174e-05,-0.22093655510885307,0.09981722248962079,-0.08663219234938749,0.013143394937778916,0.04789037630865801,0.10422385263110769,-0.12122885161897956
26,-0.0024656074041512145,0.13044573953837865,0.11794855101771654,-0.12252632238759602,0.002408150618598752,-0.23128233655539343,0.09931031414911365,-0.08718857254268837,0.012202873901288911,0.05219011133622201,0.10360743783913265,-0.1164639291847882
27,0.009492895951508172,0.13413863245075805,0.1217906457060001,-0.12555254490334447,0.014406722326559068,-0.23850278760351917,0.10066263225188483,-0.09254603764625624,0.0070316983471885725,0.052827369979989915,0.10506031620193919,-0.11170062249249457
28,0.008041514226864442,0.13533385224990413,0.12122043150223326,-0.12739857202239238,0.012613075883082291,-0.2394344120871946,0.10646670708558519,-0.0972469089573912,0.00184882680314564,0.058656681349828314,0.11101048632922114,-0.09729642748674257
29,0.008448674646463568,0.14101305278349435,0.12137400875396713,-0.13009554015933403,0.013104165924199176,-0.24430286451276342,0.10809665291660978,-0.10223556745285978,-0.00024846128671501366,0.061003673518955366,0.11197586374018509,-0.07598072966322678
30,0.008353005506867444,0.14252918411752452,0.12130151806838158,-0.12959855013145602,0.012845365417394223,-0.2528425126958193,0.11121953647446534,-0.10678122540015166,-6.269701446870045e-05,0.06011188472670067,0.11894700256684901,-0.02648190018240969
31,0.00836370060826416,0.14198757546145585,0.12142713312521564,-0.1298187629672519,0.013329153896851308,-0.2557701018495598,0.11593458405550029,-0.11254680772360397,0.00027139480070000467,0.06429440038202124,0.12510394912375952,0.04371683528077682
32,0.008386946273842793,0.14631268005646691,0.12126105704059364,-0.12578358269474857,0.008719288218167526,-0.2554134051399191,0.12533758557400684,-0.1082457477186574,-0.004320128889619168,0.06501951994360278,0.12985814227728332,0.15547771716420075
33,0.008361120293495217,0.1510977763554666,0.1256596540566935,-0.11182724373685725,0.008393507507225614,-0.25544189507258497,0.13030808989582135,-0.10710018613654923,-0.004256963360397328,0.0651873665187655,0.13517430946438178,0.23075603208163467
34,0.008031448450051177,0.15491195864089516,0.12618050118475274,-0.09638480528402725,0.004108573106973726,-0.2605303403993464,0.13432659987694331,-0.08909966825649686,-0.004360306920122962,0.06927533572933386,0.14388762584085432,0.44614828823167363
35,0.0037222263591197738,0.1561112742910477,0.13025278785041472,-0.07277605193930584,0.0030812512928807536,-0.2641223275042467,0.13553348031336018,-0.07227905957368903,-0.004313336392664275,0.07162111456389228,0.1516962833321835,0.5445944842540085
36,0.004707576126233203,0.1591315105376478,0.1292640049725611,-0.05668122805819574,-0.00045616306572705714,-0.26563280812143825,0.138684468945819,-0.047675290700725056,-0.004362363825538319,0.07888069552954856,0.16322022675763762,0.7448515516101133
37,0.0017895870213414026,0.16110632204212963,0.13192648935038295,-0.009042841625275756,-7.15383634895868e-06,-0.268422854808122,0.14065291434469554,-0.020970349309920377,-0.00420345857643611,0.07766368464756243,0.1670241954428356,1.0210295946952441
38,0.00219197715968996,0.16462777801777875,0.13692686007620536,0.04196608512728136,0.00038987227097917604,-0.27107701237318377,0.14615002259268023,0.07511692331547934,-0.0047522885916354346,0.07810598990887291,0.17200210021658177,1.2291316752803538
39,0.004540155788721333,0.1524822253176297,0.1416049717039486,0.1820264530462521,-0.0036904101280745786,-0.2730443086392498,0.15048685169441248,0.10881326956028922,-0.00042596061189772647,0.07749607592337085,0.1771591593199616,1.3586656136195967
40,0.004050516098901242,0.14647699188058352,0.1462691454307553,0.19633997722259594,-0.004450017844208826,-0.272535353946426,0.15991108164003684,0.33504009115998634,2.964374140654053e-06,0.08213501226104182,0.18176696843207174,1.4186322329078906
41,0.004293333633505701,0.14657976899785197,0.15072960835182236,0.47875284928556566,0.0001913257735972989,-0.2727863846977959,0.16480883150848347,0.48058990437212123,1.912679497035179e-05,0.0825548290903326,0.20029833289415075,1.5232671214227091
42,-0.00017804571793518604,0.1451247288941986,0.15113615256168988,0.6134749128781936,-9.637171738365732e-05,-0.26368524856950726,0.16997158466831142,0.6533843349976263,-8.342719759745656e-06,0.09150800296224575,0.20560488265348828,1.6693683141721332
43,9.610115462543303e-05,0.13585076126664408,0.15636601796745467,0.7976862094328295,3.099012704311237e-05,-0.2632187598094333,0.17326659796103333,0.8540946566749906,4.193722933854811e-06,0.0916063944126585,0.2218838979860092,1.6701014872225266
44,-3.191482752623317e-05,0.12129311748934356,0.16075525958055004,0.9399185004592737,-9.196754495903598e-06,-0.25011486327606813,0.17470608086451253,1.1640972440453905,-8.971884305235408e-06,0.09726501822395081,0.2337668450524441,1.6583355643273048
45,1.045579843300644e-05,0.11243653165138769,0.16620069653456984,1.033284547574934,6.559291426067134e-06,-0.24138836475677605,0.18010973384904533,1.2766895275593229,3.381367097733479e-05,0.10181398277904939,0.24434013377324842,1.5938895594281994
46,-1.0500887444448578e-05,0.10739480904495519,0.16680038738409766,1.0802837346003815,-1.7338063248286565e-05,-0.24247748217104403,0.18490650402543424,1.3806678149488774,-0.00011416114265332412,0.10714409616406811,0.24647684666284714,1.5065939902241166
47,3.208040114723127e-05,0.10084262338130033,0.1743282500294068,1.1325534187772295,4.777140149776323e-05,-0.2430410364491589,0.18964113048632975,1.4568212855765592,0.0002818392842090208,0.10846537393465916,0.25404164626391684,1.3919815409613443
48,-9.627322159314804e-05,0.09650610375490068,0.17977898435517425,1.1424019055226253,-5.834965078419278e-05,-0.23545389978053485,0.19475666691389126,1.4715257079303277,-0.0043159638143476725,0.10803213403374116,0.2640331506162597,1.3584670001973296
49,0.0001760403647312447,0.08710596584421026,0.1844716582119921,1.1419992488481086,-0.0004978909445247095,-0.22531974258755794,0.19520970963302722,1.4900463230227776,-0.0042859264699071755,0.11269320112177098,0.27417600433923617,1.2041198091263041
50,-0.0042939707361810105,0.07835426765582051,0.1889657415895891,1.174513703469212,-0.009468323755048115,-0.2202367684080007,0.2048838162260435,1.5329509209660914,-0.004130646185968892,0.11186779847304522,0.28819825558351747,1.0012452245687677
51,-0.004097751655646587,0.07411318325934013,0.19502790781620857,1.1747599172883874,-0.008103276920647981,-0.2102469463361852,0.2087445909935734,1.6204979363258052,-0.005831988003511502,0.10802364168850309,0.29773148870714394,0.8870800068090038
52,-0.004214858959121209,0.06877535788770749,0.20357467652591724,1.0261081334787578,-0.010647820197780423,-0.20057221333890035,0.216086461959451,1.5375511205800492,-0.009066098706493025,0.10693242816019288,0.3055084700535438,0.7203306985340222
53,-0.004175517156389353,0.06718112755105325,0.20482476092624233,0.9317199079587127,-0.013360585023129506,-0.1912990624344663,0.22349817207623593,1.4094112889901513,-0.008690612416343588,0.10143455182004704,0.31012164608278064,0.5111119226427367
54,-0.004185912867768112,0.06221172960912836,0.2078438312898802,0.8604785670183895,-0.012908662119101693,-0.17870178330409422,0.22864146438439095,1.3462280713188206,-0.008241572633021632,0.09685994718473294,0.31437976666803635,0.3413060922388024
55,-0.004184734323216723,0.047373591607323934,0.21229724882933174,0.7578106541707642,-0.013015837423957554,-0.16675086157224647,0.22895287734168285,1.1854641477014682,-0.01257560428974429,0.09147661997159885,0.32682488827413014,0.1412032696177437
56,-0.004180697596759448,0.046068089987940965,0.22148881237315216,0.614895185512641,-0.012961582820299,-0.15783982857058415,0.23768843108227372,1.0003156436872092,-0.01298658131081677,0.09098028975449761,0.3462383450220846,-0.05043488169539948
57,-0.004191966389153031,0.041742410074414295,0.22163274254466214,0.4578961472300232,-0.012821322953061246,-0.14360596579412782,0.2426992425569033,0.953365217278552,-0.012566422859158887,0.08638479440410694,0.3551781456161734,-0.12627929006178684
58,-0.00418813347644483,0.04074638026191719,0.22230024112677305,0.6036337991149142,-0.007571054021233473,-0.133786169610701,0.2474591104484576,0.8819842738524105,-0.008645392540442587,0.07635629511500623,0.355780304771732,-0.20441527162410278
59,-0.003991150776174071,0.03145160150002017,0.22766287231235127,0.6529670524377703,-0.004059994236302441,-0.1232215298361316,0.25376305393731186,0.9426857040804381,-0.006016328362486001,0.06860097554383156,0.3705105829558305,-0.37564825748972086
60,-0.005722656198230624,0.02808009145274933,0.2301202438926945,0.34125848093290373,-0.0037043870202640968,-0.11030141327345076,0.2619879512649722,0.9293971134890644,0.0025234607541312266,0.06940521220500688,0.383456323735849,-0.4400299029139946
61,-0.004741052105690196,0.019757887182608676,0.2322446185997927,0.13466919077372194,0.008630804743876168,-0.1073705903396263,0.26703984633957956,0.7026602914863803,0.008628733307253535,0.06944810157492706,0.3929744075832366,-0.5446008485987966
62,0.007720326828930931,0.016750111979485924,0.23689207885921526,0.016477050734637844,0.031021925766126297,-0.09675708461864033,0.26774801390991676,0.5894844167789752,0.023514703339556624,0.0672139281529378,0.40471077771533404,-0.6017423512514898
63,0.008068164647585885,0.013052214654840548,0.24535263149219624,-0.6328296171024392,0.034837749871570796,-0.08716215337568461,0.27572323428096046,0.38206598092778,0.026312571595009323,0.0580791733051454,0.4180661459400594,-0.6087869672617893
64,0.011214820637079952,0.012788591149108065,0.2510343640052674,-1.0360891425817076,0.038648087795185096,-0.08403935939409068,0.2771843119300391,0.2561436973329796,0.025958443009374246,0.052354497213251236,0.4328208713646882,-0.6062033545298373
65,0.016285315527242206,0.0039140944540269765,0.2514219365121721,-1.0417819177182706,0.04361325506111611,-0.07020981974798755,0.2825002799349647,0.15149114431122954,0.03096566159815625,0.04756776011025872,0.4476062391394651,-0.5958369064026473
66,0.02075316776056191,0.003685501959774873,0.26005722386893904,-0.9673093520530616,0.04780946623140941,-0.06484675406168447,0.3057925624677413,0.05819167306464638,0.0347203133546705,0.04212164165023488,0.46046781603526094,-0.5801195332918548
67,0.034920927459685606,-0.00022648928714243832,0.25977761830044105,-0.9369840429945793,0.05796588629727332,-0.05976005524175986,0.3141742997171167,-0.24788068363585855,0.03601148282688899,0.034037309057836876,0.465459501896624,-0.5471643314792038
68,0.047774028285415826,-0.0016253924887444735,0.2677882357002376,-0.8892616088024679,0.07911703329334475,-0.056151914073629364,0.3231668488561316,-0.5494216809654601,0.039538726806777454,0.03366121985649732,0.47904108846929583,-0.5226819646267664
69,0.04974682500097623,-0.004718437045934252,0.27217500630762886,-0.7899160092465474,0.08493004689039794,-0.05501723535064535,0.3250382721727984,-0.6288773926107047,0.03839293611007202,0.027497674753810084,0.504296640823891,-0.49773705437053917
70,0.05408031722741987,-0.003662129305054401,0.27482549948756063,-0.6725894372955905,0.08855706837159673,-0.04959857697272551,0.3448821315134299,-0.6222537014514278,0.04234684817034265,0.026191734126607403,0.5115877061640224,-0.4599491281233449
71,0.05890183428753745,-0.007736451375410157,0.27636500212587567,-0.6307329649389167,0.10201880787506672,-0.044834152940131086,0.3511104660384875,-0.5959325796276057,0.04339184598485449,0.02263170366569947,0.5168720735708386,-0.43410336602207894
72,0.061424994804846395,-0.008417886668173424,0.2795095011121103,-0.5689174760681908,0.10405963440860264,-0.04010468109913332,0.3547001102867045,-0.588880655702644,0.04329135749221947,0.02146366817471037,0.54532148661761,-0.393093619336702
73,0.06318051779808563,-0.008378144377069236,0.2975686077002139,-0.5076967268962936,0.1039967613562612,-0.03485786846331717,0.3600092066077807,-0.5739023937075322,0.043481073746671546,0.021642698394128846,0.5552746345579663,-0.36287983014240127
74,0.05884662218635138,-0.008361719050854699,0.29710885062266723,-0.44788335369738214,0.10289964916535677,-0.03461861421772178,0.37944315367386416,-0.524177326949613,0.04154052068532967,0.017021435105857092,0.5695189267369962,-0.32201463453692913
75,0.05425980307226495,-0.008370437630022308,0.30362919475695005,-0.3628932148769069,0.09207337999172831,-0.030120961535048944,0.39395689551789737,-0.49423999646527544,0.03341998786921824,0.017656635774707687,0.5801851374771153,-0.3029784137822458
76,0.05462894181013437,-0.008367458178910747,0.31359108744099834,-0.30375019942237097,0.08486116750068952,-0.029492771257560654,0.40484976337381684,-0.4801631091790882,0.036176583781932635,0.015766797337865818,0.5944183546749122,-0.29429342440152817
77,0.05319716717097281,-0.008368951990155537,0.3205288934882554,-0.28266386200994603,0.0771704013353403,-0.02547165300254116,0.41158884988428407,-0.44499069538176506,0.02623565583621629,0.012591167716298084,0.6152060148634196,-0.27436870722608225
78,0.04979146447124843,-0.008365893880571549,0.3265931236267044,-0.2538124574438105,0.07281363535890657,-0.026102758743735622,0.41890323825171744,-0.3798895790407494,0.021156481965741172,0.012943986948686292,0.6353850993841257,-0.2514116328025218
79,0.05022015929758233,-0.0083750963501622,0.3446340405079922,-0.22274792465908122,0.07436998307150876,-0.02593722172876007,0.4254679714755555,-0.3523032790814869,0.018360069199690906,0.013436064288365399,0.6641623735576144,-0.23890009762948075
80,0.05053627839792306,-0.008356137739683247,0.3512915576783294,-0.18300034482792762,0.06546081881358766,-0.026010611523402904,0.44911991360727743,-0.3303900494678752,0.008712296480191492,0.009015046840553008,0.6709756054769711,-0.23080738039702473
81,0.047047839936335836,-0.00832815089298285,0.3558046957675397,-0.14097174104414248,0.060268167763791854,-0.025891296414735913,0.4547641899460156,-0.3149526247319143,0.0038768977329076706,0.008691976384161255,0.6811384589118418,-0.21241161195349978
82,0.042173340003266634,-0.008961241765272151,0.36182424491293697,-0.12890087662109156,0.05078637524189092,-0.026030196956535648,0.46488915212773685,-0.2799330069793637,-0.0010096323356967847,0.004422001037757198,0.6955308251516497,-0.19316758353869756
83,0.037485032082912505,-0.012987114930821811,0.3739454281036846,-0.12383371186098721,0.046602480285267193,-0.02143726257974192,0.47443702848391484,-0.25643070522066413,-0.006270042234652344,0.009167056152055526,0.712182606064408,-0.1833764142599797
84,0.033347812077427444,-0.012432609766003988,0.3816844139217786,-0.11060779109793278,0.040301579177016995,-0.02154717987946234,0.484036000267166,-0.24456036458752967,-0.00857403232108749,0.00858685920203458,0.7277884498235413,-0.17335415284802103
85,0.03265396153241812,-0.01258054215082609,0.3916323266442179,-0.09197877535552765,0.02752934501474412,-0.022989058013300985,0.4946806567631656,-0.22575393001920202,-0.011345037660431611,0.008274590707538396,0.7385875818219833,-0.17305921849458686
86,0.027961766615740145,-0.012546551758838476,0.40085763707711314,-0.08749586757885679,0.015020697094175849,-0.026440649112347656,0.4994832433217532,-0.21336310046098064,-0.013218748083602495,0.011340858745629467,0.759767109215296,-0.16789032678314844
87,0.020332729414299373,-0.012553360020896282,0.4167335619467143,-0.08511112272839903,0.0098938312837547,-0.025837264896409074,0.5167696143377868,-0.18935361052961172,-0.013010725341043796,0.013243647556221823,0.7864568821272288,-0.16318717406439684
88,0.01659712544245456,-0.012551962125693764,0.42198766110615543,-0.07591176423140474,0.0004567580690413935,-0.02611306821507351,0.5195558199452635,-0.1858205955629834,-0.012969963841647534,0.01295112522379776,0.7878103390218358,-0.15839543850860693
89,0.013518031296210424,-0.012551632804700986,0.4355652407798975,-0.07110317258693012,7.458241657876314e-05,-0.025634013773064707,0.5239886372245895,-0.18106178964939193,-0.017945698729920516,0.0129887346694112,0.8063865477400903,-0.153118452162703
90,0.012435911269267132,-0.012562785010262971,0.4398498428568032,-0.07062348116235617,-0.0003667523351776462,-0.030162507549357016,0.5299888146865082,-0.1576966793812455,-0.022006854749518724,0.012992359091867842,0.8121185995664671,-0.15129046583972441
91,0.012551674967035464,-0.012481230837334515,0.4448310717964489,-0.06642607956043463,-0.006752318040473888,-0.030249462147287874,0.543336696222086,-0.14918817993667347,-0.021212568357619303,0.012947616273036972,0.8350192764705192,-0.15148234076050693
92,0.012652208148611887,-0.012922189998790462,0.44929482573770047,-0.06743960297045984,-0.015528924446865579,-0.03039192781418684,0.5468317149577089,-0.14027679537343668,-0.02378547834238849,0.013217643474291232,0.8575729301009469,-0.15167170047177822
93,0.011737778249379383,-0.010255764507068745,0.454730710449307,-0.0646222340027985,-0.017567298503978913,-0.02990516513573619,0.5529631498362821,-0.13833738451872576,-0.02632548927622302,0.011432420647131208,0.8743498179977885,-0.14707208094906485
94,0.007572740367719601,-0.008067532517744879,0.45541481747511875,-0.06245610354940427,-0.01715015237345737,-0.032616457481423985,0.5514763838192938,-0.13848610732559988,-0.02591099903964845,0.005559759756571531,0.8854328485928308,-0.14276049688528347
95,0.010582228735527189,-0.008410896270016096,0.46292333726319873,-0.06283688911606734,-0.01770128561318306,-0.03230858492315481,0.5491597193457511,-0.13878804209883636,-0.025980430966358745,0.004480685931158323,0.8947173677308308,-0.14199334301776315
96,0.012549443203994842,-0.008377309353331886,0.464588238882508,-0.06270455992516026,-0.013272784241421212,-0.030830709809456333,0.5538780162001327,-0.1347040131222369,-0.025974522114323013,0.0008550788909201499,0.908952383870297,-0.137936610308906
97,0.015249520125537673,-0.008396105471422057,0.4644698067144099,-0.06265593786668235,-0.013044469101925731,-0.023118264607212995,0.5541154017399088,-0.12986045542492472,-0.02600717835290385,-0.004169636204184218,0.923102591242149,-0.13911472576145945
98,0.02055989050515194,-0.007832411898798214,0.46402371054764335,-0.05824134846955952,-0.012367435947182991,-0.021474014140049014,0.5536314634257032,-0.12878332634052098,-0.025692422507436596,-0.00907523278712389,0.9260831560348192,-0.13563918711859954
99,0.02093714705335945,-0.003755789554601274,0.45877654095607545,-0.0588269146117883,-0.008510129311266657,-0.02149186068231711,0.5488694864579902,-0.12059085817513039,-0.027795392555943405,-0.013299534541039,0.9295292323486386,-0.13438912110205173
100,0.020930612262648984,-0.004304332720610505,0.45567815736868594,-0.05754666088049697,-0.006973022850886816,-0.016879661292398065,0.5408763471369995,-0.11965326824405582,-0.028631786701213056,-0.012808718089386563,0.9344719968513925,-0.1304085272895361
101,0.020917917700024886,-0.004155868924207066,0.45640778654332237,-0.04983028574529372,-0.0043360530339724935,-0.018284547043124388,0.5254200875029227,-0.11689063684274387,-0.02551214789886261,-0.013414824382576901,0.925624098379492,-0.12984997992883815
102,0.02090685418658109,-0.00418758048238891,0.4538531805571533,-0.042943520060922016,-0.0014501109798856907,-0.023791036575147962,0.5106999382983923,-0.11388612125288668,-0.026086299108779378,-0.010450220505879916,0.9149875450551562,-0.12993139548325058
103,0.0209949032386378,-0.004190936361949458,0.4455798886466936,-0.03872663327299535,0.00018698279680918247,-0.02632066274710718,0.49925935014433936,-0.11276107344954274,-0.025887594329382726,-0.008291807899743915,0.9104568315677093,-0.12909388189665605
104,0.02060406469774057,-0.004168063531504411,0.4356531901507187,-0.033633988702687447,3.544734468820948e-05,-0.025775666564577745,0.49061945495652454,-0.10848172380488627,-0.02600161241558441,-0.008948921447503812,0.8877118026566654,-0.1253776417599542
105,0.023477149760852148,-0.0041597681163783725,0.43069977220764327,-0.033397758221681104,8.604954044539571e-05,-0.026412421446844518,0.46697633578388636,-0.10815386863779927,-0.021358651301696296,-0.00462907547163454,0.8640976010813293,-0.12382483219847662
106,0.028930636154337736,-0.004727772389573825,0.4167008133150576,-0.0290938740280767,0.004651379623947401,-0.021896890484346936,0.4524324193589203,-0.10368996163439426,-0.02202459984990275,7.20859207502179e-05,0.8487445734098811,-0.1206641289304519
107,0.02914697445008223,-0.00854100901996654,0.4080487567743519,-0.028397252495565337,0.00419210467696349,-0.02159410759404884,0.43126158128111813,-0.10295895912676699,-0.0198601469098578,0.0005608190437213199,0.8317356361560572,-0.12174739683702046
108,0.03844367911628417,-0.009860997821518834,0.3969527352053005,-0.024524492015922935,0.004461615859370617,-0.01712505108679459,0.4077442503883991,-0.09905892834878186,-0.018683365802692517,0.00512839647775183,0.8200321553778327,-0.11762066435637208
109,0.05088114702313976,-0.012987693591188546,0.38234187772911815,-0.025653266989826735,0.0038761464858255794,-0.01638934246964238,0.3918888757855298,-0.09971822685337349,-0.02435728936047547,0.002229652198110141,0.7754024099809825,-0.11676176577877502
110,0.0510443612014113,-0.012461697753169456,0.3687656404518527,-0.022254108352048968,0.00724777007692598,-0.012745717488879559,0.37180546140971127,-0.09942639315654334,-0.02953909999211109,0.00012447467854473978,0.7376049627117007,-0.1167768386179047
111,0.054920618554238555,-0.012567661586204926,0.35315676724236233,-0.020716723118211464,0.008895093522282092,-0.011348875270866352,0.3466032243403605,-0.09994238724877283,-0.030250907937332087,-0.003144106194338276,0.708207929331107,-0.11224499378524617
112,0.0542634719825568,-0.012550687945794711,0.34869146732377965,-0.020958898939266113,0.008569944586375822,-0.00543887516914883,0.32288950838668645,-0.09562144924404825,-0.03454425268839456,-0.004155805966258736,0.6929287224905307,-0.11266392224143751
113,0.05443587315141848,-0.012552301952033204,0.32178081236900374,-0.02093963574042516,0.00858681443172027,-0.0042458798928885905,0.29393626271004836,-0.0953207781884966,-0.043989878995719565,-0.008425313927075214,0.6499048408682578,-0.11254532644435271
114,0.05433598017771335,-0.01255001357852352,0.3176437991406765,-0.020414392602662156,0.004125871551990936,-0.004152146825270287,0.2855223317864118,-0.09985079575531854,-0.04878280733577786,-0.008572119560859215,0.6125039840797727,-0.1124530359043133
115,0.05450597731278938,-0.012569806577449516,0.3051672458005469,-0.016491096379525675,0.0036080097109022578,-0.00863079458778504,0.268282350298681,-0.099472229968911,-0.05200751688170614,-0.009323527265191438,0.5655566187894432,-0.11298545504703907
116,0.050029402641537324,-0.012457709948213382,0.28820363391862897,-0.015657677165599394,-0.0018173718302469358,-0.013104846309749854,0.2478199677868257,-0.09952645377828448,-0.05395212717016628,-0.013352601123411172,0.5282432974058631,-0.10929356084869661
117,0.040959979682238204,-0.012980988503656723,0.26932325838695736,-0.009807858243003913,-0.00666694652188332,-0.013548227852054716,0.2216143205952682,-0.09988449487033173,-0.05665779583572964,-0.013254877798074938,0.49416320729857066,-0.1078159185553066
118,0.03663163385111842,-0.009760294888337608,0.251553720814616,-0.008590976626056682,-0.010979600747175699,-0.019378426473971862,0.18211099252819696,-0.09714350444774379,-0.05620756635033525,-0.010599332919122325,0.4491881137304082,-0.11250787251341585
119,0.03192412140891352,-0.008153558396412382,0.23066072894994996,-0.0050411109275070795,-0.01980620837235849,-0.02142204151431545,0.17755308359542377,-0.09154628364666025,-0.056286556133140216,-0.0083452072724833,0.4177096219586146,-0.11249636806374848
120,0.02671636450748922,-0.008408889896778017,0.21446744432630185,-0.00410825106205449,-0.025550361073579317,-0.024740916326210862,0.14561844980988656,-0.09084659498560108,-0.05627670673831011,-0.008709366813015217,0.39007188765952766,-0.11258398533206636
121,0.025321914820446045,-0.008380684575556144,0.2005688003038843,-0.004193045552222091,-0.030342412976240594,-0.0229320802229853,0.1296670858145857,-0.09091009203397551,-0.05626980418991585,-0.008652098789415127,0.34233993938020457,-0.11252486035376719
122,0.02176650551089588,-0.007913286237765538,0.17656587945126656,-0.0037223462523067823,-0.03013612155336109,-0.021550429296239904,0.11022165779555995,-0.09079053819085055,-0.0563358274774626,-0.008654952371791818,0.3154293253535453,-0.11265783070538095
123,0.02107140720785138,-0.0037687544755060634,0.1560658622370215,0.00031231162781031427,-0.031147930026024704,-0.02157801710679302,0.09733411032347639,-0.09190759167252953,-0.05594034883538007,-0.00869962450484429,0.3003111615438263,-0.11212648947407508
124,0.016763577297542798,-0.00430467479592577,0.14619159264537068,0.0007013618359981605,-0.0363278355785475,-0.026265599508040353,0.08601221062889539,-0.09569632792749452,-0.058369736737628256,-0.008376697016609634,0.26945510964813224,-0.11555857601856391
125,0.016899132863992635,-0.0041548323794577315,0.13292482796129196,0.00904829185838168,-0.041504663540446046,-0.02510137218004495,0.07301272284734382,-0.0951634690629475,-0.06099905579610128,-0.010431669481455942,0.23275292617205612,-0.11743311995709475
126,0.015873429599409385,-0.004188720751141934,0.12598584285070427,0.012667119561604547,-0.04356222802716536,-0.021219256624123786,0.06396844432267636,-0.0951035054777438,-0.06042490763795752,-0.01315364267070007,0.20010263489247498,-0.1127198896445325
127,0.012134682126122126,-0.004188531276420151,0.10447156669020981,0.01576904654166339,-0.04324241310024725,-0.021750322600940127,0.05360317308839036,-0.09575850887325237,-0.06090924172070349,-0.013853369967395685,0.1670736353820905,-0.11248134173345062
128,0.012558712341108086,-0.004171390806694767,0.09679156413903411,0.0168732251673507,-0.04329572067183715,-0.021650165699288963,0.04821887852650328,-0.09102317355562987,-0.05631214053368316,-0.005840737680217463,0.151665081741513,-0.10724735740331752
129,0.012967426792370193,-0.004179515381167641,0.08357093551197015,0.016748893248169198,-0.04329013934456169,-0.021537906128723923,0.03886930462232796,-0.0952665484321629,-0.0563182765619368,-0.004342252451457748,0.13702162439675294,-0.10386260889086547
130,0.009457196397675999,-0.00449475441782581,0.0745363706530067,0.022067884635019526,-0.04328988630434838,-0.021970444493530562,0.0297821977669133,-0.09525498971019786,-0.05646683610800993,0.000150572852934,0.11463867162496302,-0.10222688540382455
131,0.008136007881456922,-0.009745089259159604,0.07104321719619584,0.029815221328501812,-0.04328893769288027,-0.017526996896303056,0.022793893476886054,-0.09432363298387068,-0.05482039842689457,0.004980010754246391,0.09239315947523379,-0.09948399368091077
132,0.00848720509321592,-0.012703179908985365,0.0699045604484315,0.030350223256376666,-0.04329681656156165,-0.017548767933121094,0.011825878632665402,-0.09036283576085392,-0.05150459304746746,0.009700632457810955,0.08484487298634572,-0.09711097550660369
133,0.004072807532568006,-0.013837076236797535,0.06504115095954476,0.03557590749356752,-0.043258640972065554,-0.022023068689955128,0.011999315857494855,-0.09134203383211505,-0.052044539813200195,0.015844100654404832,0.07555629669400307,-0.09201211744400281
134,0.003542739600379134,-0.022161655447642665,0.057842935850756616,0.04086136936774263,-0.04341502589939229,-0.021242816320571005,0.002605189374803687,-0.08855434159283385,-0.05193193581302453,0.02726686243831236,0.061536836476208064,-0.08680819101150776
135,-0.00018892485615048466,-0.028533645174093326,0.04783368121126208,0.04119879915568165,-0.04287224173295293,-0.023486016338316155,-0.000392188914522346,-0.08286501412610699,-0.051946326566018566,0.029598944473835934,0.044117076791829954,-0.08658989274440022
136,-0.001647139193690182,-0.032763744429417034,0.04200512195228447,0.04944439705769115,-0.04721725091095273,-0.02633935672387609,6.808319204150361e-05,-0.08236573482986005,-0.05194987912818973,0.040042984490357925,0.043308754327821046,-0.08245519582290614
137,-0.004731136591070363,-0.04185728047071219,0.041837417316198895,0.05020894529076938,-0.04761786734479885,-0.026016123336771054,1.4068929568035758e-06,-0.07791280222769939,-0.05201604873968879,0.0510851551654584,0.038753082929469246,-0.08622635767045757
138,-0.003605496559861103,-0.050524869481381234,0.03738145184760505,0.05546280542651963,-0.04764076439103689,-0.025607180305209223,-0.000445217668924877,-0.07348375240762128,-0.05130625481197233,0.06069778617480372,0.03837538320307527,-0.08171645048045147
139,-0.007877563652857186,-0.050810809571195,0.037766156494748605,0.06378682827300829,-0.04759459030940725,-0.03003758476613136,-0.0045167541071427075,-0.07291085088015567,-0.04562520303927727,0.06589485655843769,0.032996740472783226,-0.08198551796738565
140,-0.008124779463322521,-0.05586263229451963,0.03764682599267484,0.07100590138191815,-0.04771316302518045,-0.030273501408076376,-0.00572752822801182,-0.06759633909500455,-0.04328133392149831,0.07542265054344288,0.027928943555877,-0.08486745258613167
141,-0.017099014045764614,-0.06225767123517689,0.0375551344600608,0.08456449289038154,-0.0471916329379485,-0.030389344761663904,-0.0091335715618317,-0.06246768588822294,-0.04109280864197602,0.07789704796854555,0.02555043192551251,-0.08674101631870064
142,-0.02114204386775574,-0.07270673318242499,0.03809746768185831,0.0904977230213902,-0.05037447809619056,-0.02976242022781289,-0.008523589905251669,-0.06032226272815925,-0.03539363892582518,0.07962498520270284,0.02648040480870052,-0.08688150760942726
143,-0.020349349874001305,-0.07819557514702503,0.03442170153692773,0.09556137976737812,-0.05228108997870086,-0.022072529518106204,-0.008789603000752126,-0.06065724929898101,-0.03448776837723721,0.08546811475392109,0.022045974575284684,-0.08241941685295882
144,-0.02421688178837692,-0.08687977034439445,0.03329128460828772,0.09609181218035481,-0.05167754658895433,-0.017032839876002175,-0.008375175813750992,-0.060599155127250365,-0.03466182265464727,0.08664534462418094,0.021662584380603082,-0.08229082192388246
145,-0.03012541872203711,-0.09203258183324418,0.033488644642908766,0.10039454382987452,-0.0562537149199025,-0.0145602945410542,-0.012971532539523158,-0.060606203739121026,-0.029683328837834075,0.08679625105266878,0.016694078742233796,-0.08225666294458431
146,-0.028998969523519127,-0.09689713562436773,0.029044314607686156,0.10542535724759575,-0.05543983406630746,-0.012766978333238126,-0.012919449586333084,-0.06061365003540102,-0.025830422616538843,0.082244744491535,0.012691282407463096,-0.08205798335589501
147,-0.029710563413046,-0.10008606856191116,0.029362847347682346,0.11462822991436282,-0.046778100456915134,-0.01296775891208314,-0.012996268949266792,-0.060545759015901146,-0.02495606613508234,0.07685063435771561,0.013100148576793752,-0.08359478888658264
148,-0.022449936651048413,-0.09417954394549301,0.029434106253629383,0.11703165746299786,-0.04787783032951332,-0.012965194066851676,-0.013094330892701367,-0.06094782736842979,-0.019036256439506252,0.06891754272115098,0.012849918732395424,-0.08943796442679196
149,0.0003371945766973034,-0.09210021365008356,0.027970149253917675,0.11926028948293148,-0.0331530763789647,-0.007904720829872145,-0.012443191658025845,-0.0584893398139312,-0.017279697318361587,0.06674781699020306,0.013458492086045057,-0.09080625023904812
150,0.02222476946254405,-0.08977375313945911,0.019897515026476336,0.12122070660143301,-0.013101497972121377,-0.00420933443880977,-0.016203698420292744,-0.05591711297661197,-0.016594717074471785,0.05782360104401716,0.009659242247558833,-0.09396917418337425
151,0.04287469833399951,-0.08484569320551746,0.013092615759205993,0.12459359874713362,0.003474144705269834,-0.003141391662673479,-0.01420564605649503,-0.05635103591027094,-0.024790593171367614,0.05394542432730175,0.008535732660068778,-0.09932273455040215
152,0.07377548811077132,-0.07974146363462571,0.012500877089292959,0.125426425722076,0.024464733913763026,0.002187476847176126,-0.012856637818037546,-0.05624592307757083,-0.03025369445516765,0.046212224206231015,0.008661020002645521,-0.09956372062283005
153,0.09221713735197418,-0.07954091980349318,0.012549037526518274,0.1296426849663478,0.0427083167282451,0.007321281922948581,-0.012981036080912948,-0.0562871621637603,-0.03520721340819301,0.03167545744657607,0.008660821518053427,-0.09946043208767563
154,0.14302294820454103,-0.07000982688387057,0.012372257186591674,0.13430698452755646,0.1077339899430365,0.008966630708428578,-0.012631822871838078,-0.056664548004884276,-0.039229602921176956,0.026010168282305665,0.008672579893875291,-0.10055333013142008
155,0.17567566572574492,-0.061519917652862036,0.00644781933551706,0.1393357707723807,0.12944431390188357,0.00834037158466203,-0.008257929333307785,-0.06078189947015963,-0.03931945973395533,0.021124917569614047,0.008562262415412388,-0.10399582266489939
156,0.2642794128175141,-0.05712947357987754,-0.0018599283477591007,0.14202659422363925,0.1636147388627781,0.012944839973424523,-0.008717755679156117,-0.06202359757531309,-0.04997686347978484,0.01637556474339122,0.00911521064563299,-0.10598899497984082
157,0.3797412694871303,-0.05246046057100864,-0.006423766015227551,0.14589015338551048,0.20667800888684448,0.012923500961254941,-0.008938070628893355,-0.06498979072507624,-0.05739741397919929,0.011079933475314082,0.005812982382502577,-0.10811658966330269
158,0.4067333193378442,-0.0472186025693227,-0.008671154353488732,0.1535179126206569,0.3054076405176244,0.013015469597505203,-0.006419392549004675,-0.06751633049724613,-0.05562429760644812,0.008736177866395146,0.0045126967216661,-0.11154193386279106
159,0.5048258781082384,-0.04616939920003203,-0.008304713684749162,0.15812860690831537,0.3816301140073529,0.012978218801524746,-0.0007655280890195062,-0.0696250712890495,-0.06026355131369852,0.006030131859239725,0.0005051500239214093,-0.1123643350016881
160,0.5929367207787954,-0.04255123315378223,-0.008396647873886618,0.15908467763815087,0.4416526325448306,0.012989282480504044,9.237026991543596e-05,-0.06898833251328981,-0.060560948613921715,0.004091879628103508,-1.2886524116130851e-05,-0.11677484549048568
161,0.7103653877989109,-0.03774655748273635,-0.008354272180486512,0.15900452662588146,0.47476267374384307,0.012986515944395352,-2.9785340080342956e-06,-0.07349588943112603,-0.07066521529822524,0.0042830793430163215,-1.657583038767109e-05,-0.11700852262322381
162,0.7848790548741449,-0.033265376820094304,-0.00804670312561961,0.15927826256835426,0.5825389911822753,0.012987066215416463,-3.323702268874082e-06,-0.07836722831958409,-0.09275493518804438,0.004394742772199981,-1.1463078145126419e-05,-0.12228320125724455
163,0.8087799748222634,-0.03376023638795216,-0.003784538197209602,0.16394212798500846,0.6287949369803562,0.012987121007818342,1.5204621618312033e-06,-0.08318516465200396,-0.11780373949768286,-0.00022581762819730026,0.00011245560727413252,-0.12602290113288753
164,0.8860540701408345,-0.03207612403949751,-0.0043661198683044005,0.1706112813052926,0.68475749128041,0.012986867197923618,-4.929167086801716e-07,-0.08844962535346682,-0.13762251183569038,0.0001066973322911773,-0.000545720023815504,-0.12466636263132991
165,0.911120193057607,-0.028863914541023904,-0.0038579548081317163,0.17566037196225667,0.6849985752718608,0.012985743392943777,2.3494283228351338e-07,-0.09084725991887094,-0.22012887486416513,-3.3482785558506505e-05,0.0032063251269497306,-0.13041280611939837
166,0.9519677918007506,-0.029385089659683356,-0.006312629439712278,0.1808692286072588,0.6313746920229765,0.013000203674876315,-4.977596338838145e-07,-0.09347280893373511,-0.35139962696724264,8.835259874461834e-06,0.0011751892450239092,-0.13483582856937673
167,0.9681793713488694,-0.029263033551164167,-0.01183486665927477,0.18415051382892655,0.5239250917384364,0.012905785638683444,1.6550495803259015e-06,-0.09562925762018837,-0.49252329450440346,-2.5470708643232764e-06,5.703630588665314e-05,-0.1340246853121709
168,0.9767333407078074,-0.029312812919776807,-0.012512158407911091,0.18786636563140996,0.44390866492196773,0.013389557434889355,-4.414468026987299e-06,-0.09488092078468746,-0.5909848760716776,2.4909325647416617e-06,-0.004229798997968867,-0.13435898257979292
169,0.9550125362038737,-0.02927022342044726,-0.016514253312897145,0.18817937624430037,0.38842027976187826,0.0104810374763893,3.7436462626250742e-06,-0.09949558126312417,-0.7507054226805364,-5.930737476788509e-06,-0.008756138529173957,-0.12971880103923839
170,0.9073327094670399,-0.0289924186963415,-0.025396494765159358,0.1972524995953747,0.19702944342880568,0.008366288368321782,5.956607473809434e-05,-0.09958909056382143,-0.8443983103618753,6.698950473984385e-06,-0.009284929556774206,-0.12559260564532815
171,0.8466938554467803,-0.024711552859845158,-0.025704860575265928,0.20246163089969316,0.06474798308046387,0.008703506122098971,-0.0006013678468925959,-0.09879816484672319,-1.0442543989382878,6.463226891757168e-05,-0.014563837744247436,-0.12349069136653479
172,0.8222408600001766,-0.02528588949229494,-0.029798019124209103,0.21080922630350676,-0.06498431852420057,0.00865489124567832,-0.006175471556687138,-0.09472067698412072,-1.1684448981344981,-0.0006945299269745469,-0.01982411011237983,-0.11674965664958832
173,0.7473670204691728,-0.024777626838504905,-0.029129147366819267,0.21724799679038592,-0.13498990982448633,0.008660396264276162,-0.008986408508863982,-0.09557853561631766,-1.1620903067336903,-0.005099155222263099,-0.021474849504246513,-0.11172369463972023
174,0.6849156292956313,-0.02721395424851519,-0.029438360293229167,0.22428437837453855,-0.21826123706416362,0.0086162845379673,-0.008584981887516,-0.09340160868192622,-1.0948970116528547,-0.0022784017703287892,-0.024896777192617216,-0.09535191488077646
175,0.6199630856044689,-0.03267711150546198,-0.028856599921790266,0.23163837393089615,-0.32515599430525327,0.008936410292240942,-0.008670277562058735,-0.08451239750629162,-1.0449328566257396,0.0003595862195410487,-0.02613221668606747,-0.08394873054680387
176,0.5215464891940907,-0.033578509065078255,-0.03294993590431315,0.24147522859238738,-0.4210142396722159,0.006905948656108329,-0.008660457797559994,-0.0784622238423811,-0.9364675348758442,-7.205889732466269e-05,-0.025955046917067945,-0.07873765212611429
177,0.4574835960329064,-0.033461519402521074,-0.033498494289422004,0.25066900471278303,-0.42505628968604725,0.003926192765055632,-0.008653567173986723,-0.07376199186220786,-0.8527711919404963,1.7169015859785e-05,-0.025552484263334348,-0.06948757401656205
178,0.3414399875818249,-0.03339733406677317,-0.03348591657391442,0.2645385935340656,-0.4062188490659997,0.0043788444355351615,-0.008604897756090038,-0.06903283438742762,-0.7019867084566253,-1.017747813817068e-05,-0.021921910212396353,-0.05943808882078993
179,0.3162688178380664,-0.034225028402243056,-0.033479171344428016,0.2737658766261155,-0.385626270835218,0.0044252114563762615,-0.009220072419785326,-0.06242602322944277,-0.6158038219976409,-5.7316484676700736e-05,-0.02776578899100439,-0.04633073339846825
180,0.22541483240350835,-0.03808069361347886,-0.033393134763782986,0.2823651326832768,-0.3342247423709308,0.004100407913766272,-0.014887820217437502,-0.04977769126352726,-0.4949907200704056,0.0006834671902166778,-0.03222052935088098,-0.03986411961788314
181,0.16397600427020032,-0.037649394212755184,-0.03387199457844047,0.2852168445996122,-0.32595206711231556,0.008713911439421358,-0.01720274329285367,-0.0443810510056049,-0.4295991877366481,0.004809404010615543,-0.03773095703834606,-0.024730804665895067
182,0.10445304741893835,-0.03722549577466873,-0.030956151060572944,0.2984557905012855,-0.2928187509779113,0.008949898995951501,-0.01997156920978984,-0.033065430734734065,-0.38109822326166276,0.004085331902533927,-0.03883919181249275,-0.007147035863624569
183,0.0670731181515449,-0.04078889280318671,-0.02902891214426792,0.31165914537117007,-0.26060196462200014,0.014462598997335699,-0.021476454251951937,-0.02818793302908254,-0.2830875664861756,0.004876518371004593,-0.04248028017286103,0.006425092730373301
184,0.02371170287545688,-0.04189192822977488,-0.02932032359862078,0.32153910382238093,-0.2508932849271139,0.017745418512609284,-0.025386538697922737,-0.011640938321987504,-0.2430086443193265,0.001001624929584365,-0.047581833866042866,0.015651751287343536
185,-0.005405537839244478,-0.041942516273787984,-0.02929432394097193,0.32184326605420466,-0.2094628339478688,0.016794298952541295,-0.025979270792849406,0.0038353773927591113,-0.18493548934884219,0.0004864938419952792,-0.04757727815436705,0.025061453637282044
186,-0.02295786546503869,-0.03753090097802933,-0.029358293589512325,0.3398997679212321,-0.1758655386168087,0.020178593511534282,-0.02571919045280766,0.018398213870533427,-0.154046952727334,-0.008123298380426438,-0.047600310242154144,0.03928306715775686
187,-0.038308571266590916,-0.037037189142160455,-0.028524075288931253,0.34349177306726575,-0.1554280401230619,0.021887851841752445,-0.021389782967779797,0.033072083340777776,-0.12352139309333059,-0.013232757881878004,-0.04784311405886302,0.04442932862799606
188,-0.05718164440680603,-0.03301684493906922,-0.024954746489560805,0.3496222527300521,-0.13640540543241775,0.021566737573198734,-0.020789955235244975,0.04683531940942049,-0.07986781008473641,-0.017463862826389235,-0.04604015804813933,0.05318160669667684
189,-0.0705972432170206,-0.03349264854390828,-0.023374169250883613,0.34796265108201613,-0.12693630316167492,0.02164341073119381,-0.014787765691182989,0.05382588531512002,-0.07450281068862319,-0.01839160717185189,-0.03996435664994554,0.06081320364619538
190,-0.07511785150750766,-0.03389320861026301,-0.020435026602055078,0.3426284819908036,-0.11194061489597276,0.016619403186798817,-0.01316811676037762,0.06105010269619432,-0.02355899897787613,-0.022135172661204818,-0.03966825910835557,0.07432365018974145
191,-0.0843261655224845,-0.030400694910260723,-0.02130902441965988,0.34053564148269827,-0.09563214576867052,0.012903845915510392,-0.009888074025267531,0.07064047538287699,-0.004381315978599698,-0.02153245058139585,-0.031234758513171507,0.08305656034686695
192,-0.08806216582006458,-0.02915697126078861,-0.017653658147682882,0.33536624235832285,-0.08681703597679095,0.011617785773643263,-0.008422756905055284,0.08447949548746474,-7.509639109018083e-05,-0.021657014198924726,-0.03031242794813954,0.09385314663727529
193,-0.08780077317231873,-0.029273641161754953,-0.01263292339601522,0.33079234830647497,-0.08256342758028057,0.008079002834551584,-0.00876586782424587,0.09484450059116938,0.0054469241645129845,-0.02167620659503685,-0.025409110453049347,0.09519468218843492
194,-0.08789720804895797,-0.029114509735497757,-0.012425045449491042,0.3211338523488701,-0.07809886368104953,0.009226691772327843,-0.003968706312218031,0.10448982253662518,0.019094255299817744,-0.021579745978670104,-0.020876769276201895,0.09950297229820365
195,-0.0878005205751715,-0.024194894170543633,-0.007267547821982095,0.3022421939328359,-0.07443717493981274,0.005330227201437398,0.0008438085001864747,0.11508660547316317,0.02316327294049,-0.021481312117624846,-0.014457123116406645,0.10428631227538039
196,-0.08809234479825881,-0.019575831841871543,-0.004070354573605756,0.29097254652085786,-0.053982770006894006,0.004203233598100788,0.005735934383705038,0.1280144061158856,0.026532495868059575,-0.017595729999297843,-0.005056708946967126,0.10963553843394044
197,-0.08492409461530578,-0.014941444172508318,-0.002877359812169539,0.286978001734982,-0.05678700422586625,0.0043332149201545135,0.010591888823264551,0.1299526090391574,0.02529404547942502,-0.021936706406234966,0.008839547911039605,0.11121183875365047
198,-0.07573925858850533,-0.009801940141619279,0.0030589037581665356,0.28131971142135714,-0.05659420453304684,0.004317375432236164,0.015470297494264951,0.1300851312585273,0.0297205502888452,-0.023216318253471764,0.013001720149719872,0.10968864639835779
199,-0.07088472477699807,-0.008181378610826103,0.003592499284933797,0.26122296796182365,-0.05317024064930953,0.004473192284931524,0.020297946255581657,0.12897315991350228,0.0266102368522131,-0.026393860080967092,0.019979070327104963,0.11289695001438528
200,-0.06665494082020632,-0.008311845527548399,0.011061507609382026,0.24773228762162264,-0.05175638288133008,0.0032925113977603127,0.02528123445812325,0.13726735147283653,0.025939576703432537,-0.02600486151512808,0.03021861979141732,0.11305668789380932
201,-0.06704675992423852,-0.008497915063059878,0.01651874697656191,0.23925548933661264,-0.05199787133199508,-0.0024204317342529204,0.029931874221036374,0.13861726928268925,0.02559219830103013,-0.025597399382983107,0.03594258662834572,0.10843259208165501
202,-0.06691107022473484,-0.004010299086500052,0.02100863440932887,0.2208182457062093,-0.052160089275697034,-0.004597710780099842,0.03948023868813865,0.13854823669062782,0.021462381526296433,-0.03000518794969971,0.05523210467502395,0.11246069276423588
203,-0.06698298400781529,-0.004435461231023257,0.021482716280032378,0.21268741773900754,-0.05662968757926576,-0.00431551172602116,0.04329771144432029,0.13855714648967066,0.02033829274077006,-0.030282233063542368,0.060773308292380195,0.10803285363727647
204,-0.06682688384789583,-0.0030276305032408786,0.02564969115613882,0.2063961859649139,-0.05622878162947642,-0.004220349235189341,0.04452603536314095,0.13825892840935355,0.01683222433969899,-0.030325824985127828,0.062329316945525196,0.1084847955187104
205,-0.06731703196003425,0.0008207036651380468,0.024594045068238167,0.18839093196299106,-0.055941403760670166,-0.0044935636861772625,0.047810578032825984,0.14027349525054125,0.017454382559677052,-0.030294561816338998,0.06718878093206763,0.10717821305240799
206,-0.0630682478459686,-0.0025124516680372164,0.027537501888476746,0.17718267791109665,-0.058630572390179485,-4.426867328946129e-05,0.04950727081736416,0.14373914210619623,0.017180178495642663,-0.03030544519117302,0.0757027467868229,0.1025200551152528
207,-0.0627975359861471,-0.004440298615720078,0.029589272880236977,0.16820584889350582,-0.06138881631720869,-0.0047914386361399735,0.05550287657428414,0.13957334076122407,0.017623970947050406,-0.030302443035636593,0.08175292615870404,0.0945133831036407
208,-0.06227153248536337,-0.004161284579765476,0.02917403218429691,0.14919755382599298,-0.056787983678288426,-0.00417882858807627,0.05600574669330897,0.1386572640088476,0.013046006322508418,-0.030303154271315275,0.08648423829611487,0.09079424196543212
209,-0.05810294950045389,-0.0041586060019623014,0.029407323896407878,0.13486473104663482,-0.056396068824401735,-0.004348627989104251,0.06045476019675921,0.13452293156520742,0.01304845511946839,-0.030303006221330805,0.09132380019916753,0.08750015422575554
210,-0.05904384185982008,-0.0040571222710211975,0.02480662938715035,0.11655251507485766,-0.05183815487738212,-0.004415250943790502,0.060786041081487954,0.12960456093173045,0.012974317458983631,-0.030303039156605337,0.09651075850228075,0.08658341494844744
211,-0.05641051498530675,0.0010086875972781218,0.02033731270239197,0.11197867774374932,-0.051388389345773354,-0.003972188651442473,0.06480569450865035,0.12490254115491035,0.012901099633843961,-0.03030303484978065,0.09908152033720885,0.08223036195349041
212,-0.05406647156874496,0.004283618855314133,0.01420215862397827,0.10159039568644797,-0.04720700094127319,-0.007640432314115809,0.059012716023696024,0.11865294529106239,0.013438068531873884,-0.03030286242689668,0.0910033430799595,0.07322248274050863
213,-0.05445217180845058,0.005560507995845654,0.006450564422791693,0.09426910554315342,-0.047364996801080625,-0.012674305716295993,0.054610753119366334,0.11029481708144197,0.010173239376983825,-0.03030428794621415,0.08330655514537681,0.07305371614317342
214,-0.05438537443817842,0.010793044151525526,-0.0002311902939015262,0.08841480798460022,-0.050012956769135475,-0.017538492796984564,0.04888361202832836,0.10558831362767039,0.00883058255562819,-0.03029616000641817,0.0819986865124146,0.06765478637526653
215,-0.054393503438203664,0.015416129218073461,-0.009366958708647382,0.07415493481631848,-0.05237279337773096,-0.021795900753903235,0.04841762196502495,0.10353144667697155,0.004881281892250776,-0.03033450350758471,0.07987542550158358,0.06246240369864496
216,-0.05440057305773534,0.02000900426840959,-0.023274728020229597,0.07095017562392156,-0.051538559647408666,-0.02240213739352253,0.037762910629688846,0.10426109265161275,0.004294948787779759,-0.03017839278177445,0.05663139253896733,0.060785325268300765
217,-0.05433541540306122,0.024983212202320547,-0.028753763448331908,0.06737826355702262,-0.056052309162650304,-0.028079374427560946,0.022262083727682448,0.09985621217981497,0.003956969334698396,-0.030717978367115352,0.04635461171330981,0.05737596246694169
218,-0.05472370059529647,0.025230834090177928,-0.04230242963828703,0.06274985202463382,-0.056196077632724266,-0.030973260957336206,0.017170672472242413,0.0948106136750722,-0.00018511774141199706,-0.02637217058165998,0.026542572077702078,0.05629394737984947
219,-0.052373772830397854,0.02966488516520458,-0.047160281835178966,0.06170696766284591,-0.05696376563997132,-0.027611968624447536,0.011644216006545584,0.0860635648244619,-0.0012939310155594807,-0.025976014239333697,0.014189320800304727,0.05232930709815006
220,-0.05003261093449667,0.02903441632337138,-0.06530233812390628,0.052840414455100286,-0.06077079695875345,-0.02279926857464789,0.0019246528279987642,0.08593542642664878,-0.004835291097117099,-0.025901983378239304,-0.009939139020157058,0.042833698699338923
221,-0.04963248221573219,0.029995157553704705,-0.08288849177216755,0.04692485976979185,-0.062243228960826576,-0.014211644984811353,-0.009828620207497809,0.0797926005271758,-0.004101195108506029,-0.026398128892171233,-0.036053031960295155,0.03828477077486808
222,-0.056927591325229655,0.02494930162917722,-0.0852722142567105,0.038789477276778436,-0.0654914431663751,0.00018412355821738875,-0.022279039964208297,0.07829619271047203,-0.0047757261500901245,-0.02319551285671952,-0.04204643978675303,0.03298993258160163
223,-0.06671196125438336,0.016461806246224616,-0.09336335691153709,0.037417208758149016,-0.06438840273754992,0.009910271266890106,-0.032519003515094215,0.07285514240643766,-0.0005162203250363108,-0.014712885311080177,-0.050162697436388515,0.03026050981444995
224,-0.07152480484174757,-0.004491107082259081,-0.10289050326634573,0.037965845426673396,-0.06855698092977988,0.018723645202264827,-0.03693167124129303,0.06155847980731237,3.24742967238278e-05,-0.009109597278577223,-0.06474043010700002,0.028327381855623744
225,-0.07521577604283695,-0.01641614904865027,-0.11240925921148513,0.033847618065840204,-0.06932660549763173,0.045890934466804874,-0.05554316096275139,0.060721648960291745,0.0003365729207791552,0.009411041653531883,-0.06985813621597838,0.023156768081861068
226,-0.07796943492503354,-0.03549836804650616,-0.1171852202946808,0.02910989877096241,-0.06927232074672679,0.07199792767970768,-0.056686356220122636,0.05621029666114926,0.00479428309457235,0.016579056173187712,-0.08003729552025916,0.017868138349081835
227,-0.08277959025893973,-0.08730528364921723,-0.11766447132464,0.024241156336664415,-0.06925772391477719,0.09379532106141081,-0.07536359416080757,0.055359678105711914,0.0037898193362701977,0.03432999362243031,-0.0895184888249143,0.017473928360973893
228,-0.07890404425458032,-0.10041467087882788,-0.1218605625556025,0.020776355584612067,-0.06926594867791719,0.12698981402188061,-0.0799212126423258,0.04547613756082198,0.006828353576456323,0.06201946930330317,-0.09971528240765803,0.012935956403965691
229,-0.0796163106660372,-0.16480929590620025,-0.12084309869375814,0.019694115294931997,-0.06926541077605428,0.17171050013659594,-0.08896422832392814,0.043461419769067984,0.0063445203586644785,0.06655427986479436,-0.10678314571564895,0.013195201659242166
230,-0.0794793808959242,-0.21510940204968057,-0.12367235429809026,0.01401351904216823,-0.06925554452306819,0.2118321526590989,-0.09315585244276746,0.040986989464834984,0.003973486161253241,0.08546302093578698,-0.11134327546630374,0.011941697612260918
231,-0.07949892513592141,-0.26423210540362413,-0.1258187012908327,0.012336114124188741,-0.06929696968948475,0.24603838898218797,-0.09802286914180712,0.0385181549714517,0.004462196431810911,0.12284936251958993,-0.11618453400273936,0.008542226987347062
232,-0.07949604038532758,-0.32967922403904265,-0.12547399902821652,0.01258772075463121,-0.06916163173767124,0.3019331934583424,-0.10339252616359804,0.03939014562703788,0.004261508589335182,0.15858199647503854,-0.12115919054571025,0.006680852780938691
233,-0.07952907993550468,-0.3786071045880889,-0.12552886496031404,0.012548872312183906,-0.06946296642411352,0.38966650606515013,-0.10375288732738024,0.034907477586005,0.008796650113554374,0.1722079416866544,-0.12115490802980206,0.0038411003188526948
234,-0.07928761769421733,-0.49313973012583323,-0.12552578659189173,0.012552095044542091,-0.06483242911860523,0.4522711819633326,-0.10833292268584802,0.03469142759358699,0.00943506802969351,0.20696506573009282,-0.1213068904386258,0.004751983434464705
235,-0.08088110489268158,-0.5536976636964831,-0.12548222242324317,0.012549918696502075,-0.06506173526954015,0.5221231756362035,-0.10810323354709002,0.03400660224581766,0.013162532291829222,0.23347011417819824,-0.12078222654022601,0.0007438203785342964
236,-0.08590830484194104,-0.6028068277917624,-0.1258018346417264,0.012570820835590947,-0.06463948086214401,0.5868303781945801,-0.10845452284270121,0.030150218979338016,0.014872175669898176,0.237830419052966,-0.12370931917920935,-0.004162091457293541
237,-0.0908999035436266,-0.6682268460034205,-0.12376812534051294,0.01245449219114848,-0.06663045129696799,0.6307475456419186,-0.1068862087038048,0.0286392498901427,0.017838061001305472,0.2176249222381981,-0.12310719666918443,-0.00881128804039082
238,-0.09231660095012709,-0.7401389103464425,-0.12137605937237432,0.012987185137123068,-0.0697976316434964,0.7322294906787591,-0.10111061388531378,0.025851002883515235,0.016804119555080876,0.1651030427207267,-0.12131441472301024,-0.008622459600379382
239,-0.09179937466864832,-0.7777778608506916,-0.1185407905525606,0.009684423755306953,-0.0687165220049679,0.8280438116503966,-0.09943291370125198,0.02359164493649851,0.021156295954361692,0.12274857361600608,-0.1174578378325373,-0.00840726964384217
240,-0.09627241578101196,-0.7678908922276714,-0.11698240814612941,0.008169323694417136,-0.07282382334697925,0.9068975989220404,-0.09929193573634969,0.017781110255117135,0.02165936181572138,-0.013538301829883971,-0.11684288729989627,-0.010388287556470886
241,-0.09618267316975558,-0.7473915977760485,-0.11710903099194153,0.008403050119698564,-0.07366854007405697,0.9995243100993347,-0.10344379899356439,0.017475242576782075,0.02159280415076622,-0.18104630242600964,-0.11648210498467974,-0.013879460821783663
242,-0.09609457691453213,-0.7147928642264919,-0.11704798279526633,0.008393829737834167,-0.07359892459843141,1.0078113015251466,-0.10837650341680317,0.01289968550773394,0.022311112701923992,-0.2982512443527468,-0.11276766588998412,-0.009737406608651994
243,-0.09737766532220796,-0.6694693421149994,-0.1130690689750961,0.007849584599674912,-0.07358703048281193,1.0130773637621016,-0.1128488592554066,0.013077195744764519,0.027521648562330827,-0.3661346530542333,-0.11895080117930475,-0.008857459821497566
244,-0.10293572301568968,-0.5749088935229563,-0.11852828466773976,0.003777432118424502,-0.07359529774981642,0.9536711004561541,-0.11219770010776214,0.012953905501883214,0.03267666122218072,-0.4577722230349122,-0.12116664088029523,-0.004635284596727036
245,-0.10481972691073374,-0.5207194585952521,-0.12299111132723457,0.004208737033509591,-0.07359244603492907,0.8958613046827154,-0.11425638247586782,0.012995908039519641,0.03489530859873917,-0.6149998901207695,-0.12348878318397295,-0.004376240522240226
246,-0.10466732328356426,-0.46757314392722427,-0.12766544434978983,0.004584166187887565,-0.07359321285455919,0.8225008735430602,-0.117304550376116,0.01298704817258181,0.03469389906318607,-0.6031301499310904,-0.12863002750889138,-0.003800226787809418
247,-0.10432453152558624,-0.37656248079026516,-0.1327535670417317,0.0013682689486146148,-0.07359309211978403,0.7638693788653338,-0.11676419818350935,0.01297856300003784,0.03432836409636416,-0.5508087726158792,-0.1338545248243473,0.0004372485776753195
248,-0.10873810856712847,-0.2999997824264481,-0.1341589556964753,-0.0002453075726251086,-0.07359291832461297,0.6978765743926786,-0.11700391413030858,0.013015513051473478,0.03888990214776639,-0.4623399053884302,-0.13416179744759665,-0.00019324645174538367
249,-0.10872062693655576,-0.24860462898755484,-0.1336380937985275,0.00011929063947568511,-0.07359341556412546,0.5841412714572588,-0.11665488130002584,0.012926070079466622,0.03890219135694661,-0.5781371300119452,-0.13900069759299571,0.00035264289609978814
250,-0.10885762654804867,-0.1828524898638357,-0.1381187501746176,0.0001147906338328633,-0.07359347201173183,0.5196676989995999,-0.1212783351848282,0.012916049864009625,0.03896433454519955,-0.6067556633446607,-0.14400720407833106,-0.0023396000678889304
251,-0.10852540828874487,-0.13648524135382042,-0.13849005718973165,0.009589017364359527,-0.07358281438277306,0.39397957248959375,-0.12110131395847701,0.008347216142459845,0.03910258603680628,-0.5328875668703836,-0.14731556952080055,-0.007901223299712132
252,-0.11042643718288317,-0.09584441527622747,-0.1426598009574499,0.011673411291192776,-0.07366748291571477,0.33168449588315874,-0.12144556137256536,0.00878111206620107,0.038240087473613904,-0.41551921483043697,-0.148733875316543,-0.008815131241121814
253,-0.11537452544434836,-0.06435522550303437,-0.14240253765898325,0.008241312859426917,-0.07319304894394145,0.2697285200208188,-0.11984508424417062,0.008590587890768319,0.04381226256507028,-0.3848357357324742,-0.1544532454058567,-0.00860769640779961
254,-0.12056310762069192,-0.028542461011887996,-0.14046666694360366,0.006181661793538596,-0.07601520630956647,0.19867145139884712,-0.11456894073348367,0.008819743219539803,0.051504020496072854,-0.28399535744881554,-0.15646574706804858,-0.01337627074329088
255,-0.12111120375254994,-0.011934372698293266,-0.1351693281693251,0.004278313850041167,-0.07767212209763309,0.1453436220797827,-0.10966373104052277,0.008057045206213717,0.05176504985304936,-0.21456595219340113,-0.1519995434021462,-0.01897648348937094
256,-0.1253937056098507,0.01339719370273233,-0.13111217538916695,0.00090743822189498,-0.08172512471657593,0.0844382783469623,-0.10526502544758176,0.012576408434924576,0.0561468507922436,-0.1967403196745966,-0.15149661843756163,-0.02811542289549169
257,-0.1256302514978736,0.040668803118402756,-0.1220332139413296,-0.000159645116960299,-0.07842109230610479,0.06275770204591762,-0.09611025088337127,0.0090215598672994,0.06099736917166279,-0.15166034094851397,-0.15150137630836055,-0.03064730204016811
258,-0.13073204738436173,0.046121636887992305,-0.11703094984302227,-5.411837366352156e-05,-0.07798447268011877,0.024139338299175094,-0.09089828875801559,0.008620627319172776,0.06612941134427452,-0.14084874801205502,-0.15150655985295342,-0.02978737993255419
259,-0.13426185780353905,0.055202549792420695,-0.10838586034003203,-0.004381141421345943,-0.08264664483636448,-0.02499777690461799,-0.09046649253172001,0.00412436693391099,0.06930775712204952,-0.10196844918219788,-0.15160665010671842,-0.03343114786767557
260,-0.13351531888865206,0.060547614786686514,-0.10789387768430894,-0.004795109789151024,-0.08114065006675907,-0.029521042133987648,-0.08619924311603,0.0034663543606032483,0.07117174873526007,-0.08166712558366915,-0.15106468455056718,-0.034801165414383675
261,-0.13588124324834444,0.06897557790604686,-0.10478994160129906,-0.010469193596218956,-0.07748410449972373,-0.05140983684912809,-0.08634697929687875,-0.0005961685086360014,0.07410706279732657,-0.06623743113852032,-0.1543079269620018,-0.034620582769229816
262,-0.14111047861914455,0.07357206783639583,-0.10040449384389272,-0.012540564903542507,-0.07803768680325468,-0.06794580638070893,-0.08879131807468986,0.0005483951230081994,0.07308892588378295,-0.04733077498107946,-0.15566336458134392,-0.034642267585880196
263,-0.14510788416737716,0.07530117975808251,-0.09555790438822921,-0.014783630398538358,-0.0778659604420294,-0.08233057674756172,-0.09122665775294644,-0.0028233479625470724,0.0774013974514266,-0.035099522137214886,-0.15962702397717524,-0.03444548593521928
264,-0.1544171030099157,0.07808968634888837,-0.09634300126495034,-0.020372269196327855,-0.07803612350901432,-0.09125621673660646,-0.09093750122805962,-0.004762366669590127,0.07795648895029943,-0.025208629054114463,-0.16019259129356933,-0.0359994232783019
265,-0.15487921379202668,0.08368417227520791,-0.09624291896665083,-0.020808880763250038,-0.07766805980542188,-0.09092620261801035,-0.09071237671655184,-0.003801334051423456,0.0781845039246603,-0.018564607953542537,-0.16015210558274512,-0.03766140839647401
266,-0.15924124397449035,0.07947153493484681,-0.09624370590207411,-0.025161362444498358,-0.08227911745118788,-0.08980450631199897,-0.0952875717400297,-0.013044676663637593,0.08330843427001156,-0.013626873605645368,-0.16056902080263416,-0.034560793318893154
267,-0.15970337614382538,0.07924357333519667,-0.09568159931619864,-0.029480563270703402,-0.08217436767222475,-0.08391646923849788,-0.10022559995910259,-0.012717069463782451,0.08798284270391417,-0.012894614531281504,-0.1677659519160953,-0.031793826051991464
268,-0.16497639445605522,0.07410938264143414,-0.0926384052946065,-0.029271438580762473,-0.08227833423552515,-0.08233285143222141,-0.10423455063539745,-0.014020285511109013,0.09335374243471947,-0.01288503651753336,-0.17393414211243582,-0.030354831201837053
269,-0.16955813850765009,0.06956421011824682,-0.09647266560431779,-0.028969755751107523,-0.08226065253794797,-0.07939682153023347,-0.10382099864251378,-0.01776629385983997,0.09528694066658416,-0.007751214174951667,-0.1729876962125478,-0.026704174234031066
270,-0.1740644184523287,0.06481665475665956,-0.09817333170713659,-0.031402833289139793,-0.08216793680198521,-0.07393164137116545,-0.1038037848793706,-0.017198601548128318,0.09767057452454307,-0.003995642751544167,-0.1731940745020077,-0.02165401220460083
271,-0.17950613942340207,0.06012180019546639,-0.10095980023069158,-0.03382964709615552,-0.08258962674911684,-0.07358629861607306,-0.10435634289747045,-0.017364415859604198,0.10708779519760277,-0.004448391797362725,-0.1731510101718873,-0.02140731929042739
272,-0.17935932678742678,0.05542417748066171,-0.09975850189458371,-0.03333643496312024,-0.07925793292281771,-0.07367463686264479,-0.1004819833617812,-0.017229653428714155,0.11245431966600669,-0.004183889154521406,-0.1731643254811719,-0.016194891121428093
273,-0.19252925142239374,0.050700513950298766,-0.10468782326053765,-0.03366425501200196,-0.07386558162100429,-0.07271491603285678,-0.09945626215457784,-0.017512219768943148,0.11729892480551134,-0.004804912694079337,-0.17322399148152617,-0.011604364986645833
274,-0.2015777759639042,0.04600989670235894,-0.09620848954153001,-0.029271271821428795,-0.07359240772800141,-0.06920193723630434,-0.09956563389379045,-0.012969568464113287,0.12237326697283281,-0.0007544080656100693,-0.17252016034132467,-0.0061684121618550075
275,-0.20507362967138262,0.041630791528294984,-0.09161800082052712,-0.024992687687643792,-0.07400053526522156,-0.06700415686471656,-0.09971774528159316,-0.00843283767516204,0.12565248744358457,1.9561414651700316e-05,-0.1671691243036411,-0.00456351636692886
276,-0.2063947263523844,0.04192274575129969,-0.08681135647028282,-0.024452863998197943,-0.07833270197750468,-0.06701979425154321,-0.0983462852502853,-0.008920636967170232,0.12714016853261162,-8.257601718557235e-05,-0.16277074473644426,-0.0009559350519453926
277,-0.20959069553509818,0.041839707401077814,-0.08189896480939998,-0.01923680630484615,-0.07788888161376316,-0.07006053088289435,-0.09655716854549269,-0.007399279188493687,0.1325464106916865,-0.004642380578126773,-0.15546695042141853,-0.0005460643238045519
278,-0.20935448712862775,0.04173478334471076,-0.07896973343869541,-0.014645565977000615,-0.07751898980824988,-0.06545757322041863,-0.09840811331343334,-0.001972209158067223,0.13733847189854387,-0.004277364736400641,-0.14458396468603518,0.00832067674118224
279,-0.2083631066498244,0.042290706536649396,-0.08034423414325707,-0.010057298613235571,-0.08070721553995903,-0.06491019338817645,-0.09190885448820314,0.00224809341824626,0.14211263525253,-0.0040004047651119624,-0.1424712758488897,0.008706786958153565
280,-0.21665430770476574,0.038569203133626294,-0.07337290803753126,-0.004832018179894525,-0.08248666923617091,-0.06498502868428489,-0.0909895171426443,0.010842533038148753,0.14713838871334634,-0.006574927749200333,-0.13904683807278187,0.01403472625985319
281,-0.21756454558740837,0.03754980080100227,-0.06708259490854969,-0.0043125595720030045,-0.08222094259104021,-0.06424058645629548,-0.08749233619843369,0.017147870135076546,0.1473892229407123,-0.009111218576449252,-0.11112356055183359,0.01748309350411286
282,-0.22229884149828757,0.03765765708192582,-0.06695292464284154,-1.941424309606296e-05,-0.08225133626273012,-0.06014848801215638,-0.0779536057996684,0.01730922911447586,0.15251738773837883,-0.008206927555458652,-0.10685002531300897,0.01827383670665436
283,-0.22601681419350067,0.0376599044527363,-0.0622415012613995,0.004694785705657029,-0.08225773375931879,-0.06072230277238736,-0.0736602506540694,0.02226632968364033,0.15769280453576623,-0.012628959837442133,-0.07758447247916687,0.026438760939918232
284,-0.22712318866509237,0.037670534159728826,-0.0572129385204622,0.009180405613031588,-0.08220729555568403,-0.060608013852871075,-0.07181040611722793,0.026712104767216856,0.15992971783275953,-0.012958872066666976,-0.04032042599977633,0.03329647846702744
285,-0.23069745930172786,0.03756862567348907,-0.05514306543719824,0.01552999294664818,-0.0824958715303273,-0.06049818919630154,-0.06414143460709752,0.03377115658875863,0.16443703010347183,-0.013608353801549997,0.0022286766776073,0.038350635473358326
286,-0.2295498973320573,0.0380734215211149,-0.04776894223628537,0.023443259718986927,-0.08058773008577692,-0.060948003241111964,-0.06392135163218327,0.03928665809110271,0.17602196112232935,-0.01667714740779182,0.042637020961357144,0.03877684891330061
287,-0.2332770586506626,0.03499294008513393,-0.04400259613563534,0.027438478972041432,-0.07468398006884504,-0.05654720860149931,-0.056673711585793186,0.04165164700907964,0.1773429899365629,-0.01275637494285935,0.06437782738183336,0.043307421761822715
288,-0.23421425029159593,0.033240043390881366,-0.04627049124847711,0.03292766203233142,-0.07384667236166811,-0.05645218314993995,-0.08502644649875621,0.04320473715021467,0.18174971345951596,-0.010916694526901643,0.11142288817845335,0.04360494468778037
289,-0.23815873195114964,0.033501884621451615,-0.08325697612560858,0.03306025281288903,-0.06972965271392954,-0.0609630397235682,-0.09230201454770112,0.046957212707671565,0.18210184690818731,-0.008285148757278172,0.1402191365833478,0.04825085786766468
290,-0.2427799461548049,0.03347278054379941,-0.10036427251122074,0.04175574062750992,-0.06925836549920383,-0.0602163864458144,-0.155106355176988,0.05188156023405088,0.186156770117925,-0.008723891475309425,0.16023075670248127,0.046254297416213085
291,-0.24261220088103547,0.033496465521877,-0.13326499733444783,0.04641558395874392,-0.06938460804016378,-0.06238949307976682,-0.22495808749311064,0.061791940659684824,0.18885682686809216,-0.008649953073246943,0.15423689911592212,0.041258058027900175
292,-0.24270302270933514,0.033261922936787584,-0.2002586186489897,0.05122972436832448,-0.06797271612917145,-0.06522421742047506,-0.3227252692923882,0.06990327441118442,0.1953973109915512,-0.008657962787235749,0.12028111140672898,0.0359089653008388
293,-0.2426568914406189,0.034883517105675235,-0.2331317347358145,0.05593404506953245,-0.056676300700467454,-0.06530485871140533,-0.3878270138378095,0.06897306694417198,0.19691766216447468,-0.008657859581586087,-0.011241719952345493,0.03476971575650448
294,-0.24274404162035776,0.0380926587726104,-0.35868782265038673,0.06041691023691358,-0.05164423259881667,-0.061453229182592425,-0.46194157550558784,0.06979418654863813,0.20222337668909962,-0.00866229941363679,-0.16393665880312178,0.031151543956177655
295,-0.24243148846434504,0.03752862238873851,-0.3833878680193836,0.06609824380334413,-0.0497140016635527,-0.060459843449596005,-0.5781127825266064,0.06630986372776006,0.20744574081033246,-0.00863312269430229,-0.32291231906209983,0.026155330906208394
296,-0.24345346678031973,0.03779349800871314,-0.482879998801573,0.06399042751920994,-0.04444760950789251,-0.060537790799422064,-0.7493963751347312,0.06546111089982914,0.20773394464516481,-0.008774055137232221,-0.4682570641485702,0.021319183117107038
297,-0.23483660056210715,0.037344787047171736,-0.6567911217811856,0.06245021369813476,-0.039375676081876546,-0.05598193097973902,-0.8921107796624959,0.05750386888219972,0.2123585687809689,-0.008191294949283175,-0.6199377249163838,0.016483187464445048
298,-0.2342852297235225,0.04180251618691236,-0.7756953120811151,0.06286626845526029,-0.03893510360129489,-0.05637760848775285,-0.9894799651731081,0.05201004339631505,0.2119673885200811,-0.012021437252839192,-0.8461178106716164,0.011634545555816058
299,-0.22943899529400774,0.04208558651603897,-0.954565261290081,0.05407845700909949,-0.03856960585593482,-0.056313337799021,-1.2020949755727837,0.04714409198890614,0.2124050308492593,-0.013103415261839092,-1.0983996048195364,0.0068148585062569175
300,-0.22457458973993744,0.04663394002723123,-1.0421218644182586,0.04556846565463576,-0.03457053051582421,-0.055969657072570164,-1.4497305939154759,0.04226474940463711,0.2104605129533813,-0.012984886221858203,-1.2633972168230405,0.0018771844347191136
301,-0.2216249727875495,0.044601737671890324,-1.1509585149955208,0.01957339113490417,-0.03241227196734099,-0.05861217225175609,-1.2409143627833945,0.03766210860261289,0.20501857443952903,-0.012980273040511407,-1.4840512737052682,-0.0025937807877543365
302,-0.20633902825348313,0.041042616091835536,-1.2564469233503974,0.017196611948742738,-0.021672763370614977,-0.06432503061918564,-1.2007259993908737,0.030963571332553685,0.20079072506390486,-0.013005096494351293,-1.5869868421111335,-0.010752613273910975
303,-0.19578308284477078,0.04449126071914104,-1.3363795941625045,0.012305407156779365,-0.011918616706212403,-0.06481391731902121,-1.274265164193708,0.020198197506029154,0.1917054617061157,-0.012894709228678166,-1.6941237377881047,-0.02130024743666253
304,-0.1909604662550699,0.04636666060256222,-1.4274897566088491,0.002157838409871171,-0.0048342880900625156,-0.06924153073436581,-1.403069503793976,0.014396263646209866,0.18622789469789836,-0.013421197197731464,-1.8961876166110148,-0.021750565613590313
305,-0.18096470286531682,0.04569819537587922,-1.4672926989537611,-0.007042469833752145,-0.0045875230785912555,-0.07378211582091215,-1.3971937582179408,0.005577294746507128,0.18100558443023312,-0.010249503475063333,-1.9678008719855278,-0.030880580112034265
306,-0.17158121372475957,0.050134983168320844,-1.5146981949002434,-0.016568885821298018,-5.8356481012420726e-05,-0.07349696058425964,-1.3133348840783818,3.58283162001545e-05,0.17271390175717574,-0.008521901589507224,-2.0373893407368624,-0.030433657822526244
307,-0.1666590516200378,0.05007327515152271,-1.4599127933556424,-0.021201346996910807,0.0002503041809838584,-0.07371262733079029,-1.232920788432579,6.898527636056512e-06,0.17152334312828424,-0.008385263773260007,-2.1576825671714825,-0.028119187756412437
308,-0.15684202255004645,0.05100532668700494,-1.4263870373264818,-0.02689190731719791,0.004756150349401724,-0.07313642223358122,-1.1295093985244058,0.0002048601501530017,0.1578426510810084,-0.012916989813127342,-2.178504737670365,-0.029842892089332017
309,-0.14806968932806464,0.05492318952932638,-1.3569081180751144,-0.035067723003876346,0.004195876927488913,-0.07639131842453596,-1.0484864790588642,-0.001473104533389354,0.14838927401864643,-0.012923283681328774,-2.1754419100222284,-0.03532070508627618
310,-0.13591248444182352,0.05384547712900915,-1.286293943673491,-0.041381528051399434,0.004361423430492199,-0.07782493027521618,-0.9375301052455691,-0.004359389947607772,0.14397803596911793,-0.013030495129713908,-2.0790788204763966,-0.03491435916592459
311,-0.12669892173526126,0.05709848525800275,-1.1690968428355353,-0.049225171706332074,0.004330234173041162,-0.0814732720238488,-0.8582326463145273,-0.006876544969427587,0.13976080628901616,-0.01289297780653057,-1.9150657299885563,-0.030819029630808688
312,-0.1205932727576979,0.05840003896167616,-0.852177041812623,-0.05044263343341034,0.004298840282828976,-0.08643384126448239,-0.7765791544818677,-0.008938981579450483,0.12592127208189682,-0.013398772737876914,-1.7963820264030255,-0.030284612599934
313,-0.1029729221235439,0.06221064899555534,-0.628675465957523,-0.04990236660045217,0.004414903592323618,-0.0910211210914837,-0.6887828213860803,-0.008619707487641792,0.11613981497847503,-0.010386214067842618,-1.6144166913221076,-0.030360031854178387
314,-0.08835414468295313,0.062785823586504,-0.5585322889009668,-0.05428069578768423,0.004243983277786367,-0.09143795671485075,-0.6470406067716709,-0.008658361582312918,0.10632872614749633,-0.008267011009879225,-1.4908951934683827,-0.029579118348544268
315,-0.07463582839942129,0.06275226747924649,-0.5184892667200153,-0.0540663305411573,0.00887054556649214,-0.09682722277624797,-0.553728245538109,-0.008639148440198093,0.09642162751665204,-0.009042098367980445,-1.2791933309806678,-0.025430236550901892
316,-0.07064706132504663,0.06299558352235982,-0.7262738607834222,-0.04980466216628347,0.008552291920294072,-0.10143164877506335,-0.536676533673555,-0.008851102416724294,0.08818052485818038,-0.004415916198211406,-1.1047705342954355,-0.026501251897307017
317,-0.0641342718669636,0.061146963754167075,-0.8694486315807545,-0.05064378999758159,0.008697442701466124,-0.10673591378940439,-0.48241498090561225,-0.007325037705440034,0.0855218751713927,-0.0041659825700676514,-0.9005096761592332,-0.02345095974662668
318,-0.05709333627875067,0.060051350710758525,-0.6920299605987832,-0.04818969433006499,0.008619015265122147,-0.10857232813513253,-0.40094360488758013,-0.003769315791685156,0.06925616628798559,0.0009725285045105755,-0.7570870569140692,-0.021384882549986665
319,-0.04716833884650885,0.06323233901556577,-0.5227114254396561,-0.0459938670734342,0.008786715350940338,-0.10782312722975446,-0.3537016628020765,-0.004885261466366463,0.06120822226086672,0.005978082923562613,-0.6488834589312926,-0.021592569879407532
320,-0.038820185715259775,0.06265040240347242,-0.18201725113610875,-0.043412036392792015,0.008205015605424436,-0.11241353617311828,-0.2973045010709217,-0.0011249068226588722,0.052183429381364374,0.009024999540933921,-0.5233075530569774,-0.02183345411132135
321,-0.030841817511663566,0.06283705575255151,-0.24363398481101034,-0.03805086976873049,0.01244589429005696,-0.11265683234135528,-0.256204288962122,0.00023849594819987845,0.047078509147710224,0.008574445807398239,-0.3918915867235436,-0.017220108822908524
322,-0.025341356361404,0.06268846631738116,-0.4327344616160086,-0.03763580377905812,0.0129914570106952,-0.11792560688719676,-0.15059901109649454,-0.0001180126442898216,0.036732703779440906,0.00867420783584295,-0.32946233623318694,-0.01741445318538097
323,-0.020712908256064602,0.06739189540133941,-0.16742435374351625,-0.037651919189572516,0.012743820310058612,-0.12153122925122162,-0.11245718431668222,0.004453523089385018,0.028898477837033858,0.008655574348955699,-0.20768905050966754,-0.01719780779082172
324,-0.01588496857302697,0.07138798937535498,0.06196798708341011,-0.03761276179650231,0.008216199129302222,-0.12114449109900481,-0.09408530622692095,0.00498128567200938,0.021617640487600415,0.008658177681828604,-0.16309009222155688,-0.01778495367570401
325,-0.012402902536478789,0.07112290517865177,0.03996067675667038,-0.037955992674447527,0.00909535303672815,-0.12114407210256295,-0.028470977147906636,0.009124532721249513,0.017001196608129834,0.008658054853182655,-0.07735702436183933,-0.0146566032393802
326,-0.011353929090150145,0.07075653582402304,-0.017179836788057096,-0.035781594750870685,0.006682366887101295,-0.12154160667352197,-0.006383374945162437,0.0086593474250484,0.014518097027869813,0.008658044713237579,-0.029861266821703362,-0.015450708572594132
327,-0.0056863270483654875,0.07361330084161664,0.013971598838969855,-0.033098784875591314,0.00395709132325577,-0.11800672757496182,0.022750898778485972,0.008133593603862753,0.009377426905807736,0.008657605352984946,-0.0028988797865513883,-0.017651246299965825
328,-0.003959922491971776,0.07558186374902648,0.026520003353574434,-0.03355325539534979,0.004383993884015476,-0.11272958663374094,0.04223490607888891,0.012165184635825239,0.004390170776035371,0.008660072829881422,0.0038290730049380522,-0.017179397860229588
329,-0.004222532361001832,0.075274863526634,0.0710277397741615,-0.03343718542848403,0.004368433393106243,-0.11254111086795175,0.04961513826505266,0.009746430850061353,0.004167975854653706,0.008649150778931594,0.042330813445366676,-0.01736844775825743
330,-0.004179719719828237,0.07531523055919434,0.07933052465172996,-0.03350611755141266,0.0042641282514886076,-0.1131259792694541,0.06856056072525213,0.0044219224278490964,-0.0012591819019507518,0.008690678568843023,0.06765085885760452,-0.013079345843276071
331,-0.004183940398353783,0.0753060259773582,0.09302131911355169,-0.0337154889799285,0.0038417156982745483,-0.11704912821885563,0.07829227320159282,0.004364727468385594,-0.004317585825008878,0.008561007714522652,0.07652068599020188,-0.017861207858959584
332,-0.004184380821644675,0.07540738033025882,0.10157076021232327,-0.03788160072939761,-0.004947216771026043,-0.11852286634343182,0.083237461336287,0.004276269604239143,-0.006349260235411865,0.008816783499035096,0.08473254984399521,-0.01690943355309954
333,-0.004183991046251043,0.07472926679451825,0.10461089864344231,-0.03854233156312572,-0.005062427482669612,-0.12124777164356133,0.0869510813140619,0.004551913622273675,-0.008586125819945318,0.004185403222823903,0.08890472093880815,-0.01897845463445286
334,-0.004184132482646306,0.0789747806148337,0.10639327071922944,-0.04387532715008399,-0.011091566782758423,-0.12507859828403353,0.08648131060928728,0.0028574787423780177,-0.011832665505222141,0.004411222564035314,0.09452962628553699,-0.02424885550681585
335,-0.00418409241481426,0.08452272116766431,0.10904479734685614,-0.04826631508801271,-0.013224108809443434,-0.14420556311352678,0.08660287217087295,-0.003052556658428074,-0.0131166742538511,0.004378635874444261,0.0949307405735268,-0.02885302334571626
336,-0.004184102155167957,0.08321616579543299,0.10920986269851608,-0.05360205941335137,-0.013055138924973713,-0.14755938780852282,0.08657506656088271,-0.004081575119871546,-0.013001096786922833,0.0039190633996730295,0.09955650869143513,-0.034181892647017535
337,-0.004184100100371924,0.08694741804277925,0.1050298744931679,-0.05415054820367783,-0.012645094023628626,-0.1472205342112399,0.08658252187032976,-0.008015067859062964,-0.013249493930312134,0.006877471578723095,0.09503086799049053,-0.034557621519999804
338,-0.004184100463468321,0.09193327367645937,0.10483013300948044,-0.05844871047990875,-0.017152439232932432,-0.15214163584048737,0.08657748214610977,-0.008686351422212534,-0.017911640619407358,0.008504834572043202,0.09469542627483057,-0.039258200722075406
339,-0.00418410041574577,0.09201887348952995,0.09594430910841287,-0.05875203330206446,-0.017270630279980853,-0.1568871251847527,0.08656518719856143,-0.008569238903284433,-0.015805054588303013,0.012214584104408897,0.08959347537825255,-0.04341036880994161
340,-0.004184100372883683,0.09205628498385043,0.09584409014394348,-0.06297334187194198,-0.017342525721729694,-0.1620650683173554,0.08675215829936296,-0.009887050728461083,-0.01268112848636182,0.013059792340945876,0.08269644161099493,-0.04412117334843345
341,-0.0041841008025599825,0.0921254002145478,0.090925382349808,-0.06384911585729613,-0.017307209592406243,-0.16494626416996688,0.08535217466524729,-0.019242945458141616,-0.012615215730575627,0.013005148201234872,0.07461534056431515,-0.04940306197730093
342,-0.00418409818536882,0.09164317547909716,0.08387252847891534,-0.06739295025634513,-0.017318347151283664,-0.16401974678616713,0.08167821266684051,-0.02343221057415692,-0.016209283073813335,0.012831324313677943,0.07344780983083976,-0.05463208394144643
343,-0.004184111131332927,0.0945612877148849,0.07913398108348749,-0.06696151204771325,-0.017315636800807666,-0.16767594825924917,0.0828499262186887,-0.02835925633853025,-0.01745366769620304,0.014105426671402382,0.0736356446599937,-0.056204148184626906
344,-0.0041840558849947675,0.09617136527089745,0.07704969193842236,-0.06650326581772344,-0.017315511339886194,-0.17224698228924837,0.0789919494312952,-0.03365096906148052,-0.017315108237437843,0.017827053117299967,0.07356850848172876,-0.059272418854499694
345,-0.004184259828675654,0.09946343626350172,0.07161069864851562,-0.07056987162034993,-0.017317811266282308,-0.18174278381895512,0.07811677383292615,-0.0347382102006919,-0.017387357769975225,0.016993834497286597,0.0733106449701367,-0.064645266485127
346,-0.004183648034379656,0.10436848414348258,0.07104486956725346,-0.07105949237127024,-0.01731316231915015,-0.18162456599332644,0.0737918849288066,-0.03466421442092991,-0.01653814395390866,0.019399345581160087,0.06884447164743865,-0.06493575213480911
347,-0.004184713188211206,0.10909870036485272,0.07088350246560006,-0.07560340370263471,-0.01730279069637731,-0.1825849725906131,0.07363348720705108,-0.03482878910781137,-0.012523741614069878,0.02891226497014028,0.06956390190934053,-0.0651251112475857
348,-0.004188186258384529,0.11312618503362676,0.0673279044998305,-0.08042320671713472,-0.017481011559924563,-0.18750727699294734,0.07360994248126188,-0.03919811718652936,-0.013107783384512421,0.030486812801023506,0.06837529364151532,-0.07145322042229361
349,-0.004138787694656516,0.11375697679036618,0.07110189935122209,-0.08376139824657068,-0.016122121036167433,-0.1941033850106251,0.07331539399574966,-0.0397683244537537,-0.012960115543122028,0.030392056020176788,0.07462486676375409,-0.07849126533686748
350,-0.00446854060962076,0.11947433634085794,0.07461991834959493,-0.08532659299460585,-0.012413691426472142,-0.20472767456613777,0.07540095358579668,-0.04559246901025805,-0.012991384888699869,0.03519461152755488,0.07807483283953519,-0.07929938619604798
351,-0.002413518206820138,0.12126906569760461,0.07986933604245663,-0.08840035181648621,-0.013585091595335679,-0.21108684871046018,0.0784123889961421,-0.047997930944134036,-0.012988376429597357,0.041390656844966886,0.0814520095682065,-0.08539459340226438
352,0.00038564839227324285,0.12390620039066365,0.0822925543954445,-0.08731859735423636,-0.009761557231766112,-0.21571174694495804,0.07750808070715698,-0.04721311544355142,-0.01298486792935686,0.048555297879120336,0.08635170456869018,-0.0864506404160575
353,-6.769975391683936e-05,0.12896980080650453,0.08394635092187967,-0.09147726629000134,-0.008852991875609366,-0.22061200077354853,0.08121345623932995,-0.05095160094865701,-0.012962027843189634,0.04697776324650117,0.09590140246062417,-0.08992617166099806
354,-2.041750832169526e-05,0.13355579544959262,0.08354648896769556,-0.09197564061675433,-0.004555061240347824,-0.2255291590969684,0.08642355802932503,-0.056044718006765276,-0.013232481658001179,0.05053956701471828,0.09975254174220435,-0.09515283462463803
355,6.229272586780394e-05,0.1381448746017266,0.08815381744762439,-0.09650199068168426,-0.004371601453189316,-0.22955384947904278,0.08654927834228007,-0.061049185344350186,-0.0113365137088908,0.052258227657762724,0.09959342359459325,-0.09536748066505356
356,0.0001404797901767803,0.1384988342704671,0.09233109764019061,-0.10115524766809561,-0.004258782229216372,-0.23059916135538006,0.08664848965423383,-0.06986866922273485,-0.010078380117685994,0.0516891684208524,0.09914515179088938,-0.10042978261955958
357,0.003969152758719004,0.143567960583414,0.09176264534559461,-0.10580173372000909,-0.004622877732077632,-0.2343624704786177,0.0862458441138337,-0.06919110623720638,-0.013930623914070822,0.05632586741806219,0.10228140397340535,-0.10535470560520094
358,-0.0005398082823632604,0.1485988990277907,0.09343213682712888,-0.1109789422076669,-0.0025303440810804825,-0.23317021337924201,0.08859956545074599,-0.06859149536625812,-0.00966537594349846,0.056101958316336846,0.1038131849936518,-0.10849565674821793
359,0.00015290677034768117,0.15050298515082203,0.09896324853603407,-0.112806933122307,0.00039761575925508375,-0.23699009126435805,0.09034039607214639,-0.07389474320707061,-0.00852975062497002,0.05710804119788661,0.10738163006831523,-0.09341396161994253
360,-3.7189878318973446e-05,0.15350890925296629,0.10064912997148377,-0.11597426862361052,-5.703134463413718e-05,-0.23799733415361884,0.09715117320157722,-0.08066598582819025,-0.008663056170814505,0.062393602526208916,0.11240149744631424,-0.08612488024001452
361,7.847361477013838e-06,0.1549992842293694,0.10033917093820913,-0.11697331778707495,-6.101569440325233e-05,-0.24204110749483532,0.09924619616460424,-0.08955448281288564,-0.008641813126447776,0.06703179887601475,0.11722103917441934,-0.0501484305292534
362,-1.3739292382579826e-06,0.1547921799651996,0.10050231862115018,-0.1178038513038967,0.00013306259127439683,-0.24684999530116586,0.1076268462384965,-0.09104422210165107,-0.00885196316471876,0.07237911947031296,0.12268152045386042,-0.006455762403250475
363,1.6571939852732398e-07,0.15480225568039369,0.10065462396665946,-0.09983680739538196,-0.004590010417083435,-0.24668695020185208,0.11286311981708139,-0.0859959251692055,-0.007307020972689179,0.07377740510721552,0.13333863660324746,0.026982501236447985
364,2.121312286627926e-09,0.1549204980963182,0.1100671102108058,-0.09579332086578793,-0.008949124368940934,-0.24677623428512868,0.12229139566954732,-0.06652045129603311,-0.003877825491543902,0.07355265824192136,0.13951731821122834,0.13494216787661112
365,-9.732758644245118e-09,0.15398352130705859,0.11288328749975696,-0.07289622568467476,-0.00829460739442371,-0.2467468636823621,0.12696795750768236,-0.04355238655725464,-0.004431050194109795,0.07358994878384688,0.13710403899320767,0.25482408279964464
366,9.343019090485788e-09,0.14841012972483328,0.11472012514739593,-0.0391142581077145,-0.010430912683623634,-0.24675488813021967,0.12997425602282192,-0.011777263203021634,-0.004307461729277711,0.07401349631217653,0.14779757188037604,0.47052525405721357
367,-3.2786483106234176e-08,0.14646584683896,0.11709828226695389,-0.030986117565885936,-0.013432617986879395,-0.24675244557238596,0.13178197792596746,0.031503414000431385,-0.004338082922464381,0.07834698132795007,0.15825467055936188,0.5590789782048389
368,1.4809748536489422e-07,0.14406991215265297,0.12008531252674531,0.09723572796169458,-0.012745985199461952,-0.24675484613706292,0.13728035839529593,0.13319270115940587,-0.004322053111730367,0.07777205825235826,0.1770121988453741,0.7103625089742391
369,-5.989272209747739e-07,0.13849774842187731,0.12121929383428762,0.17352378027312612,-0.013493333651976178,-0.24675003321619718,0.14162881783936926,0.3094021316047465,-0.004255635775056712,0.07807018861111022,0.18196046788408818,1.0859034089234056
370,2.073869273972557e-06,0.1382294551668839,0.12515002239156267,0.33995351881486224,-0.008704708718822488,-0.2467488069751796,0.15077000861496798,0.49859299611224084,-0.005098726051916024,0.077445994181098,0.18797960393730753,1.7731163122623474
371,-5.498890985950411e-06,0.1338120151105023,0.12997721037981988,0.4921121877663798,-0.013085269236664115,-0.24685460051938588,0.16058614193210144,0.6312472128188499,-0.009118920435856619,0.08129918733649605,0.19633821019934103,1.9507695218459435
372,4.619336979884593e-06,0.133504247674011,0.13924274392260022,0.5921824351199394,-0.013472846887080175,-0.24594047299758956,0.1691083585408831,0.6935023240073985,-0.008542952220222727,0.08234447159074147,0.2036690354119507,1.554065714137438
373,7.355731570454187e-05,0.12865432954990016,0.1422234878212863,0.8399680694640076,-0.01758891607410981,-0.24052090307681004,0.17058148145868496,0.6375491175132895,-0.008660811015353948,0.08225660785618788,0.22353567372598496,1.2542753348251137
374,-0.0007264200698687852,0.12206833605471445,0.14384027478939934,0.9698809606193814,-0.018596862095082094,-0.23635775997650607,0.18028244583867703,0.9259108952854822,-0.008739895494202982,0.08264104501237154,0.23227761346484566,1.4818852532805191
375,-0.004793516372132433,0.11492677984766787,0.1469528280616842,1.1011265987060632,-0.024116499339286925,-0.22805203811964778,0.1815975726063894,1.8119631524187256,-0.008417822374292637,0.0867732778671974,0.24487861164333974,1.7851019793483855
376,-0.0032733617417688467,0.10743998620864131,0.14599737642229063,1.1993047044786969,-0.02871326951205636,-0.2219281601150194,0.1845633032707682,1.821376618607783,-0.012780486443654525,0.08791242269738361,0.250939692999571,1.8386986930930325
377,-0.009164843956205378,0.1010169950766077,0.1496211331482565,1.2927443539648291,-0.03401896988163303,-0.21327327669910517,0.18906259349679508,1.4028639416178141,-0.017465829066703912,0.09138320831939238,0.2609154956764918,1.7750384148751919
378,-0.01309229084776786,0.0968261551888666,0.15439259765554592,1.3187800324104684,-0.03468256978849558,-0.20344987890470664,0.198740433587614,1.417315378642727,-0.01723978348763605,0.09080693535684102,0.27416461887251353,1.711574235897648
379,-0.012468833429940316,0.0876232556929193,0.15904353174120442,1.3820170805119276,-0.03462216444874917,-0.19366259300145308,0.19930154481759185,1.7360557601233584,-0.017341722339177145,0.09092020079492655,0.2792976259478526,1.628425931016679
380,-0.012559363305131112,0.08351643759666254,0.15934009921115969,1.383192835603201,-0.03492232064714181,-0.1846469685694959,0.2081919624541354,1.8676441294238977,-0.01730267295863666,0.09092821260084136,0.2903700759803975,1.4904653637012815
381,-0.012556239582350753,0.08365921521031905,0.16449342378993884,1.349148658901299,-0.032364213585753455,-0.18096537651085098,0.2097534252833061,1.7597967058888875,-0.017346723367716012,0.09089295818631714,0.2964251983639576,1.35445951785837
382,-0.01252120522455637,0.0728199463283825,0.1689255559396257,1.2882051078556478,-0.025623017243272584,-0.17135999296215226,0.21717277987440486,1.6818406418975589,-0.01721118316621648,0.09059322426075675,0.3075441632722831,1.1385056618320082
383,-0.01274717575212545,0.059271341098385666,0.17424118317983767,1.210630794651134,-0.022314624577890657,-0.15926817342754035,0.2181014038824743,1.661618704049039,-0.017606112084374095,0.08615319487893591,0.3198793698312893,1.0239969694377957
384,-0.011241833528376162,0.056419478687689595,0.17549198659430804,1.0394803247317057,-0.01129464367805694,-0.14622853715501977,0.2240070343072042,1.5630714131361874,-0.013144046966481616,0.08687284321635869,0.3201128511177654,0.8847287856756225
385,-0.005510662631024086,0.04805970284001385,0.17921255701334526,0.9541166631504556,-0.004549312075268158,-0.13545438996906006,0.2275703544367697,1.4054249492141293,-0.007957372202994323,0.0852874525266652,0.33421723705047174,0.7764228552813328
386,-0.004518967608646547,0.03832502768703438,0.17974990472626995,0.8343025613408006,-0.004905725921711881,-0.12566101967089202,0.24157963361132007,1.177365081441776,0.0005933678214507715,0.07696278775741021,0.33791235132910263,0.531078503360498
387,-0.0004338440768388383,0.03341878048051991,0.18413069405371352,0.6606381632323621,0.00892710689292264,-0.11997971391678072,0.24239775633217972,1.040003978040341,0.0005745706930462306,0.07026955057925867,0.3466103486114699,0.1305441081381721
388,-0.0037665342007312357,0.03387801391915884,0.18506046911483542,0.4682948517612831,0.013485120470938125,-0.10116525727466052,0.24840908859094757,0.8964874450184288,0.008341726190300963,0.06558211621271076,0.3684773197204055,-0.3154449058657256
389,-0.004074469173058467,0.030616124847375675,0.19290420488289967,0.19706640522406507,0.018321515643450293,-0.09223729804090655,0.26288331845611884,0.8132096012133524,0.016303462359512872,0.060852813210499776,0.3811193433709194,-0.3326108910535293
390,0.00017407657218390505,0.018260063172900007,0.19511493989127943,-0.1703827800836088,0.024987493214396295,-0.08456375628258238,0.2699136793441681,0.6273697353839077,0.017220474762696107,0.05131204272228808,0.3984427846583658,-0.4523593884749082
391,0.0006873811713726957,0.014796212853027041,0.20362549827271068,-0.2687350998975122,0.0330501701622262,-0.07723148032940311,0.27754222755531166,0.4094647741376647,0.020498460073489832,0.04742884455679122,0.4057272110063777,-0.46234432894597705
392,0.006009217445913069,0.009769711862498146,0.2074345707980308,-0.3741952271179675,0.03712384319978857,-0.07024196559299484,0.2832570714106066,0.28354656686178886,0.029990050030752054,0.047623623985817626,0.42361074291679024,-0.08267836259258857
393,0.010198597726973666,0.005233201235047688,0.21494134843008852,-0.6443871539812654,0.045008207605252475,-0.06573627861938032,0.2990596451630136,0.06902548825792303,0.03459467647121327,0.04789430180213261,0.433369138247916,0.0225477087899522
394,0.017387849085373396,0.0002565409263208374,0.2293455568778754,-0.7965752291607352,0.0595411141898533,-0.06081325631935705,0.3111677896818098,-0.47779469610466063,0.036132268652301215,0.045548328589526406,0.44496928320101614,-0.2026001856236841
395,0.027978688057639298,1.0373937431812808e-05,0.23013008721296718,-0.9471628145214345,0.06497313857461591,-0.055899473159743446,0.3160954740844897,-0.5464153880527972,0.044001044762569594,0.03971304065607568,0.4626650402282153,-0.5203919446804784
396,0.029287854677786992,-1.6385707077385774e-05,0.23513882401962777,-0.947251389547927,0.07063457049492054,-0.05195785129402598,0.3210674216598094,-0.22741663594843295,0.04459235320178604,0.03919249393295807,0.4713580376916318,-0.5605743005594188
397,0.033445408795663864,5.893295139660907e-06,0.23863656038706843,-0.9374892339606906,0.08628193286671192,-0.04989720486640444,0.3336906876219936,-0.041924868947889056,0.05065486899454173,0.034788037580882995,0.4809908470174718,-0.5767566314549422
398,0.04299126215440871,4.7160139326312394e-07,0.23943723686999288,-0.8995947772171393,0.09763967289780198,-0.040397951023388556,0.348974783212816,-0.30007335100441607,0.05213552093855947,0.034668617881306846,0.4936841298372259,-0.5781591442886167
399,0.050920749140056135,-1.0013403148793676e-05,0.2466842046897292,-0.8167805553797973,0.1015413344283729,-0.03926275732765167,0.3545974603169431,-0.5115467122778126,0.051922000083219906,0.034748107637963745,0.5091679842525004,-0.5566819253213071
400,0.04946284945720465,4.10044842544948e-05,0.25680076631604287,-0.7295156724262182,0.1070523175412534,-0.03584472316258947,0.36446065655118187,-0.5911695919726077,0.05194820515000537,0.033596184443091724,0.5189351463946913,-0.533417630551676
401,0.05382683658484593,-0.00013485531422806476,0.2627668709880202,-0.6352721994824158,0.10844347286334907,-0.03471872576896796,0.37819799861051867,-0.580781276356381,0.051935305204297184,0.028400612931356192,0.5377799859809241,-0.517474059714961
402,0.06187539162214668,0.00030818728007665666,0.2672984977645124,-0.593203744846388,0.10808588378328415,-0.030746500816293435,0.3852828846237434,-0.5656310837619172,0.0520846057237691,0.02306064535161665,0.5487828936527648,-0.4969020225735992
403,0.0628486037495227,-0.004182326072792613,0.27201815485915737,-0.5391094277489605,0.10816467454098593,-0.0258945771582125,0.385336457555084,-0.5410538668694415,0.050950604731542753,0.02186431738369056,0.5651990246102074,-0.4538389431845791
404,0.06283123583027936,0.0003335862180455974,0.2766313666907473,-0.4756620199543056,0.09861668137162852,-0.026034796701244388,0.395020216177263,-0.5323960887422844,0.045105621175030634,0.01801455079596951,0.5714126460176984,-0.4255442148763794
405,0.06266727198200299,3.0904601058576304e-05,0.28218133161746506,-0.3953729951773876,0.09432918288338925,-0.025970745644153633,0.40667935429505087,-0.4880567788245045,0.04344546380072045,0.017258194072146987,0.5912451854015971,-0.3554341718607135
406,0.0671007407176311,-0.0011381865148663976,0.2920387140447555,-0.3576069779321169,0.08876983457702466,-0.025878948264610836,0.4246305888027048,-0.4689092854483319,0.04024041348917928,0.017292076716945794,0.6026741833870916,-0.3423958834554837
407,0.06721778251128178,-0.006744723287542535,0.30118999804881247,-0.3191518726916193,0.08695708369335241,-0.026423771539451628,0.430141335388256,-0.44804705504217607,0.03599952299553383,0.017488566183156893,0.6244214748299683,-0.3398113965416852
408,0.06442709467494587,-0.008606085832177836,0.31118114002762176,-0.28566947949748855,0.08165876529442977,-0.023030230913877858,0.4407247774916669,-0.40656388995241133,0.0220377393513441,0.01611455001359515,0.64001419283446,-0.3146819673359454
409,0.057972194351548316,-0.008333558515795364,0.31685042784437006,-0.24962353253290542,0.07144872863082295,-0.021468533300554,0.45336359143546406,-0.3647256985482125,0.01681629889918857,0.012555242961184905,0.6637253482007581,-0.2948520211540303
410,0.05680165590297977,-0.008355096532094914,0.32520869839449473,-0.22575328932092617,0.06121450109114056,-0.02159942516924146,0.45764654407648325,-0.32849297019200036,0.007115313933729785,0.01297037682117816,0.6717468565273236,-0.27402133195842376
411,0.05106769701357093,-0.00836480549647305,0.3347571579233091,-0.1713594420790686,0.060607478319064684,-0.021591525985193632,0.4762567613473456,-0.30292334542058347,0.004397128538655197,0.013433281864867508,0.6878932656278084,-0.24038703950059542
412,0.0500869839286987,-0.00877964185690493,0.33940380306599455,-0.15408576393676449,0.054877341913015854,-0.017175630864025314,0.4863499624583529,-0.28028878488252645,0.0025436873173702475,0.009350422877373954,0.7116878030632815,-0.21894804019400052
413,0.050230908297098774,-0.012960883750263752,0.3441432730246242,-0.1425594333989853,0.0405188953839334,-0.0161874251482906,0.49944649596682694,-0.2644679311060282,-0.0017177064222277378,0.008647008535104847,0.7176593978140864,-0.20810275478816648
414,0.05024960349390336,-0.012431402317815372,0.349257712094278,-0.12473954030814065,0.032328644877000816,-0.01414893766478685,0.505501912357206,-0.22542828831592546,-0.013698692174402342,0.008793988738167922,0.7383553894777225,-0.2030705104142269
415,0.049640038737218374,-0.012582452069207875,0.36477038095696157,-0.109105897768661,0.030790222948157257,-0.0174442802847572,0.5115972378321991,-0.217665593688268,-0.021468696530044837,0.013183144933323803,0.7558991188439332,-0.19359155771016015
416,0.045533103257733354,-0.012545816991916639,0.3736616357490812,-0.09137001391834093,0.025156972562769678,-0.019966594695435137,0.5295428322401216,-0.20121104459370953,-0.021675458921113867,0.01397484997283229,0.7698032029108225,-0.1899659984125271
417,0.046459456428833104,-0.01255345782810453,0.37186822225314387,-0.08485406845113215,0.018026068481186895,-0.02201342522929821,0.537179089381414,-0.1854052230178013,-0.021852890540230492,0.017913572147930143,0.7937844477806012,-0.18043952522141324
418,0.04396685780233168,-0.01255216230974504,0.3759436353394884,-0.07626746023098198,0.013771565432808334,-0.021331664888899343,0.5442558682059448,-0.16616108425526568,-0.02696410165382583,0.01675592545414028,0.8065260357206329,-0.1726843021662083
419,0.03945380662814851,-0.012552301260940256,0.3807468481238409,-0.07113921656156202,0.00435254973028688,-0.02594954699794366,0.5497763911845641,-0.16017886571762235,-0.031659840028642465,0.02028196798928477,0.8206877289291709,-0.16840155399776277
420,0.03112278725668595,-0.012552168363292022,0.38624500333711853,-0.06671974804122603,-0.005025690076563718,-0.02588210263208544,0.554773917524623,-0.1552717957421608,-0.036913880506646936,0.021962652531332776,0.8407769778896789,-0.15738596709443428
421,0.025226311382931948,-0.01255343316064957,0.3991185521819712,-0.06705481369924936,-0.009862719435287411,-0.02621908482840458,0.5585795876261683,-0.1504278488009993,-0.03939387436984946,0.021370640348402314,0.8499737031129418,-0.15198187692885456
422,0.025074268101542264,-0.012545897517119053,0.4043478737247282,-0.0668299838924985,-0.013134090582728498,-0.024529070528693072,0.5595732580867703,-0.14583016236650773,-0.03842697192767531,0.025987194738141314,0.873619475184482,-0.1471716118723384
423,0.020173698721700942,-0.012582258324130416,0.4129995755442745,-0.06736220558559741,-0.014558595523907696,-0.021193963502489657,0.5650576553877031,-0.13902110577716428,-0.04280610813242249,0.020722757055563788,0.8827306870126699,-0.14154825403241644
424,0.016439049457474632,-0.012431485820097296,0.41407831074412,-0.06430441574311958,-0.020583256964995668,-0.021776955050089013,0.5696202386234394,-0.12839334372661654,-0.04322055183002217,0.016955820216400942,0.8912470966490015,-0.1277495904170349
425,0.016817480941864044,-0.01296387504090045,0.4169728227140726,-0.06242133599496701,-0.02138399307326709,-0.02150893094064139,0.5750882886881173,-0.1221898765950182,-0.04787823990314547,0.017769060588694482,0.9056899317954884,-0.1258036630662493
426,0.01674316704435564,-0.008798175280002374,0.42242854843095573,-0.06306455946974777,-0.02552412728398822,-0.021968619023986086,0.5755819454956042,-0.11739127012361487,-0.04694965128073296,0.015004094090907711,0.9146801601038427,-0.12331066611058479
427,0.016627206926702363,-0.008361096294591645,0.4225493488410474,-0.05860423417829573,-0.025975916513323524,-0.017418791387998157,0.5800515115587563,-0.1126268688776633,-0.04156700103592037,0.012656017890695512,0.9280328246375714,-0.12167317624162602
428,0.01712257042768892,-0.008341898882257396,0.4314845334607743,-0.058716765982906184,-0.025689236301916857,-0.017375537356557384,0.5796527211663204,-0.10344605055708937,-0.03850788693852835,0.013063941920670143,0.9418280925905913,-0.11513455788312639
429,0.01304798110429125,-0.008448316372780741,0.43060379881475597,-0.05786478361034433,-0.020596397464643857,-0.01723731117890838,0.5752925919835807,-0.10403581610986909,-0.0395106007402823,0.012933728030885267,0.9510403020929671,-0.10881870042711904
430,0.012511892544120228,-0.007951150876240641,0.4320288519423435,-0.05278910261665302,-0.015319734713061991,-0.017635508466922977,0.5763576851467358,-0.10416764365084427,-0.0357178097244244,0.012948325460037996,0.9606753955488365,-0.10402554473669426
431,0.017197739186260417,-0.010809188125353414,0.4380221508333651,-0.048194417858777365,-0.013520073090761009,-0.01538905460732294,0.5724413852568406,-0.10184708068879296,-0.03457432598734011,0.007892770592575128,0.9612108066838386,-0.10397840293944022
432,0.02200165536884642,-0.010263931250738916,0.43684842503114896,-0.04346429805694055,-0.007477094723743491,-0.01263105690379696,0.560722324255136,-0.09907047391380079,-0.03453105386717052,0.003947240072542992,0.9570727379426278,-0.10338441653645851
433,0.02555210380741268,-0.00806574448063512,0.43521945272250673,-0.03876652273632533,-0.0042743799486410425,-0.012942409413184792,0.5570708789779655,-0.10009111885338831,-0.039157979178537604,0.004780679101875897,0.9423936338523986,-0.0978546818897903
434,0.02458459048182623,-0.0084082865422219,0.43160485092726286,-0.034062540339402564,-0.0004816964551346689,-0.013330941576428518,0.5315846091050667,-0.09563334204875491,-0.03885939771546204,0.0020819012300099895,0.9227861312279071,-0.09521075519104616
435,0.02775772383591839,-0.008367305439560806,0.42688947454792264,-0.02935890820128899,-1.826271318599703e-05,-0.008845482921245667,0.5153356473077425,-0.095263833371182,-0.038978761163533875,-0.0003333335530279818,0.9131938243988528,-0.09325742427971886
436,0.029201196123057202,-0.008372991099548567,0.41775163172865026,-0.024651546332669527,0.004934919775002181,-0.00869789493991535,0.5009914922109764,-0.09045753546353105,-0.03903084771394089,5.132932574687595e-05,0.8954105507017434,-0.08804188504531671
437,0.03263340408729483,-0.008313603443014017,0.4054041681966158,-0.019988801583064507,0.008958952639168597,-0.008632473288570527,0.4835835377053146,-0.08484581008144809,-0.038631156912244,1.1237487342114242e-05,0.8577060678195586,-0.08292435866000018
438,0.03744724851677335,-0.00868900309676608,0.38649019686815633,-0.015037424951259188,0.008493398730250826,-0.008666734042927537,0.4575615564096525,-0.07540307408175564,-0.041680268045527165,3.426830835695848e-06,0.8365518119434122,-0.08212667303260303
439,0.04199475048835558,-0.0063771955978088836,0.37974342608560335,-0.012015388090205427,0.009043347938483293,-0.008655614951741308,0.442066106012811,-0.0745246965540576,-0.04725918822263462,-0.0004145777046979218,0.8363432611811066,-0.08219730551912567
440,0.04159732247995311,-0.003830080993500002,0.36574916400334323,-0.013439805119320178,0.006212688469474243,-0.008658574866407873,0.4255230713721335,-0.06602476157184975,-0.04755396130211858,-0.004813185196294444,0.768385520254356,-0.07752138508816903
441,0.04303836572135624,-0.004249313214249243,0.3433750223375866,-0.006479769278511629,0.0015299392866630753,-0.008657893203755785,0.40237127627975394,-0.05657285127670853,-0.052329709440563324,-0.0038551091927932386,0.752472722797351,-0.07893705528509412
442,0.04659254474806773,-0.004176593688821306,0.3357844077355612,-0.0005321180607001834,-0.007426719127887081,-0.008658027576466071,0.36724951696406666,-0.05616836137381209,-0.05734085410212464,-0.006515168409247186,0.7188252940884493,-0.08300697597133133
443,0.04536139746120956,-0.004183266761145629,0.3144198283414891,0.004126090995116585,-0.012964580623216608,-0.008658007092394211,0.34680978825459996,-0.05634247134068737,-0.06065819166154718,-0.00900087266208777,0.6807171623540682,-0.0801344563345667
444,0.04944715159474516,-0.004162563632887011,0.29155047043964677,0.004132217833242175,-0.013202253244349944,-0.008658009180963714,0.3179470324387076,-0.051743828973623014,-0.062493896704495566,-0.008603773386221867,0.6621409041625326,-0.07709308825007076
445,0.04688504903942714,-0.004383289161221292,0.2831821212934559,0.004208315186710839,-0.018436977920318523,-0.008657995264065865,0.30097111682121264,-0.051835322726366845,-0.06513569059657205,-0.008645688759482377,0.601743716531938,-0.08138151215432335
446,0.045958252640445445,-0.002832391427175091,0.2610718869677791,0.004176550347890402,-0.02281903213234292,-0.008658103869353088,0.27912123295394853,-0.053390173336452657,-0.06711882345315712,-0.008664260404228932,0.5552099782765202,-0.0821281307863402
447,0.0460481193943337,0.00043250549857693106,0.24053316091440308,0.004186063834219498,-0.02993967095406575,-0.008657502512265542,0.2433870908934229,-0.05636390929789682,-0.07700147458324001,-0.009029305280938678,0.5257232461749864,-0.08641187090516123
448,0.04547630506843701,-9.632058806054996e-05,0.222086203723057,0.004183609625248493,-0.03804121120246068,-0.00866028817003085,0.22319806496029562,-0.0586217624104742,-0.07786890255363979,-0.013399115006857884,0.4821698765894742,-0.09126858503415518
449,0.04155079748070264,1.79175059592027e-05,0.19805842768138038,0.0041843806014306775,-0.038781584845105584,-0.008649100207677684,0.20498142206724712,-0.06324401174608049,-0.08246468856022682,-0.012855773394375724,0.44289707953719637,-0.09609372581769912
450,0.04095620253403172,-2.0090754393281485e-06,0.1936661329891771,0.004183551044502523,-0.04240626728942752,-0.008687259163552752,0.17914188577503795,-0.07269583210423733,-0.08213748688652622,-0.013048958632746688,0.4145233400153766,-0.10117832581467726
451,0.033278378623526464,-3.9791015518129017e-07,0.18025276053158107,0.004184611216031905,-0.04756935566646291,-0.008590052517738873,0.17792057497781422,-0.07357694941233345,-0.08228340256531928,-0.01285695466910583,0.3893525701347705,-0.10436463356056311
452,0.025731845232638113,-6.83375766424523e-06,0.17040267120415412,0.00419090567036116,-0.047787467751370806,-0.008638089661181935,0.14512158265810604,-0.0784533840348501,-0.08226487418937606,-0.013415127453376953,0.333435962503195,-0.10335561421025442
453,0.0256663015904519,6.603920301464818e-05,0.1508752779623067,0.004119036385913554,-0.05320074585040378,-0.004041936691645349,0.12981142481256475,-0.0825775066143942,-0.0821535981065425,-0.009166188624689514,0.31987885892693635,-0.10696330965402195
454,0.01771826716542229,-0.0003956368577482083,0.13326086706649817,0.004573684060922813,-0.056290560599869956,-0.004503815699745727,0.10044021722627007,-0.0818475489438129,-0.08261055321374114,-0.008628388189216473,0.27851049487811874,-0.1084347868031705
455,0.012548557597508931,0.002342584907746296,0.12135487003817612,0.0018709672657419001,-0.058174652568161865,-0.003950513263856611,0.08739378722377598,-0.08424918927065504,-0.0787614192767494,-0.008386142369529646,0.2540092600567254,-0.10815298296888896
456,0.012174077042644976,0.0019287684093046071,0.11231816516245548,0.0021324243860779395,-0.06101171029036138,-0.00646347372348722,0.07165839403626036,-0.08699740621933104,-0.07380743439815926,-0.0032858336824605466,0.2262312704262322,-0.10812592686319697
457,0.00794338771107025,-1.2774612552802003e-05,0.1026829001382081,0.004634736541337055,-0.060500349319408474,-0.009043942011884187,0.06099520307569804,-0.08635003936904359,-0.06911240595637844,0.0015035666744256469,0.20669222335283183,-0.10358294961631202
458,0.00852287803972092,-0.003284896424324343,0.09375170175120992,0.0037985324103009957,-0.06070053274164565,-0.008486129908893832,0.0573317347326065,-0.08703122363276766,-0.06934574430270549,0.006261524670906485,0.19255213301694737,-0.1040132177046978
459,0.00819743274896586,-0.008284935948232841,0.07990375746114411,0.008284648891904516,-0.060512058833570324,-0.008943165742603572,0.04799050541173767,-0.08223788556734492,-0.06923763724798652,0.011691134037124578,0.16494373006318305,-0.10385580380590918
460,0.008938421062832208,-0.008267222755720578,0.07021915422253242,0.008544519302791152,-0.06518820975001313,-0.004396999396121057,0.03844335091452196,-0.08656764932009414,-0.06927052747887821,0.012856138876324622,0.12991642381440482,-0.10393601505781745
461,0.004770536418633401,-0.009070587854600878,0.05628984537327114,0.013309450031755625,-0.06426909095358642,-0.004722362043785787,0.033764389561000814,-0.08173163017343092,-0.06926486594379766,0.016461448159744627,0.11909702187995581,-0.10376863982980426
462,0.007692555284561578,-0.013432852885666688,0.048510320170788046,0.019626462967449416,-0.05884412537907183,-0.008998812511312279,0.029055814576611487,-0.0824390276621605,-0.0692557256655681,0.02152156017746822,0.10005037148804942,-0.10432297058470608
463,0.008453303375250465,-0.02239778666654885,0.044552248930556614,0.025873877248179106,-0.05596422080913311,-0.008716492572927611,0.022489430292967877,-0.08209753244127922,-0.06928858000376677,0.026630686739789234,0.08453469993946237,-0.10001812785113753
464,0.003968430218365073,-0.03247020684146328,0.036949067711625365,0.025019764776651233,-0.05623892680494655,-0.007851957701344026,0.011702498400177288,-0.08272385639014929,-0.06923250174608135,0.035914366818893324,0.06962539012831842,-0.09955667151780088
465,0.004469812755547119,-0.03628337841357193,0.030062631958876974,0.024798371493650176,-0.05667714634903937,-0.01389902130782459,0.005853858766466531,-0.07905832444520511,-0.06902012192234924,0.04036292539409,0.06417296872273662,-0.09963542970510372
466,0.0028461806099193375,-0.04115370272525295,0.026397248502436747,0.02845789889011745,-0.052628166755056764,-0.017826406566354917,-0.0029968894832902273,-0.07776586067002882,-0.0645660044002628,0.04491202257450706,0.05046482779264815,-0.09877693448241405
467,-0.0003997838472932789,-0.045830659044893834,0.013142999420823786,0.03328938428502706,-0.05179651080957024,-0.017325349737486298,-0.008473312143334145,-0.07793783057745848,-0.06500021017775158,0.05261113945533754,0.04507571716439104,-0.09479641645578327
468,-2.806611282969601e-05,-0.05052027243114999,0.004005639735787736,0.03798686895042647,-0.05645186181343742,-0.01720614512270441,-0.013143743703662005,-0.07797329566035978,-0.0651896718371826,0.05992139109490611,0.0368821531682781,-0.09525068741396457
469,0.00043754551742977493,-0.055419498477463726,0.003750334351877804,0.04269973857174236,-0.05616993200425286,-0.021832661873314167,-0.012952059038240085,-0.07737622073039024,-0.06289030424941695,0.06078493156046029,0.02969194540126527,-0.09567142093636744
470,-0.0036430044526073162,-0.058693891021097705,-0.0015189591176857993,0.047313497580555045,-0.05638965031379052,-0.02150523929012471,-0.01269058754657931,-0.07186466536601877,-0.056975560053850266,0.06046688922764689,0.02260829401175702,-0.09211720009680974
471,-0.004130831668516367,-0.060024463269094844,-0.005944068336170477,0.05248589350834038,-0.05586278644155312,-0.02192051933589147,-0.01498538200934034,-0.06881395093546767,-0.05665794300571458,0.06505043297791227,0.018166874798946454,-0.09073275789556867
472,-0.008728490081878681,-0.06526303671969387,-0.01116565766962862,0.05434526809026268,-0.05882491629385297,-0.02005674966974727,-0.01731058417945282,-0.06983548208364686,-0.04815379435253095,0.0655345256331512,0.013109217687449704,-0.09093259116280501
473,-0.012625846532798517,-0.06986634899777551,-0.012649695935243217,0.05701626699487148,-0.060889692248700285,-0.014930091776265511,-0.020157270812720857,-0.06597008186996317,-0.038760071272827476,0.06977103986650907,0.013134529358954176,-0.09093639684223263
474,-0.013693736764704699,-0.07453086740459572,-0.012854594406558617,0.06214591267621891,-0.06055779523040302,-0.009549112914250835,-0.022511306426786944,-0.06512651494937095,-0.03833957885854901,0.06904754768245804,0.011714684893119073,-0.09052366045583679
475,-0.016824092161303972,-0.07934112423197569,-0.008525538876690471,0.06660316603499324,-0.06061722755072525,-0.008912542057736703,-0.013290391468483334,-0.06077478651341103,-0.034394816463549686,0.06965905711064709,0.0020374596453488062,-0.08476147808320018
476,-0.01897283085542111,-0.07923957651260867,-0.008428803988331663,0.07583395178675045,-0.06065690861159491,-0.004513952836530754,-0.01307460022635895,-0.060654036003741245,-0.03302747573352448,0.06649303914029316,0.0001939425443930981,-0.0836616835010119
477,-0.02115367408065837,-0.07511181635621493,-0.008167502788647108,0.07954627050986367,-0.06000469851013692,-0.0042092243157927116,-0.012948701281471414,-0.0605937774020374,-0.0282826340237012,0.06139785203078928,-0.0025079567529933465,-0.08673692020911736
478,-0.02114969353267917,-0.07443772690235277,-0.009614022979053049,0.08044356659202802,-0.05509227249142953,0.0002566142429640669,-0.012923669094260825,-0.060513752873964204,-0.01931713139132965,0.05652328248082997,-0.004625500927643826,-0.0889735710134771
479,-0.01720195831926984,-0.06914832634141639,-0.012888097180308604,0.08555135592970405,-0.048201945704007036,0.0007151911215939377,-0.013384073598218128,-0.06111256157877644,-0.017353183626955027,0.05155581919366285,-0.004262757062288231,-0.09428438334913969
480,-0.012466771391577054,-0.06460805166139062,-0.012896025274363442,0.09062901694671396,-0.04032951522701096,0.006633223478223384,-0.010477439330247964,-0.057636233234551276,-0.013181431006248176,0.04149585738095666,-0.004362610597321341,-0.09897205039424144
481,-0.006901775000894838,-0.05982805310741961,-0.00955200089823348,0.09204682995792283,-0.034992333224352266,0.008622794460757713,-0.00837123486817536,-0.05911239544201204,-0.013287985325523048,0.03297904739631828,-0.004555489886487907,-0.1038873816435983
482,0.016044387426237948,-0.055263063419239464,-0.008206493934886643,0.09495917559813988,-0.00875273101720412,0.011095792986330805,-0.008695807021066596,-0.060816246431967425,-0.017578076165494408,0.028503540337815284,-0.009165406904256016,-0.1038350529684862
483,0.05755328234856868,-0.05030792446597205,-0.008378054747924035,0.10418643406517755,0.008042108939427625,0.016727821760922825,-0.008664964426424159,-0.060590253592713,-0.01787679571657514,0.023682318626957223,-0.007568324305268496,-0.1039810479075011
484,0.0933842569443792,-0.05004734157175677,-0.008357052233515927,0.10900613734433959,0.032995435591172094,0.017375223955737186,-0.008707997741900444,-0.06060520445327645,-0.02599944216538336,0.018254029924243024,-0.0018886539900548763,-0.10353514497022803
485,0.13874261162904367,-0.045728611845719976,-0.008539383271289218,0.11391342104838081,0.07647905742238864,0.017318831828351325,-0.008007234682152298,-0.06057204034740463,-0.030815118529313897,0.01749229965186951,-0.00013815767592066717,-0.10602931125542281
486,0.17981966018278392,-0.04555553287240485,-0.007130348543250439,0.11747714168944134,0.09402036176837318,0.017320948839799375,-0.0037953650125956257,-0.06083890964480303,-0.03221883412335769,0.013337505566321226,0.0029931951845044856,-0.10810354649244455
487,0.26895121367399294,-0.037689906720101446,-0.004020463506295186,0.11714602190776491,0.1587409607948699,0.017251023831038208,-0.004850655481851815,-0.05942490263386782,-0.045348678741906706,0.008338614642541832,0.00483694563403541,-0.11147385316139848
488,0.3471796545587322,-0.0333218417938798,-0.0023399637628608626,0.11681825151145794,0.2412483140662293,0.01767553511878884,-0.0018182206411554561,-0.06799130270564355,-0.056020020772689,-0.001243162111833218,0.00013407594431853048,-0.11235913958022989
489,0.38634490153029527,-0.03037469520476859,0.003292407050216095,0.11982039654037585,0.2791226803670523,0.015100367230046393,0.0002574243179626828,-0.07460926918308024,-0.06109322910502087,-0.004265628201325857,4.513210294005611e-05,-0.11672883333338015
490,0.4762799333801795,-0.029826933763620632,0.004303958375700075,0.12466579571091745,0.3672206369113771,0.01264379593778049,5.177594332140764e-05,-0.07306742203673634,-0.07113929041416729,-0.006103200870961023,-2.5196456580422606e-05,-0.11697497543406386
491,0.5979969348605799,-0.021298800955735497,0.0041732199675467655,0.12957763201882092,0.43075759896596716,0.013048134698664513,-0.00015894098879493785,-0.07776414973275428,-0.08044704354469502,-0.008642435765096431,9.73745554848235e-06,-0.12225767332672324
492,0.6826080192969665,-0.020863643764520753,0.0041791313032636,0.1297955097478175,0.4847206320920533,0.01297964890994634,0.004474228382031622,-0.07802456351735214,-0.09220825345028523,-0.011522244723973056,-9.984997325982204e-06,-0.12565559609360008
493,0.7508316297011676,-0.01588956754971616,0.004226720579490655,0.13490802366046645,0.5741453826152638,0.01298701348673452,0.004187384722274161,-0.08308979842827703,-0.10741794456313968,-0.013301927226402534,3.367647469883862e-05,-0.12681549124245037
494,0.8441552103131563,-0.011100229279474133,0.00391273476910999,0.1381013593944165,0.6141547054177868,0.012980073561199349,0.004666767959700406,-0.08814871043947801,-0.14038932195478748,-0.012753802730807754,-0.00012054543981892318,-0.13265726729517144
495,0.8868647324128006,-0.00800555948154431,0.005899469610461141,0.1397867178987561,0.6319648115967745,0.013046424842262648,0.0024185090583178125,-0.09099352758463687,-0.15669312783873438,-0.017398283474371175,0.0003449047185511815,-0.13442883698499322
496,0.9317973458994849,-0.0084515926214088,0.008876496006038183,0.14243204721469377,0.6395058117039865,0.012649307542964509,2.866878245095703e-05,-0.0928104128195005,-0.24003617151679824,-0.01725257337854357,-0.00418144539097148,-0.1341662137530121
497,0.9608522088887514,-0.008357674529568248,0.007847097189356368,0.14436700878727393,0.573038284723698,0.015067622109139788,-0.002875928093292553,-0.09858096281855777,-0.2804401116272865,-0.017201720445518428,-0.004280650856312318,-0.1341874590906276
498,0.9949708119138071,-0.008350967616918134,0.011880965612698718,0.15325839848812758,0.5074776217617348,0.017680522691401787,-0.0048219297478719345,-0.09979411087964657,-0.4617186065936446,-0.018078300487322785,-0.004355860127783709,-0.1341919298990841
499,1.0045810603430232,-0.008403655226307335,0.012610113063251487,0.15889729231533803,0.47504605270987743,0.017250024929915515,-0.00034371900070763776,-0.09938073552784542,-0.5676818580352327,-0.012596862595991886,-0.004320600050692293,-0.13459906359228224
500,0.99625403603087,-0.008478226964633968,0.012560788719092563,0.15904723349470723,0.40279950989720376,0.01731945806180619,0.004567655914152194,-0.10403195328789064,-0.6626528048866731,-0.00849011729566359,-0.004329250278538109,-0.1391443102295073
501,0.9589818125487237,-0.01338678211477236,0.01254609003005619,0.16465612512907962,0.35553717328957,0.017321223557656133,0.008974074166497809,-0.1036164483324627,-0.7753821661747671,-0.005197003213631736,-0.00433740032731092,-0.13709463971660107
502,0.913133905916595,-0.01770875031329494,0.01255409509205165,0.17264647269262215,0.4400329144729261,0.01739411025844891,0.008284199284708232,-0.1053046488902862,-0.9456922271879471,-0.0043970628368899915,-0.004296646030522744,-0.13247124112398423
503,0.8719670933430572,-0.024294793127186253,0.012553758133231268,0.18086905629681058,0.48901380932215893,0.016529434980962113,0.010444928215687951,-0.10720993514920892,-1.1029840206458088,0.00011333414121270877,-0.004422141079517396,-0.12456966329476372
504,0.7906606757806255,-0.03242759656720141,0.01254338924034223,0.19108223511943445,0.05641509704537338,0.012607836968914576,0.013414696196180197,-0.10137082689644422,-1.1498287825424842,0.004424658855149778,-0.004201770203121297,-0.11788391137882746
505,0.7362403211060334,-0.033194297187033074,0.012586510150063079,0.19751113942950332,-0.24765870787419736,0.012706515319840232,0.012808728210559263,-0.0965837384666209,-1.1911025993663829,0.005199370784446037,-0.00883254801554578,-0.11312638327530773
506,0.6236549176913027,-0.03688575806752577,0.012446525500190308,0.2080559876795562,-0.3388388522720077,0.015490373643761456,0.013299185247097226,-0.0921691697432712,-1.1477835536435486,0.009438604621112996,-0.008605337150266068,-0.10859680413195265
507,0.565320036016302,-0.03778543699672055,0.012752841750933813,0.21268083241187832,-0.4096358171305036,0.017731596981659877,0.009066402671761117,-0.08286927237117284,-1.06742610755775,0.0066303749933327855,-0.008393343322168395,-0.09438166389999761
508,0.46733973384294064,-0.0378111420994326,0.00829615961221335,0.22624269268756497,-0.4419941076337865,0.016896650206140625,0.004158338894794319,-0.07779125948701698,-1.0187274158381985,0.0016360955916659779,-0.010522499269363871,-0.08466751679282619
509,0.39754592506156317,-0.041708698747207305,0.007897045156386949,0.23220434430687736,-0.4189652231651116,0.021520099935517227,-0.000843221930880878,-0.07243157754266244,-0.9205712100192992,-0.0036260419139857694,-0.013511171734389434,-0.0775483877013155
510,0.3471594478113155,-0.03628696406168395,0.0037415402707769974,0.2502565380584594,-0.3861169573720366,0.02181692780143453,-0.00467704310716063,-0.06205559915516432,-0.789174531500064,-0.004357049036012724,-0.012426823071490088,-0.07550918778353292
511,0.26486451086627283,-0.031532553605139194,0.004214263951245307,0.2586934001567925,-0.3570752308068083,0.02619095225139212,-0.004239280911984575,-0.054469396311038296,-0.6444600582780978,-0.00872038298978507,-0.01681168382711092,-0.06182837753942899
512,0.2218104138297773,-0.028834895493598578,0.004590011651334061,0.26629794070731094,-0.32820618119818074,0.027050838530664974,-0.004317644356160348,-0.04755979348091133,-0.5139308458619563,-0.0224354382177007,-0.017220819141061647,-0.05030145168493034
513,0.1537933012402844,-0.02983461837095791,0.001305099566391106,0.27023858743047735,-0.2766894768639269,0.030808185119135027,-0.004456383938737083,-0.03796436197828436,-0.4608754848179684,-0.0210855546588379,-0.021790556350787273,-0.04057768787973279
514,0.11583780053164518,-0.02573623354298602,-0.00018946387634570614,0.27806291979546127,-0.23468028145089984,0.03014741667247827,-0.0039152465335739245,-0.02416101332053781,-0.3363313140361616,-0.02336925693059668,-0.022064804163282416,-0.031662726618485314
515,0.05700342128464804,-0.025235835304826624,1.9212810554028253e-05,0.29184465509969754,-0.2089654235367814,0.03047309384172543,-0.008431127953224362,-0.013903113746010732,-0.2987765250095945,-0.025921935988648285,-0.02774671141745145,-0.0127871166008382
516,0.026067314355332206,-0.020827956062057385,1.5913703082437881e-06,0.3014492777824098,-0.1984430777706903,0.029847606598875368,-0.008730130666242914,0.00037627693108381745,-0.21978057676712062,-0.028791251802803196,-0.030621168188551033,-0.005986327607833922
517,0.0017287920190019106,-0.020981852150066593,4.4569881616094925e-07,0.3060668360740403,-0.16437137529164542,0.03451433462595235,-0.01344994045010053,0.010467061957133079,-0.1608063938969796,-0.030140905903235177,-0.030255530297692464,0.021706599417586143
518,-0.03715526515848574,-0.021088386423759767,-1.3905471551046e-05,0.3107849897127095,-0.14219645372917317,0.030052019885316746,-0.011957923775459123,0.02472969135636282,-0.13266927592546912,-0.034142076537025605,-0.03021993615312121,0.02722051554493223
519,-0.04802425203181633,-0.01958593023636719,7.645138867462123e-05,0.3157231977569283,-0.12345356274685747,0.02591214521327088,-0.006956383616113099,0.0328782044884221,-0.08405811696322164,-0.03464480443262228,-0.030581945021213777,0.03403730828370931
520,-0.0607268603821188,-0.014393850164188697,-0.0003421554709842887,0.31862750839128273,-0.11477068899103131,0.02489204243991647,-0.0014841928415229892,0.048554860290023885,-0.061515357089593714,-0.035060662786157853,-0.026222791276576007,0.046538623437285556
521,-0.07929048252924989,-0.00994498304269356,0.0024975939794724673,0.31552667368939313,-0.10446418751263517,0.02155906218655814,-0.0005295184727014202,0.060192917423809826,-0.03271975871555504,-0.03907955236234046,-0.02128000797581622,0.06231453322774386
522,-0.09280333216497795,-0.004726013991599217,0.007489669030179162,0.31019896165828653,-0.09202484844026987,0.0193370269703931,0.0065669112205583875,0.06324144068598066,-0.009573798494062287,-0.04066864106460175,-0.017158730265382564,0.06858596585979408
523,-0.0971561751452461,-0.004279825780189623,0.012142957722730245,0.3095949155623582,-0.08740835476255747,0.01746026438560149,0.01295442190130089,0.07649417533288166,0.0011471755917606234,-0.04154903336589827,-0.01637705041477457,0.07766382494952881
524,-0.10115275606104542,0.00015251708847561157,0.016849383881475666,0.3005689707078646,-0.07332909947796157,0.0137858916951519,0.013122451865867638,0.09117206468345496,0.011419417722879917,-0.03900575819882765,-0.01093765405231786,0.08738977215319735
525,-0.09826637414188857,0.0044046256485110145,0.021664515027335077,0.2698936228857508,-0.06863562660930121,0.013133867402092173,0.022692197625677493,0.09498012328402089,0.027765798676586413,-0.035579835139643134,-0.006161634381810354,0.09666876671767431
526,-0.09631639010446172,0.004084578052545006,0.03394173688360838,0.2650503832928964,-0.06477863821891752,0.008621794547697896,0.027042103124105165,0.09820087107917268,0.03372781023854987,-0.03490025665641144,-0.0014736111342922614,0.09947795104140607
527,-0.09328089358202223,0.0043048318430463665,0.048832567394991,0.25370630999139787,-0.06342298486429856,0.00870363917175466,0.03198043345182883,0.11073210881847677,0.03474596528682055,-0.03029701389039758,0.00645329377448543,0.10160580205895069
528,-0.0916264835201215,0.0037389675209973734,0.05254414858597744,0.2553605249637474,-0.06002791946828526,0.008910074476707936,0.037329923051534084,0.11640787841202245,0.03463021553999959,-0.03460788187392902,0.021307217339684055,0.10338826443948089
529,-0.09240891345489574,0.007034555135931621,0.05432136045236137,0.237198983340425,-0.06119798958561707,0.006865619706893916,0.03888857730054525,0.12734184685905098,0.03467028784336608,-0.02975038394209173,0.021905127499164748,0.10998451046843162
530,-0.07908031587888865,0.008466746663160213,0.0575115608863688,0.22328936050570258,-0.05698588443221159,0.0056184398093613525,0.0419902847594077,0.1332747187643845,0.03413823150828613,-0.03055763291272155,0.03188390831827025,0.11292887480540097
531,-0.07862038187150622,0.0085718502945063,0.06213798488626297,0.21074905516318485,-0.056426484261845405,0.01188749316467416,0.04742581641497498,0.13824901726815528,0.028407117985281873,-0.02984038547724069,0.03438227664818085,0.11251417247384579
532,-0.06887102774563958,0.004129028959266894,0.07128232045036181,0.19650195584582528,-0.05188908724005574,0.013136072584615023,0.04765088899858778,0.1385146411764129,0.026476178012227774,-0.032960550985947364,0.037550702188701476,0.1125418480686409
533,-0.06714944449274464,0.0042884088059643366,0.07549173434040074,0.1852985249397993,-0.052035285505448683,0.01298815442715273,0.0527825346798171,0.13858015911786287,0.02086642272590751,-0.03489302748721851,0.049177601300246974,0.11269788204219316
534,-0.06460501383570856,0.003976310942792348,0.07506077855504252,0.15879106725733835,-0.05191439803488643,0.01297715561104632,0.05639011600877855,0.13827288608569657,0.017183726312555984,-0.03459633331416461,0.05223905981639722,0.11149523886921311
535,-0.0624629338718046,0.005405899174468195,0.07664116284896659,0.15465671452545413,-0.05195953972274469,0.012619755797321629,0.057523303978036906,0.1401369093784526,0.01369876769367823,-0.03463219975557153,0.05464089356585516,0.10777844327601786
536,-0.06280980613132489,0.010964265808578741,0.08164795493768968,0.13995089982903738,-0.05193713333169585,0.008425065722606753,0.06294797641321742,0.1433471364395459,0.012937902244773121,-0.034613005273592456,0.0686878110591158,0.10825307331891419
537,-0.06275694496461637,0.012752837747136446,0.08672790183907927,0.12373439654337277,-0.05198214753760215,0.007602243967369198,0.06772321702387527,0.14251398389257422,0.012972831487885368,-0.0348293228300524,0.07358938013901148,0.1085421932162856
538,-0.06276107726972371,0.012631873153195266,0.087951936514806,0.11184069636664656,-0.05183802432098785,0.002274478863943348,0.07246548077369373,0.1437022036051948,0.012995192997997734,-0.033273177484616896,0.07418271924427922,0.1052525856415984
539,-0.06275992568254651,0.012283422491487976,0.0880332370135368,0.10105796237408353,-0.052197278487192446,-0.003044697169634877,0.07770658981094525,0.13488138426874652,0.01298430852537097,-0.029981793318464407,0.07903858702517441,0.0998902889772361
540,-0.06277522741269632,0.016752202054458678,0.08361575206515272,0.09619073857671949,-0.04758331874427561,-0.0040796609145271525,0.07795335509802442,0.13420140923623022,0.012987725876084771,-0.0298519067515415,0.08643255212168408,0.09955888703732625
541,-0.0626887591795394,0.017540152312780503,0.07899635876478617,0.09105786545372038,-0.04766471455975441,-0.008132992132354583,0.08252693518303919,0.12859256198745678,0.01298689340419154,-0.033795435034127276,0.09130361891913177,0.09951173811622419
542,-0.06308660763619303,0.026030767390745543,0.07377682260138535,0.0818910806688428,-0.04783697762977899,-0.008620201114334182,0.0823856486764789,0.12065952310460742,0.012986875085273126,-0.03140040351732142,0.09336947853278159,0.09994053095592796
543,-0.06036648074971949,0.024484264465162407,0.0721405262239669,0.07980414297837046,-0.046016078481388396,-0.013485738837796331,0.08063478063979566,0.12022378234540344,0.012987502062855552,-0.02606787668719534,0.09939336867482977,0.0970821991458723
544,-0.0551247971761133,0.027417521462811567,0.06274027478263476,0.07596019890240586,-0.04298197573104514,-0.017212129740055575,0.077789786582853,0.11406249605229292,0.01298630062743513,-0.025992726877987364,0.095546807615009,0.0883362838825248
545,-0.054066519086584934,0.029172012039169616,0.05163440898923354,0.06560559110231658,-0.04289168450343571,-0.019815322996170975,0.07570020706491468,0.11280133366734786,0.012982810297036521,-0.026097935495072045,0.09067182428212896,0.0843196035179207
546,-0.05859365045834044,0.03249310901501504,0.04035740585974903,0.05666221780069117,-0.04678588445386716,-0.026832709307099068,0.06971396668649031,0.10909860797136604,0.013035432213009731,-0.024952157222412463,0.08512067094569795,0.0787536152479153
547,-0.05895888492261894,0.03371163552423671,0.03429662667949576,0.04649306050240506,-0.047534827326385226,-0.026088551509635998,0.06967697470143118,0.10827209723474178,0.01268108317802073,-0.019616945923888345,0.07536596133523402,0.07807619809998974
548,-0.06294277312573894,0.02924335297320006,0.020869091526039427,0.04600245512498441,-0.051985389086402614,-0.023378268242477147,0.05614849635756675,0.10385003917719689,0.014900068405543298,-0.014908168254683099,0.06350232932520643,0.07392595855775677
549,-0.06425474415673142,0.02003316604317649,0.015283006739355207,0.03666038134496856,-0.05639720130457206,-0.017730690505251966,0.03224103409574288,0.09401131384910859,0.017584455461951885,-0.00989260338558916,0.051150484369973985,0.0690412811515019
550,-0.06667722314232961,0.01646125548074276,-0.003961719912752537,0.03332438356500574,-0.05689588068589083,-0.013875631228291031,0.020127078445576964,0.08492266526391541,0.017691318548316907,-0.005425455549588256,0.03947073468893198,0.06418493013399364
551,-0.07170801345863018,0.01666751881578377,-0.01622375582022246,0.033362514332235006,-0.0627468517039079,0.009639175387529267,0.015555272674474487,0.08225285367739535,0.013628786799987946,0.0037626503421095965,0.019884845689500254,0.05933975117109376
552,-0.07899475718595969,-0.010508827373489765,-0.02299460887787083,0.03421258689782946,-0.06477820221740702,0.017715073366142912,0.011968710449021197,0.08049340930310823,0.012941988836558314,0.013567841617041328,0.009173300729040719,0.05455924437093055
553,-0.07963161030243615,-0.038931705759491946,-0.029969630489269653,0.028409678331000908,-0.06780356249545061,0.03471930739372148,-0.0020060467018261545,0.07508495643139858,0.012974660230147294,0.022427732534214692,-0.005265700149928216,0.049424853413721416
554,-0.07943590120641444,-0.053581264863089687,-0.03999728201612465,0.021670288539881476,-0.06907931243288376,0.06086446088284118,-0.016002366880221705,0.07047591847297084,0.012994262245567947,0.029409312866975262,-0.020092364217998426,0.046917495543952324
555,-0.0838816662845818,-0.07959784165572766,-0.04591239986975776,0.017343840913301156,-0.07317149731073516,0.07840585173345856,-0.02112785506691163,0.06518722166724968,0.01298450053237597,0.0434833696207639,-0.03239075376867735,0.05104632457516412
556,-0.08372283952221747,-0.12548848197629361,-0.046021620971506,0.01255407023926458,-0.07359311979699026,0.12006827382995468,-0.025970452866514015,0.06493675495394381,0.012988211508654694,0.06691553059594446,-0.036875693448712395,0.05223082632009069
557,-0.08271090960531458,-0.17289006113985175,-0.0552162373993957,0.012701129778463613,-0.07320923636416107,0.14555343202950807,-0.030784257977820213,0.06029254759288349,0.012984491355610157,0.08441302353942781,-0.05522030196322571,0.04761046871445609
558,-0.07715648611168636,-0.2160553522558933,-0.05963866867551128,0.011698449107490887,-0.06883664001985458,0.18763897152815154,-0.03618419023575328,0.06095364449643012,0.012995735909466052,0.09938390191970412,-0.07572140749341544,0.04311977607789472
559,-0.07504467702958388,-0.2692573785220523,-0.06323021956965974,0.007589410509124771,-0.06939344599778281,0.21322508885081,-0.04829105832243742,0.05905934387963264,0.012961690271185614,0.1278363710126901,-0.07794466028537092,0.04314792585729615
560,-0.07536452278980282,-0.3676272500297146,-0.062323654342111935,0.010550581985928387,-0.0692237074499251,0.2765817973721443,-0.05964587418062887,0.05584040830567043,0.013024297689888224,0.15705394279185453,-0.08193937244600065,0.04473028910580202
561,-0.07531099299988353,-0.41746485018543633,-0.06514077373785734,0.012867362541279603,-0.06930452092524504,0.3380199280603223,-0.06021810675849833,0.05640351480327943,0.01319735267741793,0.17951468257075423,-0.08679506198051641,0.04796096036347088
562,-0.07530664803521245,-0.5024104663894212,-0.06998620895430079,0.012502880692779087,-0.06914895167946403,0.4024251788970333,-0.06407449303476366,0.05614581688088545,0.017685501990479826,0.18992197486180226,-0.09258263126253995,0.04797312700744741
563,-0.07527317735539509,-0.587362723677679,-0.07504557029235844,0.012539949753182398,-0.06954849140809657,0.44849907467282635,-0.06474784161215325,0.056565024024515985,0.017183648839843958,0.2130755758828657,-0.10038088340011066,0.044449494184691095
564,-0.0758266302189873,-0.6438620348808517,-0.07529749100941471,0.012557817774841704,-0.06495733173511119,0.49850548807533857,-0.06924596283770947,0.05196985132984544,0.017398781090489222,0.23109139727491626,-0.09935072711407068,0.04304093468222457
565,-0.08081511005506006,-0.705917285627506,-0.07976118492062666,0.01291754726378152,-0.06500363056403975,0.5876911195504324,-0.06956768176865484,0.05198845097992906,0.017094707490074804,0.2156024855774903,-0.09960858124962921,0.04343429135941686
566,-0.08574106922158135,-0.7242695685916025,-0.07938602198180887,0.01713145886548398,-0.06490939946472551,0.6852996921605059,-0.07403759431970586,0.052156777559645984,0.01954424939564788,0.19482273474264294,-0.09958957069524046,0.038839689086475476
567,-0.08819090316487645,-0.7702817487695965,-0.07952537549522878,0.01663882186205625,-0.06492138568235102,0.7966855616853044,-0.07345909029746775,0.05038802966884103,0.029192917779424954,0.14984760520957957,-0.09947428092402189,0.03856365017102657
568,-0.08776863435367371,-0.7502291172195006,-0.0795209916002014,0.01665784679647614,-0.06503947134392153,0.8386084245944074,-0.07362465780424521,0.04760750477685901,0.030381900708290277,0.049824164900511544,-0.09970727947157657,0.03298085049031192
569,-0.0879797581937005,-0.7338009925564764,-0.07937090663556952,0.017172816219764638,-0.06450245569909133,0.9306409363004245,-0.07359571977385836,0.044970074824286776,0.030323376807051394,0.024437012501088474,-0.09506870027334202,0.02986168756696265
570,-0.08765769270350178,-0.6909304531457581,-0.07994067574602974,0.013542180322039455,-0.06815397614217984,0.9991639060116366,-0.07355974300174965,0.043060203716877764,0.030293456538129263,-0.08111621006332105,-0.09538334878863919,0.030868668371268608
571,-0.09211963113289585,-0.658898250492674,-0.07569324409773276,0.012364883278539152,-0.06968133022706183,1.0387985594936016,-0.07368191120312653,0.04323974596138063,0.030290209788370128,-0.3005901749603804,-0.09490716679189524,0.02718277964733741
572,-0.0922029151552016,-0.6163349539796152,-0.07533918932435123,0.012591010946213017,-0.06497482810579662,1.002868519635991,-0.07354737125805261,0.04333294216416624,0.03038680239627094,-0.4299478334000187,-0.09711997892148409,0.026190774926315642
573,-0.09874932845198747,-0.5017661729719503,-0.07078631478242836,0.008022929928162633,-0.06499600675297361,0.9792509820786087,-0.0780069749065713,0.03881374750969119,0.029939568150616238,-0.5287912430146164,-0.09995379220894704,0.02194955761581365
574,-0.10512278162824185,-0.4434462031271041,-0.07207159630650627,0.009503794494430187,-0.06490804060372289,0.9180196630040303,-0.07931126769522985,0.038156444714422304,0.033076132362408486,-0.6314197036487211,-0.09950842735488502,0.021623996418609993
575,-0.10612425418277407,-0.3493666265059955,-0.07572732029993297,0.011601603334706093,-0.06494288078459998,0.906207931355286,-0.088994801561479,0.03446190279890381,0.038198836293534016,-0.751427382082514,-0.09952584414249752,0.016566640876379563
576,-0.11203531721676142,-0.2602877177304351,-0.07521561478803868,0.007714612012149123,-0.06493528998587858,0.7728064731314419,-0.09106503017425188,0.03271371815557151,0.04304797194291526,-0.7569914060036844,-0.09964582417496433,0.012624507720185703
577,-0.11272168415221524,-0.24263652046624026,-0.07530485252805964,0.008968682981273124,-0.06492591646721875,0.6896749354096445,-0.09103546759440825,0.029818250428114708,0.04796330792656867,-0.7043276237731272,-0.09999353274870751,0.013415613112876234
578,-0.11675050957965902,-0.16935374133943484,-0.07542194420979179,0.005045485978493302,-0.06496841732258415,0.6131163970876522,-0.09032636104213873,0.03069409082470846,0.05210968492522481,-0.635688326316428,-0.10876195332773976,0.010880533087989627
579,-0.11715541013403666,-0.10831194881094888,-0.07501834963829783,0.004353067299764226,-0.0648470562531622,0.5365583232566038,-0.09515447611859013,0.026764112784067023,0.05280171488787765,-0.5893547677084733,-0.10936388414653182,0.008181968282534384
580,-0.11717406272166182,-0.08010844124107357,-0.07943608822570533,7.016731359878658e-05,-0.06499849304216976,0.4337260403281187,-0.09091423993069957,0.02169253681736158,0.0586267284569499,-0.5245948481078158,-0.1123920181043213,0.009138343605386222
581,-0.11714695059634575,-0.04727378513217314,-0.07943662432598839,0.00014722864437117784,-0.06046030711770017,0.3384580172846318,-0.0952067058161948,0.021698663581439834,0.06089734726360304,-0.4454610313840845,-0.11695194387320852,0.004907482135635275
582,-0.11715604987654256,-0.021054788754766816,-0.07953630464670615,-0.0008273246232201098,-0.05988386671184931,0.293432390240002,-0.09052216852683675,0.02155346785567163,0.06051867057106932,-0.3628978123443107,-0.1250591578999446,0.004233676048902943
583,-0.1171598346773417,-0.0011100273635926534,-0.07942700764777137,-0.00462532449630852,-0.0558028181834158,0.2117872897568342,-0.08996867440052571,0.02206487792452231,0.06070805268316396,-0.2984053133096342,-0.1252584105546578,0.009097605440294724
584,-0.11713189222660034,0.01999583484183794,-0.0797989838994944,-0.00406292781099102,-0.0562926906340493,0.14356081696675901,-0.0842036286965479,0.01919876140406268,0.06046364125802936,-0.2204960326424649,-0.12968856003924167,0.013255854657048644
585,-0.11723551118264908,0.044954714970537095,-0.07736812181765847,-0.004241653779363869,-0.056713909486202856,0.09159768129058102,-0.08046319710145876,0.019578311202507012,0.06511140466487413,-0.18982249908140172,-0.12982535626776578,0.012976913690420259
586,-0.11693572252139586,0.06169728349955488,-0.07192131995322082,-0.0040656442621822084,-0.05301560114654403,0.05770440285031374,-0.06881995239499566,0.022083035658194552,0.06466307569157966,-0.1473346533517787,-0.1298971136655101,0.012605969737425265
587,-0.12115452854117834,0.06625253268506459,-0.07098917831707961,-0.0044913566602374725,-0.05180937698177481,0.01929634850752951,-0.056853484388370436,0.021305013808804896,0.06621702686622051,-0.14258566251098215,-0.1298615085564925,0.015469384176394475
588,-0.12559779507467017,0.07102944677731993,-0.0711744016626175,-8.219139999960431e-05,-0.051956098302882926,-0.013469683111900055,-0.05633108919967796,0.02586981307392497,0.06968263598590729,-0.09430204766442021,-0.1298703971571873,0.01749016487628839
589,-0.12617296426231972,0.07603561554357569,-0.06624127284485838,-5.213439847572311e-05,-0.0519792726023088,-0.02953620509688208,-0.05178856541626758,0.02561469567507089,0.06929228390665007,-0.0706426201189667,-0.1298788809413149,0.017674129077982787
590,-0.13018110750056322,0.08458587028527488,-0.0570975413502447,-1.4737318277924044e-05,-0.051690685510315366,-0.04050684870533927,-0.051272980257588315,0.02130869431429226,0.06879894754662148,-0.04655447986647798,-0.12983597459378005,0.013214208582092823
591,-0.12955318454292739,0.0819656040760092,-0.054463836787165765,0.00024229396579095516,-0.05364630771854919,-0.06756854548400724,-0.04709698901061122,0.02158235476543292,0.07303725782812436,-0.030976823158972842,-0.12997071794061063,0.012922020237058816
592,-0.12986192680039207,0.0799756147131608,-0.05252804957139163,-0.0016391460158552825,-0.05470420484120626,-0.07807159522020209,-0.04785897203861266,0.02247790071522806,0.07349686208903967,-0.021663286864369302,-0.12971611579978767,0.008300459039737858
593,-0.1292385115237989,0.07428914519345825,-0.04983073420616864,-0.006604088501914073,-0.051586953954513806,-0.0831183913101159,-0.04713174340947549,0.016271751948474432,0.07810534715868091,-0.020218600693867207,-0.13432050373490412,0.008959377911853356
594,-0.13332813268721616,0.07136114330916093,-0.050283091868138445,-0.01180593307063748,-0.0516255463629319,-0.08692001644180411,-0.050835100147036925,0.012896844683381732,0.07767897367427262,-0.003064623841617697,-0.1346020462255547,0.007424533445936755
595,-0.13381895874507896,0.06415967978648623,-0.05019283309068653,-0.012322853496494254,-0.05563107037960911,-0.08648491390486719,-0.05215479211250297,0.009281853592154658,0.07897882545659582,-0.0019055305832251861,-0.1402601183842895,0.0015842367957755983
596,-0.13833720048101614,0.0586868685280787,-0.05021632408518309,-0.016653191651791247,-0.05639449963856494,-0.08660257890780532,-0.05187056847947721,0.008630047988978094,0.08416646547813746,0.005335509178892721,-0.14316286390157315,0.00027486231133334914
597,-0.14300843202750874,0.05393513390007624,-0.050279506884320944,-0.016966208130978447,-0.05168701916976978,-0.08657701413829798,-0.056746209348262085,0.008693281688861828,0.089343411661781,0.0041396883587157636,-0.1428717956750144,-0.0035365941066250696
598,-0.14742369329286292,0.0501074993879119,-0.04947298939810011,-0.021109594188150237,-0.052795647263082925,-0.08657542963363787,-0.06094266841927084,0.00810752723660421,0.09123812598774395,0.004254267324863422,-0.1425399118665113,-0.0038661370814214286
599,-0.1540541137866133,0.04903095172671169,-0.045573266244422435,-0.022241714992922407,-0.05677429916703555,-0.0865920020225071,-0.06020232632972047,0.002466940379770042,0.09059065183388815,0.004626223592733141,-0.14617576793330303,-0.012858171209992185
600,-0.16164724785521978,0.04545691563199246,-0.04617042608701598,-0.0247997317393442,-0.05583913401233204,-0.08659002045125334,-0.06257967933493053,-2.8171052147253704e-05,0.09494353243875737,5.934977445811677e-05,-0.15138278847558165,-0.012839940903822492
601,-0.16585397016553294,0.04657921479901721,-0.045880181775250745,-0.029920594416565863,-0.058527617824215394,-0.08624272932086395,-0.06534507007473103,-0.002055460166366219,0.09984301602560597,6.276396867015851e-05,-0.15148606157079883,-0.013253447123009424
602,-0.17064143098770868,0.04290618286696871,-0.04645551930856517,-0.03433175213541297,-0.06372465590541639,-0.08076607252808665,-0.06474260930238213,-0.007807143389161779,0.10468001159339262,-2.8842358600759495e-05,-0.1515102266061706,-0.011576362988435786
603,-0.17531419148329547,0.04171551272725449,-0.04241831884009008,-0.03011144894887383,-0.06852342834083777,-0.0779552188408323,-0.06528409748628304,-0.00879351655735543,0.10985887717737398,8.95951574560901e-06,-0.1516625832226593,-0.008519290103040537
604,-0.18000560749989078,0.04182917491260834,-0.04178677508843664,-0.0251806677453826,-0.07340913546348535,-0.07572969345321579,-0.06073297530777937,-0.008616954255419862,0.11271049629761999,-2.3140123593967246e-06,-0.15037302979633219,-0.006641791630250515
605,-0.18472745703098203,0.041672688903988425,-0.04165499464172182,-0.0249688824757237,-0.07831992388274273,-0.07356987861935647,-0.06063846600732758,-0.008370425777882289,0.1141338503440066,5.164951161075405e-07,-0.1421707618651247,-0.0011059969133071174
606,-0.1891619107492283,0.03653226302456018,-0.036552109938733646,-0.01979828100236204,-0.08256066064774802,-0.07068865576530003,-0.06077180179209708,-0.004333915782970406,0.12308814222890159,-9.751882270496758e-08,-0.1352475256635951,0.0030127849423285382
607,-0.1955332116588548,0.03345152202697203,-0.03338108351288815,-0.016592302417783044,-0.0820888779145038,-0.06525000675739658,-0.059272489463718436,-0.0017847698735019549,0.12913297001837873,1.3906842848442783e-08,-0.13078098299495405,0.012632528900649611
608,-0.20367766261279932,0.031672010828597955,-0.03200662503922776,-0.015570662535670613,-0.08259847020591675,-0.06492884390109362,-0.05602424287834671,0.0049503380814108315,0.1340618094819113,-7.129788306177274e-10,-0.12570083735460258,0.013072367995359876
609,-0.20529303781763636,0.029022930758683195,-0.02680708484418197,-0.007987092055363014,-0.08005346315233568,-0.06479896594137537,-0.05468685137807236,0.0063016852207774116,0.13426108615857038,-3.983504296845454e-10,-0.12044735547410362,0.017575716602866217
610,-0.20466146578639838,0.028899918134183196,-0.022086353201211363,0.0019410895751869382,-0.07483738352653332,-0.06602622484925384,-0.045549226281244706,0.011800379961418923,0.14016003283711712,2.0571007194308852e-10,-0.10074318314253666,0.01804259181982187
611,-0.20858302343304946,0.03295978620633959,-0.017772222352489046,0.008087851619905826,-0.07001414899107025,-0.06828576012961318,-0.039920890786029804,0.01651692904455342,0.14865727520615774,-1.0568936925100072e-10,-0.08818795108852115,0.02357950594354794
612,-0.21333828416970063,0.03339061998452797,-0.008770915608816966,0.008286769523175011,-0.06518080956119475,-0.06437201511091882,-0.030687317511940284,0.021458706610744366,0.1552296349670722,2.232367408685962e-10,-0.06511203173349275,0.02789387865112301
613,-0.21778997795924535,0.037850248423168684,-0.004188300217433985,0.012856983227418553,-0.060450601722010285,-0.06505809908069565,-0.025706759490929487,0.02651400655244731,0.16270231067331828,-8.720015377165292e-10,-0.05150391551904125,0.035336948606053964
614,-0.21727292693649392,0.03742706617610912,-0.003133734264190639,0.01805192550892278,-0.060873636492681425,-0.0649192926922285,-0.020786457581098743,0.035852778583047695,0.17004466601657076,3.128928096668294e-09,-0.016836052609115422,0.04629809153878498
615,-0.21902703591149633,0.038624024589524866,0.006957410735861947,0.028050264193917478,-0.05925068912672227,-0.06491708232612911,-0.015651000982900988,0.04024839277088306,0.1805627242924404,-8.893746837285754e-09,0.034888584455432324,0.047561730075498125
616,-0.22189237495453648,0.04409460170537915,0.01680629067623093,0.036015517145664595,-0.05614245728317997,-0.06495701800841486,-0.00022461853886431222,0.04514977021416181,0.18587227825959948,1.17940442086432e-08,0.08881326953781403,0.05191219637484749
617,-0.2237376324556779,0.046305094121075384,0.02166135622250065,0.03765952419376999,-0.05423463386998584,-0.06518924079439858,0.009710885345053561,0.05050362632411584,0.19055309526897662,8.370337624717258e-08,0.10947546999736502,0.05685625178660388
618,-0.22943233580843314,0.04596961328866894,0.01892983910410707,0.039823539066667434,-0.04883344543288027,-0.06983833433871503,0.01103409277206239,0.05193998409185037,0.19108604346973115,-9.138510677362985e-07,0.14531191015403858,0.06056686255225073
619,-0.2299686805351879,0.046035289481322454,0.006356030883952302,0.04896607771299581,-0.044186447025343537,-0.06783409199149701,0.016976278675025342,0.054968842579566184,0.1951095896823825,5.6994431147695145e-06,0.1924684634607218,0.06297762161269148
620,-0.2340985098389652,0.04602177393329665,-0.003620297097620616,0.054040506935010356,-0.039070572032182886,-0.06448315638599238,0.009976794382019389,0.0645163015027348,0.19593855443152494,-2.838455431437853e-05,0.25346108370871456,0.07217875956745297
621,-0.23884982323890014,0.046011174221757545,-0.027632517719465254,0.06314613468110333,-0.03884729180671871,-0.06515799704206518,-0.028303733941055165,0.06949649227748353,0.20362121638504344,0.00012120505994091186,0.2858461951867347,0.07378597373306188
622,-0.24298044971293395,0.04619106281405036,-0.0786152803204498,0.06833407119592455,-0.0335877207467612,-0.06445565830249773,-0.06152209051410894,0.0745824232738775,0.21447758979203047,-0.0004450619114380809,0.2780877118103669,0.07347993264692547
623,-0.24250792551172157,0.04483509347262599,-0.11543710786211585,0.07667027988435085,-0.0299143989823849,-0.06865284013836388,-0.13716010239576065,0.07821985979952746,0.21678693991192852,0.0036550296660372047,0.23011711216084255,0.0738301349679733
624,-0.24307396453972852,0.04139528604582985,-0.1746203480871799,0.07168650267545043,-0.030705171342625695,-0.06927193641204295,-0.2613814175913014,0.0780952389279879,0.21630905377296472,0.004416414728555071,0.2011545273939401,0.06962541150595912
625,-0.2403452757818275,0.04195310696786422,-0.3117501944557604,0.06477174052285402,-0.028161338993593455,-0.06908744622529883,-0.36446133795806235,0.07602107121798742,0.22108013434131388,0.004513089357190654,-0.01327766270224297,0.059853262039537766
626,-0.23796820380563402,0.04178677800135103,-0.45274256524452766,0.056430256782477144,-0.02295181371565814,-0.06461661649583751,-0.4963158685611026,0.06982872645348834,0.2258677565850485,0.009175689075254533,-0.21809324509169095,0.046251490041571836
627,-0.23926421484405905,0.0419449195963264,-0.554596528163409,0.054684481146569305,-0.01812797113051532,-0.0647792197900192,-0.6004285860247912,0.0702365969847201,0.23101398420991337,0.007334096743978111,-0.3774233714270739,0.04214306497645298
628,-0.2305724746127713,0.04167493581942551,-0.6849075208149775,0.05343001954817085,-0.013301035470830336,-0.0666577411292537,-0.7670766465715672,0.0568744129483785,0.23418605133601006,0.0039008678082898297,-0.4749416553727912,0.037488224698488434
629,-0.2301616088734542,0.04612029874371789,-0.8518722960251123,0.07017858187372145,-0.008530382896635295,-0.06981043530718047,-0.8744629659095547,0.05634407605326952,0.2334268421360752,0.0044292680005825385,-0.7210980924682763,0.03000313353325412
630,-0.22387098451342805,0.046540486913280596,-0.9582748466122688,0.02295224559963938,-0.008909135029068243,-0.06868425336505372,-1.0622254197409906,0.049804337607468,0.23472884463785504,0.004308872003374817,-1.0013045965959413,0.022824082729399498
631,-0.21262475966248034,0.05075267374672653,-1.100926789918804,0.012502348096884344,-0.0073596206391310206,-0.07296326158599621,-1.1021877189694664,0.036137495086191955,0.22632545811863403,0.004332232354177297,-1.1616570895133989,0.01836791218418346
632,-0.21111547285963242,0.04970049219816554,-1.1878012954244017,0.009962788220387141,-0.004260370884545253,-0.07344879764113067,-1.17066447310088,0.024694062801050347,0.22517801776292656,0.004328708661360422,-1.2839973600771448,0.013462184804724216
633,-0.1999258059405568,0.052608420389103364,-1.2555780599618358,-0.0014759631460684354,-0.0020225155248906126,-0.07799769801345087,-1.2132631041944757,0.013703766221960392,0.22068047589812478,0.004328962669923184,-1.5076347712558438,0.008626794825675738
634,-0.19408520840765764,0.05465472781669922,-1.3682142177561805,-0.005438495549308914,0.0004423046404463207,-0.07822419590035327,-1.2784050382669276,0.013267494954534642,0.2198898226248705,0.004329035723627032,-1.6195792185179836,0.0037790690773075474
635,-0.1862594811431076,0.0544188550070451,-1.3962016115835725,-0.02574866011060713,-0.0004152572844995485,-0.08378561778436948,-1.3076814254310787,0.009646431934844933,0.2088825388378887,0.004328993417931974,-1.7626504649443187,-0.0010093768651514804
636,-0.1765519111973282,0.05427230483930627,-1.3940570049547993,-0.03335944013016199,0.0040962846271182275,-0.08690756948998547,-1.2566947614591764,0.0046642996404411005,0.20169282754862944,0.004329006676528877,-1.9065297012773326,-0.006166410038205718
637,-0.1715603915770109,0.058846902735181957,-1.3529786393845125,-0.03777256317800697,0.00425217965436882,-0.08651710137027994,-1.1710469813449127,-0.00011434056090630405,0.19420061671573502,0.004329006770381456,-2.009949910038021,-0.009005843703604363
638,-0.17004207523191603,0.06304646648568414,-1.2915401668691269,-0.0378462753925572,0.004997710009013281,-0.08652778215057803,-1.1424797566124891,0.00023191279561544042,0.18755415054281416,0.0043289924089457334,-2.064744504926296,-0.008588870057006027
639,-0.1519217683673783,0.06240576303305651,-1.2490321154208117,-0.044555757111006254,0.0088720874924527,-0.08680446111873152,-1.0575981106635262,-0.0011889362340978863,0.17931605605179318,0.0043290421189261154,-2.1291208657675993,-0.008641226695579245
640,-0.14209931121083327,0.06449782856173396,-1.188581301756619,-0.050981219891275714,0.010035123028932062,-0.08605427179393471,-0.9890569198629423,-0.004784158431135783,0.16935757594974646,0.004328928661529556,-2.140783876775614,-0.008744408989870242
641,-0.1294349453642775,0.06734282535872652,-1.044351797936702,-0.049996520547502164,0.015342045362250221,-0.09527517544747327,-0.882772099290163,-0.004221552960220059,0.15958531392332231,0.0043288686612075475,-2.0578809233477244,-0.008544311057053302
642,-0.11974609269917383,0.06683287142994587,-0.8959013763163474,-0.05036708518952627,0.020693014776161204,-0.09553769140362867,-0.8358245869518612,-0.0043507465651813565,0.15067635230619775,0.004331650787224821,-1.9352625842936289,-0.013163012864653323
643,-0.11516385769492347,0.06706362873742298,-0.8149534246130778,-0.049829654788003816,0.02139634238802627,-0.0998875021545448,-0.757327021970254,-0.004325476126211309,0.14408172229709987,0.004310446517831862,-1.8031371992177692,-0.012902026737172181
644,-0.09811118886314998,0.06674724957119246,-0.7573117660234274,-0.054166801781577775,0.02574852248618834,-0.10054608011785784,-0.6624204565825913,-0.004329344742560334,0.12772131875316645,0.0044272932608059165,-1.5979108372245554,-0.012937619737111702
645,-0.09218778268813053,0.07120405955489087,-0.6108300110830438,-0.0543979050241966,0.02603759150401177,-0.10674802451371408,-0.6173994494839449,-0.004329058805318185,0.11810770248520619,0.0038886481697262983,-1.397422359400897,-0.013389552113255576
646,-0.0782936538899612,0.07160470295241822,-0.550382468345902,-0.05385582268597947,0.031243639467199553,-0.10750858458779809,-0.5544355639426924,-0.004328749566006896,0.11440331759128801,0.007227910723159381,-1.144627766154532,-0.010494082848986239
647,-0.07000783431330304,0.07577101727677488,-0.4487797766763773,-0.04976602617381942,0.03496546133687002,-0.11498489122672043,-0.4811934809753946,-0.00433052517732695,0.10561685072240615,0.008954723224445677,-1.0516090822237878,-0.008673775064885496
648,-0.0658371850306798,0.07521111828086743,-0.3759756571914586,-0.05035047889635747,0.03446096965363497,-0.11681633639563647,-0.425355636667159,-0.004321136384419079,0.09585453817220459,0.008441411967576461,-0.880146596936663,-0.005580019603249048
649,-0.05909793967780453,0.07522955439473268,-0.3504425299297452,-0.050096569995342115,0.03501834752707234,-0.12116543612763093,-0.36926319720497275,-0.004363763198988741,0.08633332347263467,0.013078974316078983,-0.6351663588430462,-0.00016184588495579135
650,-0.049980848269880904,0.0757451011200109,-0.22922479959802675,-0.050533160376473575,0.03196626379925065,-0.12147069327968255,-0.2885242709348753,-0.0041966296374249335,0.07974460874372818,0.01818448208483914,-0.5351987712454833,4.933976682823225e-05
651,-0.036742604416502886,0.071894551750824,-0.1736225477037287,-0.04716173354226736,0.02695051260007545,-0.12597264591047444,-0.23049193859891812,-0.004742890353744715,0.06098825478366482,0.020728162608256166,-0.43797599066234505,0.004676103358010837
652,-0.02972400791397425,0.07100657854227628,-0.12346698700321118,-0.041982434098553935,0.021826140230534648,-0.12541320105739143,-0.14474122514370055,-0.0002199051459113449,0.05434032304496198,0.01836519476591577,-0.31954984558107274,0.003951062831275423
653,-0.025388164745863657,0.07101952075943681,-0.05285555956729047,-0.0417551887478723,0.021588380949844003,-0.1255443144157155,-0.10289656820795218,7.977288408153231e-05,0.04942184883676328,0.022179962012826453,-0.22985482740143598,0.005998668435964988
654,-0.020845343811135095,0.06663254226105564,-0.012962408213415821,-0.03732450439660414,0.01638858858867065,-0.1256649957635423,-0.05040028944581093,0.004720500615868838,0.045107636804580145,0.021650349052683655,-0.15056287489227935,0.008655979765026182
655,-0.020460837473383498,0.06708004615470108,0.04270126879659558,-0.037776131486721015,0.012879107177642013,-0.12507261974440576,0.009044227563790688,0.003915937706910962,0.03613104577756956,0.021251717864607767,-0.12164665752117873,0.011298495043152402
656,-0.015464179461995983,0.06679788030754726,0.062234821000923986,-0.037630452742703366,0.01167682713850501,-0.12936808473896827,0.020983231001939807,0.0061685257231747035,0.030534211007326655,0.025598979858978063,-0.05083861789497926,0.013287105622212412
657,-0.010111965826697518,0.0674707226592891,0.08574517531238444,-0.037631641774165926,0.006217259048105686,-0.1298136430831252,0.04367243569953356,0.008610022004978315,0.025707943647973682,0.02597026810796225,-0.019506691125909446,0.012860494248030856
658,-0.010390155589837326,0.0637665577317059,0.11595763836478647,-0.03778364543438145,0.0015943381381700991,-0.13456689963528867,0.06974768565060857,0.011555426772464149,0.020842794660901737,0.025875396033881393,0.03920630162991714,0.013073568740089359
659,-0.012917206831914704,0.06557536420545784,0.1393175932789712,-0.03724968608936969,-0.0036668198575922776,-0.1395408169101938,0.07839691416411461,0.013126482670599135,0.01605340606541495,0.026961827009427737,0.0696665373758571,0.008525070014653857
660,-0.012484902692272462,0.07099715970057859,0.15390211551969962,-0.04160772144603926,-0.004453793559706243,-0.1429846738102595,0.11062583982506197,0.013120179501517245,0.01071433459539024,0.030522168572838574,0.08627057255404515,0.00802887413024787
661,-0.01257335182429679,0.07120328294808842,0.15900199195254516,-0.04190235081887078,-0.0044248608146143535,-0.14433870068037669,0.11250648731185166,0.008487839444758135,0.008703671167528404,0.031886050452515184,0.11114861580843871,0.003771416118976891
662,-0.01257933733944888,0.07554044101668404,0.1594532482339182,-0.04637986213927675,-0.008834229976031767,-0.14961004223635546,0.11725111253780296,0.004232073525508868,0.005995120825830989,0.037924375989756114,0.11946011755753773,0.004784840249034875
663,-0.012018283607933371,0.07595575187257639,0.16374031631244665,-0.04571427920482525,-0.009603766311764388,-0.15491579064309413,0.11751634579904022,0.0033712902627578986,0.0007800914946294909,0.038705937241383555,0.1321069912017831,0.0021451559384615634
664,-0.008122827422871126,0.08166653412394244,0.16211666724221976,-0.04733971034589026,-0.013485038247662959,-0.1556973956832841,0.12336570466182013,-0.0005875926984915816,-0.004034408212172373,0.042839558818609194,0.13453143905618956,-0.00287782711082303
665,-0.007286834692286529,0.08363299298004957,0.15438856439284865,-0.05269802777628673,-0.012868599461750214,-0.1598038255705574,0.12595690932646866,0.0005578938336719492,-0.008897972956292324,0.043295046674339706,0.1298056297791873,-0.00816336336890532
666,-0.0014481915879606202,0.08608440233782202,0.1481053954203998,-0.05513180436517187,-0.013003226642594977,-0.1647035386179573,0.12501511266737378,-0.0029179370426141962,-0.01394295064226544,0.04330941721640875,0.1292663419543416,-0.008541776648871378
667,-0.0002285890786819975,0.09118418973051,0.13969698222192437,-0.050785747802720854,-0.013011493578905945,-0.1696955457471704,0.12905498396972692,-0.0046271400484450545,-0.017468428144811213,0.04328317036822113,0.12529449133157133,-0.013133804188425338
668,0.00331608212556273,0.09574691694165638,0.1376346176070178,-0.053556525997513926,-0.012925292332264358,-0.1735699265351456,0.12995511833624096,-0.004102120998111273,-0.018613806088761262,0.043284171402698746,0.12413690136700735,-0.018598470338067986
669,0.004202071366151408,0.10045426194518454,0.14224494288931916,-0.06286108030085365,-0.0129231339987288,-0.17275469779638788,0.12987464718158556,-0.0087445163219348,-0.024675943775819408,0.04332896019477563,0.11877829129055187,-0.026742713145931834
670,0.004181563104881602,0.10062101563572631,0.13777456371600685,-0.06250513072242807,-0.008352253438436371,-0.1752150747346462,0.12985511690255508,-0.014235202641910085,-0.025641222387355476,0.043129287633477564,0.1135889629526179,-0.025850692419118713
671,0.000122368617849888,0.10676939095491614,0.13766166362736101,-0.06380437016451576,-0.00876956235161056,-0.18028016065589364,0.1299396454363388,-0.02217947518616594,-0.02985716153915713,0.043845933595463085,0.11241515487139295,-0.02556519915560825
672,0.004690339128434677,0.11542575242982403,0.13050384749319402,-0.06738668728828956,-0.00865073883507916,-0.18558196556440826,0.12950618165565367,-0.02302768268125757,-0.026400309075255073,0.039119443704334345,0.11256274130400853,-0.028875972801914368
673,0.0040539509268569035,0.11689195006921672,0.12309361774958608,-0.06681694658511876,-0.008547310597311114,-0.18603483471162596,0.13212275022751577,-0.026549976626339962,-0.021551522558594296,0.04323221118708099,0.1125436948674741,-0.03020859568688968
674,0.004112681502331523,0.12011653987585959,0.11826227708069201,-0.06705463141214704,-0.009121483553960844,-0.1905958760473009,0.13456539453898234,-0.025497294794943805,-0.021704050517554578,0.043540448022343185,0.11272042829338137,-0.03392159652025006
675,0.004626069380702572,0.12084411542448664,0.11734031712532679,-0.06665914472243276,-0.005187235265492329,-0.1954476415662535,0.13403461968747343,-0.02917088809175828,-0.02164584487440675,0.048060673384121885,0.1113318274218148,-0.038897456831152505
676,0.0010095937401526111,0.12883342629962322,0.11339803699892484,-0.07054215307302997,-0.004235151477862714,-0.20005566620487766,0.13444611340038742,-0.03411383578626329,-0.02153778277394762,0.047460287017275615,0.10787568467192689,-0.043803493095953334
677,-0.00013087656988083418,0.13395224071146256,0.11302590550389084,-0.07533490783373598,-0.004325277463346971,-0.2067202941658281,0.12982659246814698,-0.03898544722718543,-0.022134178921888008,0.04776436633060167,0.10785056099156866,-0.04795752875636642
678,6.539990273167246e-06,0.13824098733262088,0.11731515248849406,-0.07557315796155042,-0.004366635241350125,-0.214880406454028,0.13007126762322366,-0.039234283084737205,-0.01844478068731284,0.04715541410088013,0.11137252727908886,-0.047356600482232655
679,5.21257029945256e-06,0.13870031778501832,0.11790711814457722,-0.0810273206174647,-0.004086500932919013,-0.21863010774133998,0.12883986920446586,-0.044796009588423724,-0.017508090627630216,0.05084297724896354,0.11246044459047659,-0.0488584204320111
680,-1.4904692886276491e-05,0.1442856907165117,0.12264477692619039,-0.08329199343283909,-0.005894820438042758,-0.22747485176554647,0.12510928606941846,-0.047644312576832354,-0.013209645794888243,0.05217934950134966,0.11650028980970578,-0.057076404752154405
681,7.88911714493474e-05,0.1467072049465915,0.1302098645206379,-0.0879891924882223,-0.009213754724342533,-0.2333339600467647,0.12553562736016463,-0.0495308737384513,-0.013027580050794416,0.051847626023524294,0.121333538383353,-0.06387738080193221
682,-0.0003837650628798336,0.1465099426813198,0.13412308602324807,-0.09237687861114742,-0.00806564619198536,-0.2380843760501008,0.12598396879033705,-0.05432461423377903,-0.012958879866869083,0.056405114381026016,0.12086366057783533,-0.0684372929404876
683,0.0024090189830056406,0.14602696566983606,0.13681936881233106,-0.09491476429541638,-0.01223000754256876,-0.24293613709553133,0.12210355880918271,-0.06298557083838584,-0.013002267833733809,0.05696895563926951,0.12332553117870217,-0.07326178171875748
684,0.004610247571841574,0.15032784151391,0.14175381431887396,-0.10003007784529648,-0.012812907643397526,-0.24779510604000993,0.12111755663366588,-0.06887329940670214,-0.012954222999850017,0.060952906357022586,0.1326855512419518,-0.07800399444690562
685,0.003701640866502266,0.15064347778513865,0.1464605465557852,-0.10465686177449228,-0.017334729555936516,-0.25267146456871625,0.12121227807033372,-0.0736327140835011,-0.013118959461448587,0.061616269001492446,0.1340149321129686,-0.07813174821174061
686,0.008333757421417842,0.15510877251457178,0.14638361610939507,-0.11388370029482416,-0.01756615911152161,-0.2574153537510747,0.12109416736498273,-0.0782347794040098,-0.012497284086380801,0.07049506853452708,0.1369175491832854,-0.0849378978973056
687,0.004010985845093643,0.15467406058325855,0.14646780325914213,-0.11736978512998564,-0.02300096339999322,-0.26274313704684576,0.12223924980217256,-0.07710536607785846,-0.01672728650911858,0.07415783893135651,0.14193563059302317,-0.09168136372542306
688,0.004339817321227395,0.15495539901824612,0.1464347327088552,-0.11708965357087492,-0.026657642442862336,-0.26422983193842564,0.12563511555516474,-0.08269875806478624,-0.017205235650661514,0.07325656391201364,0.14709757336346657,-0.09083224474449605
689,0.0038699901107989714,0.15430002865265716,0.14645323178684047,-0.11717970414111693,-0.023712886975061406,-0.2641477395414081,0.12770443783410693,-0.09183117990850108,-0.02179534913906734,0.07769090819721536,0.14746197428439747,-0.09049421648657582
690,0.0059130494642100455,0.157855930692928,0.14641142030280374,-0.11711480850357657,-0.021283231230924578,-0.26397477948441017,0.12987307869826445,-0.09317962803288388,-0.0215288531027712,0.08255853928772129,0.15700874610709675,-0.09240657381965285
691,0.008647212603734595,0.15635998282254235,0.14654975850374502,-0.11727806493581636,-0.02181548016349731,-0.26831570406998706,0.1328811112019169,-0.09826124989494849,-0.021777212103639938,0.08758996741096312,0.16178060786290596,-0.0755034458175143
692,0.008733365250599786,0.15081329294405707,0.14618793209138278,-0.11404009533570196,-0.02136791839892362,-0.26362723410681127,0.13802538420490468,-0.10415065816750395,-0.02113768144087438,0.09127464394883603,0.1638278651339827,-0.06925915928046589
693,0.004965381348497415,0.15062569920929392,0.15062989660264844,-0.09621528441182124,-0.025976210349734557,-0.26391098694671394,0.14286066551885587,-0.09089526879147665,-0.024553998432297865,0.09078409270388428,0.1713286657174718,-0.06175243588698696
694,0.004102921837313237,0.1462797816430856,0.1504473673023054,-0.06273053468519843,-0.02590079958230772,-0.26597929062277814,0.1477176385570977,-0.07130947351207984,-0.023200166052299964,0.09105451227426437,0.18135854864312836,-0.017783130448665595
695,0.0041794440728638695,0.14559543509390035,0.1515985540505423,-0.03405488451585037,-0.026008453925431673,-0.26878497063551676,0.15265520234420774,-0.05316832778361339,-0.0214284072086977,0.090452509005685,0.18446783640382275,0.03457038012764126
696,0.004198599027869904,0.1421326932576523,0.1550086078949479,-0.004945011702237125,-0.025940158924334926,-0.26834915339592125,0.1571140567138783,-0.056665553929330745,-0.021652169374819646,0.09459017220359309,0.1984018013067469,-0.0646468886673478
697,0.004118046942223225,0.14019807702895512,0.1563584145000711,0.055935550301444405,-0.026092425283887295,-0.2683299951116037,0.16446515038194787,-0.02220630550962446,-0.021604199155005107,0.09528987576360824,0.20358001214963103,0.11868263532317584
698,0.004530286366442439,0.1381292940325749,0.1620534211550922,0.20137055913938398,-0.025506866578901905,-0.2685152866216179,0.1719153006214472,0.024310108322148624,-0.022272861577060356,0.09526231968612878,0.20933545060037131,0.7387614932120193
699,0.0020603917964593928,0.1349835343304316,0.16332134588600586,0.4106490948644928,-0.029348367546740382,-0.2637989509066172,0.1761795750644825,0.16903504183201407,-0.026426695309746877,0.09506699403853268,0.21765382587501747,1.0229009440952355
700,-0.0003436885089850869,0.13076573608410724,0.16321280771021365,0.49695961099947406,-0.030416606241521992,-0.2583073265268595,0.18161860483435313,0.37284818715544926,-0.025850340194374866,0.0964267885823971,0.2260337485597757,1.2615528918834908
701,8.969989369182648e-05,0.11721639835003163,0.16316776018643153,0.597101929670136,-0.030301664861005856,-0.24912402788433763,0.18179072706539226,0.4883987515483136,-0.026002808011971495,0.1001399076325865,0.23744255991989352,1.4735289793678286
702,-8.080176557431686e-05,0.11262062196466913,0.16798009928622737,0.8638628682973486,-0.03029077492126894,-0.24579950299538592,0.19131361041158387,0.6511194233501738,-0.025968873487025212,0.09896946052987687,0.23786250310142618,1.748560983410333
703,2.519655940536156e-05,0.10766668446310243,0.17190204974155868,0.9859612200562935,-0.030365151990611124,-0.23511369121678266,0.19572746329823998,0.7173446238129192,-0.025973034976246756,0.1027742468166555,0.24125359701092278,1.9181813583258205
704,-0.004424749768753177,0.10337445523977876,0.17111096550806693,1.0964410606543413,-0.029961209020604337,-0.22595996193876683,0.20066912409628954,0.626717017385847,-0.025977227234522164,0.10369939767908579,0.250237692738939,1.8170804765563493
705,-0.004079050792764099,0.09653001538175823,0.17370286986018468,1.1776266841613958,-0.032416445381354485,-0.22161065874093258,0.20600345872331263,0.7246999366380792,-0.02598566937920263,0.10798071847837526,0.2645568496048335,1.3784041741175057
706,-0.004216429712234904,0.08828992690317362,0.17570898614960778,1.2201610401499396,-0.034990009204192964,-0.2170752106943173,0.20770881521594176,1.005979711079062,-0.025812711159620607,0.1081929775689657,0.26880655616056565,1.2538911569520448
707,-0.004175249577277364,0.0894236915028427,0.1786025468395172,1.2917456485468977,-0.03456672910326554,-0.20284440185690616,0.21074378823878237,1.203478651280511,-0.027160170063291876,0.10820491121873413,0.27556671002302396,1.5790457624405427
708,-0.004188243570165901,0.07286536644503358,0.18348113174728098,1.3111700249441265,-0.03464063920867759,-0.18938462437083692,0.215885923093365,1.3020937437334226,-0.030762132362083364,0.10852722584250514,0.28191217136675667,1.8600740467467447
709,-0.004175639998747355,0.0711168142407925,0.18826206558088118,1.3470477846607969,-0.034631848302517754,-0.18438970592445353,0.22071975002441463,1.6838713924728113,-0.0302038264900307,0.10629791774425139,0.2838981240235726,1.7824715961721052
710,-0.004206744043505006,0.06633662328226643,0.1885053978082537,1.331748131165048,-0.03463207479128136,-0.17262607571497027,0.22559197954305032,1.856796245831664,-0.030291728523004758,0.10427609615306856,0.3056060733295332,1.7427128168467292
711,-0.004156506967942133,0.06206149968040358,0.19356073991465728,1.2889269029259753,-0.03462889803894682,-0.15680954528229069,0.23039548808891097,1.8198334810177585,-0.030399055533164174,0.09842064190461373,0.3159068072144038,1.6479966953107092
712,-0.003952435926968362,0.05554882144328703,0.19809619778451498,1.162237659071913,-0.034650954976385706,-0.14855825547234877,0.2356524831900415,1.7057864975471042,-0.030130920274559807,0.09135600993871473,0.31982493241249804,1.5444465455006984
713,0.0003959146714553053,0.04828885420619363,0.20298291361954748,1.0425923609510328,-0.03454205110032663,-0.14080065917837212,0.23811490177310723,1.581990752601789,-0.034765050700424315,0.0907073016011024,0.3344780328711004,1.3864611806115132
714,-0.00033042608610579663,0.040503057314806676,0.20707697943171022,0.9268210361721106,-0.03499984753391606,-0.13071255866045356,0.24033405220602597,1.5400216817717893,-0.034550648255639,0.09059250164537341,0.3567950042707867,1.1668176596246644
715,0.0014447608920260442,0.03756404334638435,0.21556785975351242,0.7846287825055894,-0.031665377894010166,-0.12105607362658471,0.2457409347343637,1.350182418242641,-0.03458241337362092,0.07707570387065338,0.3614776064695364,1.0818310303409133
716,0.006967988106892397,0.034164735264941494,0.2209954857659349,0.5839862351012424,-0.026574731565889756,-0.1067288769866803,0.25022319340104343,1.136116130469473,-0.03504398620858301,0.07732740097603559,0.36990485278612634,0.9959144261408456
717,0.008548257715420384,0.029419648259299228,0.22996670169122338,0.46785481376075205,-0.02173586831485234,-0.09773702984811672,0.2595362221565888,1.0186560478030042,-0.03206649444087553,0.07204174548120808,0.37816277798758646,0.8200886827473066
718,0.008430214930899172,0.020164706097360128,0.23444145590325627,0.5681200827204548,-0.016866201936956378,-0.08581293474256549,0.26901824470545305,0.9516579606560416,-0.03049108946680694,0.06459212973605584,0.3976322476847716,0.6605776669337046
719,0.008196850249479169,0.01675479721626009,0.23409680662678337,0.5165914105291602,-0.012034996339570173,-0.0742476515470588,0.2736278292608928,0.8107327564759857,-0.02662514555761355,0.057922042377258606,0.40993875456188156,0.5146679522453613
720,0.012664212171033896,0.015339675072043393,0.23544789834595067,0.20847254908111265,-0.006944781351800313,-0.057545126733340536,0.2786304094246355,0.6459193315374571,-0.02608141344648411,0.04944360888637172,0.41910079253586147,0.3471146070899737
721,0.012468194269438172,0.012544095870146897,0.24054355363731397,-0.6758988916744438,-0.0031888415345587085,-0.051489967081732604,0.2833031713547717,0.4787577449740346,-0.01644121855357062,0.04369982954943886,0.4335233212818131,0.1659251165807772
722,0.012563963453553111,0.0099398563186568,0.24527901187200638,-0.8293459068202961,0.00824986506904724,-0.04821631121691983,0.2888665381300572,0.3609723085821769,0.0016612468687362551,0.03892419271525764,0.44247590111473456,0.004526974334419414
723,0.012644068016655512,0.008553765808809512,0.24950326900564967,-0.4095748210541025,0.0139069764914087,-0.047591134783881786,0.2895888526418774,0.08494116352870668,0.005547044410166534,0.038654861101876964,0.4567465393699574,-0.09882202780654116
724,0.012107468385146395,0.004639054494040118,0.2581911337108852,-0.5103482719943342,0.012348760942486684,-0.04699432760301575,0.29705604010013015,-0.04751215641596447,0.009084061421674611,0.03327271914806578,0.4748335010069986,-0.16416402869150132
725,0.01543000381963631,0.004232418865628931,0.26357754869972433,-0.8366509768375906,0.02140896953827258,-0.037253685288309794,0.30720351657054507,-0.12203272033650017,0.008664817139815371,0.02907420507185116,0.48233275447683727,-0.29063045063872994
726,0.016767437041781602,-0.0002307291707515477,0.2638757886300193,-0.8358178669172538,0.025987850683855583,-0.034765901872287695,0.312356434359641,-0.295224373524168,0.008256348875933187,0.021181464545798685,0.49813338957728515,-0.4219830911794589
727,0.02007143888474779,0.00011028407037684708,0.2680591245058507,-0.8030399130327882,0.026832521226044792,-0.03254607639571748,0.3218383488361273,-0.4118556526723822,0.012172682429526344,0.016582286904950286,0.5127027431525765,-0.48139647230052457
728,0.029335839106196943,-3.464520258720101e-05,0.2685398756359639,-0.7581899950891092,0.030138527125761625,-0.030375848261209426,0.32529316145552156,-0.48070014502645025,0.013234741079602697,0.01785475624137821,0.523476283857614,-0.5582964098131751
729,0.029612565052865043,8.99559850358358e-06,0.2754728739892475,-0.6928750095120505,0.03418154283372161,-0.02715645006601242,0.3355456157593478,-0.4945837444872795,0.008577826555906295,0.013298473253767111,0.5287051160107539,-0.570280135099477
730,0.0337688630207654,-2.0141566834889923e-06,0.2861515285027667,-0.651043427346162,0.03974899601460129,-0.025750202260903222,0.3424256515925639,-0.5493683073195269,0.008138792443716436,0.01297618854090968,0.5488495945009189,-0.5544853897825945
731,0.03446163828123435,3.811917910944222e-07,0.28873911314878586,-0.5669786310839642,0.03877971232041136,-0.026063440100716095,0.3471240183278956,-0.5836847568175941,0.003774233871121522,0.007929089555045432,0.567155985792242,-0.5342037981232173
732,0.0402774834399586,-5.46419759557954e-08,0.2921161290858635,-0.5021233792862071,0.03907547723022212,-0.021263476176589483,0.3618410355621551,-0.5564579607029209,0.004842516822501339,0.003958456424587993,0.5799033045628161,-0.5186833425655464
733,0.04172240074343967,2.996776015586139e-09,0.2968696604510571,-0.4743483417455209,0.03886241722683081,-0.016322657197707955,0.37196896406340724,-0.5457774387160068,0.0019047061232585114,0.004796153244767701,0.5884157999047874,-0.49778616334456216
734,0.044722503433424224,3.440896164133145e-09,0.306305775254364,-0.39957629385749915,0.04342171132238864,-0.012509159192798162,0.3812377298089423,-0.5312024695140855,-0.00042906746085093867,0.0020132640503184424,0.6042819189862646,-0.45957557383982817
735,0.049589876727015016,-1.945908488885752e-08,0.3147816280770668,-0.33845516701607337,0.04397057135432796,-0.013625998880884133,0.3813628190144069,-0.501918480612403,0.00044898524500054887,0.00014658733550577995,0.6222411130700296,-0.4346909830330617
736,0.054349049017032455,1.131526986792989e-07,0.32061970313849053,-0.2955156333124207,0.048024717660025015,-0.009864437300302783,0.3872693309372956,-0.4598926181743977,-0.00415679316376638,-0.0034060417025029675,0.6263323914582857,-0.4023106513389611
737,0.054347126559240885,-5.513623216624544e-07,0.3287206816611962,-0.26558718574323936,0.04792556613148443,-0.011937956198508359,0.40234288029114157,-0.4249784357375099,-0.004456765447490499,-0.004244650151848086,0.6587970976376122,-0.3827953502954729
738,0.054397336885448684,2.3112835701779253e-06,0.3330068420691987,-0.2426295259789886,0.044951622462823033,-0.009558008287443106,0.4144287566887631,-0.3975900528914235,-0.00890143394022545,-0.008625972040141268,0.658814358351925,-0.359954507399151
739,0.05449324283815054,-8.282166982816439e-06,0.3372937140560221,-0.21814108944152805,0.04336182432446413,-0.008543848282316125,0.42146709610826194,-0.36834286742561767,-0.009498707891214117,-0.013164907061852936,0.6755570178080058,-0.3228314489483437
740,0.05387958269520375,2.3211080888391137e-05,0.3460024052712423,-0.1924190182536257,0.039845091857943576,-0.008476433936349208,0.43108127068731045,-0.3557863566340029,-0.014852268039547485,-0.012969202654559673,0.688633648959252,-0.2999715182203455
741,0.057381184150267626,-2.7982880989697444e-05,0.3513472736635579,-0.17206488301489678,0.034799743826223535,-0.003989149740733559,0.445516505338782,-0.3304741543787198,-0.020157795793086873,-0.012664017064814131,0.7088436636455189,-0.28846637973880535
742,0.055647859773168405,-0.0002455934721335677,0.3562493250394929,-0.1576442239868964,0.02988905011052162,-0.004445860520355357,0.4508229694015605,-0.2970191825934003,-0.02140640259987145,-0.015114904133391845,0.7285983480092755,-0.2775129602587714
743,0.05453013535885606,-0.004552372251081449,0.36523884521466143,-0.14027619277743894,0.025709892994102153,-0.004299153323609056,0.45919057233849986,-0.28392282418765896,-0.025302782991257693,-0.01754398484878745,0.7356131255141178,-0.26773682446173996
744,0.050382374109970936,-0.004064518078354429,0.3694636259181676,-0.1285746893043374,0.025704902171281227,-0.004325643174393459,0.46149833772824833,-0.2741050322326676,-0.025897575781729264,-0.017711745188512127,0.7392860613590589,-0.2431134882463789
745,0.05029555207283212,-0.004217618740044831,0.3743178521040748,-0.11400064143204595,0.015299575288169774,-0.004369446476113764,0.4673055329883877,-0.25208071883593125,-0.030557925047834156,-0.013394019530113963,0.7628811420329902,-0.22787704175583806
746,0.04969681499032274,-0.004168472222723908,0.3789697728542374,-0.11073251354388475,0.007941014248404758,-0.004197074086993077,0.4748848746567644,-0.23117458143584851,-0.03536199570009859,-0.013023139953374261,0.7766948778702821,-0.22035475848272618
747,0.0444588496967827,-0.004216078808565054,0.3837318636430583,-0.10619528684803514,0.006160015090691889,-0.00460027737139753,0.4833131297741734,-0.22685433738335806,-0.0402864771325227,-0.008404283862254395,0.7936503298462534,-0.20897919160298314
748,0.04133591063232944,-0.004096426737162748,0.38828139664446193,-0.09764101623460084,0.0003496804777006627,-8.214975209583646e-06,0.49580024491915553,-0.21794300870770064,-0.045043287187893154,-0.008773576215505088,0.8072541001662284,-0.20522514502976807
749,0.04268391947846801,-0.004302552667548895,0.3932504949591767,-0.09210031825481135,6.525419337825899e-05,-0.004726211580934307,0.5020040991254026,-0.20838407125250732,-0.05037114474666268,-0.008622218466850398,0.817950334276784,-0.20022991687421093
750,0.03640038741160175,0.00018749587559803972,0.39366475122219025,-0.09191016733137373,-0.0047411977844096,-0.004182238024795027,0.5066308863661315,-0.19428763030953242,-0.052146363561363145,-0.0086672342011091,0.8369287635601417,-0.19235692143687655
751,0.029669688535985582,-0.0002585824109804934,0.40297420770633385,-0.08682133259789919,-0.00897895729081973,-0.004364423000247858,0.5067810397190975,-0.18832466168622894,-0.05203712699378523,-0.008655952587626881,0.8453748941804203,-0.17326400332134353
752,0.029205575658583085,0.0011846800438017034,0.406980109270066,-0.08327954424061254,-0.00824096490918701,-0.004350394128956576,0.5136379412348382,-0.17547431074598377,-0.051722457637911196,-0.00865839881417728,0.8727692206134511,-0.1734601463196394
753,0.029189014532895387,0.005007499773927447,0.412335977994635,-0.08417941223699575,-0.010705354141513171,-0.004206381962030293,0.5217531953199759,-0.16931991331720336,-0.05625402594402675,-0.008657945256049114,0.8830964975238859,-0.1724122127003869
754,0.024754986060556223,0.0016405434539872718,0.41418660043751043,-0.08112718494679008,-0.012812403283585438,-0.004741413220016765,0.5265405621531972,-0.1635550229311055,-0.051521403373641216,-0.00865801979553367,0.8912944042717371,-0.1671677262296708
755,0.025516550306600282,-0.0002478040848139583,0.4167749454493186,-0.07956753267717298,-0.016414636543970837,-0.0003867265886798887,0.5284079962927107,-0.16533575582797264,-0.05202712506602379,-0.008658114469878055,0.9167456251496212,-0.16300624244014042
756,0.023220563970605082,1.299846917817175e-05,0.42212467484648963,-0.07624370354947158,-0.014051843854432793,-2.3423512832465736e-06,0.5280281656326933,-0.1577262291551345,-0.052286766605596446,-0.008656999025664443,0.920377872463527,-0.15473658550038982
757,0.022281933711270595,3.61534155919952e-05,0.4226604147022539,-0.07134459560877027,-0.008913198005517103,1.9570241564314427e-05,0.5282502723944595,-0.14753956456087367,-0.04957263429430105,-0.00866407901643991,0.9316732321080229,-0.1508852875466284
758,0.028258659997061442,0.00021135314743348166,0.42279066702396395,-0.06660416891689,-0.0042048353308275594,-8.039420560889735e-06,0.5234722647921413,-0.14254222466581912,-0.04719518869510555,-0.008628405844713527,0.9384754708486971,-0.1519709301255127
759,0.029535029517977214,0.004373334834079885,0.42724323158515215,-0.06266518500439629,-0.0042819869567721665,2.4043019077535928e-06,0.5188174380336814,-0.13834972210484456,-0.048024348294908314,-0.008782196385254838,0.9397030913255525,-0.14732833384869223
760,0.029023075776916433,0.005242718516815498,0.42578609390349237,-0.06157555276511243,-0.0052510267001514566,-6.075858277969856e-07,0.5127196681508702,-0.13768225237048742,-0.04355636665320061,-0.008211581887556935,0.9356145841384391,-0.14705634126400616
761,0.03347952382821115,0.008948993200024418,0.4202060163875489,-0.05851487676296824,-0.010952491263035885,1.3326046210726807e-07,0.5028613231854847,-0.13188038533222415,-0.043429388616783096,-0.012399245275917778,0.9260761780131703,-0.14245769086581445
762,0.03330175311783581,0.007803463788838003,0.4189082693762417,-0.05619256307386247,-0.013391512885439005,-2.4707824971095913e-08,0.49104751575612454,-0.12948733916836122,-0.04853106210960209,-0.01302432424507962,0.921442175995669,-0.14318564200708958
763,0.034373118872675995,0.011430478368175165,0.41284144758240604,-0.05441026114027611,-0.012501702651003123,3.535827717760308e-09,0.4751212054127761,-0.1302917059724578,-0.0523613622615067,-0.013004827510176693,0.9161198920623363,-0.1414875897236561
764,0.038128714251498025,0.012596390762520513,0.4063475723856131,-0.05124859758666732,-0.016582980470325862,-2.4302139474371997e-10,0.4681249482472973,-0.12646065781720006,-0.051462166085222145,-0.012930062721562417,0.9014048900736334,-0.13579399873271894
765,0.037404891066215154,0.012728423262926183,0.40210339878208745,-0.04615702450067081,-0.01749398469954262,-2.3171447153169216e-09,0.4598943112925575,-0.12151213057648853,-0.054406572713990256,-0.013298346416082437,0.887190843493743,-0.1339806807998083
766,0.038250671725951396,0.008385041797899985,0.39288545968115435,-0.04604339895895962,-0.012720063217881153,2.0107305302590914e-08,0.43598928955543076,-0.11676346977488257,-0.05648689405187044,-0.011065082860108329,0.8495466702624147,-0.13416353849774362
767,0.03405685333712496,0.013151718695259624,0.3888139869455525,-0.046122795816192205,-0.007697112649937947,-1.1844724124697737e-07,0.4239748084707496,-0.11696944915598007,-0.05650968030493945,-0.008389761298363158,0.8196127912932174,-0.13437660255532954
768,0.03700912948537059,0.011238511579857103,0.3808278007742392,-0.04516005717817835,-0.004266849979224454,5.724832320995484e-07,0.4121689984895029,-0.11679474983364316,-0.0523641248492208,-0.008282277878833948,0.8107643098017154,-0.12984747280695574
769,0.037707746614527304,0.00796337669896161,0.36080605216901307,-0.03956372848672997,-0.002552836855183674,-2.3913806145734352e-06,0.3803508691182815,-0.11720681575926753,-0.047502883422974665,-0.012332188118484001,0.7771857094695483,-0.12543011526615502
770,0.03797174097563615,0.008464944956846415,0.3567972850627352,-0.037687884719753484,0.00018295479148699447,8.591563770933037e-06,0.36409274783470186,-0.11476268166878792,-0.04813566160261571,-0.013035494634071438,0.7370634388101621,-0.1248883149658811
771,0.04200507268684624,0.0083408229713676,0.342045017267954,-0.035221322354505175,0.0008159315740715273,-2.446755897247205e-05,0.3557598386407672,-0.10964405089167771,-0.05349986615346008,-0.01299469254698908,0.7185756316316491,-0.11962632174902144
772,0.043082995438016296,0.00839685207254887,0.3240456007516973,-0.02967765272630012,-0.007215939108510063,3.343143406900345e-05,0.32235184757299795,-0.10445309166283906,-0.05677179740224112,-0.013025103107242432,0.68182408596294,-0.11440662312843432
773,0.046093307230036844,0.008323352926415253,0.3073928206198226,-0.029424584249922673,-0.00884625583774745,0.00022125740056497064,0.30339228376623567,-0.1038617313719781,-0.0555385891306458,-0.012699020237376799,0.6431498575786366,-0.11268499914959926
774,0.04840697842497023,0.008215609512657112,0.27549763814077033,-0.025003919477425897,-0.008919641895634208,0.004696916151628902,0.2934779636086348,-0.10393060194748498,-0.06140511972150604,-0.01480944700954098,0.6045606928724003,-0.10949855674589383
775,0.050388718949548474,0.0038478760378815014,0.2681975514105514,-0.02470427070605223,-0.019076442772908757,0.004206902975518963,0.2692922541915762,-0.10328461629928379,-0.07261137826535377,-0.017717586233236906,0.5748695723985632,-0.10772752154474176
776,0.0505104313860399,0.0043005853881582495,0.23803089660633486,-0.019668244187366693,-0.027787099225188877,0.004361835487485293,0.24952921816784943,-0.09911491325839876,-0.07350139324446535,-0.017235679253934433,0.5299818344906847,-0.11243050588411983
777,0.04620986331053278,0.004152567278148095,0.22953547150349496,-0.014312549220369746,-0.030692080692750933,0.0043219001587472645,0.22384129458218158,-0.09969193793030082,-0.078053893612347,-0.017328506735667503,0.5186172385604714,-0.11256519794578712
778,0.04604439318591832,0.004189366379197989,0.21732107905758086,-0.014603807926405721,-0.02975787160809877,0.0043283605116106495,0.20423544267833724,-0.09953546618732287,-0.07782083417680948,-0.017315497666654925,0.47106903803726996,-0.11195720528549775
779,0.04623938966918923,0.0041911886694731395,0.2026370870056677,-0.016968876055717237,-0.03344259971453979,0.004335405523597517,0.18973924283897378,-0.0995818365894381,-0.07795766885273836,-0.017317828249290887,0.42741245461568944,-0.1074750291288221
780,0.044249506368767906,0.004157921394807396,0.183398843110081,-0.017069539324452557,-0.03453655920308487,0.004316889894592176,0.1555341741323878,-0.09953907289002298,-0.07791223983053479,-0.017287045786394773,0.40724039686250396,-0.11014304401080889
781,0.03376194048638907,0.0042329319048233765,0.16415855768818172,-0.012743980978663395,-0.03851649095765819,0.004295571715527012,0.15188587891616095,-0.09961723841634791,-0.07792440185627751,-0.017510475136467068,0.35470200808127167,-0.11290975505643355
782,0.026284851259406033,0.004315540732777629,0.1543218094151194,-0.012451868831499586,-0.04337959131774684,0.004866493516298881,0.1287774809481297,-0.09970177277206761,-0.07792160830687976,-0.015990590185699552,0.3235256576139183,-0.11256632600392148
783,0.025399683313799607,0.008678137288793249,0.14088230196124832,-0.008028113843749301,-0.043112735353151035,0.009373100612415811,0.1104749673300395,-0.10423772350836799,-0.0779221537439467,-0.009998098210697904,0.287661924760871,-0.1122792164727611
784,0.02160352556391975,0.008370457372335742,0.1284777470864905,-0.008415721976915255,-0.044184771603578685,0.006823927756183587,0.10348836857109579,-0.10375658328892967,-0.07792207083702647,-0.009169213918906514,0.26213683342647004,-0.11633344086793568
785,0.021068717250787874,0.007481441709963497,0.10668929379710906,-0.008732609123009622,-0.049767549056374,0.003942170243407088,0.0908358257799419,-0.10403207587958027,-0.07792207697938265,-0.0021250361260569967,0.21971795574645628,-0.12124788508123231
786,0.016687016173546156,-0.0009438138098157564,0.09389876520053819,-0.0059503806602356985,-0.05249075352754951,0.004408846541903553,0.07393349170897343,-0.1034351593355752,-0.07792207893314432,0.007858557336401666,0.20937206019339993,-0.1211549723712201
787,0.01634663015675769,-0.004237386698482055,0.07930189173817487,-0.0043595781588940076,-0.05097289043124609,0.004317314366366522,0.07098203126228773,-0.10689913479658417,-0.07792207569406735,0.017481131251893434,0.18682919791426786,-0.12123447305018033
788,0.012103561038020563,-0.007623566102518863,0.0679442216910437,-0.0006753902230579255,-0.05907729723790033,0.004326064502632452,0.06599234261201063,-0.10841462051812836,-0.07792208823547957,0.01688310158200183,0.16345642741351804,-0.1212050802900295
789,0.012677544295375086,-0.008305885621787069,0.0669128218750023,-0.00013113557963201307,-0.06080121652380498,0.004325166594919063,0.05727351905186619,-0.10820996253703673,-0.07792203286613247,0.0196041482887094,0.13402124717979624,-0.12121599686960645
790,0.012542571200519935,-0.012770092300381055,0.06238030457381014,0.004265833624046388,-0.06073243732911629,0.004452027015803687,0.04284758017604252,-0.10823125775044602,-0.07792224814001585,0.02652317017301328,0.11885697094553557,-0.12120277759668555
791,0.01247016281800646,-0.016849518413986134,0.04842969952207082,0.004485127345222266,-0.06525142152813745,0.003339137910761208,0.03363682091033964,-0.10808231374720526,-0.0779215541080024,0.028034723658274655,0.10105400814691795,-0.12124339270233582
792,0.012850475052257756,-0.01753470606079555,0.04008964777166739,0.009942782037144772,-0.06482207402583277,-0.0004735303907944712,0.030022421345982982,-0.10932668475811376,-0.07792305038802987,0.03079918323069619,0.09607922879391287,-0.12112778397559837
793,0.009044711276577426,-0.022658954825263845,0.03809338944255017,0.012623469235867156,-0.06496038801546122,0.00014701142802629936,0.030355633295661367,-0.1130207567248329,-0.07792466393099096,0.029838227825780772,0.07739699868282914,-0.12129915266445652
794,0.004201340847710055,-0.02774953131024012,0.03319047354793846,0.014220149587614013,-0.06495742808095509,-0.00014926022977582943,0.03040677425445454,-0.11243408667239245,-0.07788122295162869,0.034322920973549984,0.07265412130693631,-0.11668367554584917
795,0.004323588549595738,-0.029184448305402386,0.02869008170267712,0.020252136305485374,-0.06482138086218343,0.00042316506980259196,0.028596775998916437,-0.11261026791127239,-0.07819867468181467,0.03462262934223744,0.0622606054678347,-0.11697992909268909
796,0.0033433207579606564,-0.03237375686781622,0.029289389974233047,0.020030842099496293,-0.06529937573250665,-0.0038982396154410917,0.015568422880310453,-0.11244519960316134,-0.07616409476312232,0.03448315484195519,0.052290179384467006,-0.11687811149028644
797,-0.0005121650244831017,-0.037284216088182574,0.029492611039350036,0.0323833555130487,-0.060956119817415215,-0.004335763854492365,0.008681458450809719,-0.11276999011164184,-0.07318356188636436,0.03595414901262077,0.04535357184945336,-0.11675426817683053
798,0.0004415800766056608,-0.041966443043738935,0.025035757196718838,0.037646071197747925,-0.06071636981017419,-0.004445184184487212,0.008573572707761958,-0.10814398214057876,-0.07367824861351233,0.03749535554014211,0.03752717037606189,-0.1174705568228656
799,-0.0022630363051709436,-0.046816270952896005,0.024951740393924424,0.03819132478748063,-0.06526663245282815,-0.0034492769573757965,0.004004386867918613,-0.10831129650332968,-0.07357236647639884,0.03612676174597547,0.030713479310039014,-0.11333808986514042
800,-0.007144468812208585,-0.0502745731946161,0.018332310542348823,0.042001187036068,-0.06457506704374366,0.0004618012459131923,0.004444390933034694,-0.10818853123640032,-0.0736079555234959,0.041359360036155424,0.030230670630665066,-0.11606513315062349
801,-0.012118996769011521,-0.05182657031688227,0.012134620582929346,0.04343115098531943,-0.06658390149645553,-0.00011252946249227937,0.004319730883661907,-0.10826081392498925,-0.07362845091481421,0.050295665696442185,0.030197538972669816,-0.11677555967712422
802,-0.01257653601108178,-0.05439420488967211,0.010540852271983625,0.046034003725273574,-0.06992521341510556,1.8716576736420437e-06,0.004225997682713274,-0.1081028756171861,-0.07300774792853754,0.0522097430635626,0.025121772621186703,-0.12131158041945285
803,-0.012557639283263304,-0.057118627935249716,0.007894437427476694,0.04874326157548337,-0.0682152311306948,8.082738983355726e-05,0.004757872106616844,-0.10869031857748482,-0.06880257542195053,0.0519809007476647,0.02072747619701244,-0.12098974982754948
804,-0.012601077742908702,-0.05884923023336333,0.008813865854779336,0.05049991418256191,-0.07641161706347606,-0.00023244205764971478,0.0009263480965852626,-0.10471241912214246,-0.0694619176883141,0.05620342786712213,0.013437923949603938,-0.12225118142171752
805,-0.01221941858839442,-0.05843098221024205,0.00448584420576254,0.05002278395320584,-0.07784941533608156,0.004143955340988305,-0.0003149392477024949,-0.10381618021785582,-0.06890966327138473,0.05064417097743741,0.007918577121674946,-0.12610064992898426
806,-0.014575167428320154,-0.05843872266706726,0.004199997995456551,0.05451853706228212,-0.08231134807043222,0.008803305555281832,0.004385997947732798,-0.10389649064740059,-0.07179904476524125,0.04603207813066154,0.008839217008134365,-0.12496105862801819
807,-0.015454921167591326,-0.04974047233854189,0.004166257454686684,0.058821730523694084,-0.08248655131575516,0.008637556128967978,0.004296499672514199,-0.10377165202757976,-0.07745361982512901,0.04113145194424152,0.008531873852401263,-0.12847906764651376
808,-0.006759846803722143,-0.04942995935758122,0.00416933094765274,0.0583181012129305,-0.08837896830818578,0.00834939052162946,0.004035905395484701,-0.10492965962184943,-0.0778147161686689,0.03614056127573168,0.008852209654195548,-0.1297182762287697
809,-7.641565122664719e-05,-0.045528179370734785,0.004303973651016376,0.05980991413480043,-0.08939661568411969,0.010685850904379027,0.0063241676318525454,-0.10868983288423639,-0.08245876337913108,0.03178413417720529,0.004217472253794681,-0.1336065404230281
810,0.002806455534466897,-0.046068703496864906,0.003631701215948612,0.06544653813148928,-0.08700979647998223,0.012914967518950509,0.00681502447256949,-0.10812054789869142,-0.08748989611844248,0.022691686270990854,0.004419258774922862,-0.13428046326594686
811,0.034276557445549236,-0.04631877779561058,0.007463826208117765,0.06683836311580549,-0.08071855152903189,0.01605759564718044,0.003907464799570439,-0.10821300659572537,-0.09070290702310874,0.01732111015704142,0.004296984810015041,-0.1300003584456959
812,0.039170063323119834,-0.043088825881978605,0.005107806253260872,0.06992197101510637,-0.07608818161229816,0.01749151329132189,0.004401600933059095,-0.10833802707720698,-0.09439744303087545,0.0171472267760289,0.004337931974552544,-0.13447436964095288
813,0.06854360599355079,-0.037835999020482715,0.004305356574690058,0.07496888347095323,-0.05349384039023372,0.01730207934263798,0.004320703051574279,-0.10796464057403858,-0.10002023810669468,0.010944785633574853,0.0043267288073565915,-0.13547384200926185
814,0.10108107485214501,-0.0376170694491927,-4.815208654884868e-05,0.07962811602632057,-0.047353024076286845,0.017312615968932344,0.0043287098059183,-0.11258524592596253,-0.1021696601598682,0.0022896263228148915,0.00433006789398347,-0.13859081694103295
815,0.12957299398572425,-0.03325755871088579,0.00011673701351340702,0.08825449884386327,-0.00044682666122236386,0.017321392214516486,0.004329575529311633,-0.1129819027352139,-0.10701309569293685,-0.0018921033077603036,0.004326968119440911,-0.14104992692202192
816,0.18717262212861224,-0.032855694052134614,-0.00027589261362198235,0.08868133263837576,0.06617053017993821,0.017293346500173154,0.004328436838986636,-0.11708027479465628,-0.1162759960172899,-0.007455647196202308,0.004332731192687706,-0.14281285443512626
817,0.23760508006296935,-0.02728134770377379,0.0015818340564460642,0.09231032733635235,0.12655533432458807,0.017428138331005892,0.004331052884506838,-0.11844655764286716,-0.12138621461912473,-0.008550097508330514,0.004338112016349881,-0.14617478773462317
818,0.3176524445313202,-0.024695981561005144,0.004481207205231717,0.09362587113638204,0.18109774618285673,0.016828136575899124,0.004319902381833875,-0.12123240913485192,-0.12599079087563636,-0.012142319792671247,0.004179013239183392,-0.1512321834723121
819,0.3353778495697654,-0.025616714735018815,0.004547283577465085,0.09947059634455188,0.2483429412930988,0.020460174718669073,0.004364815610993258,-0.12397156270359436,-0.12424185345271314,-0.017305794006578255,0.005460924288610727,-0.15607747209576098
820,0.35513149490897883,-0.02176447301954371,0.0008681080004216643,0.10017793825970316,0.3350620764563024,0.0214497502003358,0.004210982302951351,-0.12578677959618745,-0.12110799423047648,-0.017967225898837313,0.009125297501063558,-0.16048029923977894
821,0.2728107042584901,-0.02082248034978598,-9.652506292569404e-05,0.10421190291665952,0.44250019121532513,0.025687890036172584,0.004601873446283147,-0.12549456936707767,-0.11916382191435271,-0.02658840861849564,0.008530751565986077,-0.15977131996758545
822,0.4089284026920236,-0.02091687641937498,-1.8792270468299104e-06,0.10459024544667364,0.5460586410072076,0.025955280541615187,-1.889012513195579e-05,-0.1255334070595638,-0.11438101608597741,-0.027140554674514015,0.008745941786393038,-0.1620943221727625
823,0.4292894966646566,-0.02103762491203537,8.175484510468762e-06,0.10494812319080035,0.5887762807744555,0.025859562700839923,-0.0003590514692135531,-0.12598707812583593,-0.10766414622410773,-0.030778715170691355,0.008451124509118429,-0.16391051865912906
824,0.49340731491013307,-0.01998580435047352,-2.3259517434881673e-05,0.1100682306050899,0.6433736373928122,0.02703146646305049,-0.004850806471891058,-0.1302955469742212,-0.1204304516792797,-0.030339968811993395,0.009045178336549463,-0.170621681435584
825,0.6015561657183147,-0.016263067629810044,0.00011708752697613359,0.1138597261309618,0.6710430950551143,0.030764264067916842,-0.003835130644178416,-0.12974512694903978,-0.1261274223398024,-0.029793180562603324,-0.00022423692218687398,-0.170191994029529
826,0.8564242030794493,-0.016953377741314758,-0.0005367357547844258,0.12352191884584018,0.6522592328554199,0.03022099670738712,-0.00658111591601459,-0.12990169553161265,-0.15660026021640538,-0.03434994774848496,0.000316327174702941,-0.16866464702598918
827,0.9039801200449342,-0.016294048386359106,0.003179717727954094,0.13300582907825276,0.6232030662557472,0.03020238929864689,-0.008901610052904112,-0.12986111529225985,-0.18302950410719052,-0.03048776460863876,-0.0011056579327824313,-0.1688328858832697
828,0.918415663196887,-0.019932585703720133,0.00110585726996686,0.13693781890763837,0.5829930932913602,0.030707003973053808,-0.008911666550682694,-0.12987929747827096,-0.262609684621453,-0.025626776244155776,-0.005230350962065218,-0.168862871138963
829,0.9285855901623904,-0.0212794759797705,-0.00013199265164134618,0.14174380448917884,0.49941272892040134,0.02634036464208031,-0.004983086719784697,-0.1298508763164971,-0.35996351591900677,-0.020505294277926574,-0.0015206031849181163,-0.16862932654779
830,0.9051721424597049,-0.016730509347134943,-9.138947492526179e-07,0.14645169531202146,0.4153805800869716,0.02598041033054827,6.5459701401251705e-06,-0.1298683626069703,-0.4566675155078233,-0.017210145015189974,-0.0022208022266482436,-0.17015299025629294
831,0.8725121974326732,-0.01680272289196846,8.385999367554645e-05,0.15160972541861906,0.3098591610032909,0.025953942319233946,-0.00047039802468933696,-0.13028535268826752,-0.556728114183462,-0.015746874435099457,-0.008247509337983483,-0.1740345147506319
832,0.8434360044308749,-0.016708123631677597,-0.0006829255334503026,0.16004906380338224,0.20127061965040743,0.025980862133448995,-0.004728217472103131,-0.13463284265806807,-0.6776740519991078,-0.010452852303125577,-0.008511176833726888,-0.17041442206222845
833,0.7838558689025905,-0.016750942166966095,-0.0061118575500306565,0.16731747584504594,0.024575395539419623,0.025978792877364487,-0.004208695515642083,-0.13400221164804907,-0.7257754257238817,-0.0052620361848565245,-0.013107639225078828,-0.1686941272545028
834,0.7438021453920507,-0.01670424335774708,-0.008678175473031896,0.18044279693458073,-0.048349676996777786,0.025941330819657753,-0.004367001920030476,-0.13456462174420222,-0.8424985258373288,-0.00420631996103042,-0.012733872653230909,-0.16610081423979312
835,0.6692944067222529,-0.016857703804194987,-0.008295328027905339,0.18921121423524884,-0.1266953074618083,0.026107929248954477,-0.004289102012197524,-0.13180600203536513,-0.9373375441097651,-0.0043377988659903935,-0.01421917094107781,-0.1521135207704564
836,0.5947125163979289,-0.01632784787659034,-0.00840158022133443,0.19869055019262133,-0.21005716048188472,0.02551508782637543,-0.004443393141378573,-0.12647452024714287,-0.9902989391963978,-0.004339559960334602,-0.017386245414166078,-0.14711321346977765
837,0.5286711547357323,-0.020508807845157143,-0.008313860695698963,0.20824695893956588,-0.3128915308974828,0.029916185251728462,-0.004049768578772641,-0.1220557797177192,-0.9309461045608547,-0.004245395274178294,-0.019592812677758756,-0.14759622363072514
838,0.452753555888089,-0.020923943358252192,-0.008377448573302497,0.21751148958748318,-0.3636234242029848,0.030269489651216463,-0.008644716515677192,-0.11258808287910894,-0.8833139343889407,-0.004985786514489303,-0.02194408991717012,-0.14435578560676168
839,0.4096474020441319,-0.02093862719365714,-0.0035514224844802795,0.23039078886886719,-0.3486764544198356,0.034885422392965625,-0.008587500541207133,-0.10777168820393936,-0.830575943568188,-0.012994544985740975,-0.021701141508488613,-0.12852043832609783
840,0.3344747333003812,-0.020913899398921958,0.00027944718821352885,0.2332965053504182,-0.3267420824691677,0.03451711292802573,-0.008687826818033071,-0.10287208847194293,-0.7420303659855543,-0.017620717223618732,-0.0214367919557879,-0.11419373297997246
841,0.22844789499274537,-0.020916473951943886,-6.402766238500401e-06,0.24921842347252604,-0.30415202371458055,0.03466725560458973,-0.008649039308361174,-0.09743382359123315,-0.5745553791573654,-0.01999688187259662,-0.026044563640937008,-0.10143431857944292
842,0.16096097964270847,-0.020949714785787332,-0.0003624739721463004,0.2570509035016339,-0.284479711371318,0.03462510172542586,-0.008660268580485632,-0.082377422997231,-0.4821028678257401,-0.02513682973721228,-0.02649476593198033,-0.09769494615246979
843,0.1533014675847767,-0.02080010805909023,0.002527943236844074,0.2660042868154633,-0.2593117544767956,0.03462448582084669,-0.00865752908519716,-0.06731693416984716,-0.4295576281059258,-0.03019951302515908,-0.03050861029597336,-0.0755208226709824
844,0.08551823228067058,-0.021332668348854385,0.0048539946933129725,0.2773528157634121,-0.24261527350727918,0.03466595443577343,-0.00865805363584929,-0.05952043783660588,-0.3391646065553167,-0.030476290094922365,-0.031903723175197476,-0.06926603023674714
845,0.043418310338455834,-0.017177810084133133,0.0003529331676946062,0.2838363923590159,-0.2270479145831092,0.034535876615296286,-0.008658110102889827,-0.041007058129468185,-0.2794139444213257,-0.03485562446283078,-0.03507525103355698,-0.06338979057790162
846,0.009293613827375929,-0.01672646039346478,1.4582285885354415e-05,0.29283234508008454,-0.20379426857275257,0.034752442337593635,-0.008657961961483895,-0.03039890552864647,-0.22186437838458395,-0.035647155795918546,-0.03454332593233489,-0.05050722547521388
847,-0.03981837434640594,-0.01666821946975143,-0.0048004819428967,0.29311811200297794,-0.17574953933001208,0.030186053232383776,-0.008656072880654505,-0.021040641969006037,-0.18374607738430682,-0.039822439077523385,-0.03464141713228401,-0.032727446420593005
848,-0.04415126724813508,-0.017176723250008984,-0.008589924097302476,0.2974662461178291,-0.16674215874823392,0.029643743041478973,-0.008674506768577684,-0.015310670935843441,-0.14228153527298493,-0.036510962307075005,-0.03464112670182353,-0.0076767334294471174
849,-0.06410153573597958,-0.01385441099344207,-0.00863259793091019,0.29725527074021824,-0.14902376899390407,0.025784427587738166,-0.008563134273589504,0.0025867131530501715,-0.09377049275584932,-0.03389878725982826,-0.034654926451105655,-0.010095505323119806
850,-0.06967352235145412,-0.007807046091048108,-0.0062547407402646586,0.29510782415866404,-0.13459983034444248,0.024233573246006848,-0.00910725483852096,0.01606863549338435,-0.06710143169174296,-0.03830726225072262,-0.03420971041607034,0.0003012573020954028
851,-0.08212843271291335,-0.006416248641425151,-0.004320818558607319,0.2924616221213485,-0.11871661813638804,0.021218464550612985,-0.0058500890462743795,0.021085466742514703,-0.05806433292648171,-0.03901749551564738,-0.028751615923656673,0.012295972739817938
852,-0.09206316743780024,-0.0005837530487993857,-0.0009023756438254478,0.2931857918146049,-0.109513949136533,0.021730533624582212,-0.004397553469512093,0.03919132441086072,-0.03831146706811628,-0.03897219679039495,-0.025575399458480863,0.016839139515146106
853,-0.09197098893147668,-0.00022821033730397334,-0.00024042357149539704,0.28964149565561387,-0.0969416719899537,0.02162967421702293,-0.0008134517496908161,0.05056396857311559,-0.020135683320807257,-0.03891614253923754,-0.02631647952651077,0.035651001616233004
854,-0.0920236074645852,0.004142040424111931,0.008124878177775886,0.2804899613380897,-0.09094617806765892,0.021649491075289736,0.004287994604210395,0.06475724159516381,-0.012008121135918197,-0.03922139672595256,-0.02369040538987838,0.045257854040190074
855,-0.0923885447275743,0.004444628806363364,0.021823997661643068,0.27075466873134907,-0.08574667089966802,0.021656133178675804,0.004230809664022161,0.06984800397855166,-0.0011015664433980856,-0.03730542385607538,-0.014930784072506302,0.05133367614644866
856,-0.08993522163597785,0.008787598475632232,0.025093035297457995,0.25727046391668124,-0.07659039787151274,0.021490006057199945,0.004869488050553471,0.08016846037547114,-3.905481691065648e-05,-0.03376900461053934,-0.00504625029210838,0.06049928304547473
857,-0.0878687951448045,0.008237568764042948,0.026100130204278156,0.2470561345735802,-0.07191677067486593,0.02278529970618286,0.01136373510154398,0.08868594586821758,0.0045552771493293075,-0.03771964030661542,0.004697832659603772,0.07772899567505587
858,-0.08507857044935803,0.008407047678384488,0.03179750266068177,0.23299888400168295,-0.06891459622134799,0.026437631797300704,0.021883710734972982,0.09120608104035527,0.00889083873128229,-0.039141019318775505,0.013889993735750514,0.08047258497249764
859,-0.08007132200330405,0.008337792245323133,0.033367431650614586,0.23129336496629901,-0.06921490282635996,0.025863374149724085,0.028718689557806928,0.0916730601563877,0.008574021739816315,-0.038939277126816406,0.018941979984659418,0.08566469687184212
860,-0.07545129690775323,0.008450199004565808,0.03629390217849414,0.21813035399993236,-0.06971640532775497,0.02599637911358497,0.03385784896446616,0.1086101894538905,0.00868281720083912,-0.038951665704833015,0.020699183642724415,0.09060723044359817
861,-0.07096633152608452,0.008152912654731143,0.04116589108868513,0.2061084533660763,-0.06536369272145649,0.025971809644171995,0.03441986983224686,0.11311506403396224,0.008646230940465674,-0.03910455199358977,0.03019446896820855,0.09547495975941696
862,-0.0712217386819153,0.012407330796211232,0.045978626648677606,0.19676246311064383,-0.06498382931970685,0.025970971640257978,0.038890350732572514,0.11247823904685057,0.008682781726657833,-0.03787437954416853,0.04586048100406608,0.10954412103493456
863,-0.07102520917312322,0.016815549361399697,0.04619151680174731,0.19091473397833758,-0.06036369716291854,0.02596992816480008,0.039060850758587305,0.11731994056369231,0.00858396103004416,-0.03415936821459872,0.051036150661749644,0.1126452883943924
864,-0.07152391317516926,0.017445804084002894,0.05146374729979637,0.16907094537656459,-0.06073461533914288,0.02607822116952478,0.045171853517913696,0.12231865090612505,0.008802781949677386,-0.034778780188925155,0.0559409677500618,0.11261401663481764
865,-0.068695043697998,0.021369906849246483,0.05431178881836078,0.1661647464320856,-0.06048402134557098,0.025135019800874524,0.0538746697196539,0.1259081669595624,0.004110089342497508,-0.03447489354899277,0.060856077323816364,0.11214203120909318
866,-0.06655422818901098,0.02090605672560844,0.056687335863895814,0.14986055638842707,-0.06103195329100016,0.01996275869251127,0.05819428946767465,0.12546120732283206,-9.653732256307063e-05,-0.035064929194276284,0.0708339197790765,0.11525231993211893
867,-0.0673312066829722,0.02050054376933308,0.056280581925723466,0.1429206994405512,-0.05796758417003321,0.014651061356772922,0.06322911736506209,0.12549596045249567,-0.0010219137422665266,-0.0305558275572336,0.07969494259084657,0.11732384247660851
868,-0.06293814793870693,0.02404732331764529,0.05449759551279949,0.12800416528193184,-0.05598839855978253,0.01321386157897832,0.06794556636931569,0.1257727006790061,-0.004822916794073489,-0.03024831216807307,0.08259282247183543,0.11364379438737708
869,-0.06279784965736376,0.025262817102472936,0.05076391323303688,0.1098242775815153,-0.05638435923242842,0.00949999143905978,0.07316701774417658,0.1223117436751488,-0.004188647802523164,-0.025776930941062565,0.08188938150253515,0.10402183200521148
870,-0.06274804950549223,0.02507529113869928,0.050194109330444533,0.10478451590975507,-0.056204819157516156,0.00883098269964696,0.07361188040169792,0.11280829706191797,-0.0044435264401478545,-0.025056156882545342,0.08465626192948511,0.10377078239347645
871,-0.06270157915869136,0.02482546973171165,0.044927312481264914,0.09536565702411096,-0.0610199261390102,0.004332807337665423,0.07358398874938606,0.10809069676667281,-0.004041223534650365,-0.02124074090264317,0.09074676045443987,0.0985229285401521
872,-0.06310743588506118,0.020544303725678323,0.025595339379110793,0.08669028810287731,-0.06604916494166213,0.004089929773702044,0.07379138004936345,0.108488998226318,-0.008180510117892972,-0.02132328817785741,0.08685927132346043,0.09392216335943411
873,-0.0605677580667687,0.021047586131356495,0.01610270433064241,0.08239900836120684,-0.06932419763536403,-0.0011333596765026556,0.07219744705356221,0.10678762745167679,-0.013058518050181663,-0.024498207173467665,0.086515410664736,0.08867260754986687
874,-0.057856313719221515,0.02085047674619632,0.015277355018542783,0.07730414547765009,-0.07111273801619497,-0.006052274780796108,0.06903606123818817,0.10378134313479309,-0.012909306483423918,-0.026171902730681783,0.08161495942774838,0.0861724771261925
875,-0.061965060532908914,0.02109021592871397,0.01038918994823376,0.07469264720429582,-0.07411251358833067,-0.009399844850655968,0.06755499612288189,0.10173350290970962,-0.013101408903463002,-0.026006830211062155,0.07546268441672195,0.08700523866057047
876,-0.06302829082768276,0.020337524545239887,0.0024032823835295524,0.07657253364417266,-0.0730945419927694,-0.006046716900010763,0.05868642046626973,0.09649166720573933,-0.012501578802639931,-0.02599694081481072,0.06776300275599342,0.08323379994763692
877,-0.05849497146994906,0.024979740955851357,-0.0038977069529761983,0.06463643907355959,-0.0773020145738863,-0.0018048911154140688,0.05218899368296212,0.0914145941903726,-0.015787767996574942,-0.030792963429646963,0.058011557138237836,0.07827297202031219
878,-0.059141438268337405,0.02094723736458579,-0.007886670648864023,0.05869988321488565,-0.07802776705829519,0.010783088165662997,0.04819866125419978,0.09083340904541168,-0.014677437027231422,-0.028481195815636007,0.04717338086477028,0.07346323762420572
879,-0.06308711172460826,0.019868945836578507,-0.02602128526645248,0.05419766453038396,-0.07313204446152097,0.025659879955693278,0.02462352237479194,0.0904344778181295,-0.012656208078287287,-0.019313002159327446,0.025933068270096636,0.06791412750377615
880,-0.06299733670630844,-0.0034166375862558526,-0.02984443886856858,0.05464807327181397,-0.0691663765438298,0.04079454229324718,0.015861685453553483,0.08087767927509136,-0.013177662463781707,-0.015998828620133153,0.013387043315931857,0.060007877194817545
881,-0.06064774581927901,-0.017727776639506383,-0.03505645875807026,0.053225335795383195,-0.068038550272624,0.0640139775124435,0.005599130205504941,0.07674609139058361,-0.00848693245444383,-0.005221504054040552,0.0037248917399136153,0.05958969056665177
882,-0.05823903133790783,-0.03559541857890287,-0.03903839482634496,0.048719968524217186,-0.06446494101789355,0.07888762381862137,-0.0035058408941227716,0.07103409139307716,-0.003531936441516063,0.007482738590107914,-0.02079916627915049,0.05347289170241472
883,-0.0586380992969093,-0.06607502178613536,-0.047194934718655226,0.04068736915953224,-0.06500990543687625,0.09909731076570762,-0.01625886357063269,0.06991886000485666,0.0003556698012558105,0.011541807178454412,-0.03759026960598611,0.05207355664298167
884,-0.05856965550214688,-0.11291090458010307,-0.05038013229125483,0.03751284731835218,-0.06503640899806579,0.13419348736201153,-0.02799665912156106,0.06287309581301126,-9.982214496522696e-05,0.03454650503036624,-0.04702279680661584,0.04893900627433541
885,-0.058577489453219854,-0.16811701647490793,-0.0533874923420816,0.03438910845006548,-0.06458990947835766,0.15699119448260426,-0.037480010953273205,0.060532703890459914,2.39165737896962e-05,0.05419635324102104,-0.054534513448295824,0.04381145119981922
886,-0.058577239678538416,-0.2525081560361908,-0.05851701389988299,0.029468335966706546,-0.06912994253000031,0.21020839330372845,-0.047139154968341555,0.05657075119532772,-5.076442924818952e-06,0.079176154370512,-0.06069532109782826,0.03903048853067881
887,-0.058581507643366296,-0.2863085195669473,-0.05880348491714684,0.0247186155587236,-0.06927650024080649,0.2621984029319196,-0.056453888753797025,0.051887937342968884,1.385431487170447e-06,0.12307961138950141,-0.07909159751167255,0.03451690077509436
888,-0.058553172895242284,-0.3269995548077144,-0.06279370472807472,0.020809656058014204,-0.06858879897769479,0.30143732193514833,-0.05740032821317036,0.051264113943358974,-1.229780969409385e-06,0.1561392085880949,-0.08664197958315464,0.03405217339399059
889,-0.05869245321873471,-0.3962119490548026,-0.06509175766881228,0.019795695940032134,-0.06439204079887544,0.35632674482185567,-0.06696404354745256,0.04738145818929497,-2.1659918049686076e-06,0.18412893474354952,-0.08673284133848957,0.028760652527043924
890,-0.058104341518686306,-0.5013484113973149,-0.07215674427379695,0.01616610808781825,-0.06543523024332804,0.41278223905271344,-0.0709555247004312,0.046145321772455776,4.105839655330503e-05,0.20648391576538044,-0.09698552283355717,0.023717770254072127
891,-0.06180252623174679,-0.590853183328077,-0.07044192023927007,0.017289165336583947,-0.062495791022023725,0.47001751182041857,-0.07648118689589392,0.04078800451076885,-0.0002865054855999979,0.22549527085286364,-0.10462096824953106,0.021209717026240044
892,-0.06267434587201808,-0.6768647471111213,-0.07432921542698304,0.013673848048399936,-0.059876102622570516,0.513799550341212,-0.07810669667731948,0.035646327708653155,0.001810631324069456,0.2509223684424562,-0.10330918979346013,0.02215668259240608
893,-0.06672272088860044,-0.7267592465296914,-0.07512433320965162,0.012399601589890723,-0.06435064222053676,0.5710870424914066,-0.0779829843160755,0.03440075702653011,0.004294061417420401,0.24555200450642609,-0.10640724265368373,0.0179549827053685
894,-0.07119875283377161,-0.7309943263562063,-0.07932682475304888,0.012563509273617445,-0.06497608242615936,0.6842577460178972,-0.07778725389297508,0.03478892831111092,0.007214792913167764,0.1984776181725481,-0.1080715301449705,0.01726061929599282
895,-0.07175102135261086,-0.7765136787918238,-0.0794513526153138,0.012555346434233216,-0.06494594904029023,0.7076507880146566,-0.08241998342024465,0.03019455287126109,0.008876737747127777,0.14172339912588927,-0.1117264700796587,0.017295615433179506
896,-0.07583690316783379,-0.7697358751762966,-0.0795286202287048,0.012550493138922592,-0.06493162417080257,0.7865961522649457,-0.08213891593492612,0.02971613401554278,0.00862045965778587,0.07865094818394001,-0.1126340839947684,0.01747280573855352
897,-0.074905296612985,-0.7225904106575896,-0.07946671504170624,0.012553004228326402,-0.06491744885007757,0.848390611926917,-0.08236919968084244,0.02548499512947423,0.008626809497570097,-0.05900258508694508,-0.11256112933167846,0.01621564501754968
898,-0.07731080170186007,-0.7069129503750168,-0.07961143179220592,0.012551607714859952,-0.06503391094034547,0.9027635113386352,-0.08181430087759274,0.026107670131822445,0.00924545687387933,-0.16390421335875366,-0.11254668543591384,0.012422035584901792
899,-0.08277619921689922,-0.6711859764391528,-0.07902057615577501,0.012554625997528629,-0.06450843422854427,0.9295051290144078,-0.08487163317651082,0.02593410830924841,0.013167903929234542,-0.273441457040505,-0.11256160157757697,0.013546819480072915
900,-0.0837885115152092,-0.5745396872593417,-0.08262582900018305,0.01254386272140756,-0.06792603349700939,0.9028018921350478,-0.08642593109723669,0.02601513147950948,0.014539115413017603,-0.32526486895281537,-0.11252677250762476,0.010063581037234731
901,-0.08370285344637902,-0.4816511110047843,-0.08349223650038617,0.012577221570285702,-0.06979227044743976,0.8609851917403479,-0.09018004171513573,0.02586932880900424,0.01789102222598147,-0.5010665181324598,-0.11267305486720544,0.008446193451875146
902,-0.08378035114260994,-0.46126088010756783,-0.08767822413195753,0.012512643224018311,-0.06511050707761076,0.821629700353481,-0.09100629439203166,0.026139242397422137,0.01672700148994964,-0.5296967121720345,-0.11209863445984318,0.008679158204357895
903,-0.08880185607469007,-0.49547807159795754,-0.08786012600068834,0.012372272862040965,-0.0649718128440515,0.7619661075741491,-0.09111675133750997,0.021546708187648273,0.02099030379086778,-0.6162301440265635,-0.11608055089895214,0.008657880679252774
904,-0.09210062214900504,-0.28770282293844024,-0.08741154914437495,0.008018439726879647,-0.06492320509990908,0.7086437155035634,-0.0954700530083924,0.02104276201396896,0.021497302651619407,-0.5900205087554189,-0.11700421617460399,0.008766514565392106
905,-0.09362594736108137,-0.23283326218488526,-0.08213798625712872,0.00850586724732315,-0.0648653407798045,0.5877081618506922,-0.09601885173433633,0.017119658461364137,0.026050215452747768,-0.5518894270076681,-0.1169702833748086,0.007720559429034773
906,-0.09662560510753845,-0.14364106768278886,-0.0787918892002826,0.008234036894623925,-0.06532776431736208,0.5550566978966561,-0.10199952349758877,0.015622974007995945,0.026273180235345226,-0.5029179218929563,-0.12192705906065004,0.004198107151814882
907,-0.0962723970484922,-0.11753369396110284,-0.08195821062800888,0.008818200701653909,-0.06247396244876827,0.49606826884038674,-0.10369274954725262,0.012547207952741325,0.03195094467045423,-0.4677566683453374,-0.1270095609425466,0.0024052036865329285
908,-0.09584195598109829,-0.07983640857929183,-0.08393184945032652,0.005391583291039158,-0.060309767365932875,0.3786419816885424,-0.107032751461055,0.013105133317065074,0.03453734931185891,-0.38793204798558134,-0.12997263688647037,-0.00036818843714381955
909,-0.1001368637457934,-0.0597217931923881,-0.08370828223112967,0.004014528856922619,-0.06064798029510189,0.29870151788047744,-0.1080627301016007,0.01287673968349531,0.03710931458038916,-0.34219749479384326,-0.13164632184955474,-4.1422228281356706e-05
910,-0.10043945958875328,-0.010706378213761227,-0.08356691981744736,0.0041987709431812684,-0.0606108408326609,0.24982293183933107,-0.11228926727470351,0.013153729348333688,0.038460109521802295,-0.2786479834783685,-0.13759088770665348,0.0003265683566940085
911,-0.10533803130776807,0.005278410344889547,-0.0881575673318828,0.004186620359569096,-0.06063713612059419,0.15569167335825992,-0.11238618499356308,0.008510920651075617,0.04571522931496535,-0.2441315278759088,-0.1383911419295484,-0.004174817433160632
912,-0.10914227396879021,0.0431315925979489,-0.09226755121855176,0.004182344413743375,-0.060144337947777224,0.11713752174548514,-0.10740714310438688,0.008911870718251681,0.051595227218883315,-0.19567502917679264,-0.14232715313751448,-0.004280982002660096
913,-0.10835973622074754,0.0615433983922861,-0.09216133731862576,0.004184800984297135,-0.05464237069775863,0.08812577223389567,-0.10258981188449322,0.007449004621640636,0.056335100559542724,-0.16891208123635512,-0.14722254592716819,-0.004399817740151588
914,-0.11090036076025916,0.07103189552387516,-0.09074086669067775,0.004183425410885107,-0.05163826431453271,0.04934852503487394,-0.09777865867783248,0.00386872738623847,0.05659188706490113,-0.1421689748675857,-0.14766557852521517,-0.004035244619734867
915,-0.11329829708199585,0.0756364240197136,-0.08503272577667717,0.004186365966122001,-0.05190477872607446,0.005891157128423728,-0.0925779189507181,0.0044682105915963555,0.06223433782872582,-0.10100510600375509,-0.15198104837541754,-0.006101533463204757
916,-0.11293874501218301,0.07771423250034902,-0.0838167394127364,0.004175725906622945,-0.05239324167508385,-0.010077490851415283,-0.08902645494795536,0.004184630773840632,0.06489152250077697,-0.08676010267305954,-0.15137690109589078,-0.00906956202428503
917,-0.11290332466408617,0.0830819817866206,-0.08051454596601373,0.004209679647038449,-0.048332217070930425,-0.026544894108358273,-0.07552658383495614,0.004708244904791162,0.06719026253017266,-0.07196779922279305,-0.15157904834949207,-0.008570215754036279
918,-0.11301362815332078,0.08391496741270321,-0.07561591443945231,0.00413742705174045,-0.04756880088510776,-0.04637577258697162,-0.0735550019162769,0.00023740525170807712,0.06959878636482987,-0.045226348287940484,-0.15138397554154034,-0.008680802544246113
919,-0.10855341151922243,0.07942420200232964,-0.07092023984663334,0.0040514749826537685,-0.04764762926870937,-0.056174621429642475,-0.06899083432930846,3.2294363286686865e-05,0.06921341690540724,-0.042279340725801466,-0.15191051148046106,-0.008638251963031234
920,-0.10892869084926536,0.07901326448872242,-0.06637793565887137,-0.0003692982980670208,-0.047034738278303734,-0.060386473850377945,-0.0645537703578495,-3.0333193184636683e-05,0.06925886842546235,-0.025908547912913533,-0.14747234755370459,-0.008645655475295465
921,-0.10853029083237696,0.07481455094250292,-0.06042313492624668,0.00038479293023019605,-0.04282014434826469,-0.06507498495113262,-0.06613902973662338,4.8330332011825035e-05,0.06924629879627311,-0.017803897131330244,-0.14720195703939468,-0.00913359558768205
922,-0.11029682535435774,0.07563384695563231,-0.05216943147009689,-0.0017351548951105738,-0.0435177547140408,-0.06486259208973472,-0.06981570019560265,-0.0002083938475143176,0.06965444910838646,-0.005174368931215199,-0.147305883336296,-0.013175080193991433
923,-0.11595615017656868,0.07376615960806616,-0.048133482053693645,-0.004538952578230855,-0.04280704070085526,-0.06495871485099008,-0.06867043492216192,0.0009075720356281716,0.0751752230631422,0.0003924476265254762,-0.1460890191218283,-0.014369404311302125
924,-0.11700003985584143,0.06534538490876951,-0.04285776109594752,-0.004232949829779205,-0.04630462072903238,-0.06492785848093141,-0.07242939192204471,-0.006017868463832216,0.07796113372213688,0.004024544015790353,-0.14250528844685945,-0.01779608572573514
925,-0.12050374318968372,0.059352287889544705,-0.04170154660674888,-0.0037998121376783627,-0.04780821543355066,-0.06494061316424021,-0.07335892835434993,-0.00903631905354416,0.07984015476650826,0.004231083713606358,-0.14245321777115064,-0.017178215834905104
926,-0.12529305714341318,0.05461105244685747,-0.04185110182925669,-0.00816466770311077,-0.04760048676172884,-0.06491969690415264,-0.07771347118159162,-0.008624511412555762,0.08508974029345978,0.005144018749600794,-0.14604897238457085,-0.017452612536280915
927,-0.12979719135801976,0.054416164557711796,-0.041834151542963834,-0.008454962534923628,-0.047617087512828046,-0.06497978187734908,-0.0780518338642911,-0.008662470310852714,0.09024211336432961,0.007812151739468564,-0.1465755841594053,-0.016994022819960857
928,-0.13015528235309934,0.05437113888427666,-0.041984416437120774,-0.012894663997537038,-0.04762075992146076,-0.06486155688331595,-0.08186087029387504,-0.008515294890638105,0.09101284070790225,0.0044058206366772625,-0.15529406241908178,-0.021537847635983022
929,-0.13532059292749954,0.05441739223436547,-0.040744819623501224,-0.012435386595906064,-0.04761834443552217,-0.0646393322099305,-0.07870991322840018,-0.009766856016363309,0.0909797747636039,0.00016941447508330874,-0.15589081154275422,-0.021593587276625276
930,-0.13985325978756466,0.054302122873180446,-0.03733245526370235,-0.012553091706834624,-0.04761970507287244,-0.054949820958546405,-0.08126018704858196,-0.013451628987899429,0.09613198076279805,-0.00810936499892951,-0.16053935375305087,-0.021668454753371005
931,-0.14461286670829715,0.05478988689685289,-0.037211734722540524,-0.012693923924294321,-0.04761684630682378,-0.05176486758533217,-0.07690451356914857,-0.012875951093826653,0.09959458366296045,-0.008365138466410807,-0.16005885014794205,-0.021657365675389766
932,-0.1491779420653471,0.0516711106728701,-0.04095576137936615,-0.011980239481205192,-0.04762732609067646,-0.05187439799742457,-0.08102221642518835,-0.013009550090775526,0.10134335967963415,-0.012696138685160445,-0.1600979084975987,-0.021542599280289263
933,-0.15424260070446688,0.04953964301570254,-0.038605284579289544,-0.016381976897784627,-0.047592974002826964,-0.05250930583129863,-0.08239521497669132,-0.012984154652623129,0.10353654676691239,-0.012930887292485987,-0.16067218875462214,-0.02209478566954902
934,-0.15487702173333767,0.05434036981497079,-0.03756291180406439,-0.012859215458878113,-0.04767195673335411,-0.04849257513693244,-0.08230161024963616,-0.012985494738976129,0.10933185056457109,-0.013563543727504894,-0.1569932161279073,-0.01863133260689508
935,-0.15484597993223054,0.050106696004952246,-0.037649017463754104,-0.012505303901973713,-0.04770745997139432,-0.050983121708869795,-0.0823647808305525,-0.012983856092776662,0.11624619324922966,-0.01774420184982545,-0.15636610799233905,-0.017046463033139447
936,-0.16075572243779812,0.05031055313671396,-0.03767212624056812,-0.0076666214467055694,-0.05240582415696915,-0.05204472172403682,-0.08647692182928036,-0.013051994396965411,0.1206744030019629,-0.01722135268642868,-0.14793252069974103,-0.01749835422216548
937,-0.17370127654061507,0.050189266072514456,-0.03760040993947461,-0.0026976503669622186,-0.050772115918794665,-0.05195525898027618,-0.08082413769138509,-0.01243246137491579,0.12551122055390035,-0.017222917028067344,-0.14269050035052983,-0.012841865964483222
938,-0.1761010977584686,0.05012331148514545,-0.03794258596069143,-0.0004042179390743904,-0.047089435027384344,-0.051940428278641544,-0.07622154078762103,-0.0048488870836206266,0.12750440533558696,-0.017782363827630657,-0.1324974536573276,-0.008076979847728212
939,-0.17458669115881967,0.05063971214990619,-0.03576046958710901,0.004595261159635334,-0.0481610947978647,-0.051950526683320855,-0.07131743227668862,0.0008096534557449461,0.14545070635440563,-0.013771500447948703,-0.12503263196644593,-0.0028537333109400517
940,-0.18342900328708447,0.04736985649778729,-0.030677720366808544,0.008202425753964218,-0.04469876261506605,-0.051949256889939344,-0.06632363627839735,-0.00047559591322819303,0.14886341663804692,-0.012963043315066263,-0.11296651575919765,-0.00027300266097043463
941,-0.1948815620804929,0.0458270933972198,-0.026032095881223603,0.014784658520868504,-0.042962370181322485,-0.051939111988357885,-0.06193752808220314,0.0030992117416973005,0.15244629435484497,-0.013049692737936278,-0.0941903835609922,0.003930977592771072
942,-0.20423886012017892,0.046046873665685474,-0.021363146788738935,0.020556048301427394,-0.04358078485880588,-0.05198386691040318,-0.052749505012532255,0.008523049269863277,0.16796952857533146,-0.017666225436024665,-0.08082766408857057,0.011793924992962281
943,-0.2092302850567561,0.04602672043757029,-0.016667630203833255,0.025143958800252858,-0.038947002018242624,-0.0518296502259121,-0.04760093320062793,0.008763753322528746,0.1736363569281115,-0.016930366562480915,-0.056348488503770985,0.016119850024747088
944,-0.21340452477548685,0.04601440093409684,-0.01093302708001992,0.02551818406678801,-0.04423528885007598,-0.05222729520734647,-0.04722462572423231,0.018677299712010365,0.17689394897604255,-0.019053504598528177,-0.033119429299791656,0.02102330090726282
945,-0.2150788565482805,0.04609188143632268,0.0018936888565782664,0.03826456237743799,-0.04757830002449513,-0.04761111810531668,-0.042249527496647885,0.028889546973443217,0.18187493539002908,-0.0217069755750737,0.009783256299148438,0.02589355262964604
946,-0.22268655032470688,0.045669556644272837,0.006120262131812664,0.052617243184824546,-0.04957781501542066,-0.047276309358286396,-0.03563648070400989,0.03432407153616125,0.181661375044987,-0.024088712388273932,0.043196892390309646,0.031044938768291123
947,-0.22152172826804212,0.04822603010617401,0.0071046540017946315,0.058933541511028316,-0.049984914683840954,-0.042859860098980254,-0.0275580499642513,0.04108113906618655,0.18264878960637065,-0.02926401073248549,0.07098436012513927,0.0400831616022401
948,-0.2218114560831726,0.05052929168359418,-0.0006406105636290591,0.06297715673140593,-0.04769877013749594,-0.04332154571859982,-0.024647315367908047,0.05059622011651722,0.18829285614470806,-0.03431539668725996,0.09767640767839117,0.045934008434088146
949,-0.22173918395962525,0.050152869435149836,-0.012195658357265588,0.0659172874551051,-0.044081720112166774,-0.04373447845256679,-0.03766440540307402,0.059039751320999354,0.1907615498717827,-0.034617557089004825,0.13407976436433985,0.05438389185851022
950,-0.22178131862596914,0.050218671717093544,-0.01361851409610014,0.07026884346999107,-0.043466811022379925,-0.04036691391114479,-0.0703653156631679,0.06059319595417853,0.1904987605464192,-0.03512689810953556,0.14248872374051738,0.05866040767338341
951,-0.22173775661153916,0.05021209034784449,-0.08064345917240166,0.08386571790279168,-0.0389369038679842,-0.03938286558381576,-0.09082419593788062,0.06503256818502086,0.19021256853865826,-0.03912027300443888,0.17863526322882006,0.06350573410925867
952,-0.2214547218393516,0.050120641044013536,-0.13758629247507814,0.08793034302686778,-0.03806685291797111,-0.034523305677607016,-0.10415338608421197,0.06983361746468046,0.1942508097532463,-0.04050848674216823,0.14362937833730435,0.06873725408756237
953,-0.21734869981522348,0.0509435851341067,-0.20129141306977846,0.0878919550174167,-0.02958399347092708,-0.043159945185636324,-0.23146488639542928,0.07489991602983297,0.19914536969443267,-0.043229716505262444,0.07944052975064111,0.06927133766359778
954,-0.2166264742072475,0.05640642556572949,-0.2993567552723795,0.08758406204386024,-0.029336021988648712,-0.04346965482509794,-0.34904862702750244,0.0785816162243684,0.2001137061402989,-0.04634646847740117,-0.03498554913484563,0.06915887111590555
955,-0.21142613312301212,0.05884677028021647,-0.3995554527694975,0.0891860238410373,-0.0231500402012945,-0.048054096102901095,-0.4297020594269015,0.07589821722746276,0.20876570576636339,-0.04487068583042695,-0.11538041931823334,0.06429882204240234
956,-0.20652094467356175,0.05864284493835694,-0.4931715847735302,0.07939431801823164,-0.02177655810621033,-0.04762793296636932,-0.4778797502068726,0.07094260343631656,0.20715631320383077,-0.03929098982153125,-0.26335511449965343,0.05835762111846728
957,-0.20459830322047234,0.0581634829634841,-0.6413093421906427,0.07519750069198887,-0.01856381505080669,-0.04691619298639275,-0.6835937919900079,0.06541903771919316,0.2102003659860085,-0.034665540322239,-0.3627022858701961,0.04965219425062703
958,-0.2056440472379871,0.062472222316949176,-0.7290610009827995,0.06835604469656995,-0.013431143588376793,-0.05244386871328674,-0.8057920052120164,0.06538006601141773,0.21230710294114427,-0.02090926838448939,-0.6206109214440726,0.04590912318192484
959,-0.19714621051393036,0.06278412302484185,-0.8429227053400099,0.054275460813622264,-0.00859990780716337,-0.059699847486082425,-0.9795617929891719,0.05622324740601454,0.21246714280178053,-0.02195950363567914,-0.8230567406131776,0.037759129645910126
960,-0.19241319652871533,0.06723734842014692,-1.0510152071592722,0.04494825020730287,-0.004227267623850449,-0.06407352402425893,-1.0487810019725563,0.0559826083044899,0.20809801322642926,-0.021522622249544637,-0.9805531364737589,0.030791262812166216
961,-0.1923318863250239,0.06688835592445569,-1.1410029026296742,0.03551263156156021,-0.003387710018881772,-0.06915534822995273,-1.189052608390424,0.042981137314634946,0.20780644348668173,-0.021806324928690727,-1.0952891976337202,0.03029766969391917
962,-0.18466832783332177,0.0666426998296259,-1.2557996886482385,0.025805508644523512,0.00019306718810092416,-0.06924404242255583,-1.1957394270194328,0.02743991868301532,0.20791258302580076,-0.02108156054399283,-1.3250257833433232,0.02606268979006066
963,-0.1729211164933286,0.06903686544794456,-1.324631607754726,0.01851100065202886,0.0018232982508522323,-0.06910784493155168,-1.231991736898468,0.023955706991651737,0.20668059614393156,-0.02529533082508645,-1.4838846073568497,0.012338848837416878
964,-0.17023861768997656,0.07158170139873664,-1.371517815291949,0.013986260320135974,0.006813734764979763,-0.0705004922472234,-1.2678234898290706,0.01934267134982318,0.2032890837833823,-0.02253187684674969,-1.6152549783475323,0.0051294817129488145
965,-0.15917623279736548,0.07067660574909145,-1.4100628478475694,0.009968395881341754,0.01494159212193805,-0.07405389295577294,-1.2511639577418483,0.010531254357372618,0.20161811651473174,-0.017348167687157967,-1.741130863438786,-0.010130746045359766
966,-0.14775981973701968,0.07492277571822335,-1.4021018546632238,-0.0024150428882253067,0.025110795906243467,-0.07348550086140856,-1.1982771033821553,0.00498838601517437,0.19621875515137244,-0.017380957658815886,-1.8393515550007935,-0.010291986329668637
967,-0.14251693300644627,0.07530811726167201,-1.3555609650243663,-0.016769414244403258,0.03030949627947214,-0.07361523201813001,-1.186009478022209,-0.0043612267734534915,0.19143663452068946,-0.0171013112054747,-1.908091740604299,-0.012988395563899788
968,-0.13782239610571778,0.07574906187863807,-1.3438918201853869,-0.02123471083913625,0.030260908364980233,-0.07358770340811878,-1.1138956419714305,-0.008678556657304631,0.1865966292082146,-0.01864928858399201,-1.972674314399531,-0.016154496105863055
969,-0.12377943904305727,0.0798383057792444,-1.2714458235674726,-0.027188591543058204,0.030304535403611808,-0.07359686500723882,-1.0323161330619208,-0.009606549804986198,0.18173946335254038,-0.02254187958140391,-2.0179413489844333,-0.01724198004416731
970,-0.11609753994371393,0.07971290007804424,-1.1553405449331686,-0.03507403330211166,0.030389676666852078,-0.07360294948360639,-0.9221178176687906,-0.013127301561647403,0.1757982720087986,-0.01874949787011059,-2.0182813398372947,-0.021290667301060405
971,-0.10970802409156033,0.0774554703439576,-1.0654092989162143,-0.042075372756726605,0.029877581977217807,-0.07344293919694243,-0.8513207465609364,-0.015001145562960576,0.16235027149086798,-0.017514570808447715,-1.9493681362625812,-0.026028857931487345
972,-0.10262028129163117,0.07488175593157616,-0.9516932417419213,-0.046618966606686164,0.033065094077555965,-0.07471068168749338,-0.7584609623685622,-0.017818338077328844,0.159063072339847,-0.013541914502638874,-1.867835032744,-0.026537660067053093
973,-0.09342803789603055,0.07567205598306939,-0.8213251564773131,-0.04602622104155612,0.03497889462895317,-0.07838647303850053,-0.6835648348800137,-0.016820840924546214,0.151138591392179,-0.012963444348887125,-1.717107041437198,-0.030688889257117744
974,-0.07717871505681008,0.0717987654080148,-0.7889699970894984,-0.04576146810978369,0.03432499221453021,-0.0778105402845515,-0.6564747909188308,-0.021249603136996142,0.1442628613314776,-0.012990922131467443,-1.5446974038420482,-0.030606840158070883
975,-0.07548335952590313,0.06695145759040037,-0.6781546494867409,-0.05020183222923532,0.038952494273496355,-0.07794507452116342,-0.606221412683803,-0.021645457505349228,0.1368261001091341,-0.012800662764577283,-1.3165124236595678,-0.02776424782759749
976,-0.0669957281551482,0.06692226349105261,-0.5768036081352484,-0.05034699023670061,0.038911592716884276,-0.07791871850780119,-0.5449710518316809,-0.021344045580522483,0.12215916948220949,-0.014317154503095045,-1.2508234401064806,-0.026565504855117657
977,-0.05790888526368411,0.06758987571534748,-0.4518942709517361,-0.048425680992461854,0.038823914055900535,-0.0779212318435273,-0.4660010874235442,-0.01620838772057294,0.11678633424527543,-0.017878770077534457,-1.0244344833406525,-0.019080499211443985
978,-0.053676597371673615,0.07301273266165427,-0.40210160364329073,-0.04122169599804714,0.04011083557464863,-0.07792092081834438,-0.42663694398610763,-0.011141850162658585,0.11213574817884865,-0.016749977502124917,-0.8354639611384378,-0.017087990971706497
979,-0.04731697660726567,0.07573999247779518,-0.3194864826478779,-0.04020556853527478,0.04585410766097017,-0.07795786444646387,-0.3726671998491064,-0.008327868968321432,0.1048506154504144,-0.020543175710426565,-0.6506402344332938,-0.01730554059265814
980,-0.03930407523549396,0.07477180124886666,-0.26298817195005236,-0.03549754193237139,0.04790342940448042,-0.07765775476066401,-0.31395052895810666,-0.008642661959492856,0.09296030787378728,-0.021791572397618603,-0.3906820900848757,-0.011873389831550524
981,-0.03568941670964223,0.07865127588024667,-0.1959243333713849,-0.02682591916479397,0.04748764336512921,-0.07960610202755825,-0.21825541086209724,-0.008957987443477469,0.08643325678503772,-0.021635756425672305,-0.2766968668841926,-0.003842576128494025
982,-0.027299883387835594,0.07940413354193913,-0.0832363317949521,-0.02489434639635343,0.04783761215854641,-0.08221056428430987,-0.15257775238830792,-0.005062245135098458,0.0795205369276902,-0.021640229578282346,-0.5024916417889521,-0.003014199675903186
983,-0.02142043926147062,0.08362536121289588,-0.05868357149748139,-0.02511006952195891,0.043346495088588656,-0.08510805452939853,-0.11711972866989753,-2.2729069413436566e-05,0.07111103203426074,-0.0216599286614797,-0.2995944289164205,0.0001863777424988263
984,-0.016934816243981493,0.08806781299108145,-0.02397135102534871,-0.025200282769924046,0.0387477842972719,-0.08637876715781037,-0.08613900238801536,-0.00012074813077346765,0.06526739418851682,-0.021564122262833718,-0.16978487099748096,0.0021011894977071913
985,-0.012542601341080244,0.08756238667287228,0.015776079358190837,-0.02430845708675878,0.03927325470141842,-0.09052725504609412,-0.026863053143712234,0.0006804566416909903,0.06048089932817651,-0.022042751660908123,-0.13707768606541854,0.007821985056293425
986,-0.01117885648895853,0.08939357096024278,0.032317144017279434,-0.020144957205372054,0.03740422311387341,-0.09089718669259256,0.004544123044513293,0.006253971914502389,0.05576127458756566,-0.019143118856058232,-0.06525800145362907,0.008867627809033626
987,-0.003486633547651915,0.0920558042145096,0.07086718815268819,-0.023057226286749655,0.0345119958041104,-0.0955420131911586,0.017156645626279762,0.008982537745295558,0.049701056130335854,-0.016912254240127583,-0.028967356905215663,0.008513430486315133
988,-0.0029992526356612675,0.09459953151484268,0.09105915651899894,-0.025429105022436182,0.032460254402832074,-0.09488934262570835,0.04563758404805065,0.008588658737574082,0.041060787878691066,-0.01770587233670847,-0.00965437400564039,0.012999167757005521
989,0.0028912396157555254,0.0964606117682316,0.09823363690027692,-0.025043928330829284,0.026747977343846405,-0.09678818277683957,0.05477240719707384,0.008664604688991107,0.03692170092620277,-0.013167131073836588,0.018140573835075523,0.007481783423524117
990,0.004262232843825846,0.09627780306447042,0.11884901758587539,-0.0251154696675536,0.025799215928813447,-0.09969774801025347,0.07088147855723984,0.008673055175266002,0.03130521025113476,-0.013081227407977288,0.044805768093592296,0.004263548375048394
991,0.004505974685907285,0.09618974687663678,0.12549039975400805,-0.02510269181525074,0.02602705895618459,-0.10166215462655008,0.08643375002281259,0.008648233612039851,0.030527441299163068,-0.012307800375600551,0.06628411421726738,0.0028922392914058188
992,0.00021140587834574988,0.100645823716757,0.1298736741517147,-0.025059205626130957,0.021504353753635713,-0.1075397461906835,0.0909350503881048,0.008389157328601815,0.02634131414737883,-0.008127462788736675,0.07684236858257555,-0.0023512142746776855
993,3.327617494655603e-05,0.10037085529380935,0.13040722010214748,-0.02555230136253653,0.020848350439253045,-0.1080717310891098,0.0917037205377081,0.0032261973326466707,0.02603370435660726,-0.009205325754251124,0.09107007446220805,-0.007648193306534104
994,-2.472727205716858e-05,0.10011445835999339,0.13439997372006676,-0.032268302579590596,0.017148980470164908,-0.1123871113610637,0.09571757951610586,-0.001398294274921312,0.024895513416994433,-0.006032593187465047,0.0911834879035499,-0.008511452452685952
995,1.3493521865089846e-05,0.10247384134413307,0.1336519439803404,-0.03997773342234957,0.015389960228740411,-0.11725359609297552,0.09512292701714206,-0.006936843227894883,0.01670258792699009,-0.004527821533551163,0.0958416750583651,-0.012477001815112876
996,-2.8680766637895537e-05,0.10464421947242011,0.13439116240811266,-0.04463544688018324,0.012582746506874014,-0.12212733887040128,0.09523185709644441,-0.008147806317883552,0.015932472837334698,-0.000632937735922968,0.09464855408588735,-0.01739759686032229
997,0.0001170982807265137,0.10724289347753928,0.13062945426819608,-0.04621388423441427,0.013091839324802665,-0.12699894163091685,0.0953499704434626,-0.01471687931575429,0.012386256678740742,-0.00011894620398818657,0.0978883462554827,-0.02238461428182044
998,-0.0004481646445442443,0.11275717922342465,0.12978514442577097,-0.04605480831912944,0.012893823610670143,-0.13172939282185,0.09492844557189872,-0.02149447085761311,0.013551513346279284,0.004438978040402061,0.09745297068867478,-0.026052035085293593
999,0.0033930641685734654,0.11287590363532132,0.1256715197228829,-0.04598006495551855,0.013052633162453926,-0.1371410988196198,0.09949641117061793,-0.021587997611820373,0.009463002416232429,0.0046813217335825805,0.09139137510210056,-0.02750001815132772
1000,0.004268507375759958,0.12211864093391801,0.1213955146160719,-0.05073536885369814,0.008430879554352979,-0.13844017442406392,0.09951209761836338,-0.026202913444023052,0.008575522831023318,0.010306920656380062,0.09102104231316452,-0.03036434675411926
1001,0.0041873585483733515,0.12548631382600137,0.11931522105371795,-0.05467839642359165,0.008763503800057084,-0.1417824359245116,0.09954065779122416,-0.025919195990396823,0.0086534308445024,0.013285894554027386,0.08644086908711528,-0.03281481184467563
1002,0.00417845233741702,0.12688482427770845,0.1056736634486994,-0.054283278420773295,0.008630998351112171,-0.1471413493671936,0.0998832051420753,-0.025681744066721805,0.008663813110331795,0.013041607987224056,0.08202473794252176,-0.03534010340125489
1003,0.004187542304077403,0.12982662620910693,0.10687233222439753,-0.054522928772981254,0.008636502941823204,-0.1475594416492139,0.09755035586675873,-0.02799205127717764,0.008656160157900163,0.012501033514127761,0.0823539324060477,-0.030755493369833783
1004,0.004176299400711741,0.1318473280904004,0.10663451427278442,-0.05394546761707969,0.008780780561205239,-0.15627559672403296,0.09486498047706535,-0.030645040941548653,0.008656738598602614,0.016692846916421665,0.08212680058392147,-0.03029664913170381
1005,0.004217275869708922,0.13686339770585254,0.10416194539201046,-0.057516939702964794,0.008218368203970457,-0.15777797347578842,0.09530780138867431,-0.03034798790742767,0.008666427505311814,0.017137304938831092,0.08270920908509552,-0.03049034520188724
1006,0.00405202695317549,0.1418993228624409,0.10496431604539669,-0.058777981050960125,0.01245467203766037,-0.1668698975637218,0.09522968399118141,-0.029999256693553664,0.008624737896670906,0.021647053229554514,0.07930747036949805,-0.03575998606513559
1007,0.004633338481433119,0.14222144462324537,0.10049956078508612,-0.0585060024403147,0.01301180685375325,-0.17154017051769466,0.09523709568126087,-0.03453258794608799,0.008765152799755963,0.016738754233943897,0.0777908251664998,-0.03928334258380731
1008,0.0003415785573351298,0.1469615359704278,0.10039237763721097,-0.06316511599629533,0.013002376410521705,-0.17298020931917868,0.09521933885111328,-0.03449312002733146,0.008427783075726546,0.018641658231108384,0.07778073677454958,-0.03892719859855612
1009,3.9490518239497854e-05,0.1507216928720473,0.10120404769076,-0.06803600684292792,0.012979481770054008,-0.1766779622242044,0.09542111524366509,-0.03548548321417033,0.013050578961620225,0.021656837191795213,0.0823892906032983,-0.03874546481755877
1010,-0.004080785103651425,0.1517683000045015,0.10472844920655583,-0.07116277893229993,0.012989397985201592,-0.17760604091885632,0.0939688911612503,-0.039164039098952615,0.012894371322816981,0.02402244202737945,0.08666766607810442,-0.04119596040092309
1011,0.00029744125737187713,0.1556944054259753,0.1065050016638445,-0.07303872575710874,0.012986390578510448,-0.1775764748619816,0.090020185212029,-0.04049488043889341,0.013088172043441107,0.025730165618112564,0.08758579761511406,-0.05042177884848359
1012,0.0011932829453666913,0.15208181424757986,0.10873821021087664,-0.07533788406654295,0.012987153015446846,-0.18261026031325506,0.09372336336214661,-0.045955262029389314,0.012602489241612152,0.031874055878481564,0.09114194174953495,-0.05592530618871283
1013,0.0046582552157690815,0.15074058345720925,0.11179794016512119,-0.07804746110838047,0.0129869863181768,-0.18700164327204064,0.09513989400762138,-0.050643730235815164,0.015307175366279251,0.046624958019049874,0.09257421657239875,-0.06065546068712363
1014,0.004077194111373198,0.14723107193645324,0.11320185283904083,-0.0829534280473012,0.012987016852148724,-0.19425907060267358,0.09870301514171036,-0.055683270522804855,0.01751749251475593,0.05197056765442064,0.09872176744516314,-0.06107488878675826
1015,0.004204831118998329,0.14246235912421962,0.11287147521660765,-0.08779681674970602,0.012987012765139503,-0.1994985540161033,0.10374190668637676,-0.060310766244186374,0.017668338110448566,0.05191950668419183,0.09902106254754611,-0.06526582600065334
1016,0.004180552233063759,0.1381802053038187,0.11740679327025452,-0.08802718822038116,0.012987012852144241,-0.20165429480060895,0.1086657874865357,-0.06958657251688267,0.01330298845829047,0.05195871751414592,0.1073263023287528,-0.06575913163769126
1017,0.004184954104976655,0.14266278757262082,0.11638337619616551,-0.09302189846267711,0.012987013370564385,-0.20636051682646717,0.11271525024069678,-0.06947386974267908,0.012987692055759921,0.051945568389139364,0.11258097690509335,-0.0738256673000714
1018,0.004188599024407888,0.1424098799418219,0.11223326203079363,-0.0976122928333151,0.012987010952309056,-0.2157895688124974,0.11347015387141934,-0.07661754498021438,0.013418142419166841,0.05194603077122236,0.1125358853542384,-0.08087264104370759
1019,0.004135295915483177,0.1404460281020224,0.11506641751551518,-0.10225837480418533,0.012987022897871391,-0.21643699184728818,0.11930485807862269,-0.08414283306015262,0.018101726568542954,0.05195877710974811,0.1124293203229353,-0.08571655653510392
1020,0.004489611953317335,0.13757515982515495,0.11705307076421556,-0.1073752529617056,0.012986971258878297,-0.21652419628225913,0.12149685244069837,-0.09195588031735749,0.015077883135585998,0.051912405156647246,0.1135707789671799,-0.08678353911980484
1021,0.0023077190758460497,0.13858295505537158,0.12017077855804836,-0.10903515878841079,0.012987163376090441,-0.21614956288990192,0.12112457087568389,-0.09571836656928313,0.015319865290368072,0.05202970076732122,0.12136725805467892,-0.08651780569524364
1022,5.4094593446765444e-05,0.13444507794099714,0.12149448098611422,-0.10626020491654517,0.012986586724587659,-0.21826522795678582,0.12131791310299517,-0.0952506191314916,0.014825190138338431,0.05198615874478394,0.12924246390412794,-0.0907443524677003
1023,-0.0028744238857913466,0.13386431334833293,0.12495880808985106,-0.09224363276724476,0.01298756267700928,-0.2193798034366937,0.12108531284601941,-0.09137564894697896,0.01267881023988643,0.05621394193184236,0.1292711138007099,-0.08667916039512259
1024,-0.004374554663053129,0.13393820443997165,0.14317333789651132,-0.08564069480331439,0.012991177231030764,-0.2137279987371645,0.1256588863647588,-0.07179409970766228,0.013080195846291416,0.05907003801453863,0.1376596071197265,-0.08239307144315791
1025,-0.00416532124463282,0.13322368037024232,0.14626821084212152,-0.040752665313558215,0.012942296952872573,-0.20852811075464245,0.12620031486681293,-0.05672939826885363,0.013052062900013322,0.07070006685232623,0.1429176521264886,-0.04765613837632806
1026,-0.004181478002980975,0.12912054969913625,0.14768748422296452,-0.029905169920814493,0.013264390294091526,-0.20790914220177367,0.13012130811426098,-0.04547583267479461,0.017631299898239212,0.06889727236793651,0.1483381786522374,-0.021942131699789508
1027,-0.004195752752980231,0.13052294876907342,0.15107617662528422,0.008901106790482009,0.01121716242696114,-0.20355768937769927,0.13132791823502907,-0.008993034592648939,0.017128232792070135,0.06938281077166875,0.1575254339056217,0.021149719723061414
1028,-0.00411533780600431,0.1251349882641282,0.15049229447733103,0.09754850327471043,0.007679432376440012,-0.19894723671014145,0.13679654354351428,0.04306933755178459,0.0177371383332554,0.06910845331902885,0.1613500921131848,0.088022098804753
1029,-0.004542852034935047,0.11802734884251773,0.15077294282593062,0.2464156429014424,0.012353392276314185,-0.19935662961148382,0.14152808128372243,0.14577372070511926,0.014936512298838325,0.07250466205173149,0.16930981252952015,0.2160902213920729
1030,-0.001977369233270282,0.11395047546961519,0.15026136224432687,0.41229050521223615,0.009384805145522644,-0.19808002628098315,0.14642158671805242,0.23955134230238137,0.013025772302101323,0.08654899994088451,0.17534548519472132,0.34689876758720783
1031,0.0003296859622281737,0.10519386385069822,0.1546941787917505,0.5384856167675076,0.00866411525404782,-0.19214830490445572,0.151280429251639,0.47704785569715036,0.009866190654755717,0.09560483870545007,0.18779100516165104,0.44908284747648053
1032,-8.456979584447991e-05,0.09120854151555666,0.154991954286742,0.6921543536777969,0.003696203376953337,-0.19104472900988959,0.1561355609405834,0.5535362565301196,0.004754665338229042,0.09485545721187094,0.19447334899438973,0.5952189991064643
1033,7.271101165007185e-05,0.08330294984623818,0.15919782464529597,0.9087857140447813,-0.004783067880244436,-0.18437746340117048,0.16117063516616145,0.7661979289010254,-9.157574550498453e-05,0.09685895247880703,0.20378796549819683,0.7649189397898298
1034,1.95408157372372e-05,0.08311879468318935,0.1601413166252508,0.9490181739185997,-0.005370793841472397,-0.17815284788848046,0.16476135662146776,1.0005455626113309,-0.0050539619720396025,0.09959678076009229,0.2228060483346207,1.0938681688494125
1035,0.00444512509186747,0.07581774038439255,0.16335763042026755,1.0485848832663822,-0.009190844015325945,-0.1731916995068484,0.16528773445425543,1.3115893190015502,-0.009069205765113966,0.10209148780803526,0.23019385994731578,1.3693118768585049
1036,0.004130757522582936,0.06790645300225741,0.16511149171052722,1.1194181551652729,-0.008457789100585247,-0.1725397717298234,0.17585274643495455,1.401220537019057,-0.008194399631986394,0.10459076859116431,0.2388993529562992,1.4448839581452568
1037,0.003909228662809866,0.06734875865149868,0.17044517656170996,1.1700179416574557,-0.00898155881242591,-0.1583083047752234,0.18881777456403115,1.4810726295416408,-0.0109483033607214,0.09998878646393043,0.24905801021042664,1.565598688507835
1038,0.006101856863219044,0.0608040535486314,0.17462400221565627,1.2110410921102255,-0.005426702866374892,-0.15562894636361377,0.19077080761876838,1.6312076200739443,-0.013339469932859761,0.09956102681632911,0.25918435003274554,1.6881134336846768
1039,0.009205893844591985,0.04660355369808341,0.1836318282191126,1.2250947968351784,1.0978671841919366e-05,-0.1439215247879133,0.19033071560044862,1.7379953449131664,-0.012844651591226648,0.09970218908272323,0.27088558515021155,1.7376393476262408
1040,0.004970505076926011,0.04177547124298962,0.18833126228012537,1.2338564096560305,-0.0045322087390733574,-0.13045845704661688,0.1950576979756618,1.7254519135414101,-0.013182848786408803,0.0981510468409115,0.2807702391287259,1.7254142112561355
1041,0.004407157872569778,0.04204839831741585,0.18865307110346885,1.1595433087223026,-0.00399534363015614,-0.1275900386611325,0.20057731049004712,1.6878018830748782,-0.008559469048642335,0.08802500331734883,0.2859142767452294,1.681371803590512
1042,4.0920449361064697e-05,0.04057493598768189,0.1944714719748822,1.0357526431418953,-0.005902192346321073,-0.11833265971203591,0.2096657006813423,1.6349705199139097,-0.0036264852542141255,0.0758947570194012,0.29982230433541696,1.623519161781263
1043,-0.0005211901442027806,0.03760026558425145,0.19476510190220075,0.9914933392520122,-0.007159668186882855,-0.11283503851621121,0.21355402498821596,1.5659012679323139,0.00044003649590202776,0.0655609194761839,0.3050752225148666,1.5730065308542023
1044,-0.009168625653370371,0.03536445426117488,0.1946186084474984,0.879538280188567,-0.004309416743815388,-0.10810344664243594,0.22107732929404852,1.4647356985549789,-0.0005924618861821356,0.06508513736608695,0.3134728755003817,1.4676146250251774
1045,-0.00803193796900665,0.033197526227128585,0.1961993680071214,0.8402152330082137,-0.00124730752583931,-0.1015055131784171,0.230834251316266,1.376283736615306,0.0028662433189205585,0.06170165876471187,0.32145915939752684,1.4139727128509143
1046,-0.0088602320827445,0.033426300014298006,0.20349596106523685,0.6715927060741099,-9.790502502094031e-05,-0.0827409351110872,0.24150274981761785,1.1647647389597633,0.0012555122715716231,0.05215593432675724,0.3407366327981,1.296133027679725
1047,-0.005748076508564845,0.033628529692441955,0.20877285588214492,0.4839125182915227,0.0039729627807703165,-0.07639171270750547,0.24221946279445852,1.0765430213898257,0.003333960246002469,0.04726201448474746,0.35360367047445784,1.0581274967993484
1048,-0.004366248368844177,0.02915331983300711,0.21773737462155635,0.3170693934172242,0.008883598755148912,-0.0689930330510934,0.25152093647059803,0.9750529872103357,0.0041932783276624145,0.042381536479772455,0.35900294983560316,0.9296139629611359
1049,-0.0005998665689006485,0.029381201474623638,0.21865292299541259,-0.08563633799829065,0.013858071782703396,-0.06146994447989612,0.2559110650136367,0.777714113420589,0.008701230745346577,0.03715477311735277,0.36383034047247265,0.7755267729014533
1050,-2.4127366519154526e-05,0.02925152158558125,0.22665562759900346,-0.1734202281610799,0.01807984530639238,-0.05817290547827634,0.26224002841093996,0.5820772604848412,0.009047501429549937,0.034712921956788705,0.37810747605298284,0.4287154170172774
1051,0.004671195014813656,0.029326353279001304,0.22712887796122325,-0.32393201251253756,0.02699821959087191,-0.04407212663277084,0.27093761673059064,0.4792546084335492,0.01352242895423373,0.03200433862401149,0.3885726589741709,0.11620796987256099
1052,0.013633665891484363,0.02916021063195922,0.232570940373119,-0.35314347691436526,0.038263792768218965,-0.04326242999525868,0.27398710711770213,0.3375651928852315,0.0124874946089476,0.03037807470296538,0.40180823966734147,-0.0573517953139832
1053,0.017921354636953032,0.029763290880519596,0.2371435230207212,-0.1335156834587588,0.03876672222234836,-0.038693598114186996,0.28653477194968957,0.12018699356231324,0.015283013779735276,0.026824061304956435,0.41365289848552533,-0.29421954470182254
1054,0.02262779568444735,0.02569680134418984,0.2417513788120834,-0.44709668705342176,0.04199596305542313,-0.03828399576527027,0.2903485122963759,-0.05182797958580956,0.017648317693568144,0.021859304166957316,0.425514377164347,-0.4918973572077663
1055,0.027823517771419278,0.025215813450004995,0.24672105195268546,-0.8948965136614274,0.05122720818245643,-0.032766990078898287,0.29377546186507786,-0.15466388397314623,0.017237258639985556,0.017276232304086713,0.4382386705531178,-0.0704346498894622
1056,0.02916810651736534,0.020782402766098346,0.24694739800491522,-0.9046945661705059,0.060919675341533384,-0.028277730853647945,0.30336283393999464,-0.23304852273878993,0.017372984214272493,0.016128499435404103,0.45341070171411757,0.2824702064951402
1057,0.03242366158620076,0.02117616047191212,0.25185839245505365,-0.851843891165451,0.06546311235256393,-0.022595164938484354,0.30785175518300406,-0.31334913359467376,0.017359318898849594,0.006411923184951886,0.463379771990282,-0.32901932850811694
1058,0.037240528959217215,0.019701735799276077,0.25644222614673856,-0.7846580724887032,0.07170525223123295,-0.022329803474567478,0.31428550212399153,-0.416934410803905,0.022329908920751946,0.004161778309724473,0.4724757808435628,-0.3744384723596724
1059,0.04188501640016798,0.016672752801084042,0.2611828412602544,-0.7244785286549869,0.0803066618967235,-0.013740313588774197,0.32194624931388194,-0.5328185965223416,0.02713324090065547,0.004218363336825237,0.47938029270275007,-0.500791562575428
1060,0.042142313936080124,0.014516551675967533,0.2658867213932824,-0.6718269874033358,0.08404044569458793,-0.012988003240978143,0.3313108908493649,-0.5599282515899506,0.031912128426379666,0.004894266377775046,0.4914013947705415,-0.5299476083135256
1061,0.047452903962694734,0.012261653882395973,0.2705489257212393,-0.6018318862310449,0.09255005434418273,-0.008358355564921217,0.3440468646242117,-0.5791018728234137,0.03734515518365928,0.00027301296881258224,0.49873549737566014,-0.5558514937521567
1062,0.05060763761617661,0.012512240516178134,0.2753929881319587,-0.5293370612120842,0.09875211534885303,-0.008741444798064794,0.3503676907380967,-0.5662716079084629,0.03875881552020403,0.004122488970102109,0.5197159438525085,-0.5547186106492782
1063,0.04978766153237509,0.012723332997752706,0.2797861378404231,-0.47353793953938733,0.10372285652843134,-0.008868482264708719,0.3502610335613927,-0.5426731060802524,0.0423939721099716,0.00432681158142523,0.5460545900992169,-0.537725114890191
1064,0.05264179658227525,0.0082358664941876,0.28894485208610815,-0.3867363045153135,0.10398343071008719,-0.007002011127593723,0.36431443139137903,-0.5275757082083248,0.04338687368449742,0.003704165000394328,0.5571448480485987,-0.5192120285460591
1065,0.057520532820980234,0.008965904679238829,0.2941017292980683,-0.348692197909082,0.10875633897631116,-0.0012540449704211275,0.38436369592342406,-0.5074936426158643,0.04329487458087,-0.0005447696635827795,0.5759418364621849,-0.5094525310301359
1066,0.06241934961560389,0.013232350991570113,0.30254705272062216,-0.29480368603595924,0.106778625949183,0.00019293671017601912,0.3992169891647589,-0.4729665814523795,0.04324635184377122,0.0005231143377953185,0.5818496893819817,-0.46716887587109285
1067,0.06276625223686465,0.010674373214387288,0.3096335793230416,-0.2630821521707959,0.10452556822835364,-4.834339649801612e-05,0.40085535578335063,-0.4391787923889525,0.04357144733568473,-0.0025009845669135,0.6005096225469868,-0.4449989680241699
1068,0.06325053589867002,0.008431536053626655,0.32567734208166593,-0.2267776984081183,0.09728592842792755,2.0549236431270743e-05,0.4112926382425582,-0.4188529010949229,0.04151123448559201,-0.004611695579491408,0.6111222849879174,-0.4085833658585146
1069,0.06643429481723377,0.005563152594254605,0.3335866554937258,-0.21057386176102796,0.08728889469593962,0.00030553983969691277,0.42465895427615147,-0.3794858842998732,0.03925056624737769,-0.004308773517371869,0.6364182555066543,-0.3589673274114677
1070,0.06247687588935375,0.003982227281073618,0.34050935413609673,-0.17924243226919342,0.08340043839617148,0.004667021341232443,0.43427792449149133,-0.34299798563485434,0.0339503409638055,-0.0042882310894889015,0.6468692577273143,-0.3280794904001501
1071,0.061101883608179516,0.0042046778086817,0.3550488708367585,-0.14790177057725368,0.07482257391106564,0.004521212021367637,0.45750871953551814,-0.31865089193495505,0.023743993442648093,-0.0041748085271716695,0.6688179231022586,-0.31236912298942093
1072,0.056501256082513523,0.004185731611026367,0.3557363956243076,-0.137922620497728,0.05578330041347309,0.002406075458135908,0.4634612092182998,-0.28066596240147906,0.01349471919599719,0.00038894106177376564,0.6912386403624976,-0.302406796793765
1073,0.04789330784315654,0.004184993959889557,0.3656734356400184,-0.12671107814533755,0.04686108691640449,-0.0004006793997279366,0.4775980280976303,-0.27716982604220114,0.012967986594759196,-0.00039581492512872523,0.7058591309503872,-0.26416171741147143
1074,0.04579844848777671,0.004166394175102694,0.3735912289243687,-0.10546975303039022,0.04199968501862146,0.00011047517803035081,0.4815839240565217,-0.260342142129021,0.007942968623141268,0.0017764469174298336,0.7203633795469396,-0.24992505595429373
1075,0.04602040607879674,0.004280940987942811,0.37976726883311734,-0.0954591652274787,0.03771100411681268,-0.00011084745553908176,0.48610182499415683,-0.23179414947159405,0.0032080036937113254,0.004848245010933409,0.7359220541239997,-0.2421455254346312
1076,0.04584077602074136,0.003750422794053927,0.38785225469944434,-0.08480569770718059,0.02871868401613069,0.0001443027484681347,0.4953603060160627,-0.22842794779916675,-0.0017024010221736777,0.0037984360500408496,0.7553798389228771,-0.23001742490424731
1077,0.040782771940737,0.007031557565734761,0.3907260624782625,-0.08122954733249403,0.011772158805412205,-0.00443885117661057,0.510939477919682,-0.21442461285483982,-0.006596672664449549,0.007891250533986302,0.7632092631279114,-0.2122039180264979
1078,0.03716834682388054,0.008564567123530474,0.4038777574410544,-0.07582599635790807,0.008626823975441903,-0.0049020590294438305,0.5227864632650001,-0.1964297144597615,-0.01131547132448789,0.008793701200963818,0.7793301062030316,-0.19240547261856766
1079,0.038554589536821074,0.00834683146193227,0.4056908802158645,-0.07542790384321757,0.004622496542215881,-0.009144947143628623,0.523652002922743,-0.19151048304136134,-0.01670790725706229,0.008810566724055485,0.7995709925110555,-0.18728289213644736
1080,0.03264855389222179,0.008366489558149578,0.414438333105049,-0.0710015202299846,0.0042685015985180555,-0.008525860071078042,0.5281540470822317,-0.1728796314742312,-0.01721018195297128,0.012751949104011754,0.8005131952513145,-0.17340005774776623
1081,0.029203165604504228,0.008378973986170315,0.41889499064685204,-0.06623950554123126,-0.00023225217349170376,-0.008688989985163284,0.5295877326947218,-0.1670294913042982,-0.021739907802088235,0.00809814088816475,0.8141548434581112,-0.16817751377511228
1082,0.02573794301570733,0.00830137975556003,0.42403192561074254,-0.062367879271477314,-0.0007350547519837062,-0.0086517264435186,0.5424566998321437,-0.14786245610698456,-0.0261861126009181,0.00881735642133491,0.8331623275397992,-0.15957688813886317
1083,0.02521916318250872,0.008723030521449368,0.4268718059196036,-0.06313877018766642,-0.00611523211271598,-0.008659122959516565,0.5408225905098635,-0.1410715039652946,-0.025908933171412865,0.008610935703422333,0.8482476897036669,-0.15934497924444418
1084,0.020835853826878047,0.006168129021161448,0.42841999485942417,-0.0608753272882237,-0.011243679646296221,-0.008657723624565692,0.5408518888003953,-0.1362425966408727,-0.02590074569042301,0.008701508716966445,0.868877021156433,-0.15375318212785666
1085,0.020275789061822046,0.003831257502892966,0.43431747474457455,-0.0557795168390191,-0.013253566534528732,-0.008657549324619531,0.543710014539399,-0.13152522318260387,-0.02641150736747752,0.008542914603521013,0.8842264638614223,-0.14905682775480483
1086,0.01744074322654333,0.004350341210533079,0.434625894836947,-0.051256911371124016,-0.012941380191986339,-0.008665454661200962,0.5486504573491063,-0.12609851484631018,-0.02309360267540809,0.00889895416185872,0.8904430967816268,-0.14436489181045295
1087,0.021128972222112626,0.003932989222267254,0.4426081618911912,-0.046279020960025674,-0.01299220216447203,-0.008607102007708487,0.5540797150035717,-0.1257202175398453,-0.021436779893817835,0.004281528757720674,0.8947693081349839,-0.13891381158539423
1088,0.023056403370192675,0.008404426111630194,0.4477067871573014,-0.046035741693211105,-0.012987297759516334,-0.008925000562054461,0.5497192567514634,-0.12116699812353483,-0.021652257962299692,0.0039058544005305023,0.9037012644456961,-0.13879956321020198
1089,0.0254204845070815,0.008761069030920918,0.4481425129133311,-0.04601313007266679,-0.01298470689093692,-0.006828186545474726,0.5498761793748097,-0.1209459854918249,-0.021633750752343455,-0.00044837920057739166,0.9135235931333036,-0.1295377026607687
1090,0.025122106041685563,0.012983272270169524,0.45223694234301914,-0.045998060196930465,-0.013001669786561644,-0.0009540091337520285,0.5497065956901558,-0.11535264648965818,-0.022115738088925304,3.5823746652727695e-05,0.9181744408698622,-0.12536542686959465
1091,0.0249468585334365,0.012516827976306136,0.45218009040316975,-0.0462041075421976,-0.012908237676564347,-0.0002513236929035376,0.5386539810341991,-0.11248120370934617,-0.02640600220443216,0.00041128100428166443,0.9156496917275097,-0.12579895323772566
1092,0.029390843184770872,0.012156658286133881,0.4494177244498435,-0.044626721342114505,-0.013345210093867159,0.003974838951895687,0.5253901799132991,-0.11086087478782505,-0.025848865360398314,-0.0028770071208906985,0.9080235236163374,-0.12417606984594652
1093,0.03368456332357542,0.015322359060964292,0.44863322676569667,-0.0362779044643436,-0.010443594985338233,0.004321436268700616,0.5161044908872108,-0.10487430900885451,-0.026004693338568984,-0.0045446123082216435,0.8955494995848909,-0.11890587034074257
1094,0.03337524890565534,0.01695536604612602,0.4379988659995253,-0.030191376193979613,-0.005417835998029973,0.004199662819137149,0.5013487981650571,-0.104141980173644,-0.025967609052143275,-0.00430859752992817,0.8839956311662353,-0.11412484802384831
1095,0.03358655946849376,0.016694377336717286,0.4312952735631137,-0.025329275069887837,-0.0002236054845492193,0.005533818304005636,0.4819187970199175,-0.09996062982693873,-0.02597498484371126,-0.004330971364502848,0.8512721008801237,-0.10941444281151949
1096,0.03305325838457668,0.01672644297815839,0.42241350920383763,-0.0250723824575887,2.8575138360860133e-05,0.007570317898584355,0.47164622392493144,-0.09958503412872588,-0.02597425648838452,-0.004204034481371917,0.836401975288521,-0.10416280073862798
1097,0.036140235799261324,0.01717988563983205,0.4037723324575775,-0.02085804342308045,0.00463534165156673,0.0037781645545452106,0.4487506744150269,-0.09915216397240816,-0.025974255093752906,-0.005366963315133801,0.8179746903668447,-0.10391922487425007
1098,0.03799605331335106,0.021329292803879334,0.3905595432401569,-0.01909004334279387,0.004225129746213422,0.004447889572301337,0.44291919477391134,-0.09425692462967639,-0.025964743080828124,-0.008763372317678046,0.8011369648336679,-0.09929376199321849
1099,0.037348219964666,0.02082460903558189,0.3734093420011745,-0.011870451775618223,0.004268459356652991,0.004308022658017692,0.4209905730855258,-0.08775311121426606,-0.026043912910024617,-0.010764693273563244,0.7564044806681086,-0.099828630278606
1100,0.04180476516434397,0.0208365006133223,0.3626638731088106,-0.011062537050975837,0.0047607710785033215,0.004330353650974644,0.4047698700262762,-0.07929771549607616,-0.02559242843422906,-0.013232826687128786,0.7170657798082413,-0.09849830030800316
1101,0.04177944587935505,0.021364819068685925,0.34480737408199374,-0.005276404773784051,0.0014869662848621611,0.004329529738667632,0.3686369418309122,-0.07761188313745665,-0.02830714383066918,-0.013339940196688561,0.7012495909867212,-0.09271101981516845
1102,0.041868718130937066,0.017607650305315175,0.32125668280989805,-0.003925847209644953,-0.00021103455807619368,0.004354099275354435,0.3430069091318163,-0.07839614028233101,-0.030274582318670473,-0.009077079121330846,0.666863720824908,-0.09108994842674452
1103,0.04183072633467396,0.016638082903940057,0.30661037920437884,-0.004456670994491938,-5.625960023315497e-06,0.004114792405087832,0.33860618175750967,-0.07390950765993202,-0.03337498312136217,-0.008656803002162294,0.6329219981743825,-0.0878000698133856
1104,0.04185186007152063,0.01673536391141641,0.297002189217572,1.4237785159869466e-05,-6.992895211430382e-06,0.005755073230127837,0.32019853720667896,-0.07358239903095361,-0.03852808857218449,-0.008638261806656626,0.5895903458954767,-0.08641460179248517
1105,0.04180459130501583,0.01673953223622467,0.27817942946051916,-4.253163065635473e-05,-0.00546097864991162,0.009104194443584953,0.2926390545151965,-0.06888161033669817,-0.04336463009276286,-0.008667532212723147,0.5494577397607536,-0.08658330820546477
1106,0.04196923757741205,0.016750653336434013,0.2581979993521605,-0.00019896676165539153,-0.013781311689350002,0.00855845955686136,0.2809193252154615,-0.07009941283121324,-0.047731112471942776,-0.0086479751073198,0.5233205143142923,-0.08653845300843191
1107,0.041479767593465375,0.01664604293807559,0.23770206412471276,0.0014846667390728404,-0.012426489220801034,0.008676878596127802,0.24899369440769364,-0.07557566685343153,-0.0485095446861124,-0.00869411974269315,0.48213576247593787,-0.08718511670640039
1108,0.045940504501622716,0.017157557935661417,0.2202377478846935,0.004605824916244047,-0.01518197805728626,0.008655257345654688,0.2239045661377137,-0.07821724486289004,-0.05253759630169562,-0.008514330755164378,0.4566777543220636,-0.09133493236203484
1109,0.041145988923922974,0.014026649029243292,0.19795458434646598,0.004092927294537644,-0.017787092274980258,0.008658195095663755,0.20923237660653213,-0.07797757016443911,-0.051384748585672595,-0.009150212602328846,0.4227774081825021,-0.09089276067712274
1110,0.03323125545029397,0.012327180077975257,0.1828367495646618,0.00420224819006971,-0.016803346681667934,0.008658433710198164,0.18650275182646536,-0.0775121767529435,-0.05484341920968381,-0.004629454176609486,0.3786110920183979,-0.09045958467185819
1111,0.03120961602135793,0.012582889074896086,0.16924328157910312,0.004177265095163104,-0.021317428863384454,0.00865443231166355,0.17423731109962295,-0.08184098089483681,-0.05648301546693761,-0.004401297159376772,0.3450506942411684,-0.09393545089506142
1112,0.02444510968481256,0.012552071868740352,0.146486432633369,0.004184393371500582,-0.021641482186600548,0.008679605012637799,0.15588281573424023,-0.08225195299203879,-0.05627005812593115,0.004756580581455496,0.3282804295044173,-0.09505614411638201
1113,0.023387673724554178,0.012501524962394905,0.11971442703645348,0.004280442196751991,-0.026155613417137596,0.008551628211136295,0.13315060106803367,-0.0821649357535769,-0.0562866080224721,0.0048273403210800205,0.2810115622129354,-0.09914571670942272
1114,0.017626826977046373,0.0129527639767687,0.10914814458048529,0.003342791510543758,-0.02677563901811332,0.009109790475122765,0.12614482186809242,-0.08316133774243484,-0.0558156612207138,0.010120574325990362,0.2648921750642337,-0.0995620056867362
1115,0.016609691654557127,0.009872255368220244,0.09423201986375747,-0.0007118830921063595,-0.030787696595984983,0.005564244078144879,0.10028099048078541,-0.08704899492749109,-0.051517380671915136,0.016630990057199653,0.22734392718759594,-0.10002179422193941
1116,0.01675754037238575,0.0017221724729602989,0.08454281875620151,0.0018398216906163267,-0.030259396274868164,0.004060151729617202,0.08667270391667961,-0.08646223883468954,-0.052074732354297285,0.027350683902430964,0.20945092770246493,-0.10401969897129339
1117,0.016760563521778175,-0.0029642797357471466,0.06894230511044151,0.006862600406074092,-0.029997531918023727,0.004507997421712279,0.07387669756530615,-0.08660563807381352,-0.05191045043543387,0.03346881002391602,0.19463411451366364,-0.10555216270407099
1118,0.0163409876106173,-0.003943966898139069,0.06382445444237436,0.011328042046750732,-0.033206151509162674,-0.00010596133239716334,0.0655406586832068,-0.08657546233536624,-0.05198145624590423,0.03869904798797285,0.16078491991152924,-0.10668461209378964
1119,0.011037905540386361,-0.007993617246517225,0.05908880846622736,0.016532750324775646,-0.0387108675119347,-0.0003764466539858584,0.06139181788496466,-0.0865806905480178,-0.05185853600670135,0.038823976527224635,0.13593252283651647,-0.10329174757082514
1120,0.008231413968458962,-0.008350644648043845,0.05444528224282032,0.016699798865477154,-0.03894251960056734,-0.005961184228607086,0.05205117460243713,-0.08658007576932582,-0.05214982076058199,0.0479912787229849,0.12285155131417541,-0.10443130067933769
1121,0.006980927944206435,-0.012743739289223309,0.04483726499264368,0.02587534687335833,-0.04358757926270689,-0.009091613949477035,0.03764722902146126,-0.08657996385589589,-0.04755840957389473,0.0481822523364691,0.1080777077687254,-0.10013077132183859
1122,-0.0013229343397469352,-0.013124965896330587,0.037220036252699595,0.030370488053194016,-0.04294100544639524,-0.008125405198427494,0.028992890034002856,-0.08658091190921897,-0.042613565649576315,0.05254029544862954,0.09273279423272807,-0.09952938408039087
1123,-0.007868933216806344,-0.018386810419958644,0.0366746685031401,0.03360252195058521,-0.04486349050071321,-0.011677376312182056,0.024775668439830215,-0.08657543004476591,-0.03863216999406683,0.05151363230885626,0.07612518189119674,-0.09955557334031423
1124,-0.008481761625576926,-0.022929855121907476,0.031296536061602896,0.035114161121776455,-0.047745623580856496,-0.01317045648994946,0.017560253000426736,-0.08660203067368304,-0.038972659312267614,0.05409314227875469,0.0693052023186107,-0.09957061517045315
1125,-0.008392355028985476,-0.027662305481596358,0.026757390690533178,0.0401581196006308,-0.04975658873078566,-0.012983451815115404,0.009398146369822646,-0.0864909128198354,-0.03934336587562868,0.05987535648428766,0.05570469353087618,-0.09958542005687883
1126,-0.01284941112712308,-0.032396548577164376,0.022026783973128565,0.04543103229855475,-0.055657183287253845,-0.013011598848588997,0.009274729815245922,-0.08688704126030282,-0.03624041489748309,0.060382998420882586,0.04603169330990219,-0.09946380518103987
1127,-0.012221041416167316,-0.036992210812344814,0.017307240625942175,0.045603895275408556,-0.05606806547443733,-0.01242771393070529,0.0012516786101952173,-0.08303774846288202,-0.03397148192314829,0.06480205556483797,0.04031363322635775,-0.10001960986895109
1128,-0.014038645008094847,-0.041816260530505724,0.012627953014026682,0.05427302380434189,-0.060558396204919374,-0.008513802231300363,-0.00430821344295308,-0.07794396381285416,-0.03868738222359365,0.06486681652390046,0.03093361170172794,-0.09658871931006371
1129,-0.01719036066202474,-0.04208632049291611,0.008180741740550635,0.05901269156449239,-0.06053143103153927,-0.00694978812839263,-0.0042909695770640055,-0.07763002150871205,-0.03898600863667514,0.06511053127343464,0.030295116478284992,-0.09502745414634887
1130,-0.016491701734653866,-0.046853014013860265,0.008466031874855498,0.06316660137053307,-0.06068898173770273,-0.004759339525058084,-0.004415335634172683,-0.07309311347677534,-0.04363318679294089,0.06387062198705466,0.02515245609700607,-0.09528101210250518
1131,-0.017283133969769913,-0.05329896817593469,0.008256529773969987,0.06230908851207509,-0.06029362933965635,0.0013147327785766258,-0.003901207975682127,-0.07414461598344262,-0.0429243978318059,0.05856082266143611,0.021607378776734056,-0.09525520669613353
1132,-0.012724544345724965,-0.05941139965881538,0.00878502306247214,0.06490126485672447,-0.06253068143836517,0.0047952117714954,-0.006826808585091956,-0.07107897640786046,-0.04491099590307708,0.053814083863579575,0.020048921251641618,-0.09468763545998286
1133,-0.016654880542649995,-0.058168874031239146,0.005760862561227769,0.06681091458635176,-0.06588175186846908,0.0042547623260799135,-0.006293911610660266,-0.07156881354869393,-0.04805613125980628,0.04892256023646642,0.017297754493916486,-0.09126717373309633
1134,-0.016707446177851696,-0.05943521062989116,0.003940169642048207,0.07017838407978183,-0.061168794912863776,0.004324938704837632,-0.004125232850141539,-0.07402714331502715,-0.04746308001983967,0.04407413314289006,0.014589328233637957,-0.09700380303261044
1135,-0.01636567254141384,-0.05120485042996412,0.004216083450530394,0.07097252987212407,-0.0642286002390084,0.00474665207201413,-0.00406340386241078,-0.0732474796393754,-0.04785525905818675,0.03919313634949533,0.012639484106690052,-0.10197615120271257
1136,-0.01945099547880092,-0.05014641616495008,0.0041840086741879124,0.07524037644125658,-0.0650231807467352,0.009092627364736296,-0.008591663485613969,-0.07785313170508022,-0.04409575297002116,0.034283669561834165,0.013268433444156498,-0.1042029516785629
1137,-0.0254350588730252,-0.0496135782081216,0.004204988539080773,0.07516263752138988,-0.060488816949431444,0.008439777655186997,-0.008624071545641014,-0.07777836113914749,-0.03454820112557786,0.03018246822561128,0.008628420290243046,-0.10380722930837229
1138,-0.028016899292433103,-0.04050292479980007,0.0039845255575355265,0.07618022673534203,-0.05981301605275883,0.009125987156610163,-0.008420916855066117,-0.07875711960332463,-0.030157127676300376,0.02920426381064384,0.008736577074413106,-0.10399355342197053
1139,-0.02445469082854655,-0.036005151099923347,0.005539481964093122,0.07968963320887265,-0.05618600905755682,0.005887158226861873,-0.010401210762622428,-0.08279448785979092,-0.030290339889938695,0.025304175953725975,0.008610116898629675,-0.10380162362151214
1140,-0.010733030633537448,-0.03349605775321965,0.00880042878031378,0.08101789121068827,-0.05354845999000153,0.004165632726325304,-0.011296871812784031,-0.08171130712672665,-0.030692749776754843,0.026882869981703188,0.008764584596883158,-0.1083673323102305
1141,0.007169521734008133,-0.03100966332578654,0.008272022959114729,0.0863052453743225,-0.03820522040719937,0.004147479486415417,-0.008651315605693929,-0.0849449172665967,-0.027859766784681463,0.020229417765321958,0.008207123393037412,-0.10871259908842376
1142,0.03010895098807508,-0.02893819374740932,0.008386110109241092,0.09078433048049958,-0.014252385040867118,0.008534106612308245,-0.005484964011334249,-0.08680770807469836,-0.027645707838692184,0.013344000025448308,0.011543685336567359,-0.11401602428454354
1143,0.04709701099291974,-0.02955100112551428,0.008366083955445924,0.09580964201086116,0.005513175072389764,0.013069614626693834,-0.004173791886273691,-0.08661925291676394,-0.0371632230387538,0.012927038624157653,0.013097403986782935,-0.11903537659455417
1144,0.08205190601380714,-0.025264526878358867,0.008367924081516848,0.0962736457883174,0.02994006101965538,0.013713785177642462,-0.00434156476778303,-0.08651198799264544,-0.042837805102606714,0.012864072157193445,0.013217034370077053,-0.12166559668320873
1145,0.12396523369096502,-0.02076966682072259,0.008362844656279475,0.09654686339467214,0.047125494128833906,0.017826097221637912,-0.004412080581278218,-0.0912604946486799,-0.04764803120350213,0.007707711584889731,0.0086299757497158,-0.12066226568694714
1146,0.1661375108726255,-0.020958751232232634,0.008419837278321747,0.1006548584849507,0.10888251911889915,0.017079889588167498,-0.0035353748939837355,-0.0971639746745832,-0.05355701956062943,0.003923542071803936,0.008705438970904268,-0.12489681675729093
1147,0.21520909662123666,-0.02111684453625663,0.008059350910157324,0.10129031085997153,0.16011026710075082,0.017799914790095225,0.00045609492040036095,-0.10438499574607613,-0.06586835087972367,0.004805690689376095,0.008868915389917728,-0.12545279016380437
1148,0.3106551672791684,-0.019435900966341332,0.010289878043388543,0.1070995317608795,0.23411926431671096,0.014138672053791882,-9.048741914042429e-05,-0.10579691320316886,-0.06627181802334102,0.0019104691177163737,0.007086207400984953,-0.1300341135109503
1149,0.3733155994000612,-0.01370591982993477,0.01292536586925335,0.10859791908374973,0.30791614563422015,0.01274526185294785,-9.762594035428993e-05,-0.10811751388010282,-0.06929723082765006,-0.0003312001942582946,0.0038971264620926665,-0.13478889925923843
1150,0.4204740635958313,-0.012822327165262729,0.012452490911230818,0.11185757333126058,0.3753878902917586,0.01311841176360798,0.00043844107734301017,-0.11161954895979552,-0.07217215068867888,0.0001318892915803411,0.004420069950181186,-0.13997134135391806
1151,0.5140483892016833,-0.008846701461874485,0.012646767716285898,0.11312157184920515,0.4349937860820884,0.008485389434880556,-0.0037750399402113038,-0.11203206168559272,-0.0732726979369133,-0.00016272342483314006,0.004315100479737511,-0.1428378435598027
1152,0.6025379241077372,-0.008431724518916672,0.012458846305800781,0.11295742743590492,0.4816099270465779,0.008742465483350767,-0.004356688676471492,-0.12100747889685325,-0.0778639249808271,0.004517438198889253,0.004325955946517965,-0.1450774866796622
1153,0.7271448308230467,-0.003972828864559252,0.016937648235512578,0.11291201320382943,0.6087116834750331,0.008705391899262562,-0.004325750764234871,-0.12134548117892015,-0.07359438315181539,0.00945027318840189,0.004327106398249698,-0.14709488450473052
1154,0.7900604439749216,-0.0042932700507048935,0.0165841092072951,0.11355949868982279,0.6547632276431095,0.008269033326140334,-0.004500239220594141,-0.12622873998342013,-0.07782732109886727,0.013420193163022691,0.0044465608458624266,-0.15046018495699306
1155,0.8070203386843202,-0.0041394568199067516,0.017087271300907966,0.11864940953367689,0.676312709175418,0.011127127599339119,-0.003083696691431665,-0.12375348390031522,-0.08178176689648044,0.012483343217843104,0.003347976571814811,-0.15170151851463176
1156,0.8917037143236058,-0.004243154408755836,0.01476179373015619,0.12323029496333755,0.6354807975553514,0.013293649880805107,0.0008667955457295252,-0.1227504291814504,-0.09753904299736052,0.015463710420347956,-0.00044149105261986064,-0.15147293332609718
1157,0.9278741293172985,-0.003971827685182697,0.012512535423818598,0.12798225759915233,0.603029313969325,0.012914017168273796,-0.0026986437406237547,-0.12601772747912762,-0.15244765608699765,0.017178313625515234,-6.53672024743398e-07,-0.15640065133145345
1158,0.9455718305544127,-0.0064188371665473,0.009964831819192452,0.13261047066747036,0.5222523065589786,0.013036797201423145,-0.004551529134343132,-0.12544956387447453,-0.24989212560817606,0.0207618363829566,0.00043449846502709654,-0.16026761286798738
1159,0.9625718136201037,-0.015729841553652396,0.004593576045153548,0.1375198377455736,0.45385762838907434,0.013120218816672122,-0.004381955211417113,-0.12555459634370647,-0.38397310740991275,0.021793130646072165,-0.003407733606836346,-0.16139345366994395
1160,0.942928856694624,-0.01682498450931992,0.00415815375194138,0.14188182624178947,0.35039402141898995,0.01776361743579559,-0.004217683657538588,-0.12554031151338135,-0.4511056659911557,0.021727648846102097,-0.004484409619743718,-0.16509922832051777
1161,0.9025431785613781,-0.016996350292283753,0.00416206130446435,0.1557482440556894,0.21285593379836698,0.016347857718812628,-0.008847583311900643,-0.12554106678108545,-0.6286455240448546,0.02624149409644897,-0.004350444536579768,-0.1638910923246901
1162,0.8489047301697716,-0.021277523512249007,0.0043237092176310376,0.1641732540997435,-0.03172367683728859,0.010836292739398692,-0.008556123221696396,-0.12553848319738117,-0.6762748766839763,0.02612794283213446,-0.009267469010192491,-0.16778926965441365
1163,0.8064053318948194,-0.020784166832638246,0.0032038904490229755,0.1688476423172079,-0.0831490532327118,0.008354660976812572,-0.008691159272921705,-0.1255584741818335,-0.8560295042994374,0.02429746906437117,-0.014273101727102454,-0.16856588897208627
1164,0.7646774269549015,-0.021056373978472608,-0.002186068557705338,0.17261733750364108,-0.16988216431898132,0.0086877131506747,-0.008649212742478376,-0.12545502254821894,-1.018048916426148,0.02153953776440974,-0.017697379291824127,-0.17304813068207384
1165,0.7251498668117463,-0.020466857739113664,-0.004907669509937195,0.183273363683961,-0.2564927063646919,0.00875948620478589,-0.008660021000955736,-0.12590625346147885,-1.1416316629942491,0.019307052299264094,-0.01719189674115863,-0.16853511448732453
1166,0.6641173221195396,-0.023978225695088208,-0.0010658660665534422,0.1910104494800923,-0.38267686051990235,0.008415700027654821,-0.008657606400434005,-0.12273133325557987,-1.1633096545295056,0.013639925812357187,-0.017460651060344664,-0.16439811850467506
1167,0.5592295364151305,-0.025257307040458754,0.00012033297088796671,0.20266073343094776,-0.42480787225114497,0.013029729470980432,-0.00865810184427851,-0.11761893665442398,-1.1378431443118282,0.012866329668649524,-0.016898464818444953,-0.16371568369292175
1168,0.5194598317154552,-0.02509370267375974,2.4036253998010624e-05,0.21313497461125983,-0.4369714904260126,0.013284573626119086,-0.008657956324490698,-0.1127723475534755,-1.0617687498347474,0.012956234052476942,-0.021264760130564414,-0.15823705092808762
1169,0.4275440865890921,-0.025100223911652363,0.00021377701394890625,0.21803210288062352,-0.41790520054991864,0.018595597871103833,-0.008657704017151139,-0.10785471530915389,-0.9862589194502667,0.008042676031290483,-0.021639230528918234,-0.15396007165856165
1170,0.343668114167415,-0.02511944259012972,0.004510301143814974,0.22758423128353045,-0.38255347099331144,0.02320456115826832,-0.00866143589285169,-0.10371470016454035,-0.8589474524244135,0.0029909108751864544,-0.021664859387205387,-0.1462864762011464
1171,0.27480267826078986,-0.025022249163259964,0.0042773509766630465,0.23763498473179895,-0.34742783213672945,0.028526181265491567,-0.008636456082837788,-0.0934094119544399,-0.7641280026650807,-0.00011459357639311671,-0.02164177841229717,-0.13610869717110088
1172,0.2037008786921135,-0.025513341706377656,0.0027878320875563915,0.2544936616004846,-0.3209258416586751,0.030573593489663677,-0.008765732996868978,-0.0723996632187919,-0.6119660256524826,-0.0016642421730624294,-0.02162008521904472,-0.12697406791961585
1173,0.14395375786652523,-0.022588971822282516,-0.0028191515820055225,0.2697409387397909,-0.30140069783799844,0.030254124749061438,-0.008197395114084976,-0.06636065683140165,-0.5076494677726359,-0.007514690296036495,-0.021770384284218684,-0.11260105318670187
1174,0.09963594040280332,-0.020956470315559174,-0.004379287492988358,0.27217700193041894,-0.26775736999736094,0.030310238550449745,-0.011786174955943238,-0.06365902972805322,-0.4103136903099265,-0.008820289689922128,-0.02114548206542437,-0.10740062214880775
1175,0.031441014842977504,-0.01776255054932854,-0.0041741440994504855,0.2744904839715498,-0.23396850746356826,0.030302758645524938,-0.013151783389170975,-0.04257510450925614,-0.32990586354591195,-0.008642674368282331,-0.025184400850736883,-0.09093643254794964
1176,0.01182018265204755,-0.012648657781478036,-0.004154030755956213,0.28817162776224586,-0.2008291487351341,0.03028376019052219,-0.012975010344868141,-0.030716583732936998,-0.252634705097119,-0.00865788143392942,-0.025815494592193112,-0.07444382513373134
1177,-0.02843767835100635,-0.012445702274021612,-0.004021273550619422,0.29332289818837237,-0.17639504029743633,0.030459936460093862,-0.012987749720861008,-0.02131591417233146,-0.21186288245352988,-0.00855348777598224,-0.03032424548186195,-0.06391551484417866
1178,-0.043183933892874886,-0.0073079625285828445,0.0007082035743233333,0.30177340509227607,-0.16326411378558686,0.029208696051085135,-0.012942884676363085,-0.015133887018924258,-0.16316269465323696,-0.009572393092835382,-0.03019881396784142,-0.06341717497367659
1179,-0.0535748149763344,-0.004172278718776133,0.006601837232464073,0.30216073424073037,-0.14905409450746931,0.023349767203599717,-0.013281137573222699,0.006596661123074926,-0.12069599314693849,-0.013453083485970213,-0.03051137199466908,-0.036152141419452694
1180,-0.073424906112675,-0.0023844566768971174,0.01510352776306526,0.3062181879222004,-0.1316994640444173,0.02183596159370909,-0.0111369287704288,0.019399971595582835,-0.08318741843503887,-0.012871600010366153,-0.029079730313216683,-0.017154263608548024
1181,-0.07999992566593232,-4.101438236136514e-05,0.017069242554412917,0.3034021729386621,-0.12059624890160235,0.018439108425442857,-0.008289304023978337,0.028856913320196898,-0.06573398030583044,-0.013003870132045327,-0.023361520856234257,-0.013862971408374902
1182,-0.08333107878398392,0.0029181483435808623,0.01620029737716825,0.29788737276183824,-0.10656104510784724,0.017112513417203157,-0.008627764612560648,0.03940767160536785,-0.05957210430528915,-0.013012332072371485,-0.0213299146781685,0.009459747679283481
1183,-0.08371987335180646,0.004338110813695986,0.020443858055901785,0.29729201679223904,-0.0926959064424773,0.017382232171225087,-0.00897174059076741,0.06178276706791706,-0.027910212906342487,-0.012911026925285568,-0.021899839956558233,0.014041316339731814
1184,-0.08819139672433894,0.004211037629435163,0.02069283921842746,0.29310234440055627,-0.09088824227648908,0.012479850728275742,-0.004595790508846273,0.06517536188286,-0.013617628946133923,-0.013024628308764972,-0.018179230405345945,0.023490686199319582
1185,-0.08768227368969018,0.004348847827396244,0.029710003621713187,0.28801449377457966,-0.08627192121472087,0.008566271739300841,0.0004983131757941949,0.0700555091611844,-0.004286330566447078,-0.008381468342994315,-0.00861726236076363,0.03966164123738212
1186,-0.08823850086402694,0.008711971899558047,0.03407465529078924,0.26954443706140285,-0.08150554098121798,0.007424338115946703,0.00867319287761834,0.0891477359030763,0.0008966296951236818,-0.00903842508048961,-0.003514691970988326,0.053868016793269434
1187,-0.08577649887919338,0.008251231162596248,0.03924523414344054,0.2622047592595897,-0.07656884476829463,0.0038531303660310186,0.013007480380001388,0.09579009924289027,0.01039828354166169,-0.006859020377691351,0.006880883195171552,0.05274084896352
1188,-0.08321522231505993,0.008396318790978938,0.04192641456900181,0.2459460548756156,-0.07181686068986409,0.00442933381229046,0.02927002156968085,0.10691527337997188,0.013307527878293833,-0.005946229903534346,0.014819779349820504,0.0701698016272125
1189,-0.0841884145391863,0.008378258485069926,0.04358164735047937,0.23086742483095912,-0.06651081652955898,0.00434015525722624,0.03279803329757079,0.12008196644146876,0.01252517844614483,-0.009132091920535206,0.020678147945958757,0.07780790976304114
1190,-0.07982419800914711,0.00830388438575273,0.04965296887904198,0.22502150980349173,-0.06467389983565645,0.004237478949682039,0.034578763117571444,0.12680912471315725,0.015692502333458737,-0.008537198101666709,0.03498125697758853,0.08232909304649619
1191,-0.07952828877412094,0.008567753876860188,0.04922959892404264,0.21481411770055325,-0.06504413637394423,0.004474117289905506,0.03792099235969896,0.13402826800114792,0.01798823534400955,-0.00876130114157646,0.041759941344782815,0.09105811592697971
1192,-0.075374345097403,0.008013465831797977,0.06213646770523478,0.2092308258417117,-0.06480536743473037,-0.00015120776383181487,0.04297539779262467,0.13391998617728193,0.013273630891854533,-0.00857797845253645,0.05500452919601911,0.09345940807519694
1193,-0.08021619598923642,0.016942423255014924,0.06279884832129122,0.2040328275093698,-0.06955100960649048,4.7943350738788854e-05,0.047799150543550155,0.14326411190114555,0.012974094829572987,-0.01311113995922225,0.060637164662449214,0.1053523703876202
1194,-0.07791629357503982,0.017143910769728234,0.06746428325757524,0.17819050688137122,-0.07368944836857444,0.00027557488668611803,0.05331994428625891,0.14735113540963068,0.008477282801136044,-0.013822431583146926,0.07015580396797233,0.10352509331426456
1195,-0.07522491311913478,0.02142041342122529,0.06594319109148378,0.17016760063961292,-0.07466401841855477,-0.0018950752756509118,0.06227386076978005,0.14707803087633592,0.007769914647570925,-0.0167649198680083,0.07455071842294098,0.10397891638705761
1196,-0.07327414119919004,0.020765799672814205,0.060697245149123315,0.15354633968563414,-0.0784087433866232,-0.004278949326671034,0.06702716804704811,0.14747644761549936,0.004110603339256393,-0.010421203109362825,0.07970127055858818,0.10387972379459555
1197,-0.06784167874383648,0.02103063947442451,0.0580399378042862,0.14807813615181534,-0.07780771924855644,-0.007283103088146933,0.06925900799519244,0.14526771002508268,0.002582828095541661,-0.008409989030623054,0.0839930684693188,0.10390019659997016
1198,-0.06654486637045426,0.020620198785908612,0.059542913059854874,0.12283597397604104,-0.07794282699541868,-0.008832338564624278,0.0718452485602814,0.13939441881469294,-0.0027284412742456187,-0.008705987660283838,0.09212536632979108,0.10389373394209599
1199,-0.07097839286951212,0.023930172135356073,0.05367321299908,0.11016942610047098,-0.07792616489495155,-0.008692162625310284,0.07711374907762421,0.13879533002345312,-0.00790899087458098,-0.008649303534584466,0.09876092673133446,0.10387866817943538
1200,-0.07085395638914754,0.02929438790562074,0.06350432246027658,0.1009936557049593,-0.07790760671471253,-0.008765024310905905,0.08184355383786637,0.13441828692453509,-0.00874020696058436,-0.00866056005971489,0.10328294858635419,0.10408081667972771
1201,-0.0666538982410601,0.024974356317448862,0.03264933902199749,0.09609509315801557,-0.07788550454308582,-0.013283135669198955,0.08663652425809137,0.13411799605875435,-0.008658517641347336,-0.008677117885788526,0.10823334030570643,0.10261621561000053
1202,-0.06678922592750021,0.025259982385581095,0.034383364576572005,0.09106874607706232,-0.07854219937515929,-0.013072039207175931,0.08701627437586237,0.12924087169175974,-0.008683187548425925,-0.00846209144567126,0.10838268003900908,0.09938627575545614
1203,-0.06859897437937332,0.024716994863885865,0.03132904319930191,0.07979402695035341,-0.08240607786516968,-0.011663585764105207,0.09186320558199278,0.12290164538106715,-0.00842769125572488,-0.010013662810195376,0.10641372743705102,0.09774702184419531
1204,-0.07198025265348226,0.027244468085183115,0.022582925636816437,0.06898105412197558,-0.08395495930912812,-0.006223611230167255,0.08763532841745907,0.11641909401367287,-0.010185113041113062,-0.013172588798819072,0.09797629618533737,0.09177467431366224
1205,-0.0680281848626558,0.02702012450004995,0.020128529783925386,0.06258528123171239,-0.08660492478267101,-0.0018294508325430404,0.0793387396518562,0.11474352366079543,-0.013537028096650758,-0.014024816723792383,0.08919767748113767,0.09115163262299823
1206,-0.06695119206421707,0.026155485035726067,0.005110887358286904,0.055457819016762,-0.08934613381690412,0.006170358124009128,0.07555603178971346,0.11209262885035141,-0.012427924660778895,-0.004431674357304395,0.07623322280949206,0.0869119923374857
1207,-0.06336777446660613,0.014532027197551686,-0.003360778079333387,0.05115392109570609,-0.09153353594285686,0.02010693779091337,0.06676134472694659,0.11294380049674214,-0.016417821957238482,0.0078585118039146,0.06754536346110415,0.08661388117692843
1208,-0.05421178724270666,0.009766176349398014,-0.01209889640578128,0.046387051121256226,-0.08678008160579767,0.03474967734930158,0.057319616797757454,0.10860798063199835,-0.017417620992616987,0.01241527577331635,0.05341493815445934,0.08611280972350178
1209,-0.054530379758834686,-0.021630742571257966,-0.012659191124418684,0.04168816241981558,-0.08649808880490532,0.05025713793566479,0.03823730081998959,0.10364946793096103,-0.01731672857117436,0.03145011512141647,0.04326354215929175,0.08153229819872791
1210,-0.05440871806524107,-0.03165139585821058,-0.022533265114325254,0.03701715963620184,-0.0819044064169861,0.07307685573587284,0.02008658893208954,0.09403456789887968,-0.017318767342906976,0.05257659268936782,0.032731688780629334,0.0731815464468625
1211,-0.054051737623398134,-0.07231026754959648,-0.030847620556695536,0.03207575876338389,-0.08237224910055206,0.08892316400180685,0.01727585321106659,0.09115450871779929,-0.017254967484173468,0.07745038569773978,0.01352214898848644,0.06202849796543797
1212,-0.05659175032671488,-0.11487872636320055,-0.03459007257416545,0.028960961993442575,-0.08224273284441387,0.1041511285446418,0.005089877884906745,0.08788209538324558,-0.017667403543499993,0.08929508672846197,-0.00047888677960935064,0.05763286565784022
1213,-0.058984552709265906,-0.14815261257390516,-0.04346189528018643,0.029255347586822595,-0.08213810559588236,0.13617027615146177,-0.017200731736722895,0.07939407530176848,-0.015133339553373011,0.12335324714345833,-0.015055690927925863,0.056502090215013644
1214,-0.05823510356276514,-0.049879676110788716,-0.059581673392545983,0.029727048268831515,-0.08271689367447448,0.16926525831492148,-0.025069160343453623,0.07530912695278143,-0.01264053693777482,0.1808593802023806,-0.030515816076219376,0.052411657122559144
1215,-0.06218348090509902,-0.2109479331396391,-0.06337660596108485,0.02585226960106571,-0.07870605844852983,0.18728435056376816,-0.02841290452011522,0.0698091602529992,-0.013049867973925544,0.23945759172733008,-0.038320883155624964,0.05198470756934926
1216,-0.06696563204171743,-0.5762811881426297,-0.062348607621106944,0.02508115609409664,-0.07787067607031772,0.22030135437212528,-0.04248883960028309,0.06935993083602103,-0.01297572862246117,0.2710962157357153,-0.0425630054235761,0.04718496172325493
1217,-0.06688958343329889,-0.6545014347746674,-0.07135520574606526,0.025175470738708492,-0.0779567568250808,0.24944107759429757,-0.04328502524296199,0.06476691827193401,-0.012986503338258563,0.30003648996846677,-0.05198414666079214,0.04228196928456594
1218,-0.06698253872236246,-0.7303663452330694,-0.0753890333263857,0.02969262390140887,-0.07698742870862693,0.2862389031231494,-0.048758649261509135,0.06051208302624665,-0.013068582307598291,0.28896374712697825,-0.06667618181129974,0.03850840450161562
1219,-0.06685431757441483,-0.4921362699044805,-0.07584885638767856,0.028419968161234644,-0.06759038748042712,0.32438081296237525,-0.059184169840700934,0.05965089601275335,-0.012274478672538842,0.28277654246581535,-0.08086448402909845,0.03945716320804251
1220,-0.06734118801579743,-0.3142051458828181,-0.0828171791407451,0.022979594589612604,-0.06303744450875676,0.36689063463872795,-0.06535747774998588,0.05568958493496315,-0.006646978803960929,0.35918836376790136,-0.08685324430969442,0.03647180379851949
1221,-0.0643838131546159,-0.6167898378368157,-0.09078216848547294,0.021074754177987747,-0.06033136301350446,0.44120233133829606,-0.06673526117096162,0.05683588653120865,-0.004008762860407326,0.34552064277570005,-0.08868448225054291,0.03425173118791182
1222,-0.06219788330813075,-0.7340400890406769,-0.09222950704235601,0.018051871545937053,-0.06031685305491808,0.4929674604206033,-0.07204988805161465,0.05335835824980503,-0.00440833946223331,0.28736678188863346,-0.09094848427173287,0.0349459976822466
1223,-0.06627679080342139,-0.7461825428990435,-0.09199310001028456,0.016883239902055317,-0.06377597276712199,0.5604086249284697,-0.0773449946522073,0.051663977340559844,-0.004278998182257976,0.18078058920555995,-0.09383012383050698,0.030756388058622935
1224,-0.07104255680782916,-0.7550569372179913,-0.09211430727106018,0.01295434739641966,-0.068841364887966,0.6256608331001096,-0.07776335505901202,0.052143797888231445,-0.004421374487915378,0.11731088836664119,-0.0992792541044711,0.025934381522128337
1225,-0.07581273513446779,-0.7231622645597154,-0.0921102064757524,0.012628795047130634,-0.07368875554640303,0.6851638807522309,-0.08231594791108261,0.04750352807198402,-0.0043373712475278025,-0.06229903944606916,-0.09956585154530845,0.02546581886001696
1226,-0.07960222849533378,-0.6842486048286108,-0.09651788977352051,0.01697609428353754,-0.07851777150049198,0.7784956765484208,-0.08203669315093627,0.0430056827998365,-0.008522138428171386,-0.1810629311325551,-0.09958064197518898,0.021456305889413798
1227,-0.08072185727896657,-0.6409360300089196,-0.09620409004789317,0.01687128379421534,-0.08366749524403576,0.8342333241502683,-0.08330733256984546,0.043811665490771444,-0.003733631828384591,-0.29449948174606266,-0.09956585125239434,0.020077196002989798
1228,-0.0841228730606265,-0.5844575132364245,-0.0958230370463265,0.015220951569528463,-0.08668080757505588,0.8347603269741725,-0.08704248318884243,0.04037988953629811,-0.004824372936635943,-0.45176183032703915,-0.09954353475216605,0.01720899129397463
1229,-0.08366259880167641,-0.3760318043135147,-0.09882209043508028,0.012019014036395284,-0.08830367902236493,0.8196380764036774,-0.08644298551197294,0.031530563640765966,-0.0021791704735789263,-0.5638249008097056,-0.09968393824838857,0.014932337860593056
1230,-0.08339387412390727,-0.3391328856076093,-0.09801175396005693,0.013090272346640026,-0.09414480299175149,0.7754490526512712,-0.08670325251171579,0.030146644303110544,0.0005961709320505341,-0.5543719821217017,-0.09909882098221737,0.009770197106334895
1231,-0.0869093276442414,-0.504221434613064,-0.09578867247224568,0.009185079575175845,-0.09539494825016658,0.7354068173639172,-0.08625041426862559,0.030330094357257847,-0.0009226711505787601,-0.5604269293349804,-0.10297647880411477,0.004682623132593355
1232,-0.09197055253408097,-0.2747709989814259,-0.09667317115931698,0.008279756332477198,-0.0952154227957171,0.7094309297582655,-0.09037066803129222,0.030299894843947173,0.007914552616121413,-0.5330547270188661,-0.1039880849053615,0.0043229861454469115
1233,-0.0922230342728417,-0.20091989034693325,-0.08775054322845902,0.008365576972502743,-0.09523465325085483,0.6146815960658428,-0.09530417478172985,0.030302937293636676,0.008659249071689662,-0.4710184775985307,-0.1038955477325381,0.00440333020111783
1234,-0.09648120360672392,-0.1671826274091213,-0.08366219836717094,0.008373553107101962,-0.09536018246593363,0.5367622579434905,-0.09991590229835713,0.030303219628482585,0.013600357013446916,-0.4542500086472235,-0.10420051581293456,0.0035238607931460278
1235,-0.09699129955392188,-0.08926720239632183,-0.0827978693909563,0.008366197669579302,-0.09424617886544562,0.4340860899720219,-0.09854899552161563,0.03030296245493756,0.0186160033951644,-0.38968600784601526,-0.10957113797866545,-0.00046519314011929163
1236,-0.10264621741172622,-0.05613616021977083,-0.07891387732808672,0.008368298385887991,-0.09044439462958584,0.3593071590356921,-0.09443985133448854,0.0303030164287723,0.021647353051677552,-0.3238629428207031,-0.11299382598981104,0.00012394880767185485
1237,-0.1048395287954926,-0.017154508907620634,-0.08015233427568293,0.008370400958357107,-0.09101580340054018,0.3168580610568036,-0.09756575778529056,0.030303187691080966,0.023848868947399654,-0.26079725433862433,-0.11201059544764655,-3.725204891105575e-05
1238,-0.10470581927517107,0.00986545562955566,-0.07627063914694916,0.008358942994126026,-0.09091745948058283,0.287835055209106,-0.09988690531560342,0.030302388351663122,0.025830851937871338,-0.2169005455743076,-0.11546782978855444,3.975854795656022e-05
1239,-0.10411244534392632,0.01478351292572809,-0.07842336119220979,0.008398945741100698,-0.0908047827135416,0.1951287797680869,-0.09950358075902031,0.030305158797432327,0.029459019332587887,-0.1643890512580609,-0.11680375815492111,-0.00010223968687987943
1240,-0.10877502529475354,0.051745077374001844,-0.07962013533426404,0.00829629027731282,-0.09116253654177671,0.15118206795508804,-0.09959202036105659,0.0302980522981543,0.030054735266207472,-0.14816954277942812,-0.12050478501647237,0.00017140002060870847
1241,-0.10459671942772814,0.05862143613793335,-0.07949961935707683,0.008347459828711231,-0.08655907685498265,0.07221256351767569,-0.09957244709596778,0.030301594622415436,0.03463160542968548,-0.12080564529998856,-0.12554268722114706,-0.004425918499436904
1242,-0.10906569167871549,0.07178755749980108,-0.07949124641142072,0.004020790720860646,-0.08677268838798066,0.048070746909115995,-0.09914036635653692,0.030416866929324524,0.030366000165705228,-0.09186033160730606,-0.1254908842657071,-0.004716911109761276
1243,-0.1096465436226321,0.07268745792526805,-0.07950072167254614,0.0033676910586269847,-0.08556972032404778,0.011532188121129992,-0.09474565682408781,0.02934583957359378,0.035181532382159,-0.07046918537958356,-0.125545991278527,-0.009977960753936447
1244,-0.11346463434978565,0.08016418410732776,-0.07949632107040044,-0.0004826946414688856,-0.08191337772884551,-0.0008766367915843901,-0.09574145370508845,0.02550150126136494,0.034557294220785115,-0.061137032623642645,-0.12562820437360375,-0.015011861066587173
1245,-0.11284967990762347,0.08135716142027553,-0.07950180155266223,0.00011654539455058909,-0.08181014957589906,-0.025080093663064316,-0.09290560579247209,0.026116881991566563,0.03423945112314918,-0.04219571722607423,-0.12510814169766904,-0.017656457016753613
1246,-0.11299650316230583,0.08407148442401655,-0.07948312349024458,-1.1087891834319824e-05,-0.0855089644830546,-0.040876756742328775,-0.09104131764422826,0.025842320388938026,0.0374205522794122,-0.031521743170850096,-0.12833833991697258,-0.01724388355014772
1247,-0.1129659857005641,0.0836103923653958,-0.07954733332894323,-4.46680279331033e-05,-0.08339841953280262,-0.049943038441760707,-0.0875472307874621,0.02633651449579407,0.03920264900720091,-0.023767012964382623,-0.13011013929058593,-0.017329200225381466
1248,-0.11297166822520939,0.08369647803117018,-0.07937854259659985,0.00011840415365349727,-0.08214580875080085,-0.0560415514365752,-0.08651122020884143,0.02219955644476471,0.03891224907033205,-0.017762319855791093,-0.12982166320419977,-0.017313343033309187
1249,-0.11297071129707113,0.08368200836820083,-0.08368200836820083,-0.0041841004184100415,-0.07792207792207792,-0.05627705627705628,-0.08225108225108226,0.021645021645021644,0.03896103896103896,-0.00865800865800866,-0.12987012987012986,-0.017316017316017316
