,I,aVR,V1,V4,III
0,0.09267241379310345,-0.017241379310344827,-0.01293103448275862,-0.028017241379310345,-0.05485232067510549
1,0.09488559967349292,-0.017245264411847705,-0.01293103445637694,-0.020578031628909796,-0.05051443155695712
2,0.09480489883314308,-0.01722235265328664,-0.012931034611294884,-0.018858443400264116,-0.05068453865358715
3,0.09482427808101242,-0.017346276309682006,-0.012931033770955948,-0.005280651366401233,-0.050605050159683515
4,0.0948771667240065,-0.016365541345738543,-0.01293103793797504,0.08485197163483511,-0.05069776228688102
5,0.09461338107197428,-0.006163380008641284,-0.01293101951490846,0.16653858513958794,-0.050382848114083965
6,0.09560808289897707,0.00677521894886133,-0.012931092886346696,0.20238171091072857,-0.051504582621882185
7,0.08787341920193878,0.00897520167293834,-0.012930832924365249,0.24322662035469736,-0.04315880530949466
8,0.0820111435836904,0.008368669759457981,-0.012931604572932558,0.2759844479205248,-0.04219880315099824
9,0.08194713204905615,0.01290752476678747,-0.012930128356787828,0.3352727042153677,-0.03739892728130729
10,0.08131679580665603,0.01797392179722468,-0.012927524867594532,0.3700359922886761,-0.03423948141176881
11,0.07728700668671896,0.02758193773898202,-0.012976988542474185,0.42997316388545886,-0.028739093410448023
12,0.07674852068144124,0.03870798935254655,-0.012627267890476166,0.45254357852711685,-0.015065344378033186
13,0.06873552067889588,0.05050801506339006,-0.014735790184683462,0.4954875017042131,-0.01735569863133065
14,0.06172762021297302,0.051520629200927114,-0.015694498252663155,0.5259208375235805,-0.016558845949968242
15,0.05690620311956177,0.05416730227182162,-0.012439122101829878,0.5282907037933898,-0.017593221724155703
16,0.05584228817251502,0.059760911283641964,-0.013033076372437849,0.5429640164000209,-0.00882416439943895
17,0.05611299110501063,0.06030215026092687,-0.012912996709746515,0.5494653801081193,-0.008498873985768495
18,0.05159355596434273,0.06456011043418278,-0.012933356425216277,0.5653210626916846,-0.008544472277590955
19,0.05108891079787823,0.07358268595393454,-0.012930999572416878,0.5732929401930478,-0.007333144717046386
20,0.04692571741707563,0.07384538711742962,-0.012930929542754113,0.5732672217803495,-0.0037632518455809325
21,0.04754474397123189,0.07813476814347149,-0.012931081759329013,0.5732017421294632,-0.004327807890850076
22,0.04738357160568725,0.07726766680009874,-0.012931019263536144,0.5740333075309759,-0.004199045629732969
23,0.047417770110984074,0.07907915139222446,-0.012931038793615787,0.5767844605888846,-0.004216358395111401
24,0.047420167478738395,0.08806487413847341,-0.012931032857140359,0.5740875408502464,-0.004233674446983056
25,0.047397864323023044,0.09084690119818845,-0.012931037068051281,0.5784939009996563,-0.004234861071453291
26,0.047399902381269475,0.09059377674283355,-0.01293102621857695,0.5754206169988919,-0.0037828143291982457
27,0.04785913970017747,0.08634508467046505,-0.0129310581824063,0.570099412770333,0.0006593823993127132
28,0.05214437989921943,0.07721646082866002,-0.012930993744831103,0.568582689005088,-0.0016627758022807135
29,0.05159319553285406,0.0777375232341317,-0.012930914919009847,0.5695722999253163,-0.004610154069359784
30,0.05178624469401651,0.0776663445751977,-0.012932792773955587,0.5606424242383613,-0.004135211510111249
31,0.05159284726289351,0.07660042752775006,-0.012919137780375059,0.5555444049375554,-0.004234625789410562
32,0.052166026827519515,0.06818497827569461,-0.01299433212723586,0.5416690710191523,-0.004217423691234833
33,0.04799555310666802,0.06408800566327143,-0.01263791799332843,0.5305580989724858,-0.004219446340975569
34,0.047371196517669696,0.06475125440852005,-0.014931278570002045,0.5135816490594831,-0.004219526403309158
35,0.04739907640925912,0.0646613269457213,-0.020681935743969464,0.5032066285000361,-0.004219084083377013
36,0.047463317829224395,0.06463993389958998,-0.021305430290396322,0.49024177223522547,-0.00422108330882687
37,0.04713746404364687,0.06438006427481366,-0.025452451139642993,0.4838397518177128,-0.004211485563892095
38,0.049113514825795436,0.05997640657981225,-0.025874330698441368,0.4805995865338561,-0.004252126398818048
39,0.05217353612630443,0.06044514514826787,-0.025902024731699187,0.4642659340572415,-0.004103234486568511
40,0.0515129927921073,0.06041442593923515,-0.025643425110979928,0.4450120197561196,-0.004543938269382422
41,0.05214525175730255,0.05990554624816926,-0.027231407028798085,0.42614734522816494,-0.00012203897522824981
42,0.04783192039945494,0.06320909790168337,-0.029331662831838416,0.4122481620043785,-3.204594628274541e-05
43,0.04740364836521564,0.06487521309404033,-0.023117954548790537,0.39666724970218564,-0.0001466647784353067
44,0.047141197324040846,0.06464993087738916,-0.021298878313699046,0.37047378332536113,0.001198596950054353
45,0.041899086267103314,0.06463157697590084,-0.021660779896275344,0.3444591947025836,0.004765508331100911
46,0.0384522086401006,0.0643277139438585,-0.021359704872678086,0.3168655029540961,0.003698614566207921
47,0.038888631295093484,0.06070573896866423,-0.021891969955293265,0.30076632220135646,0.007125942574249927
48,0.03874585375147001,0.06494582943341559,-0.0127541155869541,0.2817690963796215,0.008957976801249821
49,0.038895281739415956,0.06619705345957184,-0.013086937194492805,0.2651771831567331,0.007785804706153413
50,0.03849465742232566,0.06950861722811513,-0.012883434572277717,0.24349177928510152,0.016332533913211277
51,0.04272477479818736,0.06853509321563894,-0.01288501814054074,0.21518480896774522,-0.0107050211001563
52,0.04759727020072609,0.07189319981429908,-0.01322419348737514,0.20492497674411375,-0.006609273264986463
53,0.05184485040277772,0.07730329010475706,-0.010932983428867643,0.17426932416970425,-0.003971320365003941
54,0.0526300642567987,0.07752332725604259,-0.005333230724551956,0.15133082782671486,-0.004310516427806215
55,0.056618189604111274,0.08213542348658895,-0.004146429910174915,0.14204075765966406,-0.004079703700122021
56,0.055492365562662585,0.08130466743828757,-0.004352887605249036,0.12612121519277264,-0.0046354648336754695
57,0.05875289146942819,0.0760337794882291,-0.0042930629865046335,0.11641332567294886,-0.00029634888856933713
58,0.06078288092932837,0.0728720869484034,-0.0040312684841996675,0.09686917017212444,1.4950279627671784e-05
59,0.05978228214894286,0.07360601373180939,0.00017712454078699748,0.0791842149398628,0.004977948930229981
60,0.06866840814561685,0.0722967261582829,0.0010875750476519292,0.07337459414778721,0.008502892291007558
61,0.07324674609520411,0.0800562888961653,0.004413302987922784,0.068855379696469,0.009842735688741678
62,0.07448416833659449,0.08186522602272295,0.00648059340685841,0.04587855076720553,0.013103994527157688
63,0.08385140181355549,0.08605666679616622,0.008512568657256588,0.036259945630740725,0.012569070925791088
64,0.08771941514872296,0.0859949626744191,0.011870271083740893,0.0250313566785669,0.012646744398015797
65,0.09442023329905713,0.08093597660328626,0.012755278435276362,0.023562164289375475,0.012732444232724712
66,0.10813018343286711,0.07727075452933678,0.016981570480295187,0.01232246712919469,0.012605630175349892
67,0.11611627018323034,0.07758070721540042,0.017217505849618515,0.0058138634658361586,0.01712259765922768
68,0.11634393138692242,0.0780027021251845,0.017332872672316403,0.0013529745086675522,0.01658009447740252
69,0.12079718655750225,0.07481065956653019,0.016679603221258058,-0.00342857364786567,0.01822027261297215
70,0.13479023965140405,0.0730304367944437,0.010393939232670938,-0.008176252898978099,0.02163640492525563
71,0.1379836576382502,0.07330658910011975,-0.0002775747296316578,-0.012891294437091494,0.020547464760371073
72,0.1382241737495884,0.07328140662564042,-0.004795476018404571,-0.017373598081646773,0.02421980723066328
73,0.1359452125679735,0.07332771549035608,-0.005904860838986768,-0.017476630847787982,0.025467789149309694
74,0.13311133536609812,0.07266865147252395,-0.018600459309518407,-0.02429360057702665,0.02530302653293974
75,0.13416962671761037,0.06850330093979345,-0.026122176114525518,-0.030613193930505385,0.02529945824605763
76,0.1298238874593418,0.06919485973186922,-0.025486851006261857,-0.032047508551516835,0.025480801546205325
77,0.1294059770582254,0.06846656187590455,-0.0482440944807716,-0.034901861793120596,0.024158153286743814
78,0.12483003740688195,0.07184882300142667,-0.04774596029714308,-0.034425469201178845,0.0205451826330278
79,0.12540128435860348,0.07309431293031098,-0.05125819815262676,-0.03439498338168473,0.021648762616563243
80,0.12277135917913015,0.0769973921025434,-0.05796932059319953,-0.034742927649576476,0.018117793856973784
81,0.11541853897849183,0.07763139152496866,-0.0707204279345904,-0.030241587736555428,0.016716602214468877
82,0.11679698758467505,0.07761047565977736,-0.06867746654544213,-0.030264342108612723,0.01685647425887701
83,0.11446601241762527,0.07742698843958853,-0.06863297098402373,-0.0297136936925373,0.01680653697504469
84,0.10491673416366946,0.07866300432680981,-0.072497793823151,-0.02433297529373586,0.011855689891398078
85,0.10363936992147718,0.08234653688662377,-0.07354699777811446,-0.021579558424312566,0.007946440748176626
86,0.09502181119975037,0.08184263084418279,-0.06891716273509126,-0.01952240009625343,0.009751215605360181
87,0.08053294101054333,0.08167580398760657,-0.06901730054957757,-0.01731998622203626,0.01533309174193271
88,0.06670060081534049,0.08275518051132784,-0.06905315839846676,-0.01421829288960047,0.016799731224757114
89,0.058323690164292806,0.07444590864275598,-0.06818040097673797,-0.013105357354776312,0.019753423279580785
90,0.05612328192361492,0.07314646198058392,-0.060933857975677935,-0.009109298337420383,0.025115484623215646
91,0.05373215226739135,0.07308173881109457,-0.05279583151542095,-0.008588986984600215,0.025320236337373823
92,0.049631429643325335,0.06880392818857312,-0.05212848345497784,-0.008612734421275598,0.029708807705677652
93,0.03680053673359169,0.06796462809417425,-0.046116074947395634,-0.008589911579271742,0.030298589955470946
94,0.030445832014580815,0.06450819704756587,-0.03156683715802523,-0.008856005339854632,0.03426763867041983
95,0.025792140491917033,0.06267331031173591,-0.025970810748364038,-0.0071952771077218374,0.033519512583132606
96,0.02593825835445562,0.059832701984342825,-0.02123468677150524,-0.0038501852002072157,0.03423735522268121
97,0.025830147997171985,0.06085165932220458,-0.016507192825125857,-0.004450381404496589,0.030542971941115608
98,0.025888415015450174,0.05664169087406379,-0.011703101664063732,-0.004164834329719322,0.029407269853278274
99,0.025777317954890237,0.05594542604439645,-0.007087230470119095,-0.004728112993027683,0.02954064347879793
100,0.02619600135735354,0.0558809808788662,-0.0016720763373811755,-0.0005294247331249222,0.029520625257966445
101,0.023051452829658144,0.051413902357109464,-0.000499182169330205,6.796586343912588e-05,0.029718016651695177
102,0.017577785797085778,0.05179121552896342,0.005742445855462568,0.00010195938007243769,0.02827498262017493
103,0.01729583070299243,0.05193509108440361,0.012696868146228559,0.005120356062566094,0.02476667920874332
104,0.012519639877287735,0.05011562522881131,0.012756477015679644,0.008685742899069275,0.02586822853603511
105,0.008361120900674408,0.04412181076034254,0.017279280305588757,0.009968120109575221,0.02224010373796032
106,0.008706231143935811,0.04381471026571465,0.01706932073351213,0.013016091317264838,0.020937664393711152
107,0.008602369484276451,0.03568206108539414,0.018077512345689935,0.01515732289263877,0.0211101032417458
108,0.008602705347869947,0.03448822111257652,0.02200643241695301,0.017614044673761476,0.0210987856899932
109,0.008710234774553295,0.029913568814624963,0.021401426254301654,0.017140042428344108,0.02110650003181212
110,0.00832585058119746,0.02574073335595954,0.021708666482465753,0.01734066376614763,0.021024594045842924
111,0.012312660796227786,0.025205014334704307,0.021052863115340693,0.017077051311327564,0.0214714883815161
112,0.017246291730054007,0.0194752403747934,0.025018750380337688,0.0216345476164038,0.01878581754736114
113,0.017162944171972463,0.017228148855079665,0.025722482566735094,0.021367466175781474,0.016568344449268572
114,0.017479877969915108,0.015169496992118756,0.029985814355793117,0.022404764486008328,0.01693048899435144
115,0.015822666835827726,0.009343845594419961,0.03496178984693762,0.026315882975692602,0.01687052623303248
116,0.012522576828228387,0.008860049630250102,0.043705933684038085,0.02571394016268362,0.016875694857979257
117,0.012876564728419526,0.004538681886144875,0.0428935823338135,0.026008220179065372,0.01692003225386341
118,0.013476988229299247,0.004323296609110121,0.0431636807481023,0.025399666525241636,0.016572310852495217
119,0.008922035148869502,0.004521726597193315,0.04308861177858445,0.029070546049045198,0.01877059379898501
120,0.012653235337627668,0.002553625773240863,0.043104769506006876,0.03043059894027111,0.019394028575006807
121,0.012852742333548179,-0.006375835263255203,0.043110781394383194,0.0299564172004692,0.016352781230744906
122,0.013530027080536815,-0.010959949435509405,0.04307843283774779,0.03452044040550346,0.017282228360377308
123,0.017600039058672075,-0.012918852142817258,0.043159730580543613,0.0344162862024203,0.013271927976507999
124,0.017477233529120326,-0.015579091600557454,0.04311778552288036,0.034513590692682235,0.00847795608499693
125,0.015088541638888479,-0.021042108675493536,0.04775563962615014,0.03445338958310685,0.003926716282705083
126,0.01245445444804552,-0.02164859210443353,0.046522697827820335,0.034585792226815015,0.0051696091793137534
127,0.013420455033701519,-0.021650053118032184,0.04273924051637107,0.034043938068577514,0.008697723744729893
128,0.009074728806127863,-0.02612293102409603,0.04293525857793251,0.037178423965271046,0.00957998195350475
129,0.00860605863915079,-0.025990611221886544,0.0449349478845256,0.03904352541557581,0.017851042704492694
130,0.008661670556931678,-0.024397072595820163,0.050603588350942516,0.038825025327710753,0.02438268172741212
131,0.008072697012832978,-0.021240720155580997,0.05186741915425207,0.03861692539186957,0.028750830553373824
132,0.0025695365599473596,-0.021069832090625736,0.05178686942934107,0.04309964666997114,0.03365916437805731
133,-0.0003054881723766153,-0.025106919008602995,0.051593873464789886,0.04788632769636787,0.03897964472737693
134,-4.131166098995446e-05,-0.022417959265403877,0.05613992652757248,0.05202090153633153,0.057338523981913116
135,0.00043227030468014505,-0.021464476948610096,0.05633052145341818,0.05162815427551502,0.06580229146902823
136,-0.003519332596584093,-0.0215468802473976,0.06192193588075615,0.05175094809608931,0.07520284008624199
137,-0.004451880400045171,-0.021526821296511338,0.06434200426362549,0.051717374815184215,0.08705629636123949
138,-0.004376190718095467,-0.021778646272847875,0.06842937563966309,0.05172569116298367,0.09988440428451463
139,-0.008821637369558624,-0.020106575372436583,0.0756624416848563,0.051723827124225526,0.10280019048749663
140,-0.009196929185495249,-0.016823871027023797,0.08399293930900512,0.05172415735966997,0.132974581609151
141,-0.015045105387528034,-0.017220860056754418,0.08616150399303485,0.05172422413325132,0.14782200010728158
142,-0.016988689906402912,-0.017672510486517565,0.09018269724178463,0.051724079393023065,0.15410373741181824
143,-0.019477623175052926,-0.01364629334831257,0.09051507125185443,0.05172283177483587,0.172356120072901
144,-0.001145604621786497,-0.012855239803049864,0.09532378417414944,0.05173578477199493,0.16742486125398345
145,0.007679507726254574,-0.012926025229000392,0.10014736735364985,0.051654452353833494,0.1472066059689672
146,0.024937736302926627,-0.012964694927002184,0.1037242851283111,0.052074127148564055,0.1257086302021768
147,0.044694771597841305,-0.01272207401103337,0.09148741126992846,0.04968878063919828,0.10025921173231199
148,0.07160879279922899,-0.014255469758583264,0.06496651328524475,0.047029364233366434,0.05472805177700895
149,0.08126531675409357,-0.018104747368042004,0.028859284545907665,0.0474866619671239,0.02943034298569281
150,0.1044927376803634,-0.01460113913022714,-0.03153460793155418,0.047427544163732994,0.017915981539560415
151,0.13918417824517354,-0.012689653667361432,-0.1947367632428656,0.047341141792962484,-0.02959187191913228
152,0.19046699865975694,-0.012875993163010996,-0.307914439390606,0.047494442410448395,-0.07530808304309451
153,0.21342712641076886,-0.013144633528959863,-0.3632132226875051,0.042940408021547354,-0.12482444512290165
154,0.26925098951412163,-0.008579853802343076,-0.5236983588404789,0.04319242232447207,-0.1883599751506595
155,0.3101701764358974,-0.008699785537233684,-0.5804871142093759,0.0430727688222031,-0.24430793005140417
156,0.34813024830855566,-0.00854865073432767,-0.6708468542673753,0.04311188448425359,-0.2974097696069081
157,0.3768790249285865,-0.008865974566919054,-0.7638440726140061,0.043103370592378114,-0.34533744217012946
158,0.42223024914067403,-0.007090167849384133,-0.9792470296551492,0.04309471231992113,-0.38476670988057304
159,0.4637919397547305,-0.0014191167661443428,-1.1705437544651227,0.043138333492657346,-0.42805498175174483
160,0.47664052971040916,0.00021763453234319673,-1.2362532684522602,0.04298626901742893,-0.4368333452324851
161,0.5152866554183125,-3.038877690967015e-05,-1.3660096475568764,0.04342358713045669,-0.4704352591205439
162,0.5364105072772318,-1.2003694663490616e-05,-1.452112245370917,0.03890474527327668,-0.4841480567587214
163,0.5624431865668854,-7.042787865532364e-06,-1.4976153289743888,0.038703623027244886,-0.5026504249409546
164,0.5867136686335902,0.0003901840937998135,-1.507063049458819,0.033771999900621026,-0.5234863208025214
165,0.5963256904106121,0.004717506389764691,-1.5430351153541064,0.028961482568140243,-0.5437714368392466
166,0.6035675697714782,0.004164007508751347,-1.5758821144143205,0.02542484975470688,-0.5486588018212044
167,0.6184990757214859,0.004451452265421449,-1.5923225915288002,0.026254406317204108,-0.5544313927137683
168,0.6447711791268809,0.0038455663072749914,-1.612845993238408,0.023908811921160754,-0.5710541550858133
169,0.6494828854514995,0.007331322940313338,-1.622049438850126,0.01834945282686883,-0.5976227372389085
170,0.650705469182559,0.008816541685817832,-1.63642096946298,0.017067190772922188,-0.6082398439160078
171,0.6545403788494282,0.00860124378530574,-1.6380448812180142,0.01726305980586469,-0.6355916724531758
172,0.6592090063955638,0.0086212729423096,-1.6378908559009397,0.017249604699926303,-0.6729197390817012
173,0.6734441000002036,0.008524397935178734,-1.6388374619718213,0.017269619163142555,-0.6776376869529264
174,0.6819928942346406,0.009439708171895874,-1.6477350088088132,0.01679292228314126,-0.7323418731067249
175,0.6872478773239051,0.013384339723927146,-1.644099286858383,0.012526304317888223,-0.7884894180543811
176,0.700181736091039,0.012840009212056098,-1.6332660524904377,0.013048052055032278,-0.8136358775578678
177,0.7088506243458514,0.012828989815396437,-1.6268800438745357,0.012926108763563654,-0.8647979590934085
178,0.7219158870448859,0.013416842024553448,-1.5994546763383772,0.012819668163704365,-0.8951771688448946
179,0.7395744984609552,0.009324176235444563,-1.5862446688882879,0.013393167536606763,-0.9453855791239902
180,0.7451183850049694,0.008773665371725664,-1.5760735387230214,0.009661623760962043,-1.0178856076545117
181,0.7544064996925608,0.004315136519369479,-1.543569191392116,0.008457412951471472,-1.0414710028074472
182,0.7589291105554754,0.00440642847976573,-1.514734917708481,0.008650677447363427,-1.0548713937478076
183,0.7654099661461508,0.004069025058934647,-1.4817271326191654,0.008638185185776916,-1.06781187979324
184,0.781089273538299,0.005683340778835629,-1.4530700310337934,0.008228351247022854,-1.1154428368640303
185,0.7922399726604235,0.008783349666925861,-1.4165093644249256,0.003918830321821271,-1.1202778582015882
186,0.7915825290593416,0.010474029760798044,-1.3838014061353368,0.004431932709280714,-1.1292691230112035
187,0.8051922641391522,0.016231462159946062,-1.3485151686473593,0.004277195643904038,-1.1146134318914458
188,0.8177220194359515,0.01739849639903312,-1.31907899027196,0.004318698791030736,-1.0926832959873607
189,0.8272404999859772,0.017203180588783236,-1.2404164650969942,0.004307815324851299,-1.0745678701612371
190,0.8273483206106456,0.017246971164901443,-1.200142134356249,0.004313162306341473,-1.0512736274825154
191,0.8229569556863704,0.017578211225044996,-1.1534992062325051,0.004302802722967871,-1.0276289947474706
192,0.8234022632744228,0.021882490692817325,-1.1024138916449477,0.004326746717846731,-0.9964493351822401
193,0.8114768588435891,0.021755396841119833,-1.0648458500491345,0.004315426910661359,-0.9572481626520378
194,0.8014208863697228,0.0196479334392497,-1.028579121932054,0.003951600229939871,-0.9499976998897413
195,0.7915307448137867,0.017311995701028392,-0.9905811390007258,-0.00019219716809039738,-0.9203107507279991
196,0.751725656495269,0.014263777624478943,-0.9400742967704548,-0.001049486731624291,-0.8333741834736916
197,0.7394080130712419,0.013120010412259629,-0.900744814856546,-0.004805371768015006,-0.7975134310342263
198,0.7028937287426135,0.009019692922234156,-0.850468151353723,-0.00419470803006724,-0.7941786866302943
199,0.6917400506743818,0.008626720292782136,-0.8148113868780282,-0.004303140916448931,-0.7414939081046299
200,0.6606895199554905,0.0034666182808769197,-0.7679930634979137,-0.0044336156605899076,-0.648064088292322
201,0.6467863534378665,-0.005097399724075098,-0.7322170278954304,-0.0039048284184709384,-0.6156707525129183
202,0.6148698695559709,-0.003178669422521333,-0.6618348719072196,-0.008341418644811511,-0.5490805293572134
203,0.5700439699907198,0.0023386600156501216,-0.6308942066492116,-0.008603537043960064,-0.5075466456715364
204,0.5461449959397395,0.004016925183148269,-0.5872336654473711,-0.013154429092051771,-0.45539173335522243
205,0.5083197150026932,0.007757432092380357,-0.5471961619625002,-0.012827672050512471,-0.45422662887496845
206,0.4427326238613429,0.004956426571252634,-0.4908324551096823,-0.012964983876944067,-0.42563228649749524
207,0.4169593081149487,0.008201312797582653,-0.4487273574609584,-0.012921585009360644,-0.4105477335602012
208,0.3668121244078036,0.008542935532892162,-0.4172557449832178,-0.012932883671163157,-0.43237076683843007
209,0.3345261687042599,0.017710441315310244,-0.39287960228159385,-0.01293284886635116,-0.2478262113826083
210,0.2807539371514928,0.01682945737297925,-0.3823733003815559,-0.01292239325985722,-0.20016805780457103
211,0.2584427895538047,0.01863295445816685,-0.2859486856805693,-0.012959334198323874,-0.16875055209715137
212,0.2237338770290996,0.02149642314562475,-0.22457260357048392,-0.012859361977148966,-0.13624917105697518
213,0.20658089165544044,0.024256921959537776,-0.18895113444328954,-0.01299399081709858,-0.11070990983102587
214,0.13302763270937065,0.023197577228374552,-0.14295638037495317,-0.008442946196591673,-0.10073326107428021
215,0.11654351997493212,0.021713458142162245,-0.09237473447713153,-0.008709193101562922,-0.05507987408493538
216,0.09274348276110436,0.017629607107819363,-0.08077080714270388,-0.00860770506496346,-0.0413520692653204
217,0.05662923316311764,0.017301218347416405,-0.030345544545189496,-0.00853768654225681,-0.025083353681488514
218,0.021815743982360813,0.012982991728946467,0.02628992220918543,-0.009034001446659912,-0.0004320021236245418
219,0.017964222221416457,0.01771471341108339,0.055133130277084566,-0.006126125443071812,0.01998076478543173
220,-0.01606413915128822,0.017106353833706782,0.09834316228435326,-0.003998038603859576,0.02829652236852697
221,-0.0346064329186694,0.017181326070950152,0.14236430477832446,-0.004368872872770591,0.03236423017585849
222,-0.0405546369722746,0.017679200531156524,0.1617732793126956,-0.004301021875028884,0.037642358538900876
223,-0.05102298099239989,0.014379637591732565,0.19942528188656616,-0.004311865224708376,0.037900361024847874
224,-0.0560533114586063,0.012729052829192306,0.21927597502824625,-0.004316701061705611,0.04241008753685262
225,-0.06084833267522772,0.012884610028324778,0.24296411693969375,-0.004242798075099045,0.04189861596020241
226,-0.0659022232532742,0.013006247521778435,0.279289139317656,-0.0047392280377091655,0.043547078859394225
227,-0.0690040077565851,0.008428618654982822,0.29124210290980473,-0.0016991654803764366,0.046466553239256914
228,-0.07086610013142465,0.008718638893713236,0.3087771077962056,0.006702927770716707,0.048710588723135856
229,-0.07368769875512607,0.008588210487059031,0.32342021690678036,0.011321896724177693,0.0510596988714697
230,-0.07315661640583959,0.008630147482216669,0.3278570698259261,0.01285091011245233,0.050224701659074375
231,-0.07340733272456278,0.00861623437887401,0.3342991525724827,0.015922286980518584,0.05463937121279246
232,-0.07307194880844589,0.008630047454905528,0.34888437859423244,0.020922742861675617,0.054824018713534504
233,-0.07756899239831068,0.008590382269164277,0.35330935865547447,0.02563496988713844,0.05483590588295631
234,-0.07277581880923419,0.008701708299437986,0.3577274743439271,0.030399922529921953,0.05510949643545855
235,-0.07395227788832612,0.00853067484176677,0.36518731293066686,0.03457054337809107,0.053183128276421514
236,-0.0699435532591207,0.013115142808514313,0.36988079164706067,0.03544633197608185,0.05024851216386565
237,-0.0638772014314883,0.012790678940258704,0.37077628781949945,0.038421213290929054,0.05062920426792136
238,-0.06458779521997766,0.013238881954023259,0.37071040005995526,0.04375793022723969,0.05090453580503663
239,-0.06546501432140943,0.011241950942153927,0.3709058416411172,0.05545474430129215,0.04697926124503137
240,-0.05695365088945287,0.008190349183009428,0.37518685491804443,0.05562931340264971,0.04216513839841756
241,-0.056002273074734835,0.008746219091160395,0.37594587892431536,0.059330191509837676,0.04224954038447301
242,-0.05601772462683942,0.00848838565989918,0.37975651943806016,0.060489701121037895,0.04217231470903676
243,-0.055916337970100614,0.00893686843667456,0.379418548165602,0.060341604075441355,0.04220061450810267
244,-0.05696903399611902,0.0044274839246776585,0.378388995757327,0.06036554401986213,0.04219190595411817
245,-0.0628789607242954,0.004340497353245233,0.3856600639579203,0.059926999254795645,0.04219679757549839
246,-0.06403655528104801,0.0044432025073339095,0.3880180553060024,0.05564365606562402,0.04218597858315041
247,-0.07064697742020365,0.003223553351028477,0.3916913700159118,0.05611086582538384,0.04221480170157663
248,-0.07369556561990488,-0.0005738454277560127,0.3965741495437983,0.05622052486402993,0.042181786219165324
249,-0.07317168456061972,0.0005936338023474209,0.39643362228320234,0.054491475077652236,0.04187014252343088
250,-0.07320273992854702,-0.0029551560272480844,0.3971547116495389,0.0465301625194302,0.0376003180274638
251,-0.06879622561574757,-0.004007888270878546,0.4026835184256007,0.03705926430232906,0.03801087443932067
252,-0.06811887720027046,-0.008371124663395908,0.40509452759036046,0.026885645316295826,0.03835127281148884
253,-0.06418238607534625,-0.004486255234870389,0.40753281313552064,0.02576126684765951,0.03542945281556906
254,-0.06466685343765426,-0.004364271617336749,0.4094291108038299,0.025865394567183522,0.03352692518261057
255,-0.06509122162809788,-0.004277598618148964,0.4125786614691151,0.025603431286428946,0.03368253111105965
256,-0.06141819247351512,-0.004327735796352876,0.41712515727627547,0.020409530208056057,0.03390909172533599
257,-0.0601985170925638,-0.004274070413784242,0.42647945073598253,0.016906296845686612,0.02958039273137665
258,-0.06035504504264277,-0.004459426770738777,0.42661571537184956,0.01735874008438592,0.03419408478769831
259,-0.060348087729049406,-0.0037202826802520987,0.4272056422248888,0.01710201744142773,0.033686468665299105
260,-0.06034215078421419,-0.008022432653220871,0.4323466548612092,0.017710613751298482,0.033384316328666654
261,-0.0603507316088776,-0.005003153320278142,0.43656095526310185,0.01407676720500015,0.03624394248790131
262,-0.06031788350027069,-0.004267963706951046,0.4439142963512562,0.012750975464567781,0.03782630763664884
263,-0.06046241973514054,-0.004347089424015479,0.45062143740924787,0.012954687477328568,0.04143218784847497
264,-0.059891227843731666,-0.0036995979453108207,0.4589094361743635,0.012930866324291421,0.042266104949751374
265,-0.06376120638754157,0.00019873230364456524,0.4616377993901207,0.012908211731596895,0.04220134358908254
266,-0.064828373696298,0.001378843631839811,0.46097682544489266,0.013107826896987742,0.04218761411700784
267,-0.0646457150532145,0.005196672739711903,0.4655351863271808,0.011800734002300079,0.04219626751863646
268,-0.06919291588474324,0.001535560233376334,0.4704273349572145,0.008149403297083623,0.04219444201050978
269,-0.06901382219730981,-0.0003962369374872187,0.47390234730269165,0.008768678628342196,0.04218966835732769
270,-0.06794257760641069,0.00048611518758427306,0.4775671479308157,0.008469754131963103,0.04221197568549322
271,-0.06223958056169277,-0.004321218508877808,0.4898732287312021,0.009079005390840441,0.04213517183310892
272,-0.06006471949006757,8.133769134952085e-06,0.49368684138017166,0.005078920609857863,0.04233225572811213
273,-0.06040121365205628,-0.004740121502707095,0.4962776714664512,0.004212389984084772,0.04222069252684151
274,-0.06033389844021033,-0.0042220263812027025,0.494721383193269,0.004313654242859056,0.05108873035250531
275,-0.060349277775664914,-0.0040035032274008,0.5034004913940284,0.004312408254426344,0.051091354967415445
276,-0.06035409893028297,-0.006411199604607308,0.5041696996759509,0.004323231088461628,0.05680240299164183
277,-0.0601984216080559,-0.00905344575428543,0.5133797430056465,0.004222887341106208,0.059487147658243596
278,-0.06143185625875012,-0.008313343902111654,0.5172555991056308,0.004752930266070361,0.0585289334695975
279,-0.0648630180171708,-0.009316706848268744,0.5180709416607903,0.0018597994622474136,0.06238333910887024
280,-0.06625941274891066,-0.00038091627519024063,0.522811497750854,0.0021441414606013006,0.06320832999977782
281,-0.07223294065120145,-6.32782142251721e-05,0.5303204723872551,0.004697735884742161,0.06734431797016156
282,-0.07303603255436482,4.339506157189415e-05,0.5347378347836326,0.004238937558687069,0.07172045969333653
283,-0.07703559905057131,7.846849042143491e-07,0.5373298920731707,0.0043206353710955395,0.07323818167013198
284,-0.07764536446206347,-8.623987668239958e-05,0.5413492591207626,0.0043097097239804556,0.08064964559313169
285,-0.07806373927101545,0.00041307243087578097,0.5551693793458069,0.004309764372068218,0.08287593577785068
286,-0.08772547352316275,-0.0026065307743518584,0.5560262330835337,0.004313531493919836,0.09451641863839653
287,-0.09041210180205912,-0.004771334889884902,0.5655135214010315,0.004291397558784799,0.09700968218207605
288,-0.09238844106837223,-0.003705604471628248,0.5689069403852959,0.004407411665422474,0.10055775876992279
289,-0.09479085780744591,-0.00879244771290973,0.570284936244163,0.003867970564646858,0.10136036600983842
290,-0.0977332738668658,0.00011745313439952374,0.5729977974202288,0.006896258088563036,0.10146627054871128
291,-0.09935073968983311,-0.004813452629156503,0.5776544067790252,0.008444611445656659,0.10566640399885287
292,-0.09911363076739112,-0.004126397359880711,0.5827396220417675,0.012082045594541199,0.10649344920706935
293,-0.09913715326907555,-0.004363786047482761,0.5813263483997003,0.012752808475072661,0.11029537303767202
294,-0.0991373111770166,-0.004297356326726393,0.5856660461797455,0.017107314952401198,0.10911622370178366
295,-0.09915369298164103,-0.004310844800242249,0.5862531614925187,0.01728091266637296,0.11276658017692735
296,-0.09904777624173271,-0.004319014011374345,0.5862173617554034,0.022827482714976078,0.11372970999057325
297,-0.09955945999480338,-0.004282773245217289,0.5861663007665862,0.03139028757963941,0.1178388597056066
298,-0.09650018237912458,-0.004361962699233531,0.5864417292950299,0.03728785139925513,0.11812912798251395
299,-0.09455009150323047,-0.004423354129008061,0.5847743139508809,0.04532090789515787,0.11803688794607581
300,-0.09489450406562691,-0.008779123621465384,0.5813589679712718,0.05111677342513789,0.11914863996043447
301,-0.09478514329052244,-0.009596133960658323,0.582371264634288,0.06489494363491485,0.12271746280907912
302,-0.09463625911763737,-0.0127462673660919,0.5791742472893066,0.07259342043613135,0.12271673956147013
303,-0.09029554100829183,-0.016890772100706348,0.5742843540617776,0.07675784548737216,0.11947844508119498
304,-0.08973263467326269,-0.022329304298207515,0.5692300362649177,0.08175506389889677,0.11841277008644761
305,-0.08428643557318855,-0.021412765352580534,0.5689740842125975,0.08667328427657565,0.11413994758370004
306,-0.07979836688185889,-0.021525088292667555,0.5639013505580572,0.1049356635407519,0.11396504255848777
307,-0.07431070630697245,-0.021650955845693504,0.5547467654049509,0.10810914360713447,0.10056963143775322
308,-0.07357352292593984,-0.021726910012215907,0.5510099964873432,0.11552294781513336,0.10094038443616808
309,-0.06925769572537585,-0.030755244287744503,0.5426362830025806,0.11904751165714292,0.09499609740728863
310,-0.06901731573850715,-0.030023468792153958,0.5290641265644429,0.10417981899554017,0.07981691160344397
311,-0.05987596401591665,-0.029828617060337778,0.5235517772428941,0.09605045664332304,0.0707172088244586
312,-0.06032313819508314,-0.03251374739935255,0.5150005692566488,0.06378423746593492,0.06945094667878658
313,-0.05176192489469942,-0.03344977454730127,0.5097906366093895,0.019685123188919046,0.06052801481575173
314,-0.04018228056895797,-0.0438814928833377,0.49655276877699955,-0.016383122440742796,0.050878419573078024
315,-0.036987881356961676,-0.04758808137111843,0.48685299677890037,-0.031386533204336556,0.04609968477984385
316,-0.028443888487587405,-0.05140215712144916,0.4822816111926984,-0.14687074829789973,0.04136516599204882
317,-0.0221257100018423,-0.05170702945192853,0.47658116682787977,-0.2152121918552913,0.03631068392105142
318,-0.01782648118782692,-0.051653804212153966,0.46692117617132206,-0.2328020509719944,0.03374238923715435
319,-0.008423958029319657,-0.05246812036266395,0.45579464103386363,-0.2868554308362562,0.0316210850104552
320,-0.003105198660675684,-0.05755159209835241,0.4403679086392685,-0.36379875436447434,0.027044123303865845
321,0.004877329696635592,-0.06288831033147815,0.4300363553176009,-0.452295488444178,0.01824346815825014
322,0.0055562705858360675,-0.06400908807500218,0.41592406251027175,-0.49194777879968865,0.013112264233254978
323,0.010013824071581492,-0.07090343297633549,0.4136856952531299,-0.6337462890078197,0.0040181085845747075
324,0.021165642569760616,-0.07325729850270624,0.40551934760547803,-0.6899878399364398,0.004000863629225319
325,0.028975199264874418,-0.07729976615479864,0.38282694344623247,-0.7806542347321854,-0.0018778885451026092
326,0.03783529457496273,-0.07761064147943425,0.3758082563161803,-0.8394799228132668,-0.003038099118048412
327,0.03879295883152728,-0.08261613916911954,0.3474498410525834,-0.8977122482343604,-0.013329786933607543
328,0.04368758003643776,-0.0865707769771679,0.338889580214132,-0.9956791038708409,-0.022049924512434118
329,0.05355268960056307,-0.08572216343599563,0.3312986142190768,-1.0461867082263594,-0.02388622641729691
330,0.06221326508096784,-0.08851755803810267,0.3096526139219328,-1.1062102220782868,-0.029366732411846546
331,0.06513180591299948,-0.0895237373655139,0.29233845367342715,-1.1609846195167182,-0.029562083253184965
332,0.06369096710363997,-0.09963119673207381,0.2747526863181794,-1.2142560087730112,-0.03450264753167712
333,0.07056548935248494,-0.10403457470190988,0.2591439429925137,-1.2828333006529924,-0.03827260927301113
334,0.07371440752657218,-0.1033656178832823,0.24931926826492604,-1.341899148719528,-0.0378936334778865
335,0.07316134980491709,-0.10343590484341451,0.2166882670203109,-1.3659805295555238,-0.03796596220145887
336,0.07325518071289887,-0.10385967580435267,0.20542831225956654,-1.4201440422461655,-0.038092457577079145
337,0.06869969160842668,-0.10815466073377127,0.20249510567981702,-1.4266155877758373,-0.03755815691567994
338,0.06907321205630432,-0.10768351270535483,0.18804096510272375,-1.4628716478045165,-0.04175432490243846
339,0.06893896683749488,-0.10756356302015162,0.16057504535249856,-1.4657617021814913,-0.042202877376149
340,0.06894402687336941,-0.10870442067610067,0.15229259755393407,-1.4917276533645742,-0.04212371661421702
341,0.06908747116477468,-0.10154533015656199,0.14216808115792717,-1.5290851587961936,-0.04299513353503823
342,0.06851970445287256,-0.09918814729031446,0.11896712795743694,-1.5571689214705173,-0.04684492514268123
343,0.07264847589404792,-0.09508316471114854,0.10363260751551581,-1.5731695251492677,-0.04640595712894271
344,0.07332728582182114,-0.09479253613082456,0.09886059345622353,-1.5633933309666872,-0.04598109477447391
345,0.0732845929654284,-0.08548537660945325,0.09385364632494562,-1.5307076030333966,-0.04955760250544694
346,0.07327725792822995,-0.0800178201737288,0.08118676591991829,-1.5211058586916275,-0.05071685942002619
347,0.07322629452684302,-0.0725733504359509,0.06598632049186313,-1.504700604987868,-0.05071034394426964
348,0.07354426197277615,-0.07233104611350152,0.06285054554682314,-1.4760979203081284,-0.04602435369554324
349,0.07147967085977126,-0.06393135587846634,0.0575437769655333,-1.443967109623238,-0.041942804897091256
350,0.06579436331491637,-0.05724249809020526,0.05343305823354232,-1.3990689344737526,-0.04222572965331039
351,0.06450706972303669,-0.05249714436014208,0.0445571579095615,-1.3759018143977526,-0.042445491207164066
352,0.06462168634696908,-0.048376414715285,0.039065962463573814,-1.3130466789042137,-0.04028981021657662
353,0.06469157895164583,-0.03446107669633858,0.034362058077144944,-1.262902469608574,-0.034586153648988094
354,0.05981556718180549,-0.02945469393487958,0.029918709274490442,-1.234479489200055,-0.03398663217992619
355,0.055751917938888326,-0.02014883626835854,0.030543733905864876,-1.1822455775674667,-0.029806328657355996
356,0.05612377721412325,-0.01586597572943314,0.028402500986349537,-1.1566378706175358,-0.029585377064790905
357,0.05601262804739854,-0.01134807074570469,0.027673298818019696,-1.0885477468550284,-0.029116023552956366
358,0.05603143974508493,-0.003933066172130993,0.02831509858875411,-1.057527689113322,-0.023846404619200817
359,0.05606546835257802,0.003669494601935805,0.025306037287151688,-0.9955060969702904,-0.020764224789395977
360,0.05593477302862855,0.0040121692898842645,0.026354326798285282,-0.9524080484689601,-0.021170095486637997
361,0.05624039073202532,0.008257820345535153,0.021995043484299738,-0.9417717626949103,-0.021112424921882426
362,0.05165195539941757,0.008620845118025907,0.02152767573196339,-0.908721193355836,-0.020993292704303532
363,0.05192754563054761,0.008300936928541048,0.02153950545322007,-0.8317998367971573,-0.02134512278556305
364,0.05072834540328095,0.0038617604422254725,0.021558192073463888,-0.7965362176621388,-0.01686068037149865
365,0.04695990270937731,0.004719749562065822,0.021549785417957996,-0.7608945411300915,-0.016950556505421835
366,0.04752065942835099,0.0025393962988030268,0.021550989055729098,-0.7136499283942133,-0.016842911974255956
367,0.04742152341823031,-0.0008492509129827238,0.021557656732280005,-0.6533483247493432,-0.016916438595300516
368,0.047301800925714683,0.0030377421605159833,0.021527214061971726,-0.5806349765169855,-0.01673526474692781
369,0.047739227583496927,0.004514178868139279,0.021640034094845106,-0.5452252032935142,-0.017445956758593794
370,0.04323835914622804,0.004266123876016564,0.02128219691100585,-0.5004664334010036,-0.0132576590022385
371,0.0431530724443926,0.004317132485386234,0.025385754660698326,-0.4504273354657045,-0.016186323830989724
372,0.043032554433112526,0.004634938394700301,0.03020870672626139,-0.40095114257884656,-0.016970156814554476
373,0.043395849957090345,0.009005949863446152,0.030008593114100587,-0.3455408517385386,-0.012464231812834344
374,0.041351237979603855,0.00849903536426615,0.03107347893486867,-0.31291868597581146,-0.012754401055167541
375,0.03841219681468555,0.008651524400125026,0.03463154415952206,-0.28676181188497635,-0.012608409407317413
376,0.03875619967428581,0.0086215199598692,0.0361655851661402,-0.24437773412172498,-0.012765402865141114
377,0.039182863006455654,0.008589248746234632,0.039350031199283514,-0.19349070524655876,-0.012238101544067534
378,0.03486357650681853,0.00872930291924376,0.03824526705286814,-0.15398455494272292,-0.015618832297193774
379,0.03448217361711392,0.008349766549140792,0.04216364701077742,-0.1029700808726883,-0.017380460148196875
380,0.03446751449623768,0.01289046348367398,0.04331376365129325,-0.06039452432587791,-0.012816892889648676
381,0.034464936171940075,0.01286566472340408,0.0429876529505889,-0.025773765946811168,-0.012680738973142876
382,0.03462600037552206,0.013012881509127204,0.04751331470481313,-0.0068017081395558305,-0.012811018313409757
383,0.03336089066295863,0.012601411692904976,0.04795641803551631,0.014654027513731918,-0.011413821146386748
384,0.024578931092729062,0.014842825663934698,0.05191611461573659,0.04567923934654808,-0.008496621801879016
385,0.021389456936019104,0.01712346351494279,0.05323340643450732,0.07988928233502066,-0.005632861593488963
386,0.018340073536560246,0.020361453547893923,0.056091910524279066,0.09938913625901125,-0.007331441615684138
387,0.013086345456297945,0.020775344942930044,0.05850258327962961,0.12821832238453984,-0.005011373845158777
388,0.012954356664415809,0.029765484133729134,0.06078107389314874,0.1546773503130895,-0.004535357482507939
389,0.012876829838648454,0.021749060551478926,0.05989092510269549,0.17531792966159646,0.0043735023137032696
390,0.013193751218875862,0.017173715007004584,0.06442244474151297,0.19208737560573122,0.004039841203419814
391,0.011319350126489661,0.017286781657452545,0.06467644889537942,0.20089460852038196,0.004349079941845186
392,0.008192373112506,0.017148866416384655,0.0691678658249882,0.2062377674960623,0.0038476629966206193
393,0.008713601410667411,0.01765039336147381,0.06943075864237251,0.21898938471062956,0.006395609932455612
394,0.008604148690031217,0.014825781709237535,0.07513106164605363,0.22811014825322845,0.008770895603713271
395,0.00862125010912543,0.012964367356827272,0.07749318979945143,0.2324711490870635,0.00838004263546796
396,0.008622207462411933,0.009924695560225079,0.07996448681498262,0.2327557554311571,0.008444965739917747
397,0.008644129901996348,0.004862193791135422,0.08175216474857601,0.23762516801697273,0.008438968581449161
398,0.008399028011560807,0.00011311808051253362,0.08529576019944896,0.24151220607728946,0.008464737107618543
399,0.010095136034405566,-0.004657559968522131,0.08603765785212127,0.24214900397154474,0.00822376664400619
400,0.011975940980835398,-0.009627959473096682,0.09037008746344959,0.24778439626379575,0.009856885866386356
401,0.005565467117637124,-0.013255715481081185,0.09047659329766833,0.2503120691668925,0.013067519843556533
402,0.004556394557831658,-0.024910613236247683,0.0905322652503226,0.24993767019075708,0.01266010439834105
403,0.0008351977804161531,-0.034392468153879314,0.09057512723486692,0.24997786491705426,0.01233083410941383
404,-0.0001458711286465679,-0.0451204487514282,0.09017351166994808,0.2501162771326111,0.016124152370152117
405,-5.239151379056262e-05,-0.05590537092744567,0.09256168669601689,0.24970687007587303,0.02092347085427428
406,-0.004613003304877493,-0.059233727488029936,0.09519977010007089,0.2542858098528549,0.025423558326554258
407,-0.0040302939595703,-0.07275424885601678,0.09478196933319076,0.25476061886839596,0.025757410024109514
408,-0.005488738013293928,-0.09165427897261845,0.09473908475105636,0.2636461045775929,0.031347191731920465
409,-0.011086996527853374,-0.10641166463773785,0.09505833200678497,0.2627413936396301,0.03367327864222483
410,-0.013326781167669131,-0.1254769642333448,0.09051068691402715,0.26273426928929966,0.03615969225778711
411,-0.012439751591646757,-0.13635661047955755,0.0905836954095286,0.26456878950794355,0.03815728640399882
412,-0.016657795439830526,-0.15306954692640018,0.09047562098446496,0.26996350704490035,0.038275988906280096
413,-0.01729344845767914,-0.17292105114458522,0.09060527525392785,0.2738154640077471,0.033978237016234696
414,-0.017304920969371508,-0.18552564351936507,0.09013040154691168,0.2831667589561324,0.033826566833494054
415,-0.016583663267286785,-0.2051310742374012,0.09280969820704396,0.2841798529887883,0.03318623428678549
416,-0.012682230274802525,-0.21097021308741243,0.09516922398002375,0.29283681793359406,0.02886085077954929
417,-0.01176252199507052,-0.22518288605049333,0.09476213124634814,0.29765382934219586,0.031237958326186394
418,-0.0057288340311644525,-0.23953847127015132,0.09483768128312474,0.3023165146708088,0.03456834676347843
419,-0.00466238800017549,-0.2528149564462966,0.0948266911355422,0.30815046856452033,0.030810346926563852
420,-0.0005157937411540527,-0.26249295352212204,0.09482708954356987,0.31663655180869366,0.029321272790596913
421,-0.0037989588767762938,-0.2689846601976162,0.0948317556960787,0.3210166283852431,0.02961763464516169
422,-0.004315330030063869,-0.27959278169198204,0.09480096087783238,0.3249147734432808,0.02958727118591669
423,-0.0041511278497880656,-0.2887201625683239,0.0949668968654214,0.3358522643066042,0.03405042806511813
424,-0.005923759584161608,-0.28821789445850643,0.09418933265156297,0.34755684436895823,0.03358094956590945
425,-0.013852949004730455,-0.29713549673356054,0.09827798790072403,0.35307162221107935,0.03413239316217525
426,-0.012698095530443201,-0.3023733591438896,0.09335678682675048,0.3535398859581975,0.03162962860656236
427,-0.012945276215735985,-0.3161924271317539,0.0899612541685724,0.3537616175298992,0.029187211118729704
428,-0.01307360016685194,-0.319711109722077,0.09083812653857763,0.3625798572239156,0.02962692546797286
429,-0.012464946063315987,-0.3266281232864723,0.08621579843267918,0.3625807242309948,0.029453559440097615
430,-0.01718323526653172,-0.334885300648581,0.08592349184965148,0.36805547029589747,0.029572938657613602
431,-0.012814001782820716,-0.3362576813726516,0.08169164359872828,0.3724604225585404,0.025058513130557247
432,-0.013034801434622729,-0.3366421959330922,0.0807408198117473,0.377776682120971,0.025625416766159998
433,-0.012910288360023385,-0.3323318520805659,0.07746987311204576,0.37930021094497807,0.023920863880300996
434,-0.012843904312257806,-0.33201136062009146,0.07544463868758725,0.38193368873046657,0.020668057339324544
435,-0.01337654874626184,-0.32761088691921975,0.07293379246767165,0.3907406651680335,0.02119363832382587
436,-0.010127267346882612,-0.3254341686271505,0.07323492194631878,0.4003801848045885,0.021078484653107202
437,-0.00858042877271782,-0.30755232846988784,0.07358962822421956,0.405144658325392,0.021099806856205154
438,-0.005458642176337678,-0.30538475023286993,0.06916110637539497,0.4064399034503291,0.02109686227237149
439,0.004111336959637049,-0.29548145702073725,0.06903253787959844,0.4194361251230887,0.02109698373221875
440,0.003972392152016885,-0.2829038983101996,0.06840656130221537,0.41717645645368734,0.021097081378888674
441,-0.0003244058425727551,-0.2746261392163317,0.06447816104786974,0.4214938772343698,0.021097034825409044
442,0.00010645096709522369,-0.26003784849681844,0.06332614404432475,0.429448191286928,0.021097049592076308
443,-2.891336734109522e-05,-0.2549000937504028,0.05989817092903568,0.4337509507075449,0.021097045458950327
444,6.881081999099468e-06,-0.23654679312169247,0.06031657426357147,0.4380527829037952,0.021097047395083845
445,-1.473092677916247e-06,-0.2370615350367922,0.06084436167895413,0.4468985426287311,0.021097043834030604
446,3.9345011061711114e-07,-0.23060615541914523,0.056631481007410125,0.4523064765516904,0.021097051244411125
447,-3.606653812847313e-07,-0.2201677259884578,0.05644983037884725,0.4569796144302888,0.021097057728325045
448,-1.3830090816359237e-07,-0.2149345014812249,0.047483330891192936,0.46189507305044286,0.02109685681013804
449,7.771499272369672e-06,-0.2152982136647536,0.04753727971636058,0.4727228138489883,0.021098347053237723
450,-5.979265697440834e-05,-0.21839542105029974,0.04732108525610224,0.48490130760334665,0.021090209925693562
451,0.00033314022661220925,-0.22341264776055206,0.047652770345680384,0.48865059556729906,0.021127637348877824
452,-0.00202419662296285,-0.2282383713678251,0.04602513817922206,0.4935903085637327,0.02097804773101785
453,-0.004678997883673315,-0.23316775740328757,0.04077188341017378,0.49851095317564315,0.021486168333163254
454,-0.0042614222131187075,-0.24190030142000843,0.036286279785386226,0.5023469986240332,0.017252798369917218
455,-0.0042504769863135035,-0.2416779362681169,0.030895465620695745,0.5145240963075659,0.016889421272134053
456,-0.004424978618113859,-0.24943514899939445,0.030419311883038223,0.5289028169229539,0.01642145368673255
457,0.0002772302481007363,-0.25461283233404286,0.026032778584811643,0.5431450844885349,0.012422855327383454
458,0.004845154988510452,-0.25686012716057466,0.025773062562371926,0.547758186123125,0.011638120135456885
459,0.011151987317279326,-0.25879377601228326,0.02137315510237092,0.5526371502550768,0.005937154921551203
460,0.018168200927415827,-0.25893944694511606,0.020630894048246095,0.5573144642711297,0.003871855207851188
461,0.01659488667892319,-0.2544741818082574,0.017420862995383354,0.5620687691421528,0.00460346336166796
462,0.020129124902100705,-0.25422548415164953,0.013396465145598084,0.566790797395325,0.000691633790477746
463,0.021743783286198103,-0.24938479582656195,0.00825393451894256,0.5715593622139219,-0.004106221801443622
464,0.02159841191556212,-0.24341317932923107,0.005806162993061367,0.5761733810026051,-0.00863478518143489
465,0.021507822446693654,-0.2247915727175333,0.004068859471222624,0.5813010981216012,-0.008148691381747487
466,0.02608557221671887,-0.2032375290258864,0.004343160167821101,0.5819742841581955,-0.009860988350821609
467,0.02579457237599645,-0.19597238821452093,0.004309146900310598,0.5818927631997369,-0.012691508917362319
468,0.025676471569563677,-0.18552564146232808,0.00430916336111648,0.58181523949501,-0.015065052174573988
469,0.027301916231041976,-0.16735541490061961,0.00431085762687105,0.5825969779844619,-0.017170284306159914
470,0.033205884474185154,-0.14358664089265444,0.0043105315931711175,0.5863815628075185,-0.016832890551309942
471,0.03411504877099131,-0.12413134239948505,0.004308520902547639,0.5876492858146032,-0.016880913125823994
472,0.038432854968899526,-0.10196115073309549,0.004318623191502866,0.590987648267255,-0.016877531606754922
473,0.034780518199480796,-0.09660339068705781,0.004277355298135637,0.5904187322694091,-0.016888520728359828
474,0.03442869944007167,-0.07164223473204848,0.0044271607675455925,0.5904982977708496,-0.01680460005729449
475,0.029818643896840538,-0.049386929786895,0.003963728279856893,0.590649185917376,-0.017249512062321188
476,0.030472310468197202,-0.03189621595261919,0.008382386381251414,0.5901711613964495,-0.01456622705541465
477,0.028960827912999067,-0.02367654173076235,0.008587436723773724,0.5948253696607141,-0.012234664782824329
478,0.023287230675943203,-0.004073883944696345,0.00888336903282474,0.5903442673405276,-0.013085114976909278
479,0.021409851432052807,0.012044094481687579,0.006785287479715818,0.5901439614185908,-0.008712246981215411
480,0.021166948515642964,0.026188003604996898,-0.0005771027891961645,0.5850214993043089,-0.008460737767519025
481,0.02531185394519351,0.03027749730461137,-0.001759820224002024,0.5797958089257994,-0.008382447127039056
482,0.02589639675849963,0.038474399693013105,-0.004323105487783552,0.5784973318213421,-0.008694435476058943
483,0.025874652798260477,0.05481276238335351,-0.007132956920803932,0.5700869379772419,-0.006856575466168047
484,0.025856531046078414,0.057113051842953545,-0.008964550292684042,0.5628993805016256,-0.0038031904989383326
485,0.02585504131169551,0.06637833444236323,-0.008307503269214754,0.5435253130641301,-0.00430821245633808
486,0.025908643028655722,0.0663145880538031,-0.012855831700780196,0.5343796722971661,-0.004203596468534776
487,0.025655998413712244,0.06440897077332322,-0.012864943601179674,0.5306460046236432,-0.004221398720402266
488,0.026653314605744074,0.06466662050928815,-0.013120490349422776,0.5119603523913755,-0.004219400429038173
489,0.019358743803718867,0.06463346949810278,-0.011817415903042467,0.4984956728175373,-0.004219324799942332
490,0.013039937806903521,0.06515178071808365,-0.008158706276992254,0.4893712490153371,-0.004219369165362576
491,0.012927295822739285,0.06913736129280491,-0.008736419714221955,0.47879101899480175,-0.004219850061554808
492,0.008318743264209399,0.07038220311741522,-0.00859458068274567,0.462361657679885,-0.00421727717934095
493,0.00900436734239168,0.07333664000869107,-0.00862590275392657,0.44209512341764345,-0.0042281471368667625
494,0.00686699037637463,0.07573584380873126,-0.008619825475417894,0.41160892933847776,-0.004188741662814048
495,0.005821126894887587,0.07788914550382074,-0.008620782504403726,0.40629050569856584,-0.004303058327815189
496,0.009234883009034437,0.07755546024967662,-0.008620694927442378,0.3833618926411825,-0.004130829348154421
497,0.008044624492351072,0.07754895383608906,-0.008620695342152295,0.3633298124208644,-0.00863511166338482
498,0.012391151061213511,0.07753477989730506,-0.008620598366155374,0.33577037873629284,-0.008340073450230627
499,0.012818148876434033,0.07263222714648473,-0.00862120643578125,0.32824703393559157,-0.008465111654922804
500,0.0173666473949799,0.06798409830508913,-0.008618239513685151,0.294091996240131,-0.00845913213192662
501,0.017144639144667694,0.06285948393024063,-0.008631070872038085,0.2780856380616077,-0.008318142309274917
502,0.01729367421920402,0.05999096450550249,-0.008581124878732962,0.2505196009462986,-0.008889213857929854
503,0.017133898508196802,0.06043475815875625,-0.008752832998054762,0.23988511631464896,-0.004844134455883331
504,0.017684305041068056,0.06029621173272133,-0.008271279453722507,0.21922130940980503,-0.004208687299158834
505,0.014436110532447232,0.060447255542918764,-0.012896130372671961,0.20468521852848023,-0.004364003444451303
506,0.01272355455582463,0.06013275160486205,-0.008174679586867416,0.17243124062665482,-0.00878041906430924
507,0.012884414096435553,0.0647042535849715,-0.0041944754858544,0.1559249692414956,-0.008319830651621266
508,0.012994620387497517,0.0645060218378319,-0.003596496887064787,0.14194505782592332,-0.008471421578641825
509,0.00840817661382459,0.06530061773747077,0.0021601035769484626,0.13235368874455508,-0.00843300021163728
510,0.008722510058958848,0.07105162923366729,0.00419749894765113,0.11720557416921788,-0.008432399774798826
511,0.00859245071519303,0.07207658664362669,0.006876057464792875,0.10648963028563727,-0.008464313996648074
512,0.008606458965758599,0.06595455021462389,0.008925294074107928,0.09701627962954706,-0.008382954926913556
513,0.008717299234325723,0.06457227838369477,0.00853772200691878,0.08006378045482436,-0.008387413443332867
514,0.008250768584383538,0.06431467642936792,0.008697159937807276,0.07617572659850416,-0.0038089791457679156
515,0.011893264888711449,0.0686330028342499,0.008675018392349678,0.06080390160502285,-0.005292649979335907
516,0.016781683227608042,0.06894763517910249,0.012802023106727593,0.04881886963617215,-0.008867732106124803
517,0.021578956055974808,0.06939301466744506,0.008123896660577588,0.03919954647030822,-0.008303206561291484
518,0.02194331350509663,0.073611536445441,0.008733426270887135,0.03876932415331023,-0.008583569461403838
519,0.026290051657367367,0.07349759083910236,0.008783769104991583,0.028529612541622857,-0.008021045053936113
520,0.0258206242656449,0.07127857135812327,0.007079724449726554,0.01670508320974156,-0.012227201580208812
521,0.025477199184715953,0.06901916221349862,-0.0014263203802474952,0.015067748468542577,-0.012666906160251457
522,0.028492188417386433,0.06602661044083533,-0.00774522553401229,0.007979995778506336,-0.012649543477320878
523,0.030532361519639704,0.06441777898107523,-0.012307118432810132,0.006720040772998722,-0.012871225043456
524,0.02986404036116936,0.064742252130465,-0.017021212638027,0.0037846341144354314,-0.011203891489794577
525,0.034239700820894926,0.06467288577836414,-0.021506955208218072,0.004767640571849644,-0.008411654870099346
526,0.03910371271166039,0.06924875255492063,-0.023397082094919284,0.00093369497265665,-0.005964099606487537
527,0.043408902683008,0.06865041902526349,-0.04340794307148473,-0.003756549896745452,-0.003967323303870059
528,0.0428575464180109,0.07033983262915401,-0.0541976532371081,-0.008625277901561187,-0.00417986520227957
529,0.044197279431486255,0.07372325098353404,-0.05605835464761771,-0.004422755822804159,-0.004321277724407051
530,0.05195352099334232,0.07316262987047302,-0.05764028508843744,-0.008434401558495846,0.00023671539670948912
531,0.05962140254518823,0.07332986319209571,-0.06696594708562627,-0.0036366595049469475,-0.0007736665020764855
532,0.0600412665568908,0.0731686361327444,-0.06900607199178987,-0.0048325352209947,-0.004652877208140194
533,0.06426778683598418,0.0735170410004619,-0.07271000357491839,-0.002197899781744205,-0.004004354037194483
534,0.0646534197053714,0.06896317583899556,-0.07760126934024475,0.0004895893588625552,-0.004691888094763466
535,0.07003577156615412,0.06912648441106167,-0.07754024492712366,-0.0005233351267687606,-0.0012251601794031285
536,0.07742545593353,0.06813245902238707,-0.07759769754570346,0.0035271434324716175,0.00017572727905166836
537,0.08290980464003861,0.06420681458664364,-0.07762607408943376,0.004458652076699665,-1.6509553127666717e-05
538,0.09625658894460812,0.06476708969686319,-0.07736632558936449,0.004271121512510932,-1.3372041059509904e-06
539,0.0970189455576392,0.06466016820311228,-0.07853792502828724,0.009056036603194421,-9.396808938432891e-06
540,0.0991907601674661,0.0645353997030323,-0.07167040740750034,0.013170220988869677,7.480921647505436e-05
541,0.10231016441713672,0.06506092536575024,-0.06924390555612059,0.012950915878202247,-0.0003951615023545061
542,0.10763929470614693,0.06069880585944183,-0.06170704300058799,0.012421222514429895,0.0023797299873439
543,0.10785412517686797,0.06034495138711159,-0.05617925820599763,0.015785801540238863,0.0039966124350227445
544,0.11236311125423633,0.06068314619391572,-0.05140801631607864,0.012581954699108517,0.007848575293315781
545,0.1122130550018838,0.0649079589842886,-0.04741993809011104,0.007933579335877558,0.004893630635170377
546,0.11044513162709102,0.06551322500939401,-0.045691528339692644,0.008718412077582541,-2.405845087945414e-05
547,0.10766699332615959,0.07129156543695347,-0.03657718850723994,0.008683354467285322,0.00049885484478602
548,0.10544094644454084,0.07356514205918246,-0.03270074187789963,0.00852899031258754,0.004383661273351817
549,0.10029436179599237,0.07321376143920727,-0.02713775702125326,0.0130371110979919,0.005580120085627315
550,0.09525364634014064,0.07329090671833631,-0.02611759171850488,0.01340151804344913,0.008903943423637286
551,0.09478908200704396,0.07326423007419926,-0.022257324472808315,0.01769894281587385,0.008303919886823597
552,0.09461048884076736,0.07327991226587642,-0.021648103855506036,0.0171086424820076,0.008577887755279538
553,0.08959772022888834,0.07344433216377967,-0.017237413263295764,0.017273955355047808,0.008119954879674913
554,0.0847936381745458,0.07176033024821196,-0.012430226378170336,0.01724190123140822,0.012609733802779107
555,0.0804138253899486,0.06376650506590523,-0.008255670739254076,0.01721006906839487,0.01290227417276832
556,0.07286215346533435,0.06479049557718052,-0.009028927852079384,0.01735220353282719,0.0172889343844815
557,0.06566690202729619,0.0650712171023434,-0.006768319682995398,0.01693560920348208,0.016748198655456407
558,0.06174345727003771,0.06165460201693882,-0.004222296560619764,0.02140670786749328,0.01691153766329129
559,0.05249409554428339,0.06042568916440258,-0.0020560376336918006,0.021515623428008505,0.016869925342037434
560,0.04736807632776559,0.05674731340304004,0.00358397953974286,0.02160852194045036,0.016879139865133983
561,0.04264187373670613,0.051759467552423194,0.0043880270372833345,0.021316350161230842,0.01687740550467508
562,0.03684732758826514,0.051850474593836834,0.004338560440859078,0.022929364069285245,0.016877658084797534
563,0.02813914783892929,0.050920332881886604,0.004455364341472107,0.026324589373441162,0.01687766049581338
564,0.023994999679363124,0.047277125428226215,0.008941079926433781,0.02572019607221849,0.016877408426122963
565,0.018696649165826116,0.045675215833112806,0.008489163412284425,0.02601030281907139,0.01687908372798675
566,0.016707595705610638,0.04301310961515163,0.008744230402112594,0.025430891441461788,0.016870309713935522
567,0.018214260864908717,0.0406780097239598,0.008198511705356721,0.02961798796652526,0.016909522383217763
568,0.004987564776888662,0.03543206329173463,0.011143694364493667,0.03022311385453064,0.016757231063341465
569,-2.5698392228481665e-05,0.030832215326388367,0.013269175998361717,0.03017685001060992,0.017253492572356595
570,-1.2157169839994962e-05,0.02589373205444108,0.012753887783121127,0.03019778345516667,0.012929324698562675
571,0.00019215302788804357,0.025608083906098967,0.0132333813787945,0.02996187399493736,0.012678167078422028
572,-0.0013076799983558337,0.02133541432598569,0.008625979991701178,0.031475353384445695,0.01267190746486343
573,-0.006964012300523168,0.020492522165234638,0.013551815795821183,0.03494027631819986,0.012413731291322708
574,-0.008991711550608978,0.01664567100283353,0.01729279726174623,0.03437897289641185,0.014262506873349191
575,-0.008159545270247556,0.01779557681949462,0.01843662111666488,0.034475022813018404,0.017208902608327158
576,-0.01250788985802601,0.014397440835912299,0.021665697331606715,0.03459219226794545,0.017124019016018423
577,-0.01294110218265778,0.012543000149798323,0.023645911188697296,0.034143332509089706,0.013947213080769953
578,-0.012929106913896208,0.013389143719327978,0.026370880469436052,0.03853378969027807,0.008743786628450037
579,-0.013082432840102708,0.0046068229532906565,0.025324900808730278,0.03876392268661638,0.00843777481308677
580,-0.011845239250593708,-0.004592201000369389,0.02969747198970048,0.039220789276236394,0.008007936747671052
581,-0.0066390224571727646,-0.004222439472833321,0.03007046910503742,0.04328761406363291,0.00410193473733362
582,-0.0016632125259794977,-0.004016835313178332,0.03460272625230048,0.04421853207951021,0.0025581528870305577
583,0.0007258706342470181,-0.0063043006222285305,0.034325104773584546,0.047888641505760415,0.0016724366909343738
584,-0.0037325376270375644,-0.007797343881982027,0.0350553864980256,0.04737734939623158,0.0042251926716590695
585,-0.004175656615529888,-0.01670513577151784,0.04176107742893791,0.04710140215085975,0.007327095137647008
586,-0.008703606292974321,-0.025223300734215935,0.05027204221423734,0.050154364004509865,0.008588662885415415
587,-0.008558567178663224,-0.029693715848697788,0.0514530389741477,0.055528745861349406,0.00842691875757454
588,-0.00847518624400526,-0.0302189141491593,0.054779731067390834,0.05609205848870265,0.008382873900221686
589,-0.00980290511257794,-0.03042099157819082,0.05597357878147516,0.05603505260652468,0.008985271165449654
590,-0.015497729928777449,-0.03486929775965541,0.05962928707586446,0.05603121288197593,0.01437816886576415
591,-0.017503715980670638,-0.03416124774101059,0.06464974221897407,0.05603591022650954,0.017200790926041355
592,-0.017191695334894057,-0.03583467739815569,0.06525205755947351,0.056033927593313874,0.01681141740051592
593,-0.017248679040865498,-0.04146295222618886,0.07347152114926545,0.05603511471837326,0.01686073085809306
594,-0.017240882768059625,-0.043356321111050616,0.07669876201434599,0.056032224555732986,0.01696947543725665
595,-0.01724079802860264,-0.043056131967814715,0.08680929911728272,0.05604341612506936,0.016719954782627215
596,-0.01724566930374319,-0.04310993152876838,0.09075229695408052,0.05600207999874622,0.021229284782202436
597,-0.01721533710995619,-0.043103530182180654,0.09168579765325123,0.05613694586474114,0.02100690704392002
598,-0.017371881869139648,-0.04310747914612939,0.07363948551252641,0.05578866091508525,0.02112694297527162
599,-0.01667297891246317,-0.04305966730783902,0.05798023726624409,0.06031378504056788,0.021095912810004027
600,-0.020631391902729633,-0.043376540315018364,0.03737799035803248,0.06029618678795578,0.021065828427405963
601,-0.01831153763490886,-0.04143742664576616,-0.013581990225522875,0.06031908569570016,0.021223999612260028
602,-0.01705485787976281,-0.03836724907709148,-0.02260425579501325,0.06064032421199525,0.020691082532379137
603,-0.017229551360652257,-0.03888665094794768,-0.1057550850982236,0.05858879894539951,0.025052866051705695
604,-0.012651207361811804,-0.03877427669024703,-0.2452554775615359,0.05646781175043682,0.02534657445023418
605,-0.013218147985432678,-0.03879895205942065,-0.4165401966682196,0.05089724206500381,0.030296212072241573
606,-0.011693758807068497,-0.038788685258127203,-0.5220807454632888,0.04723626107259364,0.04256684688491978
607,-0.007201560527282207,-0.03876457122629913,-0.616066619343788,0.04406462750130434,0.05672417064970802
608,-0.014506955233541837,-0.03910631577525697,-0.7411213049284195,0.042887670189527695,0.06711059426838512
609,-0.015543076932352077,-0.03661013598577137,-0.841243821743193,0.04319732732017227,0.0814638837070228
610,-0.03550230906243032,-0.029141702438988993,-1.0042901605941368,0.03884723066018131,0.09428406165132355
611,-0.03907645918126366,-0.030860121711084064,-1.210579625759485,0.04350059263678807,0.10062904527782605
612,-0.0388513237249395,-0.027283391790260698,-1.2415288795471902,0.043140400116807455,0.10963108440876568
613,-0.03857541478108997,-0.025906109245108236,-1.333626766746798,0.04199972133360051,0.11469529684049753
614,-0.04003887989094541,-0.022545049046172196,-1.4037459030128883,0.03635255292992999,0.13115314972426761
615,-0.031003149763143712,-0.0172228254298523,-1.45295715069137,0.03419610834118729,0.1441310490114378
616,-0.012808768078126953,-0.021733210350479645,-1.4978491537186394,0.03454622342266116,0.1468586663068553
617,-0.012288568069330758,-0.021399593642861644,-1.5216752797463635,0.034463452196276625,0.12000264579043664
618,0.009292502513804313,-0.021870375102555923,-1.526139418527515,0.03450561656038916,0.10142535794378812
619,0.04095112528381067,-0.019834342531834553,-1.5626951721031195,0.0344543895647331,0.05720530943061654
620,0.055315969690650106,-0.01724608349197901,-1.5688681909586992,0.03431312996457636,0.03498011579493808
621,0.10655654245251986,-0.014611197992680269,-1.5757870901312412,0.02984947254420829,-0.010149594926666469
622,0.13953165374947446,-0.01264538115989034,-1.5971167181626706,0.03031868087208825,-0.029475417429197025
623,0.18688745013129213,-0.013003017989516983,-1.6022239601330888,0.02996531343019122,-0.11517244466109801
624,0.2257404239733671,-0.012881864612584134,-1.6188299845789778,0.030981754196133842,-0.18758105817430953
625,0.27561569845264194,-0.012724594423139711,-1.6278535828505927,0.025393792965690186,-0.2495140395608048
626,0.3019366246068118,-0.008818091993962699,-1.6323536326245947,0.020762249941216688,-0.29825209333700203
627,0.34516352241299497,-0.013741777869150462,-1.6339303478566354,0.02213346142262897,-0.34537494270469254
628,0.4300077128785515,-0.011183763241917923,-1.6304846243743485,0.01765115900386378,-0.42326229998643633
629,0.4574216099018207,-0.008259109372667583,-1.612728500235132,0.017358391637568343,-0.4309695426844297
630,0.49442361437526317,-0.008574797257163752,-1.5897129474755072,0.012883259329247339,-0.4694148888302003
631,0.5097508194951533,-0.009076247189033177,-1.5775188736367758,0.012079260742765063,-0.5063071856265922
632,0.5478528223052941,-0.004807086394746087,-1.5459648182512045,0.0034740963039324867,-0.5522906437881943
633,0.5687590293510647,-0.004420837420632663,-1.5237747540229574,0.004488132042657402,-0.5798307215160905
634,0.5717859036686365,9.541493571836418e-05,-1.5054547053480252,0.004607982084979219,-0.5963613625564678
635,0.59617638276507,0.0004332362358624508,-1.4765320720973139,0.002118561945948016,-0.6124002026609475
636,0.6182039696331909,0.004905688255243911,-1.4267850546476306,-0.0008097184882641465,-0.6233924940295176
637,0.6333228188288903,0.0034983626720514805,-1.3740062793054948,0.003364159796583696,-0.6372030192342018
638,0.6389869023842392,0.008445463306906376,-1.339352613308394,0.004444180035900572,-0.6434549225607605
639,0.6615496610019541,0.014153643489717559,-1.2880013689398448,0.004309106720423453,-0.6654138072710708
640,0.6658420517071767,0.0094595450440468,-1.2594488894941258,0.004330767137303545,-0.6773280432221653
641,0.6743298721448836,0.008838091235436482,-1.2276172905666225,0.0038737254314157523,-0.7026172265360058
642,0.682245586234804,0.004512627967339413,-1.1898531551471199,-0.000191369723485348,-0.7257187674531368
643,0.7015078642880299,0.004307349996536058,-1.143627269665304,-0.0011485250159195379,-0.7302338900040664
644,0.7136926040270429,0.004811758908200663,-1.0998409934385878,-0.004774825675809755,-0.7677751404145674
645,0.7234121086398945,0.009045534504804938,-1.0479467138522214,-0.004316177333172575,-0.7882461789270617
646,0.7284110365256368,0.008561871733368746,-0.99476903168543,-0.003837756569639515,-0.8586154741621109
647,0.7422639916696254,0.008341237534235492,-0.9558606848929053,-0.007652784334722535,-0.9047412352823806
648,0.7474384868448711,0.010794229714275788,-0.9277837898127176,-0.00841271979922586,-0.9453217823346332
649,0.7554399596817395,0.016388319304209115,-0.8949639115651089,-0.012679038570562795,-0.979102102161955
650,0.7659529928260693,0.017360540366023115,-0.8484029838594813,-0.012945218103991624,-1.0065759637960943
651,0.7819231729737595,0.017230794028264912,-0.7633831178193072,-0.01786001260995859,-1.040991708007761
652,0.7880880704219541,0.017242133326384353,-0.7487735748790937,-0.021809745899208442,-1.075475338017992
653,0.7882751781853677,0.017207772876842227,-0.7159274225776459,-0.021542492723763042,-1.129702556404685
654,0.7967894309565196,0.01747983917925069,-0.6816837877878311,-0.02120361557247148,-1.1320621569669655
655,0.8018447690517,0.01575066197530958,-0.6533711805902283,-0.0237193539092805,-1.1669775798053177
656,0.8070837631145088,0.01245266734518714,-0.5762278810540872,-0.026229588327065314,-1.1679245731862318
657,0.8177264039656048,0.013178991068549818,-0.5419853049557253,-0.02578680119555963,-1.1857378568857058
658,0.83373881155079,0.012378989224892419,-0.4777320096247587,-0.025875712704670477,-1.1978724055073844
659,0.840627277319583,0.016838686174709707,-0.4458741619939886,-0.025859199866503244,-1.1972112022363575
660,0.8459089081818666,0.013434927552741279,-0.4139460554444444,-0.02586229430551645,-1.166170529592236
661,0.8494125271970839,0.008596741072884249,-0.3645249056047511,-0.025883375433752572,-1.1442529055255228
662,0.849737523399883,0.008071603829795755,-0.3197328011459031,-0.025687004906534895,-1.1391219316618728
663,0.8406341314751604,0.0047989793581686,-0.28921441508558354,-0.026987583174467627,-1.1152569753101764
664,0.8398455185829788,0.009305662441118285,-0.2668482659483884,-0.030611082847779587,-1.0649166753837804
665,0.8188207564405635,0.00804870223015707,-0.23586520517438817,-0.030169301499908725,-1.0413728455499764
666,0.8047479875119223,0.01124357177938402,-0.17179202970678092,-0.029737392575314027,-0.9900124405259795
667,0.7935667929444011,0.013207835607396405,-0.13433197180830486,-0.033246921378210705,-0.961500052394834
668,0.7701016481805653,0.01288541584606572,-0.10437884393372678,-0.03468127972333289,-0.9056779880467938
669,0.7309912646014943,0.012935641818330372,-0.04286210772391018,-0.034455291442741814,-0.8770914201118409
670,0.7128159179973547,0.012931099156374122,-0.007384962801329756,-0.03448410201037002,-0.8142966894223234
671,0.6888808213009793,0.012936898982579046,0.06481602913218705,-0.03448899714262356,-0.7579202755633146
672,0.6504437609381343,0.012886438370603987,0.07702516054358484,-0.034434223234445074,-0.7157561875876188
673,0.6272189729367093,0.013173891611186176,0.12220047222945692,-0.034772669170944306,-0.6667091063759337
674,0.5898283297130126,0.011354775775070542,0.14798760681353804,-0.032794338093790384,-0.6160249682985133
675,0.5394187782345463,0.00565400183209983,0.167118583127672,-0.030473612209955713,-0.5514916106248675
676,0.536344356102032,0.004185036393339803,0.19579818414173272,-0.025608764550552054,-0.5036716125270704
677,0.503358860954326,0.0040800677382822476,0.21992873421910247,-0.018236135668084238,-0.4778241741512003
678,0.4637539474248204,0.008117384657938934,0.23451982538972763,-0.014107403749730222,-0.4364451230529804
679,0.41196950177626956,0.012956408864677823,0.26042092862446214,-0.008904516481453231,-0.36315592039525185
680,0.37771203076400994,0.013303028514406689,0.28440089831235443,-0.008663406980059888,-0.33518501556632435
681,0.3075935842488173,0.01774243504593218,0.2921128468627055,-0.003937738937238075,-0.2936902070571603
682,0.28636803226000973,0.016746178957406075,0.30189095111147246,8.630299659274201e-05,-0.2546503082323669
683,0.2483381060565736,0.019414142026268982,0.31225076280899705,0.0009280712272447139,-0.18845631260638063
684,0.1970412690586384,0.02122733075130176,0.3149526958603963,0.004640916610644062,-0.15376693683438225
685,0.14920984203114018,0.025449924788270212,0.31483493536129237,0.005314416320240038,-0.09286717063404777
686,0.12501002843136805,0.01893074284311508,0.31431135238096375,0.01390056498760667,-0.08010299151433557
687,0.08303473714494997,0.0170040516298331,0.328118849345856,0.017923625137316566,-0.06184564426228058
688,0.039907254488043255,0.017190360312804534,0.33250473554635634,0.016693177240907634,-0.033992851708154775
689,0.03481581893666648,0.012637870725232552,0.336618264889512,0.02114579027874367,-0.019463335894944322
690,-0.016314382537090406,0.013269140828963832,0.33606466203886065,0.021474349168191288,-0.0006137971659533376
691,-0.03544552845521558,0.011425648381278181,0.3363478069967283,0.026031524793180452,0.02294115122011947
692,-0.05823132906882111,0.008579365997915806,0.3357460805367666,0.025279100490351498,0.033722326289531465
693,-0.058224632447023986,0.00625333320446967,0.33925856964269724,0.02116828184665169,0.04169307623470022
694,-0.07194621631547526,0.003867539106946409,0.3407913499969489,0.021665399836145384,0.04595485429402302
695,-0.08671930754558775,0.004749538815860604,0.34030213335334075,0.021523695603650642,0.05072805618375692
696,-0.0977865668735803,0.0003113354391749714,0.3448238273329499,0.021549832108405522,0.05547307190021429
697,-0.10326530049594349,7.3596509262389295e-06,0.3496376546154771,0.021585338937017744,0.06012019624459248
698,-0.10340127979850998,-2.0083134966286063e-05,0.35380349854081644,0.0214310620211261,0.06529031800257598
699,-0.10410376071367619,1.8855413416328987e-05,0.3530737585604034,0.02189937116836508,0.06740669126022729
700,-0.1071185503483824,-6.526511320484081e-05,0.3551402575009857,0.017403746632676673,0.07021257438967844
701,-0.10321356552256646,0.000299599483547446,0.3585066666803076,0.017186714219205472,0.07186016025401938
702,-0.10145240145680408,-0.0020266140314214786,0.35636270952302673,0.01230185725945403,0.07197364828837889
703,-0.09875733236456352,-0.00760489143164321,0.36738568076280975,0.007516467281123893,0.06753707224258525
704,-0.09918030501472436,-0.008869592358441772,0.3745223181018673,0.003798608153917475,0.06757022489389564
705,-0.09921223934766474,-0.008364899566076346,0.3791900850727611,0.0050770201159518165,0.06753856543214803
706,-0.09904027489214978,-0.01294386936084909,0.37943306349825806,0.0001805023913653863,0.06719172355416704
707,-0.1036318798273104,-0.012863614750705438,0.3838048389914796,-0.007882722201706069,0.06951700682189559
708,-0.10336318964194141,-0.012959264397279385,0.3845775036603412,-0.008397355283853429,0.07197524046947366
709,-0.1033992203014267,-0.012922280763857234,0.38783444222297403,-0.012015017071050118,0.07208308892205323
710,-0.1038471603696728,-0.012933503852457343,0.39142406264391316,-0.016913145489652795,0.06809100835363525
711,-0.10099264914983426,-0.01292981631022578,0.39964525677029633,-0.02163274217061242,0.06744905903757328
712,-0.09915637395635796,-0.012933682440727805,0.40321321429172907,-0.02634362783721022,0.06725909985415691
713,-0.09610360047575864,-0.012922868794599187,0.41211246343992874,-0.031256259833349904,0.06294607546055184
714,-0.09077055666025968,-0.012950140231860018,0.41764668505731634,-0.034839977866774785,0.06333136721476182
715,-0.0905206577009482,-0.012930407021804957,0.4223981721831579,-0.03438562856176882,0.0636419014921593
716,-0.09049442794280463,-0.012553613347148019,0.422545762001538,-0.03450469588241987,0.06091186859468215
717,-0.09059412326432104,-0.008428466125086014,0.4282313609639741,-0.03448622847111015,0.05866146205683707
718,-0.09011611300339792,-0.007436499165867875,0.4382762429717957,-0.034451966968435374,0.059479663164787415
719,-0.0928514449210602,-0.003821464892769431,0.4460868235311092,-0.034580725868765747,0.05507429802289974
720,-0.09297960293519351,-0.00442606625697922,0.4504167114808379,-0.03426366051174686,0.05488210607136427
721,-0.08733365420269906,-0.0042860919581008605,0.4552814956834459,-0.03880180669318569,0.05482638120950621
722,-0.08275854931716026,-0.004314684566096434,0.46002865653747704,-0.03873119023038119,0.054880648770193115
723,-0.07776125341425409,-0.004309698262770002,0.4647732074358503,-0.03881997912962046,0.054744825230050885
724,-0.0776909984750886,-0.0043103757876417495,0.4695799561930094,-0.03878411278599598,0.055320989699682556
725,-0.07645951385543572,-0.004312059233221318,0.47439527867760806,-0.03879738930834941,0.05188241828382063
726,-0.06781406724924967,-0.004296260885020026,0.48426947916880275,-0.038784170417029605,0.05082003854739474
727,-0.07093361227164176,-0.004391732021542409,0.4920881466908405,-0.03882666597053408,0.04677749085537423
728,-0.07330288683218199,-0.00391558564377834,0.4908092064635874,-0.03867163627651955,0.046423483331841986
729,-0.07561096029371721,-0.00670229157672998,0.49361665723466736,-0.039177688436056346,0.046375881604880126
730,-0.08100723568787886,-0.008931870182219772,0.49509444583455203,-0.034833457519455484,0.04654437040494713
731,-0.08526700767701752,-0.008592392456374257,0.5018545632700072,-0.03447609390751049,0.04573686076959106
732,-0.09472270295731737,-0.008556582777433604,0.5039895432901785,-0.03453977008634511,0.05056565771238357
733,-0.09463765174934972,-0.008652655885532776,0.5119721958556658,-0.03384205396948538,0.055673277641309894
734,-0.09567764973536957,-0.004084917207930748,0.5171409646680748,-0.029731620298407143,0.0542849929313501
735,-0.09935565334886533,-0.004413005757325956,0.5262207611592292,-0.0302910156752122,0.05868605046129925
736,-0.10049255067074868,-0.004277620390254828,0.5260119281545277,-0.03016979293924655,0.05904787415304965
737,-0.10633253003186068,-0.004319189099923485,0.5330003021109566,-0.030060643151073364,0.06383927940757671
738,-0.10798505573799443,-0.0043082154556537055,0.5395598687365444,-0.030611214510644143,0.0678394580856964
739,-0.10768803773960095,-0.004310840487400123,0.5386818819973123,-0.026728612785435816,0.06711324953306427
740,-0.10783407392805884,-0.004310110971459284,0.5385059288364501,-0.025622416343200647,0.06945333594321448
741,-0.10784811052030913,-0.004310739813834913,0.5415509617002027,-0.025995300301844368,0.07212887752405496
742,-0.1119039589188846,-0.004310102620649553,0.5470606935034871,-0.01673892321276637,0.07154254555129694
743,-0.10715774337023261,-0.004304762753984407,0.5472725548151738,-0.012219285882332544,0.07207450631677062
744,-0.10826264476481567,-0.004360046660094815,0.5517898099170507,-0.007968277806448643,0.0676655560070297
745,-0.10561689472723282,-0.00401593650325218,0.5520937904398102,0.00044229897985012523,0.06756491061238025
746,-0.10310073921990323,-0.006088572802345245,0.5565394286822232,0.010107410465904547,0.06735403100243294
747,-0.10349079152828594,-0.00900188523666937,0.5555770808525281,0.007360700948946966,0.06847715695197892
748,-0.1035088014612291,-0.008657455980428285,0.5579855499199173,0.016058057753420493,0.07364215717981405
749,-0.10335496796085791,-0.00821897021383269,0.5607374776746249,0.034884802394610004,0.0782460229914449
750,-0.10808245304135651,-0.012495893212459844,0.5602538238175284,0.050163615324044876,0.0830453366330664
751,-0.11298327193671648,-0.012941193521814092,0.5603878253870007,0.060100596740475416,0.08762855782941024
752,-0.11672517492954289,-0.012820376909171271,0.5602716244989135,0.06497821482479085,0.09267581298670266
753,-0.11635475532413367,-0.014149525676889912,0.5604017195850485,0.07501290995725989,0.09291324748739026
754,-0.11607522792790753,-0.023641803770495174,0.5558065891266688,0.09013421156549746,0.09728015433945962
755,-0.11882188662221932,-0.02614634701041508,0.5564426991345981,0.09999535330690505,0.09768648709937928
756,-0.12435859545482995,-0.025501552124191362,0.5539054129950525,0.10025917370760476,0.10345195016515182
757,-0.12507344724955374,-0.028199324137282242,0.5454690338359319,0.10670898703529907,0.10535640555726843
758,-0.12499976972128402,-0.03401566563613426,0.5391133393944004,0.10534513054771552,0.10818627397799528
759,-0.1249964281918282,-0.0339606602110935,0.5297075365230363,0.09873135438361669,0.11004750535035525
760,-0.12500153934087116,-0.042955359814541606,0.5161876366489776,0.07261861105104124,0.10940181534114107
761,-0.1249994142623636,-0.04326844801009317,0.5091309002935515,0.05671620076844069,0.11392845726571244
762,-0.12500069061124905,-0.04765894268565887,0.5046448798376291,0.028233307243910117,0.1142793510228585
763,-0.1249975978828568,-0.04844739532607491,0.4998358073257686,-0.025733623749002444,0.11833990983299707
764,-0.1250086577866798,-0.052231544364118886,0.4900423827827086,-0.05285478088064644,0.11955237670245561
765,-0.12497410208673572,-0.051570804526663024,0.4818242137748461,-0.09061885744181536,0.12237958195006109
766,-0.12504680341456145,-0.05187315507371495,0.4746456344743791,-0.13617386844871987,0.12502241549799503
767,-0.12512668467165816,-0.05130268867836312,0.4609021998334209,-0.24141501668263105,0.1264225066374746
768,-0.1296344859251652,-0.055533384999945985,0.4531112329975734,-0.3149501613016793,0.1302698060145471
769,-0.12918815218549048,-0.05607854664684805,0.4370262861179105,-0.35521816604443274,0.13082084837867655
770,-0.12937279110982663,-0.05622019783480251,0.4230229232722835,-0.41234393023749544,0.13074439161218498
771,-0.12917067334150434,-0.06133969846012066,0.423260877394679,-0.4315100791585754,0.13153363449274405
772,-0.12983387373233415,-0.06504781997687334,0.40569684987739973,-0.5506562549103178,0.13549364820722795
773,-0.1257804621949659,-0.06424416079355372,0.391307378004035,-0.6420287062560834,0.13479941506100274
774,-0.12538980659978755,-0.06668615392634937,0.37738567687681446,-0.6888543444715692,0.13548090365000848
775,-0.11662434791292699,-0.0713114487259801,0.3686616613802826,-0.801868277904418,0.13202038258500456
776,-0.1120603999317654,-0.07966447458330073,0.3565398789445523,-0.8754091550755656,0.1304502305138732
777,-0.11129255165822556,-0.08600417345574303,0.3334041126968618,-0.9535179672342123,0.13112392523025632
778,-0.10784889386657458,-0.08614120562303859,0.3158997692330575,-0.9956548909745303,0.1221147909034355
779,-0.10440709178412563,-0.09085190875109307,0.2947673430718698,-1.072828253278653,0.12216213763244331
780,-0.09678279926297588,-0.09570258959867356,0.28100157250019864,-1.1264984468741277,0.11594245047136877
781,-0.0887174637162721,-0.0995549183820484,0.2729934486934095,-1.182402329509399,0.10541206574710707
782,-0.08575442734234308,-0.09873848397103044,0.24973140821044476,-1.2807567439850869,0.10108898642693392
783,-0.08642883178119083,-0.1010703968587255,0.23922320606763237,-1.3046148225843839,0.09847982769640257
784,-0.08181725292372923,-0.10606102673647415,0.21721449731972214,-1.353919038612949,0.09483026364381107
785,-0.07699320536793852,-0.11139213759044074,0.21451922448279787,-1.395491069931215,0.07724542827023564
786,-0.0724471872194079,-0.11177485419897407,0.19692022752803098,-1.4476061643945122,0.07166810464820425
787,-0.06580960922715592,-0.11635271964571443,0.18133948481259649,-1.4865017812080776,0.06704782527706556
788,-0.05833521589048687,-0.11186858221235636,0.15960307510873747,-1.5113350384302684,0.06046046000128058
789,-0.050568884123718565,-0.11216270840886557,0.14399034590181037,-1.5337555934164544,0.0465526243619946
790,-0.04526861668052378,-0.1121849840607132,0.12797922721363955,-1.5538855288497584,0.039746211682929904
791,-0.028715608146393005,-0.1110106980204746,0.10813442861265758,-1.5588457594787,0.035795668546841145
792,-0.01754605512923377,-0.10370288265242897,0.10312498601538152,-1.5903875696547678,0.027339041130003218
793,-0.012882373127608072,-0.09349180998855877,0.09279537869889291,-1.6038293794733476,0.021367373674533133
794,-0.01219297798339209,-0.08685693847425059,0.07787818795923329,-1.6020853938261501,0.0169609807227896
795,-0.000316925291939707,-0.0861010264094873,0.06643807068612427,-1.575017264054401,0.003619950579054444
796,0.011662630678818857,-0.08624494399292132,0.06345056216046366,-1.5397503830642434,0.003781542978400855
797,0.012144631542840817,-0.0812528460471791,0.05306082673472933,-1.5151861071246222,-0.0013421293136081929
798,0.01879947706822111,-0.06761867840244912,0.04036429834258265,-1.4930054981317944,-0.008248423413659625
799,0.021480064879752157,-0.06341030722535915,0.03632991165321092,-1.4623718912398556,-0.015209464404656708
800,0.028545258679561984,-0.06022227023206267,0.01859924807972517,-1.4192108525980893,-0.022590574690719116
801,0.04301272466983293,-0.058523398995188124,0.012947044566981277,-1.3992504855893277,-0.03261546600272245
802,0.04748909033310727,-0.053737107902980044,0.012283863551760206,-1.3586932878417313,-0.037904252823500253
803,0.047449815726624676,-0.04546727549086893,0.002618472275197697,-1.306688567102411,-0.03794035778159487
804,0.04700224444942494,-0.03910517988611253,0.0003369060822366409,-1.2468564654320191,-0.03803813132952734
805,0.049852320323858786,-0.03876041021583439,-0.0032686173184594933,-1.191779512790755,-0.03767583629045085
806,0.04913766311293551,-0.03874810990436141,-0.01136031220203479,-1.153522788515636,-0.03979912160943067
807,0.05013980504967529,-0.03257442386543131,-0.015916398321245577,-1.0891465810390615,-0.042586511067027565
808,0.05193624047715448,-0.019589120370522742,-0.01756046134391728,-1.0764448990653543,-0.042093636061976206
809,0.051751501213661746,-0.015472781985735574,-0.01690210864679466,-1.0243202807119174,-0.04227681134288678
810,0.05182384362116467,-0.012844724388636842,-0.02142461792154809,-0.9486537315354662,-0.042066793342126
811,0.0563480484885025,-0.010783685066676747,-0.021512165299404196,-0.902253437217778,-0.04666665457448521
812,0.05592285348181006,-0.005145576078286032,-0.021578025645184625,-0.8939869448055987,-0.05086256678589937
813,0.056043934221254275,-0.004102298716410468,-0.021525248083814945,-0.8071074880238672,-0.05061943078232247
814,0.05613611845456267,-0.00448338103720105,-0.021648563434534106,-0.7753228770072527,-0.05028428014095264
815,0.055595552806805726,8.176719738164954e-05,-0.021122682444478114,-0.7085660624252927,-0.05291240839039506
816,0.059249170802635795,0.0004443318682262822,-0.02416351460307242,-0.6761233282327637,-0.05508703431312599
817,0.06070301047940998,0.004839638055488733,-0.026064878921899994,-0.6035556963991092,-0.05506880923502855
818,0.05622918173987507,0.0038244554384781054,-0.026081958752029667,-0.5766999949343531,-0.05124193293658263
819,0.05163461468323405,0.006454340510576982,-0.022120001169915318,-0.525199861595322,-0.04640774633072734
820,0.05123397641074872,0.008955500584803799,-0.01723547655334818,-0.4631670482272913,-0.045573667707379334
821,0.04600894924212704,0.008639132204714139,-0.016935326429425402,-0.4241803893024699,-0.03724928892979015
822,0.04098505852252699,0.008370218475946765,-0.012533084682776006,-0.3723549919660725,-0.03731442590298738
823,0.03845452699044316,0.012570169105116345,-0.012999646283683062,-0.34226225720020886,-0.0294934565954138
824,0.038897039911465835,0.01735297750635385,-0.013184975933038662,-0.27610493163345534,-0.022025636280304035
825,0.03866732047753422,0.016665829758307344,-0.01105580898913373,-0.25553429710784525,-0.02099796989604987
826,0.039053083162176185,0.012503276646224937,-0.005547722020378007,-0.2056506887000949,-0.02103724476691682
827,0.03446566383213995,0.01316674520250797,-0.003790846409218291,-0.1587393700811187,-0.02114421161445757
828,0.03414431627800328,0.012362220632160546,-0.005293916322873202,-0.10093432517962583,-0.016649376517391973
829,0.029747282478307834,0.016037800816898744,0.008166732838025737,-0.07439882198085515,-0.016982237798211657
830,0.030215899414786185,0.014337987130722447,0.008514030346429764,-0.02890492364569865,-0.016843381174647346
831,0.030559422243583413,0.012726596738875452,0.008690103855173917,0.00014382921396781823,-0.01689445444391264
832,0.027560555512044126,0.012942136464391145,0.008593917825482838,0.02492681822619002,-0.016840913798686772
833,0.025627119499053642,0.012912415986678121,0.00863926070352097,0.034863711370803345,-0.01700302845548772
834,0.02578475294432905,0.013295063231938593,0.00856664767156405,0.05418231451187442,-0.016520460623689028
835,0.026055303114101105,0.018632533026684744,0.008835573868274297,0.072702095330391,-0.020981816287401745
836,0.021590167462216387,0.021884954499643363,0.00783112351772759,0.10284681597220278,-0.02126101827509637
837,0.026122305645492023,0.021494752642157684,0.015338030280854616,0.14018113375251914,-0.025693742290085465
838,0.02691666910481841,0.021449291479082255,0.021370929913276486,0.14745873301382117,-0.02520977612601723
839,0.030105865521485958,0.021989403253482247,0.021554405079159157,0.16472481272762496,-0.025247784534646597
840,0.03320200681260945,0.017928436024354226,0.021906023619869038,0.17602875249102637,-0.025754967053044687
841,0.029094754381973682,0.01713943149706842,0.026074829097473686,0.1841161163554275,-0.022349126760968986
842,0.025641547140544323,0.01716972483104904,0.026823694078283167,0.18534355862271393,-0.020934175306805993
843,0.02234671072005439,0.0121663705206711,0.03164721701882321,0.18975870290687816,-0.02107709021244722
844,0.017277953392921302,0.008305135253903697,0.03928386772001115,0.19413486833672766,-0.02102165241556767
845,0.01734323878861109,0.00853777277769351,0.04386233992130994,0.19395409614320616,-0.016045847601136042
846,0.016645141648732237,-0.003957916292731508,0.04252119131768082,0.19365071202654982,-0.012281352736955908
847,0.011169965876870663,-0.01633174388373681,0.04696059935575951,0.19588299079902585,-0.01308650784958101
848,0.008294671600211021,-0.020843367104629085,0.04731698033778226,0.1977620399450089,-0.010516037757908736
849,0.008663255113582406,-0.02026717414720977,0.05185630749421801,0.20385423180835496,-0.00776094653609185
850,0.008736369350870521,-0.03769467226559654,0.051537265048338825,0.2065092188911259,-0.011536372670587876
851,0.008215677054332828,-0.03868807913542794,0.05247826696962097,0.21424156730284738,-0.01641253322816598
852,0.012712228413680481,-0.03962045783373833,0.05793814791470114,0.21524795758724746,-0.021116339406648817
853,0.012995540640923618,-0.049497596193464874,0.06070235422544456,0.22415195273888508,-0.02552307770569938
854,0.01743558004756244,-0.06027490283531779,0.06015582262265597,0.22401604722006715,-0.02524790472189493
855,0.018110090168715016,-0.0749721606516391,0.06077653276818305,0.22411105277797191,-0.025246398482544438
856,0.021951855727327545,-0.09078101805121166,0.056957053730622244,0.22471842295030525,-0.02575761896350076
857,0.021886908538548976,-0.11524876623198421,0.05562035139532848,0.23215746659017714,-0.022548627464981694
858,0.018747734860748416,-0.1247139351476974,0.0603440488697837,0.2379105407336821,-0.021274658031202095
859,0.01744020243451995,-0.12889940261563534,0.05568283262526767,0.2365417256821804,-0.017404634045707558
860,0.013445859174936329,-0.13374943025441205,0.056857692229642355,0.23982032709905832,-0.016855775744844943
861,0.012983450119798135,-0.14339708957515296,0.060830678978925405,0.2449438170149165,-0.016880654894323402
862,0.008272484079258726,-0.15322018093540676,0.05985651130802417,0.24921535896352615,-0.01670511098759464
863,0.003394492710034099,-0.17106242069713687,0.06260331423642755,0.25855667914997016,-0.018111614625077457
864,-0.00036942657446015583,-0.19354221352439008,0.06500087910655565,0.25852070365311053,-0.021823841878177583
865,0.0001277789476223,-0.2135222115413962,0.06458771581420103,0.258701237914655,-0.018994062711944797
866,-0.00014555988834826704,-0.2231318037756763,0.06466600763902994,0.2583976479348378,-0.013429005482369612
867,0.00047197098839090476,-0.2307243371170999,0.06465395081537001,0.2599034629424988,-0.012901899714705022
868,-0.0034807500082212547,-0.24054384047530747,0.06465444886473873,0.26508030199333854,-0.008601221295276306
869,-0.0043703912846100625,-0.2500991553920823,0.06466431858051008,0.26975361563428607,-0.008350688802472403
870,-0.004309282300599863,-0.25457882330773673,0.06459349135427772,0.2743166901032226,-0.003245411959837067
871,-0.0050921154421850814,-0.26135646479214236,0.06498443771300232,0.27970853159653586,0.0003715424499442726
872,-0.013513993815260965,-0.27413284098706886,0.06271018304833481,0.2797630677364936,-0.00038852848757098545
873,-0.014164544568281015,-0.27676603568512875,0.059949420924705885,0.2885758267118081,0.002020389115694683
874,-0.017348548563694607,-0.28769032837419395,0.06043005172394427,0.2934063742110645,0.006985514124935151
875,-0.019659005800949956,-0.2965081859128526,0.06032218525765879,0.2975938034774213,0.012039598486579999
876,-0.021977516491022024,-0.3010410857882527,0.06036604189095343,0.29810851043980324,0.012720167893187397
877,-0.021145030678004967,-0.30173919104266467,0.06033274122722188,0.3035149251720717,0.012662120129748083
878,-0.025651604264609072,-0.3061255346754428,0.06006802483648058,0.3076115824405699,0.012653534949216191
879,-0.025831935035902847,-0.32012167585137363,0.05568249520151338,0.3151640597023138,0.012660425332561419
880,-0.02588429271418829,-0.322945885770738,0.05607442258531247,0.3224664707752652,0.012655295426615107
881,-0.025858812375348594,-0.32604923190266905,0.0563978141167075,0.3234803905166065,0.012669404521295996
882,-0.02583835664358,-0.33233634000073187,0.053731105894382514,0.3257431942824052,0.012614461369778042
883,-0.025978823673039605,-0.33444864618652603,0.05183163064707031,0.3483514230978899,0.012804900237777759
884,-0.025397627359604578,-0.3341295596662526,0.048554915236420464,0.3580331830877137,0.012297085285586082
885,-0.02920722943822195,-0.32770122596183465,0.047269559101692504,0.36221752577304617,0.016881821412125173
886,-0.030296361251573978,-0.3284749153073517,0.04738161675718086,0.3627222460355348,0.012707343125440317
887,-0.03016683421989816,-0.31030729097735477,0.04731852876946164,0.3680777005617333,0.017396588017659607
888,-0.030163077508895117,-0.3050447634163698,0.04289587108030019,0.3723050300559017,0.01680006049390019
889,-0.030223759494990586,-0.291135618696133,0.042561812082206565,0.3792822769656309,0.01651554345136907
890,-0.029876180164964388,-0.28827257761191627,0.03682012415908498,0.3897420636359414,0.019431471197780593
891,-0.0319892034615943,-0.27862963060050394,0.034595529365670626,0.3952209660698866,0.021472066279568696
892,-0.03499898013849262,-0.26883673336524166,0.031988206966282726,0.4038812349378965,0.02073597598640507
893,-0.03396676664106153,-0.2615149842429795,0.030325024522162992,0.4093713353656493,0.02521375375258657
894,-0.037964500587232296,-0.25513841009154686,0.026700226117302724,0.4094021046940306,0.025332575210953407
895,-0.039036318947413884,-0.24727400824824136,0.025946009116442122,0.4168089798446483,0.02463675662685176
896,-0.034382367252356175,-0.2284812500132607,0.021688187195098668,0.44241001261103063,0.02063768916919475
897,-0.02992466977656139,-0.2189435505693851,0.01710450829239917,0.44647388302182794,0.02123929749071923
898,-0.030489302108906095,-0.2099425959381918,0.01731828256698096,0.45313173250123606,0.020980948746709426
899,-0.028660507723320305,-0.20535602017483096,0.01716523002193052,0.45485023947320585,0.021427492585640674
900,-0.02542775493132038,-0.20216559162890002,0.01751624679084401,0.45658673641203495,0.01790088946161171
901,-0.025958612414508545,-0.2028073684999393,0.015507515141706485,0.4626142439053585,0.012816665200465108
902,-0.02584562463129309,-0.20207955929281474,0.009912920195901431,0.47301305501340657,0.012681937961734039
903,-0.025858421543511693,-0.20615104403686904,0.008303703154251937,0.4781446541836657,0.012638019135984183
904,-0.025871217649018823,-0.20678645590743222,0.009010922064434154,0.4828308008438821,0.012683405315875846
905,-0.02591385461945628,-0.21116775224014106,0.004551465817787671,0.48840298230113105,0.012557578619898868
906,-0.025231572420705266,-0.21603251821090474,0.004323422604298642,0.5017474682437199,0.01309723851923999
907,-0.02112541395834045,-0.21994558256806254,0.004380596419985298,0.505445883838807,0.00979191299192145
908,-0.021574351480358144,-0.22100465041544376,0.0036149904600372173,0.510493882899753,0.008243760867917487
909,-0.021968282643485902,-0.2246046582928901,-0.0014948499052169733,0.5151356201982877,0.008445372510042078
910,-0.018672962721371214,-0.22409904761796298,-0.006520439786139469,0.5199320812536234,0.008427835349109656
911,-0.017028191863673207,-0.2238699219439721,-0.008922800131731334,0.5245117419870944,0.008882387513827573
912,-0.01724917750094537,-0.22509447233698934,-0.008639489737961647,0.5297220925824281,0.013074923495311886
913,-0.01724658412367547,-0.21306592183662035,-0.008339927545725047,0.5300714169952637,0.012531345026149476
914,-0.01761478463256006,-0.19844460676321393,-0.012167864810316446,0.5345330443464364,0.012710952507816401
915,-0.021740999618065044,-0.18973043093590725,-0.017196907065855697,0.5391482587720662,0.012562550338923046
916,-0.022803553686275967,-0.18623029301585436,-0.017428307779984328,0.5447541946011233,0.01296320711457882
917,-0.02625918308342916,-0.1648163443036705,-0.02196038712202796,0.5534048502336403,0.009174002608046182
918,-0.02611382666111356,-0.16192512063896666,-0.021168960041725086,0.558047508854244,0.004252407623616999
919,-0.02313922443468245,-0.1442710724723417,-0.023150837363119323,0.5602573218155992,0.004240405385716671
920,-0.01804658709038418,-0.12082678321970196,-0.026406125871910668,0.5630244038398232,0.004411331578952285
921,-0.013259291295585758,-0.11104989338419707,-0.025296098804263558,0.5645929458037607,0.0028122199869476806
922,-0.00842843306266765,-0.08230040449478584,-0.029064769151946817,0.5679165308771589,-0.00014280759473035145
923,-0.004189312965655276,-0.04775816822333341,-0.030283120303814175,0.5728026735455081,-0.00199335441213414
924,-0.003430934147642523,-0.03782320783847569,-0.030277252815346125,0.5775736978623653,-0.007627238347727413
925,0.0007514134604134241,-0.024609216823340253,-0.030283984873204228,0.5775400877704382,-0.008544628775414065
926,-0.001851194982952276,-0.01789926943081145,-0.03892917724612271,0.5776039070946956,-0.008431653062144063
927,-0.007398597175334282,-0.006390884243651003,-0.03386839972526548,0.5775993319085363,-0.00843760802242099
928,-0.008772802705108317,0.0015781572637922005,-0.03466737266986972,0.5774889563218661,-0.008427947506984603
929,-0.008684305212150743,0.017576162505460298,-0.034453115025894876,0.5780258914049753,-0.008515007776546738
930,-0.008528072055739966,0.02794614681970269,-0.03440624263300912,0.5749417892348772,-0.008054138031423266
931,-0.013045220651695617,0.04104350704257714,-0.03481962317664506,0.5731880574454805,-0.010821745661773486
932,-0.013663677796871793,0.055884807815876035,-0.03150955896523994,0.5705993151651522,-0.012954419367895402
933,-0.016812168062725733,0.056107463298550764,-0.02622226226724617,0.5609841913515546,-0.0126098282035156
934,-0.0104328247428505,0.061465349075504896,-0.025833103454401003,0.5562924083091448,-0.012662994013849259
935,-0.008806581595092356,0.06498725566403667,-0.02579964621413962,0.5381884353141104,-0.012658712257510116
936,-0.005705843591037112,0.06446004869818504,-0.026461062165258748,0.5381140478427728,-0.012657980814666582
937,-0.004091251915630162,0.06515628764436858,-0.030588177142938756,0.5278775897999877,-0.012657072103869245
938,-0.004351837601283927,0.061663958370875016,-0.030142821192883862,0.5160698414473482,-0.012665118481328796
939,-0.004319154121792157,0.06057119294043623,-0.029778099859915277,0.49537873586626907,-0.0126271164192462
940,-0.003898602622804795,0.05643627335375418,-0.03278142375587868,0.48130764697616474,-0.012779642714472031
941,0.0004726389018629308,0.05610975274702641,-0.03476799807752541,0.47385283918389826,-0.01225948069648767
942,-0.0004555502065455,0.051772309767224994,-0.03443427512884514,0.45584998345241556,-0.016511459911248895
943,0.0020499860519033832,0.056455868291086155,-0.03448814688442288,0.44882543268351754,-0.016873451379861622
944,0.004729079387852304,0.05616020659455728,-0.034482754896973444,0.4399298026619275,-0.016917249171257878
945,0.0040536279214088596,0.05437245313379138,-0.03448941919725932,0.42991367157553534,-0.016710364007545227
946,0.004858615773489746,0.05128618627839641,-0.03442923276298977,0.40076962297067026,-0.01798074863577482
947,-0.0001259643614901218,0.05184215181336211,-0.03478446094902929,0.37249982543347854,-0.023693411191227084
948,0.008890130432857682,0.05162368683737104,-0.032691240171984375,0.3557920962663875,-0.0251196348557187
949,0.00901011313146513,0.05194956798108043,-0.02972659314864746,0.33318931492975484,-0.02849320381568
950,0.013435005032955787,0.04761097592378911,-0.03038622227224552,0.31098991873455106,-0.029669280402922688
951,0.012839992233903513,0.04297739259985866,-0.02973351195032158,0.2963959137159769,-0.029530375560477322
952,0.012729014284247294,0.04312884392674175,-0.03397590188920817,0.25923417474446186,-0.029535597894357026
953,0.01496337765420862,0.04335532830891053,-0.034520656919286755,0.2511995713604061,-0.029500347226034417
954,0.022000768409010118,0.041432433987408535,-0.034505890091949536,0.22946548780268178,-0.02975936003727041
955,0.01028803238735317,0.03836462406492887,-0.034330730932644125,0.21968759456987455,-0.028043577361146065
956,0.004314930176044422,0.03889569803149062,-0.03550257979304844,0.20784249054185233,-0.022444914685115516
957,0.004273789157110867,0.038742661583763265,-0.03924990900359906,0.18210834865516268,-0.020897604301501928
958,0.004702550691780971,0.03888563464053218,-0.03870714789652478,0.17110528305813177,-0.02112143874374042
959,0.0016746478211084076,0.03867963589955526,-0.03868734932577812,0.14436510808015554,-0.021105134320044974
960,-0.005219639606175002,0.04321398037531495,-0.03927401892539055,0.12784412609739443,-0.021145183826555305
961,-0.004093492428956239,0.043633982979263186,-0.035115419960638106,0.1217858419123892,-0.02046527449809374
962,-0.004374628629026793,0.04788870960054389,-0.03463968547962033,0.1188704124011171,-0.016512085248454583
963,-0.004236751690933496,0.04728064939867861,-0.030164716945237143,0.10137681764038005,-0.016620913078418433
964,-0.004444601914794696,0.04744651201281008,-0.03000048692654524,0.09525443740826299,-0.019180215231523873
965,0.00018453578552734754,0.04740726698728689,-0.024571455571651225,0.08152959606275124,-0.0214084613720037
966,0.0040445900940504825,0.04741274142375962,-0.0218445223935047,0.07178614842610813,-0.0210448931340422
967,-0.0005153312774152,0.047420336088565454,-0.018002839104946138,0.05821792743146345,-0.02110266437778035
968,0.00017403136624183447,0.047404494498110704,-0.012554547940385897,0.04731257994704177,-0.021097529690844892
969,-0.0001525196957023172,0.04735820996820699,-0.010157560101597733,0.03700318155933117,-0.021094162689151576
970,0.00047213498929607256,0.04806839831984547,-0.008813446691474344,0.027316132673240505,-0.021114816711779075
971,-0.003271330892013277,0.05182339908417049,-0.004764186659739718,0.02133791890194551,-0.021002485110238115
972,-0.004455484487764968,0.05361331218923187,-0.0044564554906167,0.01568555850138678,-0.021526440249991403
973,-0.004294048229765707,0.05418898059014893,-0.0001238131657726541,0.00891186721057656,-0.01833326275669459
974,-0.004246177058474124,0.05176518616060105,-0.00994070745065379,0.008551531131285092,-0.016654234316551046
975,-0.00498318764512314,0.0484229488775336,-0.012739858124738471,0.008581143721880251,-0.0169072697797702
976,-0.00906917766342732,0.04758606569595325,-0.015172583209538171,0.003789136803374493,-0.01687716032006006
977,-0.008504843917313668,0.04327052019453415,-0.026455158775429193,-0.0011052781685078749,-0.016852247455120362
978,-0.008618040413193423,0.04313305345981615,-0.03164758200108492,-0.004388202971757277,-0.017076385796151054
979,-0.008737565016831416,0.04321657837141272,-0.04612988764241476,-0.005886032756637325,-0.015555564331255817
980,-0.008222223575648113,0.04211909462258113,-0.05913600917945616,-0.009190834867506733,-0.011811860348916764
981,-0.012561897751732172,0.0379788757656687,-0.06446583593138827,-0.008054460840145458,-0.015358945075507566
982,-0.01292808225324342,0.041009149933710236,-0.06464561512242777,-0.01181799154493027,-0.01711390237233668
983,-0.013049855949743673,0.04365277664661641,-0.06911207183115725,-0.01311105276030173,-0.016843432300400443
984,-0.012074718302835534,0.04228076524316302,-0.06967991038134673,-0.012893819133803268,-0.016879684312839538
985,-0.00807109689758944,0.05023492796852714,-0.07326305472308486,-0.012929776524724542,-0.01687993982894858
986,-0.009163134146277155,0.05595185267067539,-0.07620119348055399,-0.01324991369847018,-0.01686319774936453
987,-0.00598021875644664,0.05601819187277462,-0.08509623184405847,-0.017612523163286684,-0.016963089417120148
988,-0.0041564432515230265,0.05604550047252333,-0.08611227863276331,-0.017121896919169488,-0.016456373098973416
989,-0.0039964197409403865,0.05603066026828666,-0.08703967407037239,-0.017274657323956,-0.019440947814983987
990,-0.008413689078004551,0.05603512568476456,-0.0787257964068119,-0.017233013216528335,-0.02093681859952312
991,-0.008599860972863502,0.05603637454967125,-0.07748236430076991,-0.017243257707224076,-0.02461826798664038
992,-0.008471534795592846,0.05602578791650605,-0.07754550200200595,-0.017241145204123703,-0.02536435559518245
993,-0.00986593002882966,0.056065502251124805,-0.07143947809480192,-0.017240930417676246,-0.025286339156681107
994,-0.01215879732725692,0.055944237672476436,-0.05935297287925503,-0.01724263024909507,-0.0258962712834059
995,-0.005742361155669046,0.05618762070148084,-0.059610352059160696,-0.017240695230200383,-0.029920840898606596
996,-0.004550253190886478,0.05159747215265602,-0.05334812983291224,-0.01722299610338749,-0.029685013657664305
997,-0.0009867353485888122,0.05194808046631231,-0.052186903481566745,-0.017402537974453954,-0.027723241396841663
998,0.00010311638505974743,0.05068571729219533,-0.04643037223034802,-0.016186136619675637,-0.022128148844104037
999,1.3462571112125583e-05,0.04695086146069555,-0.03634765188349489,-0.012365269188988929,-0.020938009192236113
1000,0.00032480610970356586,0.047561738308243076,-0.02674128244237412,-0.013501726606353761,-0.021142034878276792
1001,0.004355192178386265,0.04725548166504815,-0.021563330679202186,-0.01023232546520209,-0.02112014753002191
1002,0.006506516877158592,0.047891361367869895,-0.02135887903380248,-0.008780528689949994,-0.020313290345890665
1003,0.015425665195355147,0.043644720015825776,-0.016226569299415582,-0.005186816414047702,-0.010860675385809504
1004,0.019473286568348645,0.04319980208188578,-0.012036983328087338,-0.004192606989897485,-0.008301648677246358
1005,0.024604727506842543,0.03864141544568944,-0.004666390741325406,-0.0043170723714160975,-0.00815072286502524
1006,0.028875657119514113,0.03952657435661968,-0.00011870257498302413,-0.004317860177169222,-0.010805930569671758
1007,0.03808901621272587,0.04251427752339943,0.005336142307336769,-0.004268453784720332,-0.015763735485337094
1008,0.043181797672854697,0.0382136255476654,0.00916675152895393,-0.004558409000797411,-0.020721859802079492
1009,0.048017784410905096,0.03894067127195332,0.008539632971173534,-0.0028352969630097177,-0.021115137157687026
1010,0.05288691665671939,0.03875924348071669,0.008617516369568114,0.0004494935959652337,-0.021394542492889534
1011,0.05721194618998058,0.038801367907636455,0.008593054840678339,-0.0001085903194022403,-0.0261081459007457
1012,0.06487553802265282,0.038787140744027934,0.00908749094485178,3.221286381775773e-05,-0.022478488080088774
1013,0.06955135558009394,0.03880239174774739,0.013408078996556062,-3.595111563290417e-05,-0.01603318608572545
1014,0.06908406568965897,0.038812530445089324,0.012485256960027257,8.654023444101225e-05,-0.017067954914681358
1015,0.06829490543366169,0.038441278421506284,0.014871678129289282,-0.00011936838919090836,-0.01684101114198009
1016,0.07732665082811038,0.033034712215218406,0.017749735746368404,0.004402087806223974,-0.016883119881059148
1017,0.07771512664682852,0.030192654561934717,0.016709564173270665,0.004743542047242176,-0.01687723638544647
1018,0.0821393471053729,0.028129657869597917,0.020705190619625186,0.009069571150760555,-0.01687729591373904
1019,0.08289895269550734,0.02583767167910514,0.021727544198036963,0.008492490356555879,-0.0168801173397136
1020,0.08678109267745295,0.023124763462336717,0.02149934103328542,0.008634450259688809,-0.016862506692697656
1021,0.08575927940711917,0.01810577329535152,0.02606044448500275,0.008701081346053335,-0.016953338656885177
1022,0.08866340060846498,0.013109960125565912,0.025766500616676388,0.008283526281683173,-0.01655124902277819
1023,0.09417140574303676,0.012907727340200495,0.02589336691429767,0.011549881736409839,-0.019408816737835014
1024,0.09489990476077126,0.007382879947902307,0.02585396527597207,0.016844215245961247,-0.02479253793524486
1025,0.09482762733898277,-0.0007834248517435791,0.025861382197698193,0.017276141152511252,-0.02536414041798692
1026,0.09489904217539272,0.0005600675085730932,0.02587296007547871,0.017246797170469938,-0.025321858658682972
1027,0.09416050058246299,-0.002117217607959091,0.02582192141176168,0.01723492446908663,-0.025309273956102954
1028,0.08896233309956428,-0.004464987254776082,0.025981243124281784,0.017258821574204414,-0.02533660582944367
1029,0.08413905933656174,-0.006449257811533117,0.025635377768056935,0.01715567684378433,-0.025218482284796347
1030,0.07988065626147259,-0.016034901962321536,0.030162101667581268,0.017641583132570443,-0.02575332212328423
1031,0.07145426063502551,-0.017367042462485563,0.025528566581158072,0.014892910713524053,-0.022486142072568962
1032,0.06543265437375642,-0.017253086305365272,0.02577834577735804,0.012712366569265264,-0.020913838793866615
1033,0.060461435325089005,-0.01713762507112768,0.027208068690648242,0.012565588093090493,-0.021057565761759815
1034,0.06016425545431429,-0.01799105524980279,0.030584963904847197,0.01663249252165775,-0.021078301509771927
1035,0.05056532540411613,-0.02308717274091021,0.030281207200151528,0.017303273160135423,-0.016574339299862923
1036,0.04693636251049886,-0.02828295018006718,0.029369016450065788,0.017245984632538118,-0.017230014409042302
1037,0.03798423837827034,-0.030022642461428932,0.03674834434244869,0.01723613617990347,-0.01528314956396861
1038,0.028157335826179165,-0.03319504947233588,0.04265435528738826,0.017243451061030007,-0.01267893088737798
1039,0.017288556407760988,-0.03468421884616629,0.04731809292150715,0.01724073838349547,-0.01000076460768627
1040,0.012868707869896993,-0.03444596854678592,0.05234907389110238,0.017241554127913467,-0.00847874007009753
1041,0.005942327153796605,-0.03446806320422606,0.06106170665062177,0.017241333050253955,-0.005058174979985339
1042,-0.004112723903303391,-0.034902523182588664,0.059649860572067184,0.01724140216340208,-3.251685515947081e-05
1043,-0.008864557171042944,-0.039246435882744075,0.06335634813700741,0.017241330505840733,0.00026713563811453874
1044,-0.01471169164204805,-0.03842924436023528,0.0716172251260042,0.01724152222670488,0.004492879939298156
1045,-0.02211966370276003,-0.040375848964747656,0.07579761718925634,0.01724107111439509,0.005012298025955974
1046,-0.02286899685489328,-0.045968090495043516,0.08053937903319436,0.017241244516135977,0.011214155424433615
1047,-0.028238243462372883,-0.04775473683868928,0.08577209980501559,0.017248348656598043,0.010424039122748249
1048,-0.03349724711837542,-0.046995129050118434,0.08607808908587061,0.01718776331990115,0.00811181714848926
1049,-0.034253241406878625,-0.05141817730085237,0.09059504265111705,0.017545196880502233,0.008490730765034232
1050,-0.0384476424551085,-0.05171440876823901,0.09011710682381985,0.015482104682375217,0.008432198202738012
1051,-0.03878260675761076,-0.051771442408427994,0.085059254711995,0.0129240094597868,0.008424742509159871
1052,-0.03882235422316327,-0.05150201933099829,0.08094297355647524,0.010402141345501641,0.008600410594458149
1053,-0.03872385057208242,-0.05309664595716398,0.07225234642932073,0.008200414766931615,0.007283267041929608
1054,-0.03913189332884796,-0.056499392824598225,0.04474839272369763,0.009045184847990795,0.0037672548824845345
1055,-0.0367495338102755,-0.05587238643520735,0.04180129048691068,0.004651007776676893,0.004334401527523012
1056,-0.03411046087730606,-0.05626746714367972,-0.06683970042045834,0.004302310646864198,0.00416593915301452
1057,-0.03455527078881038,-0.05326685037377124,-0.0882969168094975,0.004082996095994928,0.004322303865505243
1058,-0.03447111153911395,-0.04367091854570495,-0.28808110629833106,-0.001029037981707742,0.004015963830787214
1059,-0.034484453952873154,-0.04311104169135586,-0.35880707889576313,-0.004622417184346934,0.008519986777385006
1060,-0.03448666498691343,-0.04317217960765544,-0.5022207452891065,-0.004289293023740982,0.008227961076177993
1061,-0.03443649695928872,-0.04228026960896685,-0.6045878216265702,-0.004019583738756388,0.009474847392259745
1062,-0.034782091686685494,-0.03835150735055624,-0.7136373010963988,-0.006436683825450124,0.01310401658887522
1063,-0.03265429535054854,-0.03880696842694816,-0.9494343229170683,-0.011951463219277763,0.012548799271686227
1064,-0.03040110571668939,-0.039223637733636664,-1.0408376268605304,-0.013189635014186858,0.012680804003646571
1065,-0.026603818226874854,-0.03578071435943859,-1.158341899892356,-0.012628643869234707,0.012656853311222125
1066,-0.03201178992100719,-0.03431691842183778,-1.2463404883282312,-0.017196206227496114,0.012651948896965522
1067,-0.0386219130672485,-0.03442471470794067,-1.3738809820586497,-0.017429254233321742,0.012659043352640753
1068,-0.03879742484080613,-0.034477281482420616,-1.431469705775971,-0.021923760544440063,0.012789849037036083
1069,-0.038821223113679665,-0.03028217060145696,-1.4697440123040668,-0.02140739453689341,0.011526597743122965
1070,-0.03860410576689943,-0.034990140565037034,-1.4931820043533732,-0.02168703913912211,0.009722703946361913
1071,-0.040040018540829406,-0.03429834479022772,-1.5101931405559381,-0.02109337896648785,0.01122499917981579
1072,-0.04396335011056821,-0.03466014830024772,-1.5671768927832335,-0.024192892667257222,0.007836226472788784
1073,-0.04049060651852922,-0.033896010812361835,-1.5981010910191031,-0.025679824795247934,0.008956850789263355
1074,-0.038551295531899614,-0.037925751407479454,-1.6230828987280352,-0.029366238808110966,0.004729206231598838
1075,-0.038739557229505846,-0.035502881040294317,-1.6415931035327838,-0.03001051065253694,0.004191806939540674
1076,-0.03898318211094832,-0.034368973103721535,-1.645931166743212,-0.03436715896356737,0.004195611748131329
1077,-0.03439482154344459,-0.03448220590349357,-1.6505923536295972,-0.03443564737918705,0.004327635440252686
1078,-0.03466000370683561,-0.03430409278279209,-1.6599196384918047,-0.03454577254995298,0.0036009534098746217
1079,-0.033706434837962825,-0.028405846233151778,-1.6644587894849616,-0.034234385589939714,0.008012843614078925
1080,-0.028146636369632577,-0.019495077023460212,-1.6691579338448432,-0.03592096609440208,0.013015751127900942
1081,-0.025632083894150896,-0.016867525304345724,-1.674866143536224,-0.039244165228579715,0.015391844703094064
1082,-0.02556839689533208,-0.017849419171517642,-1.6736169261080902,-0.03868572664918794,0.019756137207475963
1083,-0.0287830985170991,-0.013908828916197434,-1.6626868848992662,-0.03881630090935758,0.03286282379723093
1084,-0.03386380894593926,-0.013920579959391105,-1.652460423746646,-0.0387886951118128,0.04730093913144368
1085,-0.03859901458157796,-0.0012241690254514229,-1.62436374002184,-0.03879375268547325,0.06448980378896245
1086,-0.04322946055851904,3.0730513752668526e-05,-1.6141973800274478,-0.03879309452071364,0.07143855418566085
1087,-0.04320763704481978,0.00045593484625100825,-1.573050182437036,-0.03879328014057683,0.08958607146171949
1088,-0.042010280127708,0.0039133641774767225,-1.5628892891807198,-0.03879067581371039,0.09372950892393805
1089,-0.05002097049054179,-0.0005708442959154041,-1.5181878404512623,-0.03880921314218731,0.10882189656175842
1090,-0.06274447068390274,0.00015374270128307887,-1.4792268908715498,-0.03870776232122496,0.11658762259672481
1091,-0.054654340125473495,-3.652296829103035e-05,-1.4681860574562782,-0.0391904940304384,0.1336938988121941
1092,-0.0456266797702558,6.956418474727756e-06,-1.4335744071400225,-0.03644073002780048,0.13491593927279535
1093,-0.02495843790499699,1.3055055968686492e-06,-1.3839744093003747,-0.034143413981086335,0.11812903432460656
1094,0.008697477832703427,-6.572424043781294e-06,-1.3258503746154524,-0.034556674621252684,0.09197299436934199
1095,0.015316864303836707,3.739699267020887e-06,-1.3074139200834702,-0.03444836306800003,0.07149618779692114
1096,0.06426312809870985,0.00010248767895342466,-1.2355561249190974,-0.03452747514809266,0.03881056246144202
1097,0.10850486573268014,-0.0009364678982676329,-1.1960906043106752,-0.03457271533790325,-0.02172464920943005
1098,0.11931556723373744,-0.003442088913193867,-1.1443712893565954,-0.03907218286167066,-0.0806788426335317
1099,0.1392374731740505,0.00016794083318611596,-1.1053291991638967,-0.03868567497295613,-0.07921375946209414
1100,0.19111674402608284,0.002321172357938676,-1.0499175280296125,-0.0388262257650622,-0.16361023245540657
1101,0.24101169763495922,0.004220744987516611,-1.0048953418364412,-0.038782836078944935,-0.2003546704575397
1102,0.27171334138019887,0.007611445748506962,-0.9633323317620381,-0.038801357067476075,-0.24733103389293035
1103,0.3647732401652277,0.008873708609134565,-0.9318488595547407,-0.03876883801000323,-0.3110513968983939
1104,0.3823920098792325,0.008521201940605879,-0.8846536074303133,-0.03887679211860391,-0.3852072719661263
1105,0.426243571830972,0.012368506192935143,-0.8473251786768824,-0.03854264465500813,-0.4754480499252116
1106,0.4844327318414051,-0.0019424288964023958,-0.8102579101543039,-0.04263944844019766,-0.5034815515532771
1107,0.5212799520771559,-0.004289568742538363,-0.7458054314969825,-0.047432902341282335,-0.5580644710724246
1108,0.5432123643811743,-0.004678677111098584,-0.7089618753270193,-0.0477341571375426,-0.5823088356768595
1109,0.5768848549689416,-0.001997779831977043,-0.6453305210302883,-0.052131228775573316,-0.5888675087942146
1110,0.5959608681218248,0.0003336550518461596,-0.5888308178131131,-0.05159571042231789,-0.6321174604517767
1111,0.6288154103375398,-6.157483547316402e-05,-0.548937597175656,-0.05176312546764007,-0.6471968258520061
1112,0.643280248920693,9.091753009990379e-06,-0.5111220386079345,-0.051697960656976634,-0.6830585834704358
1113,0.6576689477039586,-8.636231247709576e-07,-0.47395044339230324,-0.05179544844502368,-0.6975403019911065
1114,0.6647705502706055,-6.916005919607163e-06,-0.4431455934213915,-0.05147547755069718,-0.707207016725678
1115,0.6743255107563819,6.297264132982182e-05,-0.37822408157528115,-0.05249178376221478,-0.7222312497931567
1116,0.6964806747256362,-0.00037982146321621514,-0.33573227088299407,-0.04365486324821823,-0.7372187930260478
1117,0.7056352947401332,0.002200376999089041,-0.3201109133255867,-0.04310217475272078,-0.7604545574230467
1118,0.7139773576215273,0.0020291416972686768,-0.25231743294363607,-0.03866808076939258,-0.7835158453802575
1119,0.7190741264943801,0.002288396702638671,-0.2150225140578664,-0.03776407859486719,-0.8024415091657681
1120,0.7329703565033854,0.005052784410062428,-0.1404831325635424,-0.0275240102929252,-0.831159124024354
1121,0.7380895473053601,0.00041033290465711096,-0.0940876804093501,-0.01757034506900354,-0.8701082890902166
1122,0.7463772946338961,-1.4158773126117172e-07,-0.05436049798721679,-0.012526432983978873,-0.8895903252932423
1123,0.7463897188420979,0.0002299644237946589,-0.029406721397199378,-0.010995358997075159,-0.9179781828615818
1124,0.7541325812379182,0.004677233399548327,0.003288539869942223,-0.004976884079099138,-0.9705411645874872
1125,0.7634099172143629,0.004189766990258124,0.06859887385404062,-0.004868984124500285,-1.0002695495121587
1126,0.7766926716691258,0.004336924929878731,0.12845890830132076,0.0033777557129695632,-1.0481223415023915
1127,0.7875267072044358,0.004333813344421268,0.1504008237556429,0.008565376996973302,-1.0775611209514044
1128,0.797002315039386,0.004187877098452793,0.1748465102743586,0.013136934969481144,-1.1117043315362318
1129,0.8066627686265182,0.004734163578439931,0.21093796711678214,0.012563269691405893,-1.1713191097788132
1130,0.8158024070900319,0.000499975919248372,0.24037884350901165,0.014845974370879395,-1.2075543558045811
1131,0.8197432611400816,-3.1097434125279023e-05,0.2429604582416049,0.023992632945379358,-1.2351578405195414
1132,0.82787498983443,-2.844453230085306e-05,0.25670515857628995,0.02619030914455584,-1.2455317256349134
1133,0.8436797397272485,0.00017143057076775462,0.28526853795746904,0.02532219152145632,-1.2819626074042816
1134,0.8547428858646382,-0.001134235081057392,0.2972544103236782,0.02901790957396016,-1.2998775109221912
1135,0.8650210421455308,-0.004771063545322333,0.3021761306725696,0.03000205144292992,-1.285771644425213
1136,0.8663948557003117,-0.004205329309899689,0.3157856716615292,0.03397236389614751,-1.2615587069528735
1137,0.8706718525102829,-0.004300593832456385,0.3207085708507065,0.034569325547913025,-1.2390922973744356
1138,0.8743593897121992,-0.004424866580328482,0.33001005505755054,0.02986930435573603,-1.203702562484929
1139,0.8661755413166358,-0.0039834110247501265,0.331701483512083,0.02499325230404126,-1.174891152564157
1140,0.8622595518172023,-0.008509623410094643,0.3343433797940945,0.02147100068218186,-1.1346983308277443
1141,0.8527865934916479,-0.0086857461464009,0.3365292623686528,0.020100565876889718,-1.1270004391300306
1142,0.8318971256408115,-0.007410607680177851,0.3361301947507828,0.017127301351662714,-1.0835972993127216
1143,0.8101722329433789,0.0008931681351589793,0.3362637946511825,0.015099083058429191,-1.0095704174810258
1144,0.7844110669685963,-0.00025103885715095506,0.3361823505108299,0.010553632394914761,-0.9977546988065887
1145,0.7687720616031168,6.227086669709195e-05,0.3410412288374503,0.0016291301133639822,-0.936878694131575
1146,0.7313729955673387,-1.4340524564137087e-05,0.3449077410617591,-0.00023200288850688724,-0.9044856616836536
1147,0.7093203637157283,4.941017405739917e-06,0.3459833768214637,2.503450937557162e-05,-0.8413457259735162
1148,0.6746459777909181,-6.907612786900707e-06,0.3492566919428187,4.643874970848787e-05,-0.7987859710533808
1149,0.6256601434711202,9.233639016133829e-06,0.3512127005245997,-0.0005074516876443449,-0.7311727478947104
1150,0.6192761699627225,5.184621482140264e-05,0.35390525420320706,-0.00479032880561665,-0.6826371389574024
1151,0.5713845452203183,-0.0006216957092716902,0.35310781031395744,-0.0038621967653781264,-0.6412870893404549
1152,0.5456340206413292,-0.004576027737094342,0.3566684209830178,-0.006229020811044973,-0.5814946807399932
1153,0.49239147687781043,-0.005340669363931279,0.3656816742433087,-0.009028195102095106,-0.5279653379952468
1154,0.47131948652517536,-0.011690799259442145,0.3751408851340883,-0.008500528319913032,-0.44902195901005404
1155,0.3840395888293557,-0.010455140395537965,0.3748927898202343,-0.008750961672385541,-0.4206458729970657
1156,0.36815296113618506,-0.00830776836310351,0.3749439008490233,-0.008295826790451186,-0.36967999022762776
1157,0.3000427434902131,-0.008689887433638844,0.3757192433425302,-0.012750804282952577,-0.3045602128197668
1158,0.23622641588565982,-0.00858269384323027,0.3837093280768263,-0.012904773338097732,-0.2785037199066326
1159,0.1778324641999799,-0.008461120359664632,0.38825853300636165,-0.012951866137283705,-0.23565727606289474
1160,0.14936334060831807,-0.0038698116734353113,0.39040494789632135,-0.012923213937026645,-0.14947095071641672
1161,0.12155724029649388,-0.005221142199203866,0.39564209732597255,-0.012933397819980763,-0.1444634067717004
1162,0.09768704403743053,-0.010645434901278337,0.40028877183086214,-0.012930404789292627,-0.12527016805624844
1163,0.055431933942790605,-0.013223820757258985,0.4051048690598948,-0.012931177255611402,-0.08423624516362996
1164,0.028745246573719303,-0.012992077837844446,0.41019083861977723,-0.01293104317746361,-0.05043038907652458
1165,0.008552594481073521,-0.01247391049572409,0.4185445597872945,-0.012930892320992177,-0.019302356584970825
1166,-0.02866687959652378,-0.016745265310206116,0.41923451829385183,-0.012931472216763551,-0.012903548397769228
1167,-0.05645056033915962,-0.017136597343923234,0.42189292760731173,-0.012930175018478736,0.00593598112562513
1168,-0.09097236154758251,-0.021665681366310467,0.428560259748176,-0.012929857956459383,0.023661509811568046
1169,-0.09810564357302037,-0.0217401590127484,0.43845009368300836,-0.012956964070265288,0.029927602770493677
1170,-0.10278872092848405,-0.019548611952650955,0.4453701889008186,-0.012744199292214441,0.030534047073870228
1171,-0.10734767761302036,-0.011897417094893078,0.4556003768731733,-0.01410033836359322,0.03876084687676927
1172,-0.11659741743904967,-0.013596622332357417,0.4610650431822526,-0.018085198719532812,0.04526728204127385
1173,-0.1168353190699714,-0.010202126877702972,0.4658887319454229,-0.014886731400824645,0.050101325253716626
1174,-0.12113838744213014,-0.008362441208893486,0.48427192146975545,-0.01262389226041873,0.05063567007131176
1175,-0.12082216585187129,-0.00866608921990139,0.48711509220790916,-0.012913378220852468,0.0504846248122489
1176,-0.11889311677836537,-0.008608643221124299,0.48679375374565503,-0.013176422515045865,0.04607103015150665
1177,-0.11313823518573257,-0.008594348850820067,0.48875692217266564,-0.009131777387087935,0.046537541236616034
1178,-0.11201786980603251,-0.009011280021234372,0.4933697280483103,-0.004300941010664741,0.04635379388515179
1179,-0.11181437086738613,-0.014360670551891467,0.501551008354762,-0.003992672327979589,0.04653922134018778
1180,-0.11635063496412075,-0.017588259955526857,0.5075109738388625,0.0002147513127179027,0.045960631891142224
1181,-0.11634483284460234,-0.017124735028938416,0.5159491570164206,0.0010357184939783109,0.04984916177219691
1182,-0.11615104775367202,-0.017384383630570602,0.5256634294453921,0.00487924160222809,0.05071508703802494
1183,-0.1180254945185526,-0.016795544793828387,0.53014747357861,0.0038779058137413157,0.05063676615074829
1184,-0.11923194110640994,-0.020911516595643807,0.5314687913471035,0.00649340733123715,0.05062727080832338
1185,-0.11584860497066304,-0.02162186453071575,0.5392185069900459,0.012171912134758078,0.050635308479237195
1186,-0.11660915637976378,-0.021589459431640545,0.5414661899096994,0.012636160860639097,0.05063097379447281
1187,-0.11596543738794737,-0.02104108303980964,0.5501802684073531,0.017012813783472684,0.05063906826458505
1188,-0.12049025270905846,-0.01681807905741335,0.55405237147278,0.017208325490795116,0.05060897166160565
1189,-0.12076629260893602,-0.01736339007512455,0.5595866616208302,0.02631268951742686,0.05071382872346917
1190,-0.12532105513202293,-0.017218112536404578,0.5600885595996974,0.025563212740398786,0.05042919179996404
1191,-0.12496062503287114,-0.01721467091613791,0.5644343675009876,0.02660367523046544,0.05478807296186132
1192,-0.1245870980315777,-0.017362000434839122,0.5646994871918622,0.03324944158605764,0.059246659894998596
1193,-0.1275725828559147,-0.016875716978501137,0.5692816127330581,0.042914644777392076,0.058993916185621116
1194,-0.12693200703044907,-0.021328279436520776,0.5686935722697408,0.052970999751381115,0.059098819980167513
1195,-0.12468244679365685,-0.02155450385947132,0.5700215920529413,0.058556709724987624,0.059049857657796134
1196,-0.12504692538645057,-0.021090512139364057,0.5755782928596688,0.0678307401856434,0.05913818218082308
1197,-0.12499606802053083,-0.01681261921016409,0.5778861319144897,0.06830661315731491,0.05883986369854187
1198,-0.12498603660830125,-0.01736113899351118,0.5775219157590856,0.08174369764424937,0.059721709461992574
1199,-0.12512969473829427,-0.01724121347166529,0.5775983029698681,0.08243161172474493,0.05089089278706215
1200,-0.12407664740986318,-0.017115973601415178,0.5775840497095742,0.09609125410100969,0.0507283565892448
1201,-0.11843786056378276,-0.017721923131578672,0.5775867992313934,0.10218383043523553,0.05057756493400406
1202,-0.11610422377470452,-0.013512705611107163,0.5775906703964304,0.11425953747735326,0.05067087457772461
1203,-0.11635122145805404,-0.013060355625514197,0.5775410395568464,0.1200449356386901,0.050524355376326616
1204,-0.11665918696780529,-0.008547087751015573,0.5778667496222963,0.11143607850089281,0.051080546501661404
1205,-0.11265987180213241,-0.00860986068201579,0.575911361080243,0.09939329459418203,0.04764056315213024
1206,-0.10774296770811084,-0.009332229793694073,0.5732901001271458,0.09444987345527806,0.04623576446855979
1207,-0.10780347599527068,-0.014588215386524038,0.5706412634121019,0.06225051257856781,0.04643357983025635
1208,-0.10779937878828548,-0.019238781929932742,0.5690188448765211,0.006184656934352965,0.04642426275855508
1209,-0.1074168183530213,-0.024062601084574017,0.565686594176117,-0.04632454535431855,0.046272345679772245
1210,-0.1098510149817355,-0.028829881807426756,0.5607143060078802,-0.10046605763640222,0.04746143852736186
1211,-0.1121170629854215,-0.033655209616932934,0.5559724107520325,-0.14427292620229865,0.051190818290009085
1212,-0.11468626182569543,-0.038355543092269614,0.5511817513014277,-0.18062049379801928,0.0500560578865102
1213,-0.12033799402966024,-0.04313311366742942,0.5466695682973985,-0.2372725984746669,0.053614387337244294
1214,-0.12056041227395811,-0.04347671098187391,0.5402893786813675,-0.32811312694311534,0.05466132891651409
1215,-0.12509622668504755,-0.0478948332119301,0.5326157876367712,-0.40276274048837896,0.058699433466173186
1216,-0.1254873758326967,-0.047041544443376625,0.5246404079404773,-0.4836698337751723,0.05906378050760289
1217,-0.1297805483417151,-0.049008859160414676,0.5050022439962281,-0.6006546797436939,0.05909877564676888
1218,-0.12919610237393106,-0.05463626507265025,0.49668507109037124,-0.6203981683356549,0.05901838265519402
1219,-0.1292565308767939,-0.05625981034775205,0.4881125206014282,-0.671548718855653,0.05932256757044157
1220,-0.12964320354172784,-0.055970598933136134,0.48311196274915064,-0.7678356637092654,0.05741000398808522
1221,-0.12635255679558435,-0.05609683225369051,0.4692379159349917,-0.8555138416556386,0.051835042513730334
1222,-0.12101883463648203,-0.05608217664098206,0.4649064000573558,-0.909554650424887,0.05042487189881035
1223,-0.12067922962665636,-0.060611568306438615,0.4517583929222659,-0.9778761470366425,0.05074162215516557
1224,-0.1206719533753656,-0.06029698866276221,0.43862010908734145,-1.0667619879241992,0.050570041073158906
1225,-0.12074809627597301,-0.06003706374113526,0.4228131746249333,-1.0887039303506543,0.054987343504945274
1226,-0.12037575745154881,-0.06235942418076912,0.4067475535871633,-1.1622319166339619,0.05556095865076889
1227,-0.12259184101243782,-0.06472153784085573,0.3904629021685045,-1.239668651321902,0.05935370105054304
1228,-0.12530384645949463,-0.06713796126372261,0.37615331045277656,-1.2740579798317413,0.060332610317886656
1229,-0.1252618205261517,-0.0728372564068397,0.36715424525937035,-1.31201486827007,0.06757167559961716
1230,-0.12395063244305621,-0.07309467005151457,0.35764938921696404,-1.381637608077621,0.08076977008568022
1231,-0.13693299615431276,-0.0776106295515624,0.33371981992310085,-1.4067529958461513,0.09156331982743338
1232,-0.14232815335878923,-0.0778518775261638,0.31697608359479545,-1.4334471939868092,0.09712074535238069
1233,-0.14688340756910542,-0.08281565513800417,0.30532594968587856,-1.4933764255837336,0.09798999490607019
1234,-0.14609725410904878,-0.08892617202340602,0.2752523210959428,-1.5146182966764976,0.1199469406171009
1235,-0.1489113885250948,-0.09765825660470945,0.24963150150125665,-1.5205269201248142,0.1173248643836974
1236,-0.16035959147263934,-0.09894084531501751,0.24161880546898207,-1.5240788326395847,0.11976066382852545
1237,-0.16390630056916664,-0.10191011608147318,0.2206983605401404,-1.5594965894844264,0.12471883002306654
1238,-0.1667900180640247,-0.1064084950313093,0.2076690916712361,-1.5207391274593063,0.12942607487074642
1239,-0.1687031798458991,-0.11577179381795545,0.20265127236452082,-1.4997066545265811,0.13406162821703282
1240,-0.16376278783354897,-0.1163716500826631,0.20236298448029633,-1.4727732318147233,0.13902751695360846
1241,-0.16804164458712198,-0.11644100654029235,0.192281545064956,-1.473963662941223,0.13922342060247633
1242,-0.16397151483288722,-0.11614280462616564,0.18409854569328268,-1.459687073253647,0.13924917096371422
1243,-0.16871351082068875,-0.11780560671667821,0.17834720970125398,-1.445624173800305,0.13929628265595795
1244,-0.1679348371052232,-0.12074138536011453,0.1679260197684075,-1.4252847606058248,0.13891095683762344
1245,-0.16814765159681722,-0.12302947933227186,0.16077747480512145,-1.3983786410919097,0.14131810635772088
1246,-0.16807985404622064,-0.12534700509804134,0.15884775015574157,-1.398347299671401,0.14423589479968585
1247,-0.1681543309035746,-0.12489166815851693,0.16309165701662573,-1.3766294416903477,0.1400829271243502
1248,-0.16798630192905023,-0.12512469530688086,0.16383066017942555,-1.3505442400096503,0.13908199539377936
1249,-0.17241379310344832,-0.1206896551724138,0.16810344827586207,-1.3448275862068966,0.13924050632911394
