,I,aVR,V1,V4,II,aVL,V2,V5,III,aVF,V3,V6
0,-0.06962025316455696,-0.056962025316455694,0.02531645569620253,0.1751054852320675,0.08280254777070063,-0.11252653927813164,-0.012738853503184714,0.040339702760084924,0.16523605150214593,0.0944206008583691,0.0815450643776824,0.03648068669527897
1,-0.06744817078321821,-0.05478979737683187,0.025305294476224174,0.1765812028898308,0.08445232533240388,-0.10957479527222619,-0.012738771300626563,0.04251991131779725,0.16708743424169303,0.09385582229443522,0.08154579268023629,0.03484406531299982
2,-0.06755325017457804,-0.05489434861796963,0.02537147506678765,0.17355473732795898,0.08024924875530712,-0.10701942465343166,-0.012739260133240922,0.04245087903308219,0.16163987857883022,0.08978544312706557,0.08154145778600705,0.03892661565575543
3,-0.06740394562473691,-0.054749893853789706,0.025015402697471135,0.17753556596983242,0.08108537756533697,-0.10933469934864737,-0.012736640059792768,0.04240003779572741,0.15903293329059398,0.09015584359946659,0.08156466018223937,0.03895469274924779
4,-0.0679787744973379,-0.05530002506975921,0.027186586456914633,0.17818338794876942,0.07876437306568322,-0.10622414165960521,-0.012749178482868904,0.04279010513872366,0.1551263989926497,0.09046702463960071,0.08145403278309278,0.03606870207203892
5,-0.06468674328825513,-0.05210057940387168,0.030354772698119314,0.17003238952144364,0.07420098758335053,-0.10173221217934081,-0.012697178695547671,0.0401681456430586,0.14512930092185972,0.08759986550708766,0.08190968174900452,0.03679883864488502
6,-0.06379469234990486,-0.05081526340268584,0.026331445880595154,0.16048909583218773,0.06569057231691038,-0.09079210560185016,-0.01288137835142201,0.035035257449824685,0.1317671886552876,0.08282181175218153,0.07851160166065578,0.03877036812990456
7,-0.05622454336421917,-0.04694102186820895,0.02517855259781689,0.16070027315419938,0.05999229576006803,-0.085777112794692,-0.012375936740970199,0.030435844036144074,0.12117635655164424,0.0741024882213719,0.07347586000067781,0.03895366944093116
8,-0.050733452292499474,-0.046404375604110745,0.025326422928844815,0.15618599304359626,0.05520794041421871,-0.0765021801735708,-0.016983423275852057,0.0255262897375767,0.11155620172674063,0.06431407495027922,0.06867306460931645,0.03433424025308224
9,-0.045806655053578546,-0.04660745679486984,0.025318826614516603,0.15566425354566218,0.05448416114058823,-0.07655488231301073,-0.012432285121875577,0.02536272257682157,0.1062455643833959,0.058974375758035914,0.06389194496773952,0.038564917782018086
10,-0.0368046065617481,-0.044268849328355744,0.025319966163916713,0.14123562673539375,0.04611682430706081,-0.06850943146324641,-0.01287439948436846,0.019476223423029276,0.0981773453983179,0.05087103422245535,0.05864785501449655,0.033777879680140205
11,-0.032301289460236624,-0.03212337880452447,0.02528409203073476,0.13365855628024884,0.04536596193770765,-0.052524350907257635,-0.01269743059258043,0.010636207345146632,0.09733895994684999,0.05062186080239617,0.056487075000715856,0.03449394107950056
12,-0.02907596982342925,-0.03589154322743652,0.02548320674896015,0.12830297541443253,0.042638691503225024,-0.04848506223669526,-0.012748903208606032,0.008244928541380155,0.09359185526286601,0.04389633834776159,0.04935978243672648,0.03432630635167959
13,-0.029952663972721793,-0.0386351464752122,0.023920816247581238,0.113491316751157,0.037888137384741935,-0.0491083861074478,-0.012738901952754036,0.007744079418338947,0.07711660179017074,0.045034504282571414,0.04228259292699036,0.034210857018449954
14,-0.026966073977305584,-0.03518878436837554,0.014875096680137392,0.09655808241089829,0.02768790358788697,-0.050847474544280076,-0.012730900554489968,-0.008203127855724551,0.05760017388905184,0.02553242401348476,0.039875619645665356,0.03478095034734092
15,-0.02161564895617986,-0.030375151749280203,0.012728010903166873,0.08576508624748677,0.017918782332772058,-0.05465108300273414,-0.012761205823189363,-0.01660309909039027,0.052138173121307745,0.021302339024581826,0.035323377315535316,0.03038338287258616
16,-0.02104695555201714,-0.0254665317789217,0.008742131730974956,0.08077290213972156,0.012806461319145823,-0.0552293411021066,-0.01271977524851123,-0.021104681835652585,0.04282989443057197,0.012523048764756373,0.021478137728096394,0.030046085649309336
17,-0.021082474494172016,-0.025322521288692387,0.008410695319328228,0.07162411535339584,0.008535897065672393,-0.055301552165217975,-0.012434250907633393,-0.02135412441601846,0.038587026166687265,-0.0007232471770129926,0.011817729281104855,0.02546210610687063
18,-0.02125097193785601,-0.025599447469844345,0.003916499412725863,0.06725259359428294,0.014137640422571273,-0.054376555788125704,-0.008158529585998737,-0.026348126168801285,0.03787417522237421,0.00020642875060115313,0.002905739303656845,0.025887966327523146
19,-0.01997916838900751,-0.02311594919703349,0.004354699871963486,0.06037041214902456,0.016922967859394945,-0.05071095610308415,-0.008299698088900083,-0.03126848373641713,0.043812052024757256,0.00029246962962839224,-0.0017392908519309254,0.025616548319023266
20,-0.016757944437075786,-0.015779161979663097,0.004094132055794196,0.04815315407069009,0.019133184882225374,-0.049640234417948674,-0.010413211253215503,-0.034204264079135516,0.05012324500484684,-0.0022881526481412385,-0.004775424089365322,0.02622128014931523
21,-0.014893069819565377,-0.01860455990288799,0.004646401416022127,0.04466831760576118,0.0208141694111049,-0.043277924118327,-0.013116470505605474,-0.034451114822800895,0.049454220035823865,-0.004580634758021859,-0.0037491756651343456,0.022860450626589066
22,-0.011822818261275878,-0.026815230047226905,0.0015779581803688518,0.039227015336752144,0.027218975810471217,-0.04546886337323001,-0.01266682146656662,-0.03055011109972431,0.05182242753776573,-0.00434506891543841,-0.0076644241776427525,0.021647901640105428
23,-0.016190043856943455,-0.032961403462499365,-0.000249495500383885,0.03777832457140529,0.03375065210178877,-0.046788079975334754,-0.012749342558933936,-0.033057510700553204,0.05146229138818499,-0.004083116384209153,-0.008685904556385233,0.017607587110342923
24,-0.016714331687838088,-0.03766838297807036,3.593522959777635e-05,0.03802580576939309,0.03397639445690858,-0.04680690775604621,-0.012738237759303007,-0.03410135329063386,0.05149845252894042,-0.008666730791035328,-0.00858368517859891,0.017165964762103667
25,-0.021103844706329176,-0.037915708500812315,-1.9313887450760254e-06,0.03794607740954973,0.03395532147281144,-0.04231730439757789,-0.012738584057087938,-0.03410239367791182,0.051593297541874125,-0.008677464623592979,-0.008681093439126843,0.01725149275556217
26,-0.02102762844250377,-0.033012993393653954,1.985706290539967e-07,0.037711464958670934,0.03416707016027798,-0.04201195344558143,-0.012738994453863886,-0.038532820143281306,0.050754054521066246,-0.007243392315304502,-0.007689274590621198,0.01626191069588244
27,-0.021085331751421754,-0.02920000955929717,-1.1272758151427795e-05,0.033568623427473444,0.03261432626352425,-0.03653319520116032,-0.012738807942094955,-0.038108019139778945,0.04506633777925323,-0.005540635081722779,-0.003729967247460887,0.012410420548983002
28,-0.021327534660028586,-0.029745569125140058,7.204593656497452e-05,0.03264964983935712,0.029159132722987306,-0.03325350434668832,-0.012738865379401996,-0.03822207770065736,0.042932660427908276,-0.00910887703330175,-0.004868581249468558,0.012992099876357062
29,-0.019498464777097036,-0.028971416747332886,-0.00035861633731081797,0.02908371289704785,0.030343747225799488,-0.03654254512375371,-0.012738851606949085,-0.03832662891079914,0.0405699393351405,-0.008454034128729932,-0.001382870386223289,0.012850387318326143
30,-0.013867616898186635,-0.03273474906659393,0.002263439378959714,0.029529310356421586,0.026266636216346086,-0.0384871162903099,-0.012738850896810261,-0.03776279662612083,0.03494680343653807,-0.008676504684089533,-0.00018983140051418487,0.01288004424288951
31,-0.012585353250226548,-0.03067502908114482,0.004966047574835946,0.02996013073629343,0.025967108638623032,-0.03815333441594166,-0.012738862515697542,-0.04164590301251657,0.03427292844374965,-0.00844278781511355,0.003842147661409914,0.012874966684111306
32,-0.012379185345132753,-0.029415310615020104,0.0006782070664306497,0.026051443547820453,0.017153675194165396,-0.03825343008284889,-0.012738840313857688,-0.042550767924427225,0.03433206817762652,-0.013126461945629714,0.004294537034583013,0.01287553974107024
33,-0.01676311023076219,-0.029530975078888373,-6.377013288607269e-05,0.025240334326125623,0.017105325460494057,-0.03841409339815173,-0.012738777610789908,-0.042465876569626373,0.03432967552582595,-0.017573709421776038,0.0043419885010198955,0.012875562844218197
34,-0.016740356382554528,-0.02918721907429698,7.948513983014988e-07,0.025306916333255745,0.01692354203455656,-0.04293421576691187,-0.012739733705773247,-0.0424565425293075,0.03440134970183323,-0.015914393409908325,0.004040637775468507,0.012875525844899344
35,-0.017795008786587234,-0.024974467511508953,-0.00011831331402978585,0.025414740716281227,0.017027493434126774,-0.04149532916529587,-0.012733274345099539,-0.0424707831241162,0.0339678786572784,-0.012467330151173163,0.005884711710804975,0.012875537349823954
36,-0.020288099310660963,-0.02511766963813628,0.000959780341138012,0.02457500371540147,0.01686301625285885,-0.035591974323538514,-0.012766893374896929,-0.042430588682638624,0.03661546532919067,-0.012866696017040118,0.008594741160080433,0.012875547061079597
37,-0.01632219083490289,-0.027260799590186333,0.004774877799197819,0.019107597852646496,0.01747476802683403,-0.03611197579819321,-0.01261822295739046,-0.04260846903262121,0.03892355190759745,-0.013267293939229185,0.011213905030291823,0.012875490772748775
38,-0.016976205430075244,-0.029907631469276323,0.0036494219154810555,0.016559944487211705,0.013693379615369445,-0.038561867993768276,-0.013185661280820375,-0.04188223543600389,0.038657620293013256,-0.009388367099796275,0.013236375906369603,0.012875691731992989
39,-0.016970685757774717,-0.029464292406548298,0.007078601886654143,0.01697763497238698,0.012917704377214387,-0.03816841378181756,-0.009156649539067366,-0.04619203823348296,0.03845232267838662,-0.008326389376903722,0.012572380885912634,0.012875154299902773
40,-0.016520228789455013,-0.02954798831592165,0.008243319417174409,0.016753540292532478,0.008604256542273658,-0.03821014557689517,-0.008438314203305618,-0.04300379992584671,0.04304839194829016,-0.01283213486213365,0.01715586337904984,0.012875592241356433
41,-0.020868478087434927,-0.02953311026044615,0.012189654480825162,0.017170920602634504,0.008566244594804127,-0.03817612363939488,-0.008482889574922015,-0.042453685992517164,0.04799396443072684,-0.008137686425587433,0.01699508232076176,0.012882937431417454
42,-0.021069746003198865,-0.02951858444566247,0.012656470758380745,0.01272275342365058,0.008309160720644249,-0.038799676260618,-0.008499167710067763,-0.04246550728164881,0.05159500919880214,-0.008740187257676283,0.01810372723242876,0.012815000905237675
43,-0.021089592722697004,-0.0297156308387729,0.012302593352135238,0.01271604589974551,0.009596466595675809,-0.04308849501235573,-0.008490318364144718,-0.04226164366834117,0.05306293206108871,-0.008514567359411163,0.021910766189496465,0.013217871225450983
44,-0.021296973353940613,-0.028286285946733814,0.008805183164617996,0.012627356290281049,0.01466821604068552,-0.041074196831514004,-0.008493053873708176,-0.04386244063612898,0.0562623204552522,-0.008715243268613879,0.021355749301200863,0.010751928944248822
45,-0.01973056246569858,-0.024983510708401595,0.013230069736198561,0.01268864133523307,0.019936218875010032,-0.03504220617042317,-0.008493037847820817,-0.04714779947800882,0.055587749779480555,-0.008133063485937276,0.021441736814528253,0.008234177412631471
46,-0.01466921976523899,-0.02493258881419967,0.012507363156354425,0.012549838500380897,0.02097603492662167,-0.03668190800228944,-0.008490274018549567,-0.04660911463412941,0.05617602431751385,-0.012247307715536872,0.021597538839395986,0.008645973250262043
47,-0.009600203065830346,-0.028447047187028347,0.012690892684654304,0.013107846127163637,0.024972542939571265,-0.03853496769824874,-0.008499737988912919,-0.04673595072937611,0.051834587317297745,-0.012919324487635409,0.021107328942459702,0.008577121955782302
48,-0.008266513153459585,-0.029254487884814717,0.012659765089071443,0.009631683580246105,0.025399494047896067,-0.0380088150936497,-0.008478939143492579,-0.04668356328699445,0.05160336927727579,-0.012892093204559781,0.025750851578688422,0.008583509453479922
49,-0.008463966608747531,-0.03368725377672255,0.012633605481535201,0.008267596645867022,0.029878612435083315,-0.04257251589615664,-0.008460510400790452,-0.04673430181195969,0.05648368253681714,-0.012820469318523714,0.021126720995080558,0.008556625373673856
50,-0.008439874696963154,-0.029393158791373518,0.012705257704405499,0.00845493165747244,0.03015400185909685,-0.0422443013544852,-0.009049530411756096,-0.046970687736180135,0.061568264314686726,-0.013179889434662478,0.02159925121568446,0.008808751868391022
51,-0.008340683902242888,-0.029648717028993746,0.012782277721191814,0.008440879703183727,0.03573640851137171,-0.04350756564675354,-0.013174147514052801,-0.05131652554556385,0.06439038056425996,-0.010974564068026656,0.02141889551029773,0.007090965128353116
52,-0.009264098615313559,-0.029490954586446738,0.017197368875946813,0.00843717063849382,0.038533085931426896,-0.04754721967253584,-0.012619182036524805,-0.050915849100632696,0.06653439605968516,-0.00820105534099318,0.021461521361844663,0.0038604201934537524
53,-0.01346617963045166,-0.029572982572248906,0.016762720406476386,0.008439410859207862,0.03814677754042035,-0.0442150637967595,-0.012757501442012337,-0.05058744804952062,0.06933042746983152,-0.008657022173466528,0.02149033157021082,0.004376136181174764
54,-0.010404607053859306,-0.029417835909712576,0.01691024023487522,0.0084386505126776,0.03822144187339085,-0.04251241000783312,-0.012773530818516336,-0.05343870678384328,0.06548595789488659,-0.008573310434929916,0.021346329630715546,0.004307473579846907
55,-0.008525689376622297,-0.029982841731237088,0.016869663577474627,0.008438859721779938,0.038240625120336935,-0.03940225000509865,-0.012610629143931731,-0.05545313445060357,0.06025096581061658,-0.00858390118487666,0.021739875996890673,0.004213420616924456
56,-0.005431654496441548,-0.02615874191322233,0.016879299621148227,0.008438809761400072,0.038180861299510066,-0.034241762464154536,-0.013008319818313106,-0.05525161834374908,0.06002659625078453,-0.00858014299796197,0.01718248730446159,0.004308088003596993
57,-0.0011739686432950605,-0.025179705048711237,0.01687748002121301,0.008438820161511706,0.03797721331929221,-0.0340645685414449,-0.008494134651437758,-0.05505321433551185,0.05477275239874087,-0.008622971110925776,0.01720993951576495,-0.00015214624464347153
58,0.012252538387930117,-0.02529036127820939,0.016877306688613536,0.00843881832376321,0.033794634338010096,-0.03847313347434725,-0.013258918436192268,-0.05959059213199908,0.033865061830071305,-0.008342575829789919,0.017363259435711906,-0.0008492779428383926
59,0.021808611088398277,-0.020385922781692798,0.01687775542953554,0.008438818580534628,0.03276099256144928,-0.03835916528087814,-0.01157154529568828,-0.059354140110120156,-0.0014514409147390196,-0.010193044130440636,0.01568139154854737,-0.0044464925089846155
60,0.030741823213651397,-0.01663513403751042,0.016884130869538445,0.008438819221865792,0.029661748404988836,-0.036633920633287534,-0.008051334602850953,-0.059485596696690665,-0.01098510326905783,-0.01560280250807045,0.01246986494631068,-0.006282586953450676
61,0.03495171060526242,-0.016627694586082886,0.01682303109710899,0.008438813116810029,0.027264153808610678,-0.033547781287467195,-0.008710072151541367,-0.05940998035356361,-0.01858333359658783,-0.01981719274625912,0.0128460884183455,-0.008961711931016254
62,0.040245709848196115,-0.01894249547725545,0.017191991825302334,0.008438849910287833,0.025527399440250658,-0.034056989452733624,-0.008017382119171811,-0.059577937435693604,-0.025180734614739016,-0.028766711831698724,0.013279748468885863,-0.008515524446603395
63,0.0422718535283182,-0.021450250199894202,0.014949998948841824,0.008438668711170685,0.02216852099684148,-0.03396198486595146,-0.011897352735681242,-0.05896291688876939,-0.029465793898052643,-0.03429531667487508,0.00901729655092964,-0.008592456147572375
64,0.044307539889130984,-0.021027938589638286,0.012251166684144476,0.008439442691963566,0.01722824541295643,-0.03395612391255549,-0.012846499544574428,-0.06304795957430669,-0.038876858752003515,-0.03438970779667592,0.008578943270187904,-0.008583586673696285
65,0.05356929906195226,-0.021117108855219165,0.012856705567416624,0.00843656382660537,0.012513411169456064,-0.03396049964325505,-0.012752206185518722,-0.06356231696564138,-0.04442870607835261,-0.033490873495596846,0.008564780054087472,-0.00858277527574659
66,0.055176451042281804,-0.021089009702324718,0.012280371357791073,0.00844539756893173,0.006939190251976014,-0.034387341047981086,-0.012282321272367898,-0.06802802454800495,-0.051116773790766984,-0.029900781242794116,0.008593135610350527,-0.00858823812183814
67,0.05067846095611672,-0.02093178393830703,0.016738462788692454,0.008428333228744355,-0.0011060121876463954,-0.03889209801873833,-0.008074695460780087,-0.0678487307285987,-0.046903804693417706,-0.028145015872214976,0.008572877733250214,-0.008558740562168916
68,0.04842831733351965,-0.022670086358839173,0.01700954388266353,0.008393754042227818,0.002117091452867624,-0.03645334348887984,-0.008614565286979537,-0.06799166949878989,-0.04499454243173897,-0.025342084612381455,0.008623785609368596,-0.008700527859660013
69,0.03228469775633757,-0.030409813477196984,0.021459326802248734,0.009036806757358507,0.0042195560252004305,-0.03400817300124775,-0.008462526530861497,-0.06783464788704395,-0.041235945654166904,-0.025885895689310594,0.008424139790268093,-0.008112085735641697
70,0.03247652382349082,-0.029437714812472662,0.020971870882686323,0.01309462592474797,0.004156359796470173,-0.03128024886598247,-0.008498393657040344,-0.06837817485056019,-0.02466130410672253,-0.025577872237059318,0.009126090018425757,-0.01194852089411148
71,0.030183200205671824,-0.02901460164104952,0.021131838908546183,0.012535085750887166,-0.024991206091585005,-0.029486154260546748,-0.008493532610280128,-0.06511970702278214,-0.01696639131896023,-0.02584958227940609,0.004425721193826301,-0.012913931339105249
72,0.038327970523690684,-0.03307243400004877,0.021088702923382985,0.012695905457254814,-0.034051433102939566,-0.029752185240293282,-0.008487642856300484,-0.06347864046419796,-0.01157818747712148,-0.016715605299876993,0.008563338501684864,-0.012893437485063528
73,0.016351403159313944,-0.0302637729995277,0.02109864330909402,0.012619417053373855,-0.048827727061669525,-0.029723993372928227,-0.008492414233238422,-0.06372047475487198,0.038269778170419516,-0.017111364786893162,0.00884955425444709,-0.008317907040452746
74,0.002435578433280877,-0.029508622619979708,0.02109727381062508,0.012765766639613927,-0.10758578228373912,-0.0297511888684043,-0.00859756637153858,-0.06369457588368975,0.07726518354260141,-0.01888630382053246,0.0135468750262305,-0.008717698289819064
75,-0.78931103206979,-0.02966902849618736,0.02109584123086724,0.012410988751840765,-0.1452947402207218,-0.02949528967682589,-0.007588144753270983,-0.06369079203979586,0.22667550190156746,-0.01982076225803929,0.011259925222271074,-0.008426285842671024
76,-1.0551847565673846,-0.034751069565526406,0.021096761249001526,0.016892170389862543,-0.1505685850021213,-0.031227844140091193,-0.003789296558227383,-0.06371110999665631,0.8720174750090711,-0.01675234150439997,0.008182825110681935,-0.009172566266899438
77,-1.0489107504634738,-0.03837091835920418,0.021124460870047084,0.016836769410367942,-0.15275272477797175,-0.0342891823911396,-0.004358617085446926,-0.06360333773948659,1.3060906557173522,-0.017117288693275036,0.008670700614286026,-0.005227278913582437
78,-1.0506680966856046,-0.03750563125646472,0.020882272524454716,0.016671967753436323,-0.15597214895220565,-0.034323326450784175,-0.00423242758833252,-0.06411717455446996,1.3717325918721612,-0.01748632554626349,0.00856795788539343,-0.007915009464191512
79,-1.0648438907101578,-0.040356993124111916,0.022498054953355294,0.018381393654363823,-0.1501557195862001,-0.030737549358884855,-0.004212687833173268,-0.061002448129597736,1.384870007650026,-0.01288272959537511,0.008585721666996763,-0.00460630797304348
80,-1.0377380235478006,-0.04249474458125247,0.025860436813801183,0.02111980983443255,-0.10405255525140164,-0.029507108385351276,-0.004342540768335006,-0.05920707387627803,1.4255302173825062,-0.012059579424162312,0.008583662874839108,-0.008549472699524115
81,-1.4484036082422702,-0.042129676511498494,0.024765770426199724,0.023593695606596063,-0.08793283104644578,-0.02976997652980139,-0.004203523701637445,-0.05947938937388571,1.8518726573586568,-0.004391495110969479,0.008583603376029184,-0.008212539211317767
82,-1.614832740922874,-0.04223005667321141,0.02849437831783174,0.025601714247946383,-0.051768380959821975,-0.025614069130175766,-0.008385116468173436,-0.059447831879187785,2.0310197079714567,-0.009032988936649718,0.008583728511345387,-0.0030280852923758586
83,-1.5315134983137826,-0.04225158774583398,0.029676313331588433,0.025251939938170327,-0.04336084128492609,-0.030018035248904385,-0.0037436313440610213,-0.05946756640522802,1.9744194422031336,-0.010201165489555516,0.008583679653883692,0.00032614626101328003
84,-1.3471895047823776,-0.047514753005428005,0.0295264651784166,0.02535002372884366,-0.01920918503462899,-0.030977554397505203,-0.004377431225925228,-0.05926228969815406,1.8249746320152644,-0.01570077810241751,0.008583693902104957,2.5964786108619928e-05
85,-1.242413507736241,-0.04884148653637794,0.02953266241930176,0.025534129846364915,0.03986950532568649,-0.03447533206820969,-0.004320334578796258,-0.06071531828157542,1.6247322715094912,-0.020288464763983913,0.008583690130273835,-0.0004434971025934068
86,-1.0471023318419845,-0.041458318413983834,0.029537723348328746,0.029878545525004824,0.07351158989518666,-0.03374271253940813,-0.0037890452335924236,-0.06454580347617923,1.481761480540801,-0.02544629536439752,0.008583691905234276,0.0033239178633438127
87,-0.8254554521019646,-0.04067086583026654,0.02953486886222766,0.02949178748489991,0.12419916521968091,-0.034417415721916964,-0.007502365067458768,-0.061024453193543896,1.2346109512896428,-0.02574873873724362,0.008583688951068773,0.004407488851927766
88,-0.6759503979641394,-0.03479895070753568,0.02953802647154595,0.029195125707953705,0.12058902258477022,-0.030218302001242914,-0.008540401661452302,-0.059231712029543665,0.897554446362841,-0.02568128002071405,0.008583691613551735,0.004290124226542946
89,-0.5656792016019581,-0.03360791222159627,0.029527145594664492,0.03183547371895203,0.10995576406203153,-0.02970430339402628,-0.00855515370314895,-0.05939605622090824,0.8077914694950126,-0.02648900755094432,0.008583727407791397,0.00428876810769976
90,-0.44043957841980663,-0.033768775940844785,0.029568793969022733,0.03418424257517187,0.09698960362557803,-0.029709910507542552,-0.004023510461214484,-0.059562498044885046,0.6738550180459022,-0.03197305336202272,0.008583385934830955,0.004278415003076931
91,-0.3928498769874957,-0.03375502136301265,0.029431462708676505,0.033318817087374636,0.08684168670644175,-0.029717108160532458,-0.004349655590146662,-0.05502536808081845,0.49124755008436705,-0.03511375552969994,0.008585432187763463,0.004379971636445448
92,-0.28368058460871043,-0.033857574240407765,0.02976046605324107,0.03767925480356291,0.06396070868202806,-0.029806497761119054,-0.004227979012577948,-0.055300454028954116,0.36469971662652895,-0.03130654952762422,0.0085754969362166,0.0038742716693869537
93,-0.25608149725460777,-0.03287145757595361,0.025268721239472765,0.037964994290914086,0.06068903200245037,-0.029314407969193105,-0.00418265424276248,-0.0551638744109898,0.2706056286487637,-0.030243965181017213,0.008616864718669001,0.006984714849338818
94,-0.19624267605969578,-0.02909936611215358,0.02527558075337503,0.03787926481968563,0.04414821957054774,-0.03230427570712591,-0.004545307667210155,-0.055237934208713944,0.2676874139093419,-0.026122452837439795,0.008470380009673255,0.008944489426035198
95,-0.14550000351725845,-0.0295673687235588,0.026226569171085755,0.0388911355815061,0.027030760576718254,-0.03420807381507277,-0.0016331810157529725,-0.0550814086065744,0.1974607647102694,-0.025764360111883728,0.00886886554482877,0.008246905651386407
96,-0.1125982457403742,-0.02985242780550675,0.030006020935246406,0.04274295674965935,0.022161227856794252,-0.03400216203098695,0.004161769607439735,-0.05564115171659603,0.13988054753512066,-0.025728513440063928,0.004318551325698137,0.01285623298556679
97,-0.107362612203677,-0.026726173164693078,0.02938906670688356,0.04165600418044112,0.003906807340138832,-0.033891384194143684,0.0001381077414994783,-0.05166193279125119,0.12672316515963766,-0.025756488056941862,0.0043669187812022114,0.013173440535817753
98,-0.1008570642731711,-0.021556852263519517,0.029683355559487097,0.04489491681792173,0.004042077857476576,-0.03859409871925533,6.707846023960018e-05,-0.05084997061525578,0.11226840358065529,-0.025767161248874258,0.004203719303564676,0.01766304003570066
99,-0.11553036104943663,-0.020995077792828998,0.02910863414810363,0.046623027381302584,-0.0005926625898556619,-0.04350012391150174,-8.559758744296778e-05,-0.05080786430164214,0.10608833532353398,-0.025667233001618505,0.004636561109100389,0.016705625096481335
100,-0.1393624839956404,-0.025436566402900984,0.0332588738089416,0.0464609528042637,0.00035102274070143236,-0.04685186330549812,0.00033728486537023844,-0.046372655145266,0.11333143800524634,-0.02607924219252273,0.0022026827004922433,0.019256631578880794
101,-0.1496219132962861,-0.02596438191774517,0.03377940344874676,0.04633433526989607,-0.0009052837985358502,-0.04809309096276834,-0.002007876867244908,-0.046895374378598156,0.15500632055430866,-0.02268996852407109,-0.0003870162334892865,0.02196578108953907
102,-0.166102947278535,-0.029993943441684268,0.033769457951785965,0.05083319605413737,0.005760742177126408,-0.05389735912648588,-0.004130803621369868,-0.04630669389661882,0.18331020027617662,-0.017333255673056325,0.00017786224042499625,0.02085048444293817
103,-0.1748129704272349,-0.029513766347018515,0.033748224154595365,0.05051996686037922,0.011097318548392923,-0.05527496308936229,-0.00742421876544957,-0.049006330136799836,0.19217849260692105,-0.017098933231241748,-0.0002951911544058438,0.02561991857252054
104,-0.2005386897675251,-0.029121937016429098,0.03375716591971037,0.05074484412328904,0.028010331090810355,-0.055530856470396926,-0.008226952903159598,-0.051301578561200746,0.2203486851274471,-0.012514257130138248,0.004263166619192122,0.02148822117742255
105,-0.22520785375745503,-0.032561097467050555,0.03375667015884381,0.05023147163740485,0.0426926235470843,-0.05108934665533157,-0.012700613862390395,-0.05079835733034058,0.2562888689946619,-0.01319215077104167,0.004224473855441071,0.02117817089796329
106,-0.26101085836355326,-0.03399342281549412,0.03374682004682518,0.05305674708902974,0.04707641349503406,-0.05084800336284133,-0.008278452425444649,-0.05118488113968721,0.3198193223233739,-0.011519341937351511,0.004321031408045662,0.016704803021837588
107,-0.2951431270142764,-0.03361959687972028,0.03378726929901914,0.055103984205142564,0.06242762771518284,-0.045639972482931536,-0.008625880264327562,-0.0466522446146011,0.38116740845577324,-0.005888465144556084,0.004283001866483454,0.017399295198442112
108,-0.32837911470912445,-0.03823473222384661,0.03365667076426385,0.0549311008344746,0.09404313298863425,-0.042221557763551576,-0.008394159095674193,-0.04682035245095244,0.4521707500291066,-0.003928366504403261,0.004294083390124427,0.01667638690978783
109,-0.35241631999188455,-0.043007586628791054,0.033948567385102275,0.0546084258756028,0.1209948918480061,-0.04215981171686619,-0.00878997920884993,-0.04644157105334219,0.5195411442146872,-0.004742464102592809,0.004291358604400627,0.020021726469523084
110,-0.3792610509944279,-0.04703754392880845,0.029449173329634305,0.0590545098739225,0.15382176439793646,-0.04487164502431158,-0.006502448369725476,-0.048250121153098686,0.5681652718267357,-0.0002026050114759515,0.00429193132822543,0.021266025346195025
111,-0.3917227648029208,-0.04460623052126932,0.029618500332702746,0.05459155534665609,0.17415081479009026,-0.04703628255436609,-0.0009194999026023764,-0.051495933081920256,0.5943968124980475,0.00010147677693523325,0.004291841143022205,0.0252907997821593
112,-0.40938219439384915,-0.04181812602104486,0.029504159552729156,0.05400352233979507,0.19800167597580737,-0.04655965389455755,0.00012222010342208983,-0.05038844622749738,0.6660164357677165,0.004511077305078869,0.004291842903576222,0.02575194001974051
113,-0.4528470539854595,-0.042262858810151564,0.029551386772330736,0.0500695168227917,0.21290603157824492,-0.046886639556153915,-7.646430436913422e-06,-0.05437473637895167,0.7269760504101689,0.00522163027647105,0.004291719971554442,0.025402915311151585
114,-0.4925306086339452,-0.042210353507870724,0.029502974841942357,0.05106068797072019,0.24968885983407124,-0.04237680741425344,9.019689774753435e-06,-0.055148161946579864,0.7967258853067759,0.00946064412776579,0.004292913777411323,0.02105854377747893
115,-0.508182035560504,-0.04213316429632584,0.029658191477360752,0.048356989582269715,0.27062147727025854,-0.04186166347902398,-0.00014552646803434242,-0.05941431028808347,0.8690429685176976,0.006076894962889859,0.004285717823286301,0.021495607724831684
116,-0.525988551245296,-0.04212258621197213,0.029122736358661794,0.04278804113990709,0.30065979084994066,-0.03813734562369769,0.0010806631482209274,-0.06312676150325756,0.9052780106803789,0.004023118560826007,0.004320771558927848,0.021851913900930275
117,-0.5493191206003241,-0.03779986494062145,0.03331314960367632,0.0423919915489445,0.3513962773252787,-0.023739325253464564,0.005081017939001768,-0.05433276164989866,0.9457528854238247,0.0043040203708247255,0.004174400156370013,0.018751856827065202
118,-0.5574545015892648,-0.037124347007000603,0.033768273528816624,0.0380257955266738,0.40086201063317545,-0.0021230241744721653,0.0017693949191703731,-0.05538196448886597,0.9855226116276629,0.0043444206823552555,0.004694578537463408,0.01691683218386229
119,-0.5643986629698474,-0.03317395727960205,0.033771407580691915,0.03803819097637715,0.40753314639180555,0.005299669866439888,-0.0002795169016551962,-0.055548330985113525,1.028483836866605,-0.0005344913735896632,0.0005095401027009222,0.017218544201290223
120,-0.5774785942773627,-0.0343042635620193,0.03374787698784066,0.037944672971712196,0.43973807383880464,0.015524315805305689,4.5874714298957603e-05,-0.05258529521946905,1.0563121943895504,-0.014951565283785785,-3.23607462337387e-05,0.01715877905188897
121,-0.5737808321658262,-0.030981840222462906,0.0337575960076988,0.03798932195496142,0.4417931207609545,0.021077542491338565,-5.244158876278364e-06,-0.05066972042509373,1.065839823206321,-0.022986374662284963,0.004886577691978078,0.016829016269399814
122,-0.567198941090321,-0.02932352848313071,0.033754663861720276,0.03794561984842208,0.4694847006942023,0.0212016672915862,-2.641655368676158e-06,-0.05107588696363906,1.099698563640606,-0.02757244885170008,0.008889676940188978,0.012250482375030972
123,-0.555956713315289,-0.029540365246836713,0.03375541439094528,0.03808738984873346,0.4875189865633185,0.02147543639765213,3.570909094154362e-05,-0.05087259116592495,1.1093087264984898,-0.032367311939558246,0.008490822429429154,0.014457887991714945
124,-0.5415594992922731,-0.029543099604881135,0.033755246489434364,0.03756457670263184,0.5220180559790029,0.02836961200873178,-0.00024127559485311338,-0.05538763374581138,1.11395668901755,-0.03761482873035964,0.008606684690382857,0.017564438731290957
125,-0.522978559223373,-0.02997048395987694,0.03375527866522266,0.0414547283671017,0.5421360181852155,0.033021186809369954,0.0015585964122119254,-0.0552908426996099,1.112824587183453,-0.03881268782704785,0.008580926545227624,0.017114369409737776
126,-0.49888442486628726,-0.033462609927907914,0.033755273869587085,0.04241080279652827,0.5748350970918643,0.029369425951932208,0.005213708036941606,-0.05393119686342472,1.0967996829985587,-0.03853361596552966,0.008576443129009672,0.017061314923782055
127,-0.47078853841435075,-0.03815277188335986,0.03375527420552881,0.03785359969119477,0.584779625210686,0.027705505150983096,0.0007993989017369939,-0.05050172844289469,1.0865009968320691,-0.043403076762731356,0.008604424171597727,0.017476639962534585
128,-0.43914569398646564,-0.04563910192508949,0.03375527423193438,0.03819799937578339,0.60079919079565,0.018763734187983157,0.0032890846721454073,-0.051059626230313127,1.0591025121867987,-0.05299270602448111,0.008574561100224656,0.01290207113190628
129,-0.4042536576050831,-0.042057153449424026,0.033755274743364025,0.036898664633513406,0.6201411396948132,0.012777132630231619,0.00434323156054266,-0.050932896972737174,1.058463545105605,-0.05470729264228118,0.00822395682308233,0.012582454154770243
130,-0.37766029942751383,-0.04201130113833105,0.03375527167664145,0.0331862411928746,0.6488367242634888,0.017199494568162225,0.004252897890836778,-0.05096513932683366,1.0448727968162952,-0.05141184402658597,0.0038848898482264013,0.008147807771750011
131,-0.3448682367745978,-0.08096306357047128,0.033755285810557825,0.03441482664955827,0.6701918268897372,0.026743318081475266,0.004238872487289491,-0.050945115634942084,1.0391823928017738,-0.048989999133769856,0.004417329632205482,0.008716321711906201
132,-0.31954063687465206,-0.12514774294296252,0.033755229218331066,0.03046995536561709,0.6971551599341124,0.019526691347148933,0.00424904359603823,-0.0509045277343398,1.0316372055342489,-0.048813068288865044,0.0042522716605373385,0.008550135119577168
133,-0.2918873073888334,-0.19461690541836613,0.03375542331956533,0.03268289166570981,0.7496844476604827,-0.0001301252729607261,0.004245505683209608,-0.05159666915920073,1.0260268136197968,-0.06242387872324194,0.0043319102223886375,0.008590582618368328
134,-0.258505041139825,-0.31288980755837825,0.033754914158879094,0.03386683758609896,0.7684054853870378,-0.31346854807915125,0.004246433827923971,-0.05564444708492793,1.032612116229826,-0.07231674347796327,0.0041764531696746494,0.008583954918151308
135,-0.22152102061156012,-0.30046340810019573,0.03375531822159509,0.03375661230402071,0.8261099710015638,-1.4471460604705282,0.004246409828446127,-0.05508774882479685,1.042715606025844,-0.08565147332085923,0.00458365763314971,0.008579759718316154
136,-0.16677003033020638,-0.30684582581419906,0.03376218366417006,0.03408873942298099,0.8657784955578307,-2.1689319619408423,0.004245752740142248,-0.05519875564849726,1.047314162466875,-0.09989993402274068,3.794543018749647e-05,0.008585587809707139
137,-0.0976807634155287,-0.3063531378513953,0.03369884014240134,0.03858454697955703,0.9300063373256217,-2.5421803608528717,0.004247491938145405,-0.05531436231598555,1.047498142289662,0.04866232500528981,6.803304243528717e-05,0.008652519979468122
138,-0.05727175914206751,-0.3256861217384177,0.034076559284583266,0.036471866384169375,0.954461657888984,-1.2105780396299608,0.0042470770197090574,-0.054836158192498104,1.0549869520614141,0.4403853194676428,-4.4661733488081855e-05,0.007935934333746977
139,-0.007834364916839854,-0.3601805534256245,0.0317898227694264,0.03334220399760115,0.9994689275025517,-1.2697371052649709,0.004215105183379095,-0.05917650413655508,1.0587520160902808,0.5539584432925645,9.829150661596623e-05,0.0023809983509099834
140,0.03199133384083141,-0.1095634348576554,0.029174100799946392,0.033879297003713,1.0314562811571668,-1.2054304949698516,0.0044808089817952625,-0.05939376387993188,1.0380818668715497,0.5800416477878277,-0.00042562136132747244,-0.00032055056389538716
141,0.06588489087821908,-0.09381901493979855,0.029584430249291412,0.03362098027569626,1.0595008418909735,-0.7412799905561965,0.0027207343034421493,-0.06000555422199275,1.023259955392566,0.5692600520026838,0.0027028111227438735,7.01280269507865e-05
142,0.09979837501089288,-0.06794124031851285,0.02959075738052864,0.03409314830808145,1.1031211418698303,-0.29148942970869085,-0.0005377699614950817,-0.06411807530264872,1.008639936009189,0.580932759362735,0.004543844560805808,-1.2815255108062298e-05
143,0.16263217940309108,-0.03491310677413581,0.029438558007764886,0.029697056686524156,1.1165139536601123,-0.47246032779769515,0.0005474958360155987,-0.06357376469219143,0.9665007328517351,0.17397506267766527,0.004238896355336122,1.670634402127042e-06
144,0.19163923057430338,0.06621123275247072,0.034093256713553545,0.029576314906993695,1.1590690090770723,-1.3144329231740626,-0.0033680131425347995,-0.0637256499279748,0.9312019950998368,-0.20099357265877688,0.004302663388657408,-2.646350062655602e-08
145,0.24097004803865735,0.20540063042469653,0.0382309805870855,0.029511135261736068,1.1593967189610557,-2.428969802486101,-0.004348394661595678,-0.06367937635795674,0.8825074591980597,0.2748611698172997,0.004640210239422132,4.1426128492275087e-07
146,0.27693044123592414,0.2508378593183426,0.03786336534352366,0.02954428968266543,1.1280336553086785,-2.34777114082394,-0.004246670356514399,-0.06372391974157637,0.8619802587716157,0.8663940418326932,0.009047341219498595,-4.118338301328052e-06
147,0.2956088252090597,0.2284879766362729,0.03812750911337908,0.0295335403732416,1.1214609407662677,-2.2215681773154725,-0.00421290713150445,-0.06362900791739666,0.8295984189315987,0.7214780938869818,0.00812029188715949,2.3930842973803625e-05
148,0.31183654909682523,0.18630383550354748,0.03740252615553301,0.029536422401512035,1.0886441700269676,-1.980028984789956,-0.004474222441482453,-0.0636635196200559,0.7909230383241768,0.6897576202221561,0.010716246294177393,-0.00011347453207256006
149,0.3358161535046067,0.15175402369551688,0.04133704311146204,0.02953574576220008,1.0683570934138438,-1.392777207442881,-0.0027614843792974305,-0.05916735388742976,0.7629559343109747,0.4912465311458657,0.0131029083474406,0.00046250489447618857
150,0.34607532992911294,0.13936070849106175,0.038871584100085,0.029535895214107488,1.0283511710637347,-0.6373914544611224,0.0004292006436520554,-0.05956382673924071,0.7111399870564364,0.4345477386182439,0.013238359624716426,-0.0032982617530619984
151,0.36226255492024734,0.0932442907757736,0.03811062049368804,0.02953583966239369,0.9921693083337985,-0.36045621263273375,-9.38722417102865e-05,-0.05939045749466086,0.666107583403237,0.339267240962125,0.009057357031632369,-0.0044133056141532085
152,0.38425282787821946,0.08507537858999707,0.033729178706208535,0.02953585383184352,0.9480921265428242,-0.31266923239949157,1.9251366752745492e-05,-0.05957031209806127,0.5981781995186267,0.2766387143345122,0.00857209906598654,-0.004288798676045138
153,0.36343992971724765,0.07587737438952262,0.03352699586055612,0.02953641910899901,0.9134129748842881,-0.26694122543352256,-8.07608112326632e-06,-0.058988216138057006,0.5416085118523144,0.22475222396474023,0.008565771055588704,-0.004287187402588076
154,0.3517481434418082,0.0502683622135705,0.028190133345686562,0.02953163029823687,0.861119642540606,-0.22976849208371092,2.482774176690495e-06,-0.06274092090245723,0.5135055683092933,0.17685879118208006,0.008591997319609922,-0.004293556748533959
155,0.327865702341086,0.04914818594390334,0.024802781876495098,0.02955932822099472,0.8212001841752634,-0.17600955016647132,9.983815297450603e-05,-0.06380986682977458,0.4808091970032316,0.12940526175886233,0.00857910042800514,-0.004293373860682789
156,0.3061820089094108,0.05058325398072726,0.01293982977639967,0.02942644965921751,0.774156617313825,-0.12085076739520442,-0.0009052677059832694,-0.06369202002639618,0.44910661672078517,0.09724061006060507,0.008594586068720716,-0.004281730192302077
157,0.28766916263352893,0.05476971559367505,0.0005771115575398109,0.029981440391372346,0.7353336645184381,-0.11306915959714611,-0.004373293587663617,-0.0637134657538828,0.39946940028836225,0.06053581775343297,0.008541625437141669,-0.0043337392077595705
158,0.241289168867753,0.05986435758264939,-0.0027542377718316213,0.026381707461808904,0.6579770665063693,-0.11037917013840227,-0.006166349523071153,-0.06349006822969132,0.3797049527157875,0.030282261099432006,0.008728429827119567,-0.004147141263610968
159,0.2219406591320851,0.06820230897448394,-0.008044709496164957,0.02509385341883581,0.5902229382846007,-0.10983348847144127,-0.008844143490338005,-0.06507319119220303,0.352212845246943,0.016256256156461087,0.00821064158501244,-0.004664882292185616
160,0.19195353552847153,0.06735311117872428,-0.008462931850167894,0.025426452397753572,0.5338699794196203,-0.14113648138757617,-0.008536013386566947,-0.06837992370830531,0.33108973210117926,0.013281833010704876,0.012872329945070302,-3.2111545775282205e-06
161,0.16859928525613077,0.06726959919731607,-0.008459400583009431,0.02091980476067903,0.48939003778499696,-0.17981060443179062,-0.008196928277259645,-0.06784222161040009,0.2830060667409712,0.009231464424725607,0.00825115239227419,-0.00462452030300918
162,0.15006369193849192,0.06958726351750545,-0.008318232029181688,0.021191972825595377,0.4150240872792599,-0.1908980798366982,-0.012667722606696791,-0.06795873263747279,0.24176574276213414,0.022236286246519077,0.00893385408724626,-0.003940498398044526
163,0.13609418084285685,0.0750820741566426,-0.009285747237539414,0.021065791107614758,0.3787114652124978,-0.2112002931689513,-0.012700695424714427,-0.06793947560223901,0.201228449420734,0.04595199610718296,0.007110763027897912,-0.005771628946931638
164,0.10632470644937735,0.07614606665322973,-0.015239890064809138,0.021105470444364203,0.3049268753514714,-0.23874209089014511,-0.012571293488382759,-0.06793871687406217,0.16876053805650224,0.05322752086781833,0.0038332615667751885,-0.009009711776551216
165,0.09046128810126991,0.07581874501579215,-0.014918527574589837,0.02109521988044927,0.24129611569286336,-0.27678459126179866,-0.014061731664025764,-0.06792329711992819,0.1528256798388814,0.0662572660770379,0.004509721560114155,-0.008498788701261757
166,0.06481451443373727,0.08035596148540147,-0.011849368556227593,0.021096823333270193,0.20938209976244368,-0.3532013052844196,-0.017529354193423014,-0.06812045830756869,0.12813630843024876,0.09440112427618126,0.003846400984439056,-0.008569615879017873
167,0.04517040808108547,0.08677722931688636,-0.016194770033661102,0.021098957335989342,0.16750756727054888,-0.3639161148938447,-0.01646489903881483,-0.06668879974065617,0.10736726915284552,0.12509689681453273,0.008114704796873554,-0.008662388868589617
168,0.018369778390458065,0.09709365686503443,-0.016946919775266057,0.021092937148554754,0.1154743014001895,-0.4222390018044163,-0.020047696342552622,-0.06323788982297512,0.10265239810746254,0.17054006826492582,0.008596233579583869,-0.008538474458123172
169,0.001337866945530738,0.09207978667358525,-0.01688203444689031,0.021091820466281844,0.10218837238228737,-0.4835615212168912,-0.021716593096643616,-0.06383262120364576,0.08916019790157481,0.20315456912094315,0.008600955458862074,-0.013092781700268707
170,-0.021216772858282402,0.09284363168272963,-0.016870122225998502,0.02122257849187977,0.06790375030652651,-0.5006097316722821,-0.017063276114741482,-0.06354570572204704,0.07042471915494063,0.25327774855743096,0.008575892316882952,-0.012980650857445025
171,-0.020354495427273824,0.09342139871898575,-0.016896392924330553,0.020114279452928277,0.031198208469488228,-0.5247536490085107,-0.016774771921773093,-0.06407952797095111,0.04806987164054293,0.2888397026712198,0.008586515462992609,-0.01147529420664476
172,-0.02441257487621972,0.08664919788405777,-0.016786385592162466,0.016512945656229246,0.024696922139254354,-0.5643840210486804,-0.012352724770830914,-0.059607993982372875,0.02023942431444365,0.35486369229906445,0.008580910894484513,-0.00813593832880089
173,-0.024243027513081123,0.07618590378172405,-0.017293363040033902,0.016577801766300575,-0.0025126560249779987,-0.605130757502005,-0.01278105549942632,-0.059325552446309056,0.0076246464803878386,0.39351001092131976,0.008592719463534466,-0.008682035495554487
174,-0.037210391304786164,0.0757052700844335,-0.01421632367468503,0.019505715472554194,-0.021469619909996625,-0.662403662205327,-0.013132129476818605,-0.05484104481821629,-0.003459545637706835,0.4168301728478999,0.00855288582218745,-0.00856561446784411
175,-0.03367235935733277,0.06179894876860466,-0.012306289620801105,0.021482397831609504,-0.028841318150967563,-0.7131649995219795,-0.010123392890044111,-0.05530843550968569,-0.008581216343671793,0.49511020325941923,0.008663499777611418,-0.008586088645940612
176,-0.03401053192069975,0.058983454222163834,-0.012989176502420527,0.02068941886311655,-0.03326735893142198,-0.7265772295044238,-0.008627378226999528,-0.05526755064065155,-0.008965743460208593,0.5456590589590169,0.00853721233949314,-0.008583638708840673
177,-0.03275992978005798,0.05917922162583359,-0.008510046490339488,0.025309880544643275,-0.038055963462990366,-0.7677010385731677,-0.004974888347912759,-0.05476656747753895,-0.013081998930006415,0.567344540541721,0.01311557825072789,-0.008584065677603406
178,-0.02909690409586164,0.05808306437587576,-0.008474945244927302,0.02080823477363673,-0.04264572517216385,-0.7807475004215964,-0.004081274849393172,-0.0581235285899023,-0.014263244146936273,0.6319764183724887,0.012768433989231625,-0.008579646613739656
179,-0.029645938360016562,0.046411336014139194,-0.00858680252148315,0.02146230778240634,-0.04218968835789277,-0.8037355582128612,-0.008700291586846784,-0.05964518878485525,-0.017623173749125184,0.6766215219348514,0.012904127303974548,-0.008607410322201754
180,-0.029511456537658638,0.03877854377578878,-0.007254402655780028,0.019483865677687312,-0.04380948813820316,-0.8122646162919147,-0.007763012510455641,-0.059421919709009625,-0.017098698298221852,0.6888302859722364,0.012888659453003699,-0.008470733933819844
181,-0.029541703114005065,0.030896423775567547,-0.0033859625919464786,0.01829280945266611,-0.04715093928848593,-0.8323714329022018,-0.0036154255158050044,-0.05943966420335811,-0.01708205305099479,0.706017157862216,0.012789100704352943,-0.009045852767799595
182,-0.029531569688375982,0.01684095458280029,-0.006730068778880417,0.021579528382112974,-0.046586649402624254,-0.8516725685141605,-0.005788926984528438,-0.05961264589161034,-0.01741144687317197,0.7301115938561998,0.013181094466978543,-0.005300641505146898
183,-0.029538599255983577,0.00778271665285852,-0.008822658468432429,0.02101043645401928,-0.046814180740711586,-0.8476981494587335,-0.011307677923137013,-0.05819129348018531,-0.012864398959619992,0.7544008483346232,0.009381800655906216,-0.004165738786073121
184,-0.029588315014704374,-0.004868830241299666,-0.008041213337324557,0.021080007563956043,-0.04646524218380946,-0.8340410504922204,-0.012917038470452282,-0.056330914884849745,-0.01339167227086432,0.7774021301309423,0.0043166342852537475,-0.004296491212116472
185,-0.02901614960718996,-0.024918650019454425,-0.012410778579241838,0.02115721075888347,-0.050733546779346245,-0.8164974392306241,-0.01281727150389881,-0.059977737595009996,-0.01740249533652704,0.786187092190655,0.003997965744926844,-0.0043205227271022805
186,-0.023221962856168753,-0.03718296305598459,-0.012597598231993959,0.021241165087255914,-0.055360169572160084,-0.8084660297611375,-0.012554929340239407,-0.059342747608133836,-0.018151174124809433,0.7857182623866884,-0.00041144113918987346,-0.004077346466679312
187,-0.022781319869569733,-0.05410441570099752,-0.013272451497431134,0.025113498847592345,-0.05493944864397081,-0.767185831561276,-0.01701476074523775,-0.05944149600504176,-0.02452882737216126,0.7822096667423972,6.246575064020085e-05,-0.005722693113255614
188,-0.025315863985039665,-0.07322456865139917,-0.016858483448481707,0.020489077226402214,-0.05653642405015433,-0.751399614984854,-0.018417259055028102,-0.0595090126060545,-0.02317757780235477,0.7839705999922064,0.00028898574410593503,-0.009001380006089868
189,-0.028302359448947344,-0.100126299101919,-0.01959221057246406,0.021601605929779867,-0.059771806503324615,-0.7129371551418168,-0.033477022893752456,-0.05944994110260132,-0.021223979357467105,0.789628753145928,-0.002267858978579189,-0.008577571504909532
190,-0.029710737335855643,-0.10449751397410847,-0.028326618638497086,0.018908155808030406,-0.059834623941476144,-0.6970029871728992,-0.03836795185788349,-0.0640890308040902,-0.0214206927847699,0.7898957925727523,-0.007625358157520877,-0.008286989748875685
191,-0.029519126121582383,-0.16288240233521267,-0.029812169679494977,0.01643885722644641,-0.0562326856602526,-0.6836189837485888,-0.0404622316222494,-0.06247276816759996,-0.0214349427213069,0.7988097760961212,-0.01187863218625892,-0.012092315663443284
192,-0.029521527476291862,-0.17535717801524026,-0.02908025131861121,0.017316194068762798,-0.0553832774477404,-0.6646840052154489,-0.0427995839842849,-0.06048050869837505,-0.016913222014574212,0.8171078071191369,-0.021367541125587305,-0.017127916624035337
193,-0.02968316772037281,-0.21821292525094468,-0.03338701686471249,0.013145180889345277,-0.051107910770094085,-0.6612581056652176,-0.0423758438774304,-0.06423431219509054,-0.017025658690138917,0.8516645202969336,-0.027251747486436807,-0.017120928183594963
194,-0.028477017749399737,-0.24539295690222562,-0.04188128763184582,0.012618159220755654,-0.05100555733469585,-0.6265624677583141,-0.04253202300342257,-0.06357565291307196,-0.01879307264180223,0.8627638628536699,-0.05207852565349437,-0.017188431306865894
195,-0.02449842993385338,-0.3034378331896034,-0.08325782979053016,0.017096210542174285,-0.050935504419483565,-0.6062436818553746,-0.042623456987193456,-0.0637157428653341,-0.021489459692341145,0.8973089142765303,-0.06876324746252044,-0.017160899629567693
196,-0.027695399495234207,-0.360030441380035,-0.1077840774575537,0.01677691345481047,-0.0509124946804663,-0.5735922385105373,-0.04644425072107132,-0.06369277224204568,-0.024070094246240698,0.915162496366807,-0.08789699634228575,-0.01716903965101813
197,-0.02994791445152358,-0.3897197297463784,-0.1646472165872513,0.016929117481815182,-0.05121267490707985,-0.5469975076279844,-0.042108661720885725,-0.0636931210406154,-0.026419298937891855,0.9426176728865003,-0.17678221756997348,-0.017167020014375797
198,-0.029093227126125797,-0.4597118084053884,-0.20538555449797494,0.01676729840422837,-0.049056286495957786,-0.5243329926064499,-0.04127801148579597,-0.06367314501420031,-0.021724417246704927,0.9483419003785941,-0.24599431216857498,-0.017167437637970757
199,-0.033463091796275,-0.5164857882449215,-0.19965108673159396,0.017307740212982845,-0.04287210080801944,-0.507893151904769,-0.036224254206526016,-0.06389049580214205,-0.021429482094261588,0.9638518532019593,-0.2491995245938397,-0.017167403719782124
200,-0.033756405501642446,-0.5472374449407952,-0.21208744922309059,0.013882426696402375,-0.046065384211285525,-0.4797786415208998,-0.047896504885654265,-0.062362958185895656,-0.016812426405575974,1.0040488169066972,-0.24894007930815493,-0.017167362155942334
201,-0.03332153687691274,-0.5884711738411327,-0.14213628349319635,0.012251958580190252,-0.04662781454010356,-0.4655755073032569,-0.050874811994030315,-0.05901322137747499,-0.017600992029761606,1.0241144235821222,-0.24945500854541405,-0.017166913259881324
202,-0.02911035683904323,-0.6144148845987558,-0.029970967615859816,0.01653700723420264,-0.051146109366094636,-0.44831743390511974,-0.09851149814378081,-0.059513532088219134,-0.015173400551683734,1.0532188439099215,-0.2513271229212375,-0.017171556994294315
203,-0.029667286009375498,-0.6479572206269307,0.013453304229407825,0.02115089143780237,-0.05068023728798816,-0.4110290352988643,-0.10600023069156869,-0.05955466877627273,-0.014695325960975881,1.0703285828439872,-0.17463565284811242,-0.017143006366036787
204,-0.029471598433722136,-0.6885832419180711,0.015932314321043195,0.02165620640060115,-0.05220927974842505,-0.38748981656922393,-0.10655181509502738,-0.0590892760521245,-0.017584834019260906,1.0549060989360382,-0.07171972407252496,-0.017283771739996564
205,-0.02967577480181766,-0.726667929323296,0.032220442073120234,0.025503458669839992,-0.055643892470022195,-0.3561089541264078,-0.10424767086606088,-0.06357617890464638,-0.017095782043776403,1.052367234050336,-0.06135065251426523,-0.016689824072974646
206,-0.029079253107458247,-0.7410395525507103,0.06033847155730515,0.026877306941110977,-0.055091143544828955,-0.30741109715688797,-0.09506342448023213,-0.06386002038266031,-0.0171754569089428,1.0104262150646417,-0.03552890072084594,-0.02049353397259704
207,-0.03339793673409694,-0.7641601223188359,0.15177500997929877,0.02985857656990439,-0.05525381188433627,-0.2649524923218547,-0.07859248058779968,-0.06831212013506474,-0.017167746967271302,0.9790076282459814,-0.019222216079422264,-0.021445837985160424
208,-0.03370354701814868,-0.7783525191400855,0.29153564918188773,0.0298962205509937,-0.055103845920780894,-0.24072205147053136,-0.05825783686257306,-0.06789068874528978,-0.01716613990093366,0.9523347530279082,0.07119051948775995,-0.025578876680105642
209,-0.03788093511743613,-0.7816833465692816,0.2926488324279361,0.026175439335365674,-0.05535401291467321,-0.22058229925270406,-0.05175087957811041,-0.06758146118472712,-0.01717285962000186,0.9328560679787693,0.16103414515557685,-0.03473398523884501
210,-0.033456391514730045,-0.7646827023620122,0.2705622388650272,0.025217442296115482,-0.05080823302416218,-0.19775221405491883,-0.047142928252785286,-0.07036445444535398,-0.01713878313044677,0.9053617343743232,0.25473585014110517,-0.03417137941135436
211,-0.03258624047076639,-0.7607038209639929,0.20666699234728614,0.025315974395778824,-0.05105253769463647,-0.17379815705192747,-0.04236415903717069,-0.07238762778719929,-0.01729667232160394,0.8576295028410184,0.22866595755087793,-0.03427374849902148
212,-0.029052449062013135,-0.7281890758625397,0.2017639253435758,0.02532425853060996,-0.05090312054781817,-0.14845247901886183,-0.013857032002609456,-0.07243435305195066,-0.01666422365226395,0.8315981418624329,0.20490595759693236,-0.03488283343594023
213,-0.029654370502787335,-0.7115138798086718,0.1747621573900583,0.02529276324751656,-0.05106757611510149,-0.1043254671391037,0.04698884364884918,-0.06831793116974576,-0.02077760193300673,0.762811154345528,0.1792063547106003,-0.03108315201811059
214,-0.029482361977388263,-0.6859962743618773,0.1488745687525656,0.02543862821668704,-0.05050505238163762,-0.07266543957667707,0.05853382985013483,-0.06349120561503757,-0.021250827235527,0.7234052652599682,0.16643348002879035,-0.03349148590351258
215,-0.029632574111225714,-0.6752587888357224,0.13510564285309454,0.024287218249426288,-0.0539692453337843,-0.0568981865555185,0.06469347531967773,-0.059182702451584836,-0.02574490692282303,0.6817261513164461,0.12417136247414808,-0.030694544579516512
216,-0.029390229591058116,-0.633104141359857,0.12241172903365105,0.014996861728368583,-0.055381221873473115,-0.04510226028848886,0.061573821812121135,-0.05956068467757237,-0.021182289014170495,0.632472870680022,0.11598093434700012,-0.03002122986066968
217,-0.033888471951484034,-0.5995450962677263,0.0968152717639779,0.015782552829397334,-0.05517544793150826,-0.03866241401690946,0.05283592424366793,-0.05932297014905228,-0.020627861615117822,0.5863234628724504,0.10224872640933805,-0.030024615062761346
218,-0.03382189467404312,-0.556554463331233,0.09587828696999014,0.013438475182564474,-0.05516014069078418,-0.038486343721861827,0.04719187076403055,-0.059893604720432654,-0.016301928677449735,0.5069739974054446,0.08754223335735968,-0.03001630959284808
219,-0.03264587074149746,-0.5092332681180033,0.09714585796898902,0.012604775993738854,-0.05577070254034158,-0.0339703765461188,0.0424586233027068,-0.05657455610887943,-0.019547523786471514,0.4741025693800876,0.055190522462393275,-0.03025587369772381
220,-0.029076082801378772,-0.46441846970119877,0.09719528904877521,0.012642023272136375,-0.060160963454549216,-0.03848291048810089,0.04221713717665357,-0.054989708756570235,-0.0218774442511651,0.41934629632813303,0.055957369658496736,-0.02854085338303499
221,-0.029645553614526716,-0.4198534932646217,0.10256707854342684,0.012666789648981023,-0.057603761205193935,-0.03875669950091151,0.036932776521126746,-0.05524174766240093,-0.02101982415528052,0.3653094774304715,0.05788892915382552,-0.02226243922295793
222,-0.02951262133955373,-0.332921795952054,0.11275550174099101,0.0126604400945754,-0.05470392988701678,-0.044469895089388874,0.033280748858796956,-0.05521499810007947,-0.025455702804477915,0.3570843081310177,0.06363673560427859,-0.024531853562531215
223,-0.0295416900608784,-0.3134483418338634,0.11969906856642684,0.012631939803222511,-0.055758825174993754,-0.046922924501198046,0.03625619102700119,-0.05474674062255384,-0.025723617255771807,0.28702987748323566,0.06443087067427712,-0.02592670305444824
224,-0.02953117373015663,-0.24990292119775284,0.14328567293982533,0.01277641210605485,-0.05155185341396675,-0.04700377106682966,0.03813269154846349,-0.050532004832084115,-0.025908645749367014,0.2607727467288667,0.06841150272514293,-0.02572984725289478
225,-0.029531514119441087,-0.2318993174842934,0.16011396549900173,0.012207513905710586,-0.05107570244789799,-0.04375705571964397,0.041300789796272226,-0.05110242244875593,-0.024687488644587634,0.2066086986079376,0.09332831666546026,-0.025419244973292194
226,-0.029657614691713092,-0.18031476763533674,0.1691838742245899,0.016097555034623894,-0.04658567118143768,-0.03875678871316907,0.045720971512767876,-0.05081232175938695,-0.02089874798999773,0.1451816002256059,0.12411999775743396,-0.02107715663011893
227,-0.028567597543434062,-0.13782884486971891,0.18533178356276298,0.016960124715733757,-0.04680759656383684,-0.0340203624238176,0.05929292119398254,-0.05141107950542468,-0.022024658181355097,0.11235312325074437,0.13943147494331354,-0.021500275006493798
228,-0.024892859788342894,-0.1336993606279203,0.19033937661983324,0.016879878586507212,-0.04665600142425085,-0.029337073242968095,0.06782846114690122,-0.04766634665326627,-0.018456591062304305,0.09177884610497711,0.16566271315286876,-0.02181879890581682
229,-0.025286175480830238,-0.10011350052846217,0.2354283603016857,0.01690314755215887,-0.04681921908171961,-0.023675415113443978,0.0716394709090182,-0.04652455211424093,-0.017089343656662197,0.08233583743431197,0.20207839946216183,-0.01892021839487974
230,-0.025865636957157215,-0.07465967850388273,0.2590983514566929,0.016648712455817984,-0.04626299095388031,-0.01472285345392679,0.0947196447811808,-0.04673596055285101,-0.016961662570950487,0.04053870625751185,0.2270873951021714,-0.016512360152868926
231,-0.02164122912847523,-0.04841773100556174,0.30435723639426726,0.01836217210118708,-0.0496546715988762,-0.012624114236685288,0.12326521217274314,-0.042196500415741925,-0.02151831963390786,0.025540642009888335,0.25656487713014753,-0.020915807748133765
232,-0.024724155413544873,-0.024717074400226555,0.3238449232185926,0.021495589794864867,-0.05114939128099908,-0.012331514144027545,0.16347728892449617,-0.04277963403282323,-0.022076182842836387,-0.0023117756836152936,0.2954285117053236,-0.02153620248667593
233,-0.025348710809476854,-0.015087076223679035,0.3485021625500172,0.021123673335051187,-0.05092383741106239,-0.0159638457708478,0.19515538605477956,-0.041024117264237964,-0.025057040517251578,-0.011270781246588603,0.32423365801180376,-0.016952670777030804
234,-0.025747000850750334,-0.0010558987258942158,0.36734288509383084,0.020692711362408255,-0.050925524878238655,-0.017114267239001398,0.2302656081364662,-0.03778796910100701,-0.021214804905433565,-0.030621303137787263,0.355379378126514,-0.017266854285390456
235,-0.0290705674330673,0.006093187259879639,0.3808915569180455,0.024798375059283347,-0.05147034816666426,-0.016980092729243085,0.2419764736273467,-0.038311362965700556,-0.019381849988002783,-0.044550475707797584,0.4210838489371969,-0.017136512838317703
236,-0.025053687952416127,0.010975951096044188,0.41267341623331966,0.025349782106301896,-0.055893794382529526,-0.016980830577625342,0.2528032836094353,-0.0382008924567931,-0.01633842088930435,-0.06260889814490747,0.46212275344827286,-0.017175321184658934
237,-0.023569876392275084,0.012913327148032887,0.42725673000065184,0.02539876478507409,-0.053432584175417214,-0.016987148465397083,0.2857792758457329,-0.03821265119223886,-0.020868525278896388,-0.06438260034543478,0.5095961659636608,-0.0171656161737858
238,-0.020569988160712878,0.012631907325316213,0.4460823251223211,0.024593350035369454,-0.05042799927977522,-0.016984597278319545,0.32973375438060826,-0.03822339923404791,-0.021331904108524764,-0.06899088530850035,0.5447590306822147,-0.0171677392100009
239,-0.021611076774947148,0.012622097413756434,0.4594985753161352,0.020733153156903588,-0.05160622702919055,-0.01698485097150793,0.37245967805108393,-0.03829093182796053,-0.025876521361140412,-0.06839160879947909,0.5722356519860701,-0.017167256149159593
240,-0.017473425658990956,0.012630807409073993,0.4740742815263278,0.02082217405070376,-0.04708789134959053,-0.016986978362710257,0.3858377266337065,-0.03743867880241554,-0.025466996684587257,-0.06972763759098989,0.6216321412903548,-0.01716744524827009
241,-0.01682411691447213,0.007598142004239026,0.47078976542475465,0.02348970708054,-0.05058155208141042,-0.016978474489115023,0.4220190278483299,-0.033804091351722916,-0.02718476933759897,-0.07592187887290162,0.6358951941867299,-0.01716853825746383
242,-0.0168162642863474,0.004852561549434523,0.45677686120611927,0.025522211977309122,-0.050903989505808094,-0.017003587707171832,0.44234812161176407,-0.032299464631860536,-0.02875170419020801,-0.07467535860020393,0.6459992595835917,-0.01715685399205955
243,-0.017522693742918868,0.009007499936198237,0.42628365410803476,0.02556440555797998,-0.05149610152487781,-0.01696444716813583,0.47469997640663547,-0.028950473509614896,-0.02524763927518399,-0.07309765836289632,0.663829731483937,-0.01722936118925027
244,-0.021461700479966914,0.00818929877263604,0.3851358648110645,0.021516038065045304,-0.05569295866194089,-0.016776834762941967,0.4841844044055531,-0.03255354635484746,-0.025822951487800977,-0.06914728655115157,0.6595258647868449,-0.016869878057194736
245,-0.0213477272205457,0.008923354713844494,0.378745822530342,0.01673406323485873,-0.05470969237004274,-0.011801460950431518,0.4834531001472294,-0.037388958140193204,-0.02583120980790313,-0.06866370075082377,0.6488718833783008,-0.019323155760823173
246,-0.018827542924457874,0.005165617749477567,0.31255439383961364,0.012376475762632634,-0.057527900994609055,-0.0069520463626983105,0.45893637085277295,-0.04230424678045931,-0.025575626557057425,-0.06864542793226645,0.6016808624345674,-0.025091175752256986
247,-0.01645378920710786,0.00410263862458553,0.2838487113122691,0.013015243079385714,-0.05963886198263704,-0.003487267852427476,0.437721302104167,-0.04238773973158987,-0.03018272059648644,-0.06870935598179678,0.551870830332085,-0.025518626226683834
248,-0.017281644951287138,0.004222635522608443,0.24008542910468483,0.010964422418256443,-0.05978566410884584,-0.006841680582062325,0.41649982694096543,-0.04307453622153742,-0.029653016362782354,-0.06848988328012263,0.5410478350817721,-0.029984297943224898
249,-0.013013470355910748,0.004217677056592174,0.15789364482941967,0.008564923297044936,-0.05551762715511563,-0.008751038378681561,0.404986878706998,-0.04745401669882078,-0.03231174559807436,-0.07003080092708171,0.4991278454225115,-0.030261693165220347
250,-0.012748323323026436,0.0042712768590597965,0.10818273816365545,0.004328087858115525,-0.05521913116122074,-0.008453767036756226,0.3386434301510997,-0.0565831214865348,-0.03989128764473997,-0.07748030814459536,0.41363642986090093,-0.0351171383497291
251,-0.01697144031760119,0.003905334048489423,0.009339462285653417,-0.009890215523471944,-0.05518030077352249,-0.008495111107190019,0.29186979973855637,-0.06455149122815447,-0.03613095641886445,-0.06726572664442534,0.39334749903037186,-0.042027635331106004
252,-0.018163087189160886,0.006159183367428125,-0.12262670201534666,-0.014030652051316173,-0.055203983049103324,-0.008492097974568555,0.21044379396026908,-0.06447001690830982,-0.033622028770885284,-0.06412178057394434,0.19783143541408682,-0.0461842179259925
253,-0.018849794902253605,0.008808950825201034,-0.2510953539549994,-0.007933777368694587,-0.05523206628949591,-0.008506726312197064,0.17344124372182984,-0.058502099151277985,-0.03797098623614901,-0.06438881488592577,-0.11237856658224557,-0.04158653813427819
254,-0.009590613018942021,0.00836677280099084,-0.3342608760685718,-0.05254950015068155,-0.05505408283719569,-0.0084005733054875,-0.05797075658932296,-0.07890369715465698,-0.038678711220166646,-0.06885651526466571,-0.22708511733594386,-0.047412865562733456
255,-0.008194546046781744,0.008451256186501176,-0.4319239159820677,-0.06035942466798012,-0.05577981711963599,-0.008954076734065005,-0.2928728710367779,-0.1033880375257381,-0.038626457333402094,-0.06949294998584198,-0.33664011295080926,-0.044283367838496526
256,-0.00884400939975053,0.008435696516483064,-0.5794489818887489,-0.14109318491712788,-0.05138954113308088,-0.0057488559527679025,-0.43304626379620326,-0.19401209661832025,-0.03874818518996592,-0.07355541191638908,-0.5329481899447949,-0.09332573326003368
257,-0.004737870252197885,0.008423610283698299,-0.6766859192612245,-0.20522229534543965,-0.054776100584213124,-0.006439477637148491,-0.5455446720055788,-0.26964151584347557,-0.037783070952473845,-0.07239605071029434,-0.6642514230094586,-0.12280742218739489
258,-0.004165021709753763,0.008607610248661648,-0.7730732457629065,-0.20113169770195524,-0.05518513698427126,-0.012652704417811512,-0.6544550164499551,-0.2630042859389176,-0.04398954433162569,-0.07584652925054812,-0.8817587124050358,-0.18607135276044204
259,-0.008542787018874728,0.007247267433108642,-1.0101222514184256,-0.20589437799338323,-0.05526102477160019,-0.008722961218242736,-0.7762933513989803,-0.2683426985400203,-0.0527940607121505,-0.07738550332327646,-0.9652350336148788,-0.25134332160473877
260,-0.00935867308806473,0.0037635301856319657,-1.1474727234804505,-0.20645937952768895,-0.054948374658061565,-0.008536660568850933,-0.9362878082054563,-0.26752975765792836,-0.05090048869599514,-0.07740782901283563,-1.1737799903079902,-0.24482044093434754
261,-0.011711701795378355,0.004356483896176512,-1.2910336918741756,-0.21423762946158542,-0.05677896157442357,-0.008464366311889522,-1.1154137119556724,-0.2687790072653956,-0.054891876124094956,-0.07286904100304183,-1.5208603640158755,-0.24976252907838703
262,-0.00826162642020148,0.004078831435700759,-1.366723199713006,-0.20404071395413081,-0.059866686744999224,-0.00849577702722133,-1.4373431064774558,-0.27394548371515154,-0.0597733115079798,-0.06845231866151703,-1.6729732328101445,-0.2518064989856752
263,-0.006107514517983404,0.004590806312242677,-1.4781805701625386,-0.1194317172518995,-0.059359375523498674,-0.008524668148066307,-1.6002943603723454,-0.1521996369334933,-0.0644871850953122,-0.06875201551182085,-1.8053547887534163,-0.25919892812824147
264,-0.0036585007718741634,0.0002561563206458315,-1.5102058351008272,-0.08543300087150361,-0.059463443570005124,-0.008341329066692788,-1.7738470955842716,-0.09476566060769835,-0.06438691785898892,-0.0686525331878188,-1.9755317457365287,-0.06374550602429646
265,-0.005032902644850386,3.2326570501286534e-05,-1.6034298454976028,-0.028502163066711998,-0.05944614651048307,-0.009063413228358552,-1.8593477473052074,-0.08466236305660087,-0.06384860120156027,-0.06864305456476998,-2.0525007150283847,-0.03134298157708904
266,0.0040467004727183006,-0.00014980215797826687,-1.6548056969082254,-0.03965243465863311,-0.05944794204397517,-0.00458669129048549,-1.9724432649465127,-0.060853996730285805,-0.06790425386607774,-0.0687941227574043,-2.1292163263255666,-0.01841617627340476
267,-0.00018719253000482245,0.0009818679658465765,-1.7363857133069471,0.01775022895007248,-0.05944825739231536,-0.00818746583224456,-2.083389945703834,0.013060043697262526,-0.07424187588235599,-0.06826640921643823,-2.209032350608796,0.022108912533326985
268,-0.0004934557491394858,0.005031277211175939,-1.7616165065733675,0.08945477067933714,-0.05944663766213917,-0.008455483710043038,-2.1610572885813637,0.07536515712018287,-0.06959601362172134,-0.07266983302332167,-2.245009362982369,0.032639095541201084
269,-0.0047095454422455656,0.0018939336219149778,-1.6899373768627706,0.21096237825666908,-0.05945518257147826,-0.008519716133026586,-2.2525072904525865,0.03155458033913987,-0.06891370020513654,-0.07296383097113664,-2.09218339187263,0.06204126045530703
270,-0.0040807298680672335,-0.00030311074819457324,-1.6541486265971308,0.20275230446331988,-0.05941489537807134,-0.008501059619435375,-2.2859785262263204,0.1676605909028328,-0.06452346438778059,-0.0724498094980987,-1.9755770422740901,0.22238993079604838
271,-0.0042721107830041806,5.514104987003348e-05,-1.602235265619452,0.18923699147488007,-0.05957937028524619,-0.008395665420809975,-2.3136047074226873,0.14984916501528275,-0.06418859928603345,-0.0682936431501202,-1.88314750403785,0.2359540049069887
272,-0.004133383924519351,-1.1179408113003782e-05,-1.4997220891776264,0.1794017268507319,-0.0590100001827246,-0.00893425151018078,-2.231433670869653,0.1268964511983941,-0.06019728560019637,-0.06842468792344532,-1.6000793114437026,0.20238743387885466
273,-0.0044708662138392445,-9.697940610479295e-07,-1.430598419647665,0.1594958694209542,-0.06337602273380659,-0.005576613762224489,-2.1236194223449534,0.1161497793986008,-0.0661718906050895,-0.07095337143739512,-1.5748643751442541,0.1590542117893999
274,-0.0005568520274301684,0.00010372864977997953,-1.3187874111208693,0.12757995122002422,-0.06370063848703242,-0.0040500146179807345,-2.080023420003387,0.0922031917413031,-0.0690716278957086,-0.07331500888657,-1.337520134628957,0.12349660960606915
275,0.004194885218914588,-0.0008760532521943003,-1.2443458044743425,0.11167461896217157,-0.06823137624890187,-0.004270477015415747,-1.904736307015952,0.07412911622275914,-0.06815104147187154,-0.0728052624687824,-1.1114649343405636,0.10877621178338989
276,-0.00035543512244460825,-0.004781010044117641,-1.1585558463246628,0.10706622408563758,-0.06782064940432427,-0.004253510574918551,-1.7704060730736884,0.07549353327889467,-0.07176432525844698,-0.07316741797004213,-0.9400156872325534,0.09491422142399822
277,0.00012210150041292562,-0.0036037151271736813,-1.0054173487624125,0.06860302006150756,-0.06798236919590041,-0.004120995651135722,-1.596758589705846,0.0419570863584349,-0.0731892719859394,-0.06856917701602272,-0.724881463772497,0.06295041063853207
278,3.000272553043042e-05,-0.007231103046222108,-0.9407994077928303,0.05912413902427761,-0.0679011310485366,-0.005216389102503061,-1.5397546917205651,0.030876699739839072,-0.07285025555507425,-0.06871492670330896,-0.47030806333850883,0.038022573570210196
279,-0.00030530911215510587,-0.005873183807606511,-0.8013967094594106,0.05024717945680806,-0.06806510768291234,-0.009311689036228709,-1.3284283630845428,0.009179580856380307,-0.07763432340197612,-0.06893542037569726,-0.20056638038722652,0.023601869369201448
280,0.002288857065422695,-0.00035116662141203737,-0.6803499460576421,0.05145591851321678,-0.06752624045848961,-0.006140517605260369,-1.1369971161638353,0.008580644501074245,-0.08180080901552539,-0.06680565475767967,-0.03304669319513915,0.004843027325029336
281,0.007714902305143139,3.299387644953007e-05,-0.6283459928245492,0.05520968132995405,-0.07177203908483201,-0.00394342013921072,-1.024509727511708,0.0029954196681646083,-0.08155084705741701,-0.064542412787047,0.08135267231195506,-0.013697922343619284
282,0.008596979617973155,0.00029540425193595596,-0.5278207182620845,0.05478297000818886,-0.07218974400967478,-0.004305746375684649,-0.8979316400643541,0.00010037333246534758,-0.08109175541051937,-0.06099503101962924,0.1680446013747126,-0.018893110167867388
283,0.008402919477207848,0.004598543315893807,-0.4481528796213974,0.05473835607038608,-0.07220550006716366,-0.00422308499241659,-0.6904017612760635,-0.0021978131280924987,-0.08438265513953663,-0.06347394670081843,0.24626488391487134,-0.026312595967079626
284,0.01287073465861415,0.004072218909915974,-0.3442870509960228,0.056551260151734235,-0.07217868700321958,-0.0042333531980894646,-0.5556983977263936,-0.0027249154825126952,-0.08346394260942808,-0.06445799156727149,0.3129535946000445,-0.027596002735996678
285,0.012728529133377115,0.004388339823897664,-0.2674163105128384,0.0688304916884823,-0.07219089631628824,-0.004715789695164762,-0.5324681925199969,-0.016747980082259275,-0.07757038008181542,-0.06440098660786052,0.43230114550291965,-0.030149910297173243
286,0.011506739803439962,0.0036323990878800766,-0.20073564625003448,0.07941295498864476,-0.07217826507637475,-0.008847064304151848,-0.41789688352717846,-0.01828282939290758,-0.07734862305839979,-0.06420896166177915,0.46534690109018123,-0.03267975454322429
287,0.00671941911217866,0.007762281422650692,-0.1472845769719256,0.09302220776592068,-0.07221919855057304,-0.00873528438619844,-0.38432754763731414,-0.01701408637017327,-0.07275472950407523,-0.0655652829427547,0.4496609236074175,-0.03848247662949646
288,-0.0005664436080537955,0.0049089106302714,-0.09280264331119369,0.12497866424675265,-0.07207671921765547,-0.00628761863231707,-0.2783742427423671,-0.012535193347222908,-0.07325864923462773,-0.06911748208530477,0.4126142479090573,-0.03450862140916416
289,-0.008252297581616545,0.004301844329932368,-0.05490994983176503,0.1539668991495668,-0.07246512778352618,-0.004148977092337402,-0.2344444957215672,-0.0070631156996189635,-0.07157679373026844,-0.06859677526890631,0.40637439680813714,-0.029914222577189543
290,-0.004885842788934963,-0.00017126736613017496,0.007845550070232757,0.18843292164610412,-0.06797344166823575,-0.003493907524107058,-0.20592276892177688,0.009510092301088114,-0.06854692863302517,-0.06856702891349654,0.37713317019076525,-0.029871651399673092
291,-0.004163631323979733,0.0002739540008553019,0.03451199984693314,0.2070640925506987,-0.06810172571555664,-0.011956217453583853,-0.1691546317058006,0.025372401401902982,-0.06658691164203419,-0.06903191127418572,0.358010328813954,-0.021437220155873273
292,-0.004148247025227369,-0.0012740654599366998,0.0668264479102535,0.2528563233382823,-0.06704989146541225,-0.012733604293787679,-0.12725848544791551,0.03468278126164149,-0.061276667863070726,-0.06455151192777335,0.3340874819812289,-0.009804145950958165
293,-0.004920641964154482,-0.004175532086689274,0.09618880845344106,0.29472122954361685,-0.06326502861013679,-0.012883030728758146,-0.09672772268996413,0.040360156309446595,-0.05653350262411908,-0.06436514749288248,0.3205191709569434,-0.007019792329387724
294,-0.00858145185823309,-0.006915570102278063,0.11861704980856723,0.3174868278236737,-0.0637189733669164,-0.011825388928141549,-0.07855885559762331,0.05271619877234815,-0.05169083617682383,-0.06505562257319311,0.31019644321209516,0.004873649621002917
295,-0.01014748863218561,-0.005728640408626597,0.14279439816244271,0.3528727823975555,-0.0640329544055517,-0.007941685550312416,-0.02829712345446688,0.05902558545856364,-0.04686283101269357,-0.06892070612868229,0.281728197532224,0.0162256882843733
296,-0.01275590556618464,-0.004353379165961634,0.15240613879126844,0.3912236189719229,-0.06076721071869661,-0.009062131622685269,-0.011497362773682658,0.06815796395799854,-0.04199400619906213,-0.06998097720380062,0.2710149514599459,0.021363670008129044
297,-0.015067921486217191,-0.0003139589501010942,0.16216616485434202,0.4361978629501478,-0.055805658326919784,-0.005623831230340083,0.010315873234543547,0.0774585132590736,-0.0374099476925389,-0.07601143892406985,0.2338525291744839,0.02647161721794837
298,-0.020527523881544402,-1.8856709808414374e-05,0.1703789565811416,0.4750696195153679,-0.0510190164290592,-0.004441620319212349,0.033870990019608804,0.08851632928594455,-0.03090379282081552,-0.07698238902737067,0.21867356043452704,0.035621692019694486
299,-0.0212098608431869,-1.0438311444414772e-05,0.17492655813842142,0.5234982640076069,-0.045864104251396746,-0.0004457619527742755,0.04208797795204371,0.09909902363548169,-0.020010469649777374,-0.08097594498949152,0.1905919653358172,0.040261729874960094
300,-0.021188211701017187,0.0002356650133586288,0.17796078486166492,0.5532265218008025,-0.037463350482088154,8.434414017657703e-07,0.05084747917162103,0.09563556449219468,-0.014929573227010676,-0.08149335997907214,0.18425474203399345,0.04318625286651204
301,-0.025470174387424334,-0.0015617574484405236,0.1743381545092619,0.5907201318717943,-0.03869111929935649,-0.0003380588221767736,0.06006454477211596,0.09036942000634168,-0.0015062136658688828,-0.08625283833960595,0.18232509176177322,0.04330823180605289
302,-0.026316830891706073,-0.004638481275555726,0.17243641442529167,0.6153337709663246,-0.03647519745704555,-0.004671368982207506,0.06485625024884396,0.08899603080895648,-1.1916613376248934e-05,-0.09056636808030738,0.17746608087117877,0.03965734955383993
303,-0.029393912499431876,-0.00412980004953346,0.176936529739014,0.6437106198124882,-0.03134982939949056,-0.0040345580761636055,0.06796803561085947,0.08919437505039428,0.004551453495303355,-0.08882626799074865,0.1687375264970634,0.03861991625473003
304,-0.03338982005361237,-0.004234928180352162,0.17719926582272008,0.654120618551902,-0.02665242071441433,-0.004689253995818094,0.069999746856056,0.08917179658601465,0.011577463184633676,-0.08500399267938478,0.15914348755888297,0.034599033104693165
305,-0.04106050632369071,-0.004218738458747989,0.1772754184820555,0.6643704058983207,-0.0218652234798961,-0.0016137858908430807,0.07207579854105262,0.08916903905630041,0.029767910367497843,-0.08849805660663605,0.14504866525113996,0.019961497178387206
306,-0.045287973312287164,-0.004219144607811135,0.1769097076005781,0.6844286748535908,-0.01709424430046171,0.0003397294002776151,0.07546804460787031,0.08918802462872616,0.037649023765665215,-0.09038060754772435,0.14165900233345816,0.00788994816182222
307,-0.050067158008821076,-0.004193742436892157,0.17906395249068116,0.70947370982218,-0.012325009663925796,-0.0002806434978170352,0.07626959289309532,0.08908317030861151,0.050611540835810424,-0.09009100963062,0.14061367570208452,0.0075221920138963455
308,-0.05481762162051533,-0.004432109549229508,0.17977616331980004,0.7251915686748412,-0.007508047700522569,0.00413814340908127,0.08060581795653052,0.08959014022377991,0.06230736290992785,-0.09013241448025394,0.1349289363720399,0.003649516979090778
309,-0.05997557767363936,-0.002814108465984925,0.17674101912668053,0.7260620078047949,-0.0030070476833336545,0.009027461865864988,0.08059499446722367,0.08652571795640673,0.07124460117972173,-0.09014799229345938,0.13263658506342518,0.004925911460996725
310,-0.0680064815922255,0.00043407301881508923,0.1774102499906965,0.7229013258048025,0.0035644615770381513,0.012455450519336593,0.08089203361192414,0.08468121046243168,0.08546205055580083,-0.08994661182627518,0.13359740641270765,0.0008427832078837763
311,-0.06867664630640503,-9.736980001056799e-05,0.17690272678066057,0.7151201373985052,0.013982522590617472,0.006586190109514739,0.07941737128781041,0.08494416829561358,0.09515478236375895,-0.09139938565417828,0.12910534989325406,0.0004157682908401722
312,-0.07216462328020096,2.069880483246784e-05,0.1813518852891679,0.692652601109463,0.0202245787639708,0.003917746222304829,0.07547634759098801,0.08493982332983455,0.10497381038190164,-0.09527964978748141,0.12889303083488443,-0.008317871155780907
313,-0.07186156361088256,-9.185355172108911e-06,0.18138031735093335,0.6744151449897606,0.024790440713541757,0.004444289264822523,0.07956951280145365,0.08513954332126805,0.11413992961861348,-0.09169628778333055,0.11973169317037478,-0.012968609913775296
314,-0.07088366903676772,7.5531525143624e-06,0.1814647682907664,0.6619830755875112,0.029580157384505673,0.0037669954668697,0.0777562493632154,0.09023669200877109,0.12656579296724055,-0.08988983342933222,0.12033498768475258,-0.012855103368961585
315,-0.07902117713353189,7.138636444987234e-05,0.1814045683042713,0.6378128833680885,0.03428679164108832,0.00804427103515136,0.0762288005729888,0.0943373480477026,0.13611055340939276,-0.09016017073865105,0.12042206664411395,-0.012733876095484726
316,-0.08024517191618186,-0.0007589984255977119,0.1815424080205223,0.6353739467233165,0.039867632334626306,0.008420975427623434,0.07647498191013603,0.10233694172233987,0.1408528642887583,-0.09012880762698045,0.1182039701599487,-0.01362943444967664
317,-0.08018868555280417,-0.004364519921550339,0.1809842114475876,0.6169517058461345,0.048773175185671785,0.012894323838375939,0.07677060564997852,0.10469995580485901,0.14122231705325522,-0.09015146086762678,0.11550440793950474,-0.007933388201888644
318,-0.08020012138638999,-0.005964656608115737,0.1844397452717957,0.5978439759183403,0.051983785216606904,0.013233943415981948,0.0803148837177606,0.12249618334704947,0.14997481785498148,-0.08991062713184081,0.11595072050580081,-0.0011503063406147812
319,-0.07988958839546023,-0.008731264608799331,0.1858053004591109,0.5865227260144014,0.06288199668933733,0.01844574850176709,0.07586824706184,0.15058033556385664,0.15445960850315105,-0.0916072002089445,0.11586938837491416,0.006845383717641588
320,-0.08193257654540345,-0.008799549813587347,0.18568683909790326,0.5511996075698028,0.07136085240496493,0.02352703187361025,0.07654754068783592,0.16399341472977103,0.15592050584763184,-0.09455077003725056,0.11588073082051852,0.021021878358156044
321,-0.08478339009158196,-0.00489734237542251,0.18575668532721737,0.526974037732428,0.07601080610375001,0.025451318023990643,0.0765530119109284,0.21018373466435677,0.16516539676607364,-0.09655514105870965,0.11588565555588241,0.03535441797598454
322,-0.08430776652940172,-0.0041585749805179125,0.19018957310535387,0.5114998189886304,0.0763528410805943,0.028091705547515604,0.07588142392841192,0.22718148898253718,0.16926995222207292,-0.1022371805292825,0.1158266045978468,0.051769764786043206
323,-0.08440104927702048,-0.004200947731799217,0.18973456890777948,0.5090889133574787,0.08080656084607858,0.03353565232057623,0.08042178563444943,0.25095254821387886,0.17431079693659898,-0.10316858889360807,0.11619784266796519,0.08268338569762884
324,-0.08438782473903032,-0.004363867734124756,0.19003513026525973,0.5525641739015976,0.08146768468978756,0.034001198821082636,0.07662228559515205,0.3047726600634624,0.1789967239287047,-0.10296669692495071,0.1138984141059937,0.09507972993644033
325,-0.08438973972834443,-0.00319171693766861,0.18928228012247458,0.6049570388958807,0.09407841490321527,0.033993601399303165,0.07648692747308286,0.3403416499845375,0.18413647927632737,-0.1075614518715729,0.11121599841445898,0.15272606404092498
326,-0.08435397696200304,0.0008212332817747057,0.1932326178533692,0.6654065161726838,0.10259365141620731,0.033801645008680985,0.07644669275792536,0.40032881638237844,0.18457740554181748,-0.10702713069792734,0.11165804214000391,0.20858679323450094
327,-0.08463116860695948,-0.0023840538071367894,0.1905001955514163,0.6921274823005789,0.10419765381236085,0.0351380603389194,0.07615110343324422,0.4617358154240401,0.18489379003565173,-0.10846483308241052,0.11157838907685878,0.24376357350723515
328,-0.08283647687148502,-0.004512199383467964,0.19379413610252402,0.775906912922706,0.10644739439019137,0.03898833825243454,0.0782623435794881,0.5298822170067103,0.18923142062122228,-0.11411434049933677,0.11158811707319616,0.28525295839186326
329,-0.07965818538259582,-0.004169214764936699,0.18993090203796603,0.842112825853332,0.10619117192691555,0.03596107329269774,0.0810678884139237,0.5927081067197446,0.1887444829809373,-0.1161694034676478,0.11158385284319304,0.37785542296980074
330,-0.08062394525613635,-0.004225130852925177,0.18997918576657397,1.1122639695866112,0.10605388526232101,0.0312178742177356,0.08060255312123148,0.6597144659253781,0.1887530274732556,-0.11572900005070837,0.11163053306303443,0.40337804535600313
331,-0.07713394193424143,-0.004219618361005505,0.1896407650220994,1.46849893705698,0.11066327598783103,0.025655366653810713,0.0806914070957998,0.726759968201546,0.18932292971603548,-0.11614127388349389,0.11133180965437275,0.4685015433165438
332,-0.07230802564674839,-0.0042190401550256575,0.1911883658120283,1.635698588917408,0.10942049838158305,0.029478564712364045,0.08067840756269051,0.8545903549757958,0.18546438979930038,-0.11159349978511075,0.1132688786063704,0.5227714887670214
333,-0.06752765432543786,-0.004219573827445794,0.19463611752853585,1.766815645491159,0.10700065404184649,0.029632714811777594,0.08067918648834725,0.9725818532228423,0.18466055252854074,-0.11206745723569049,0.11837633442971068,0.6368217950911049
334,-0.0675435430605815,-0.004219248698426515,0.19355105200393352,1.788917525586302,0.1109609878509774,0.030367337434809093,0.08067983124352468,1.0363859749457573,0.1803386733898055,-0.11626690224322418,0.12366352176478047,0.7079066667748827
335,-0.06765129070389937,-0.004219966340269529,0.19714248589961425,1.9023363008551861,0.11027804499946509,0.034478303302513495,0.08067742547881754,1.0912679700023449,0.17550629346988278,-0.11576961992204675,0.12434069528190962,0.7716759863101381
336,-0.06639500916984385,-0.004217219219601466,0.19857279778594722,1.9761801385983981,0.11041916258819585,0.03346849866189787,0.08068929664259532,1.1438705281980535,0.1707175396682097,-0.11588564827769873,0.1285668355277824,0.8688427897456568
337,-0.06117240055798357,-0.00422686273924359,0.1981274710971953,2.1890311992563465,0.11042616181385931,0.03638040175532981,0.0806363814993826,1.1767419119233893,0.16547493606368624,-0.11596443988809191,0.13319801505113818,0.9154090504238646
338,-0.05672360032233704,-0.004200357797009286,0.2026154960076782,2.4261878601812605,0.1103652642420548,0.038509138785687916,0.08084096377483128,1.2329740587254894,0.16320088052034182,-0.11557990398688922,0.13297374896220718,0.9512116084980918
339,-0.0513762244794649,-0.004229822554370847,0.2030066041472598,2.3929431885920973,0.11017834708845956,0.03817104699754295,0.08018437437008503,1.251849568733312,0.16032244921061464,-0.11954158590298343,0.13306448334223725,1.0192880231024806
340,-0.05086929232127059,-0.004525725943859467,0.20728536677123424,2.3172291824419924,0.10598156321199804,0.038217564264454953,0.08491982010136723,1.2217638912135695,0.15899042310282385,-0.12448387574057025,0.13307185127561127,1.033393271615592
341,-0.046526377694963136,-0.009018216314937273,0.20625387195593262,2.2033976318840875,0.10496760458376986,0.03820802115051981,0.08066762525474855,1.1397542779997945,0.15493264840672488,-0.12440682403049912,0.13292019561163038,1.0712645038194042
342,-0.04624354275063516,-0.007040753743574422,0.20902716973033778,2.1554261776033816,0.10184370356791231,0.038360367969152646,0.08537108280051607,1.0748651988592115,0.1545186011754647,-0.12448558066356326,0.13350283876499766,0.9841382509510306
343,-0.041810122687815726,-0.0034358087279555754,0.21125312202741994,2.0458087468690436,0.09947557524144719,0.0371332842151183,0.08474810840298208,0.9691032530026963,0.14957483532873192,-0.12445883448000021,0.1292478398963508,0.9222606885640902
344,-0.04231642033378874,-0.006738384322397876,0.21102976477743726,1.9378503632598296,0.09769801141387646,0.03340998573924431,0.08507675496289693,0.9015432275394764,0.14558464903334045,-0.12445675398777914,0.12877791561927768,0.8854007329096099
345,-0.0421870246781226,-0.009122652007258387,0.21070127215731654,1.8174522667590385,0.0944160903254368,0.0345444648648663,0.08444044852055356,0.829134826879902,0.14627691008052732,-0.12449597818258074,0.12932667468872971,0.8357800084336318
346,-0.04208305963100472,-0.0047485066985347565,0.2151883312805684,1.6667551170118078,0.08936932171334486,0.03094077703577633,0.08797048004855787,0.7658802427360037,0.14413617230438833,-0.12435713866522767,0.13791137355301214,0.7590268569916071
347,-0.042639948454383805,-0.0041927987366706596,0.21552130046425444,1.5430720457314187,0.08442315351401386,0.029807381405024185,0.08898006538260356,0.7257008374121879,0.1388848130485398,-0.12469555985781594,0.1385232574689843,0.7184649892847234
348,-0.03869850386837785,-0.004265400864414507,0.2196288656744137,1.34987765048693,0.07592519538571173,0.02600716993468438,0.09311714381696984,0.6053099726554712,0.134240239914213,-0.12011065790490844,0.1417301408216519,0.6421018192016263
349,-0.037903641101221755,-0.0035595964726909146,0.22064802179820373,1.2062051209316074,0.07573807710110597,0.021197912090588144,0.09340175447245155,0.5089169731749036,0.1291136580522616,-0.120321649959033,0.1441171422379609,0.5534263773398201
350,-0.03796676773828647,0.00044728853184959025,0.22421573643525605,1.0422544516557615,0.06988369065323849,0.020784520369648445,0.09330824883012837,0.45536187736767875,0.12874912476465555,-0.11955572055208182,0.14620878550936348,0.5018786760077628
351,-0.038016105525725104,-0.00012792967707435265,0.22303734217164947,0.9734902770757615,0.06765906862392995,0.016466623646035933,0.09445043834856416,0.373987592477098,0.12834876121987104,-0.11241336057233181,0.14588175891297891,0.41645246662609464
352,-0.03772334754337335,5.96452314603041e-05,0.2268955127412912,0.8609494238072503,0.06802422451519342,0.01746631361781712,0.09812436518137586,0.27408286104253904,0.12405116294412163,-0.10464244085747863,0.1459249792985364,0.3674463054553591
353,-0.039559171605639806,-0.00012311969028101845,0.2276621272735405,0.8055874512492012,0.06784438398209042,0.014756110446724861,0.09755082872939123,0.26007648326813954,0.12461023109577818,-0.10024174125458192,0.14592530108967122,0.2607340524474466
354,-0.04261071039584501,0.00036187316808071544,0.23190307902351778,0.697065013621537,0.06809008798964004,0.012235955583663187,0.09769666744162815,0.20023388963370473,0.12431783079651938,-0.0954499963890736,0.14590845887808926,0.24759762097893087
355,-0.04210506737953336,-0.003958287093336866,0.2320236968924708,0.6134733650531004,0.06350397757509571,0.013397001436709098,0.09763202067229207,0.17300327172235025,0.1249321334166107,-0.09031267801882373,0.14600565328162882,0.20199486529637092
356,-0.042209881710017556,-0.004163269300526668,0.2320827683706783,0.4758462417935896,0.06456839842860086,0.005320994269871145,0.09772815515774451,0.14177529968007058,0.12110104778652656,-0.09006839869063217,0.1455196125964335,0.15342793180661318
357,-0.04219242883429849,-0.004776611889346148,0.2321314938679709,0.4098080050814419,0.06713303991545616,-0.00435612600623564,0.0977136053519371,0.11151942846657115,0.12005971526664941,-0.08507691154861513,0.14848493985384895,0.13701265740216484
358,-0.04219403669555883,-0.008860208523486556,0.2316993769379425,0.3505256000421425,0.06343131098526328,-0.00890800071863109,0.10219626358341434,0.08730258322769281,0.12017136041057509,-0.0802192265785826,0.15060336301459953,0.08376981679843332
359,-0.04218729088608746,-0.008317694496059461,0.23435170661021718,0.2880766914081553,0.06179590044003041,-0.014925605200512471,0.10184844635528423,0.07360662148766324,0.12028587672660661,-0.07612136958549306,0.14983584212256024,0.06466953835665017
360,-0.04225100823501521,-0.008476167127188112,0.23668512507572043,0.2524200815291992,0.0564957194494918,-0.02297567030856808,0.10166740591742832,0.05773622914611182,0.11922947771698256,-0.06638706152138313,0.15442207111113518,0.05618349219067873
361,-0.041868975101578665,-0.008400187063777893,0.23595655104592275,0.21065084175280452,0.05179889232273015,-0.02971496186502304,0.10373186382084475,0.039227286315179244,0.11544273571272771,-0.05363842611064211,0.15465122399885617,0.041216741378226146
362,-0.04418792964587948,-0.008546506293014755,0.23993607637740222,0.19127517346234538,0.047068601898421665,-0.0370127465382228,0.10895279996151282,0.029538652449583917,0.11587886846351764,-0.047970265442007935,0.16002235082205085,0.017844345239956063
363,-0.04673631489296378,-0.0081905873750054,0.24474196923163152,0.1642534141577287,0.04236917464028767,-0.04139770613501746,0.11350504864197272,0.023584264476723342,0.11631713561992829,-0.04334442482951537,0.1631460097101832,0.0052247159194339044
364,-0.04648986322465132,-0.012675266032900381,0.245098144701855,0.13859474870019106,0.042530931821538755,-0.04614346212937025,0.11863187323726135,0.010368710790169428,0.11249772442766706,-0.03862810327392996,0.16475415449313519,-0.0018920398918029309
365,-0.04601467786570851,-0.012577767054987993,0.24937698160107316,0.1026470071309345,0.04245744354662742,-0.0509619870953909,0.11889957175590934,0.008382123084458746,0.11148087665359133,-0.03717793347963187,0.1695359912842058,-0.009372841471493623
366,-0.05061198571977094,-0.01275200747321902,0.2488173441193931,0.09264373201990976,0.04236857398995694,-0.05117355014456842,0.12413886517671313,0.008510793645781214,0.11158547404139595,-0.022360586320559872,0.17794994587094062,-0.016092911136593672
367,-0.046174412042186606,-0.012290190157435963,0.24897552636110445,0.06156028973400988,0.04290622952701234,-0.05684415961803248,0.13330597837607172,0.008519568126752784,0.11170719169377485,-0.014858918531664635,0.18390547758106643,-0.021066876147928355
368,-0.04670548174903031,-0.014832474729001817,0.2489465259866083,0.04658141865378825,0.03950829625653598,-0.06866810715517438,0.1358835034808823,0.008390917615863112,0.11062492950912677,-0.011862686016656358,0.18877771341714186,-0.02139173927907196
369,-0.04518616598217898,-0.016773752903253992,0.24891649705532734,0.03871134725591038,0.038030776368741796,-0.079435700661371,0.1374790005419357,0.008705136291525514,0.10683407724012565,0.003294614946979812,0.18910157765811994,-0.025987915897447433
370,-0.04165173595635423,-0.020041207756236284,0.24902727013269274,0.03450031521468718,0.03823467435843502,-0.08258254603404148,0.14330606001508556,0.004174160640095853,0.10741027651009367,0.013025609314125752,0.19320868822159892,-0.02544569106412966
371,-0.0427505026203635,-0.021230850949996605,0.24885093686207263,0.029668790461968002,0.03821852562348004,-0.09179506600751133,0.14421518142442258,0.004334858657522154,0.10727188585340297,0.01258512937445796,0.19535115788584884,-0.02713743955995827
372,-0.03917186775804989,-0.021092649475996525,0.2533672779360255,0.024734850298601934,0.038214933818862075,-0.09349139410588725,0.14794035107063458,0.004166907591688973,0.10730051748410238,0.021897805631104935,0.20465196716782486,-0.030406349376057566
373,-0.03789330667689061,-0.021113032525797566,0.25289113815126785,0.015675895291453284,0.03821679015094428,-0.09758262838015652,0.15282864467968407,0.004516474814735967,0.10729527010899016,0.026240702550761736,0.20596814801649793,-0.030257082394232748
374,-0.03780394332432682,-0.020909485975705737,0.25441190358979365,0.011445319962244944,0.03821834527244431,-0.10650435336340319,0.15767020685727817,0.0024796900077604773,0.10729594154045283,0.032783081831461496,0.2082686311238015,-0.027392987463240728
375,-0.04229554450617192,-0.02238610542001664,0.257823343624243,0.006539308338493122,0.03820793510425721,-0.10666279969289032,0.1617154441757318,-0.003131239338971265,0.107305322129471,0.04016435782594943,0.21798984015735048,-0.02162756039252093
376,-0.04193806717764375,-0.025837369901708537,0.25728054505906783,0.00201693136094193,0.03824969055286227,-0.11208689407131336,0.16102593879397784,-0.004413432557039082,0.1072263601814297,0.050173989616829444,0.21886380605325517,-0.025525231581735894
377,-0.04350401586673531,-0.024882972837771994,0.2574056922770195,-0.0033188182165686383,0.03811226112053443,-0.11665785001014513,0.1629843073432715,-0.004211373809299789,0.10767882561543972,0.059386702895213486,0.22367154048259671,-0.030181295070074655
378,-0.0452634398055114,-0.027984974824122273,0.2573783746102675,-0.0039717130130727425,0.03842710298871874,-0.1215080474973481,0.16870073033156305,-0.0042452886221512965,0.10495997228277495,0.06340785076051697,0.2277730183399405,-0.02996850044780153
379,-0.04166887525310897,-0.03326949306084335,0.25738859798504593,-0.008185988100101323,0.03389131486782911,-0.12614910152136008,0.16972814388510202,-0.004569388564142188,0.10312382955214762,0.0685760953167078,0.2271593216845212,-0.030092178475829918
380,-0.04230821270368136,-0.03383064797412541,0.2573900590971375,-0.00847615757777069,0.03392774906049386,-0.13125568412633978,0.17327003878463862,-0.009560368734913125,0.09965388323167022,0.06881879506912307,0.2290022492522075,-0.029905530706140934
381,-0.04216654475033692,-0.03395878808403706,0.25724872356603834,-0.013460543998233907,0.03492952681111064,-0.13164422478394877,0.1783102778203548,-0.014598672359509714,0.0985467222874004,0.07374059015680318,0.2348460939858929,-0.03146281082390226
382,-0.04221509863987108,-0.03814401970749271,0.2584302424654994,-0.01718116039483791,0.039047964183060065,-0.13156483619914763,0.17855442631147983,-0.017032640076586423,0.09865688782444253,0.07978980861849576,0.2357828056126459,-0.04341069917216687
383,-0.042191843017235504,-0.03908335308212133,0.26168457386873284,-0.016765972296673256,0.03583286654247727,-0.1324279804977764,0.18358745864656606,-0.01909020576234384,0.09421953133865767,0.08865896561757773,0.23982771360974603,-0.054753631304385146
384,-0.04183056676430304,-0.04230562271606704,0.2637316061164548,-0.017013111615382402,0.033667342403099536,-0.1363395472341394,0.18859467436031205,-0.02485406972699465,0.09376579619074336,0.08984430421255028,0.24029758812099344,-0.0600053259929584
385,-0.03751243634331921,-0.04438324428333326,0.2657043417782364,-0.016418030950627233,0.03404786551176048,-0.1357550164839357,0.1911143626418318,-0.02526610807879246,0.08804312270361343,0.09332802952830807,0.2450637291240762,-0.059980123425666707
386,-0.03845136108246072,-0.04686202673467999,0.2691248235301595,-0.020138957576308573,0.03390589453046525,-0.13593972597393839,0.19323264770066773,-0.02965202551759426,0.08542747380887863,0.09433077157259336,0.24980814265557655,-0.06084894794807703
387,-0.035805452734441634,-0.045980726853163206,0.26988641483766823,-0.021218730471417674,0.033895637164196094,-0.13576217884303085,0.19844201281038384,-0.029684137542483963,0.08632749731680332,0.09846338799319232,0.254650779888167,-0.06489691023438818
388,-0.033984758453924346,-0.05035446411307704,0.27418488148695525,-0.021092168364550832,0.029417856401843318,-0.13619537760156084,0.20313123301096225,-0.029552587995509198,0.08247007287861922,0.10314230500802239,0.2595890713741849,-0.06393008346958251
389,-0.030196891000025598,-0.05061211523241021,0.2741185986545382,-0.021091468426805038,0.029840387546757795,-0.13174666358707185,0.20791254258690497,-0.03107067881335013,0.08122932514473932,0.10292891644709375,0.2638926007153437,-0.06664852817232651
390,-0.033152128087516344,-0.05068887083082045,0.27508102912737076,-0.021112638471178276,0.029681899259104604,-0.13175751628451482,0.21268638225926806,-0.03430683062568087,0.08589370955238633,0.10304417331929557,0.2722109198286303,-0.07167930756548095
391,-0.03368491675394959,-0.05037749876392763,0.2786820187868337,-0.021015335610560806,0.029774034869696205,-0.1308774517133525,0.2174041844267936,-0.03432414518285488,0.08574840851191576,0.10291719399690957,0.2787505892090443,-0.07680035546312794
392,-0.038115613937996284,-0.052214617371651444,0.2799125258524284,-0.02149264298577814,0.02955847170731357,-0.1268787124084202,0.22250602505739675,-0.03086191664434822,0.08595337899751494,0.10334506219710045,0.27889395931835176,-0.07727763688123321
393,-0.038494349065864464,-0.05523632090684911,0.28520857250029247,-0.01864676075471332,0.030254839918218288,-0.12783066223929582,0.22519039140325683,-0.02956925957500668,0.08535747824459207,0.10022830978214856,0.28354831576685074,-0.07726474705655133
394,-0.04304779216547094,-0.05489367169224383,0.28979049599916196,-0.016591061973491868,0.025510675094220506,-0.12516405283699797,0.2266999548690562,-0.02973473560735582,0.08858941675026631,0.09484123605467648,0.28983488494263515,-0.07724712330387964
395,-0.039848791082150246,-0.05443238408769135,0.2945602070104097,-0.016925579388669034,0.02973295722460314,-0.12022865901505363,0.23541221577015156,-0.02972618132747542,0.0874315593116486,0.09438083989943824,0.30357626635097856,-0.07725626467257354
396,-0.04013294823620691,-0.05874052332825557,0.2992218017635651,-0.016869858870535718,0.0251144278834936,-0.11504074003420656,0.24161949210552572,-0.029734426235599142,0.08594556060383256,0.09411678025570305,0.31468083605007924,-0.07724707396335964
397,-0.0421150755011664,-0.0590639995149576,0.30388691106007387,-0.016868397687898013,0.025385053177453043,-0.11473978609691042,0.2458169612115282,-0.02964691738029879,0.0819366973001497,0.0897029439328637,0.3276629375100734,-0.07727703947444424
398,-0.04564891666204528,-0.06356187068077694,0.30362740455802123,-0.017017222939235053,0.027017796610289337,-0.11020477326471802,0.2597052463019355,-0.03011413975891096,0.08164912373395877,0.09048160143895079,0.3337352074452079,-0.0771683161697095
399,-0.046488573941266625,-0.06317609963023257,0.30461419326370637,-0.015836969487551547,0.030144425543509348,-0.11069117772037003,0.2635603080892533,-0.027305433165375315,0.08612752136118128,0.0885227697360538,0.33810134486209553,-0.07748979511839556
400,-0.04642844453238896,-0.06332606860310112,0.3100405711791899,-0.012197188055052093,0.02966837909688162,-0.10907168175154655,0.2714040235127241,-0.025214155557978343,0.08572889132477428,0.08273390809285056,0.34723488232949123,-0.0731844821483862
401,-0.046277120215114584,-0.06328220394951188,0.3126636691456185,-0.012800529122625815,0.02962469886901873,-0.10603305537981618,0.2830214675240903,-0.02542892116897035,0.08586896324437468,0.08167734324343236,0.36204808392799315,-0.06857550375074709
402,-0.04740396619940277,-0.06329312344641887,0.31169328194685214,-0.01251266344702209,0.029985060608908733,-0.10413666639316203,0.28667574322256545,-0.025651580786187008,0.0858226872638018,0.07806641831400707,0.37918225780009146,-0.06818538728822937
403,-0.05135106197226339,-0.06329077568508784,0.3156500273603233,-0.013069776593850264,0.02545450025880022,-0.09899122600812547,0.29180821560393727,-0.02111207080335622,0.08586491912299409,0.07300551462206975,0.3856685085946715,-0.06257557670677973
404,-0.048742585957874264,-0.06329115989961788,0.31636963443839283,-0.008850481961323783,0.025125947632539065,-0.0939655148304603,0.29616114537361315,-0.02146440239314464,0.08575290453618759,0.07309498226921558,0.3985738623719955,-0.059763687149196644
405,-0.04334696825875744,-0.06329117288690146,0.32061990492753717,-0.008431826376780471,0.020654356375949215,-0.0933477804178494,0.3051457964923736,-0.020114830787236887,0.08600622622900021,0.07210704905150063,0.41357548561585045,-0.060159373464120196
406,-0.04192069304635505,-0.06329151268541727,0.3249678003574911,-0.008421565303441198,0.02206314483208091,-0.0932847722252249,0.31470678604331803,-0.016538083976828544,0.08138427988948754,0.06811824789787416,0.42682429050734494,-0.06006906212019257
407,-0.042478617122878745,-0.0632873834695976,0.32568864667050357,-0.008447416545453862,0.016865952007256442,-0.08815824444528332,0.3244459048194901,-0.0170928518485339,0.07647309956042621,0.06924179962848395,0.43996172127642247,-0.060095890103750896
408,-0.037976643671723584,-0.06331404018917382,0.32925751974711104,-0.008430307562273873,0.012082569634704842,-0.08488022984220232,0.3325606940199651,-0.01696269064079651,0.07260834580748891,0.06579885082908699,0.4541489140110318,-0.06007634669858105
409,-0.03794256863351796,-0.06317817237599464,0.33099932635388124,-0.008469022171995135,0.012826895110172622,-0.083246608400868,0.3390291551800495,-0.016988984182266322,0.07306040499535418,0.0645963840762704,0.47725948334972346,-0.05999861345796696
410,-0.038809787208020044,-0.0637720338786756,0.3334129365933987,-0.008315298226201915,0.012793759194668845,-0.08026203877253951,0.34637772357867974,-0.016984701288775366,0.07293830433147479,0.060483402141903814,0.48342781778979094,-0.061017228946209
411,-0.042656484949788735,-0.0601424666562177,0.3358728875002582,-0.008885066676530103,0.012751765553069732,-0.08076345118184002,0.3535506850536914,-0.016985121315580137,0.07296385198797435,0.06010099523368133,0.5010896680668739,-0.0635404606856181
412,-0.04207607077638304,-0.05925817217002988,0.34142662283020914,-0.004808965466033087,0.01725923060216494,-0.08066597899581622,0.3637209712536519,-0.016985166193901776,0.07296795441139527,0.055515043578076934,0.5150517442536933,-0.05940703394212289
413,-0.04221935953222829,-0.05507574825828862,0.34164824569558705,-0.004210554919239445,0.016876998517501903,-0.0806804232694759,0.3693166636548968,-0.01698512705683057,0.07294710925947478,0.05590852632551427,0.5393383380547068,-0.0606765264599819
414,-0.042192929370156354,-0.05489111922752596,0.3460916350967023,-0.004376008163431768,0.017000049127097832,-0.08067889152297755,0.3694947067665833,-0.01698514121262735,0.07293029926666336,0.055784625757798065,0.5511328182740121,-0.05687635206856011
415,-0.04218420779069327,-0.05478644335537778,0.34649142205220157,-0.008782435093602832,0.017060568268035956,-0.08068988861345903,0.3747810090175254,-0.016985137155278336,0.07352746012890315,0.05567938507263414,0.5641499314883522,-0.05567412285163992
416,-0.04220649481216041,-0.055128654894855314,0.35067961229609346,-0.008319939599003673,0.01665245740176477,-0.08060765666157495,0.3858289436430421,-0.0169851383938347,0.07769519349413279,0.05628794971315717,0.5789531957757615,-0.05577429732065962
417,-0.04230583788377008,-0.05316780779644269,0.35008001476112993,-0.00847141427041733,0.0198976274272423,-0.08105294245004155,0.3988109178159837,-0.01698513723596027,0.07713022378383351,0.05231220157634559,0.588641014187559,-0.05554058764461561
418,-0.040975706396136895,-0.05022839969748507,0.3502448469208893,-0.008433129761558938,0.025181338217625516,-0.0783636682212679,0.408133723263145,-0.016985139845023513,0.07728182615847165,0.05166375511211066,0.6060512017391778,-0.05111638537664858
419,-0.03165371875039048,-0.050717559713783264,0.3501949912326157,-0.008431620302055068,0.025478516785170702,-0.076114070008425,0.4152898096314153,-0.016985137424888278,0.07724960162679143,0.0471987061809215,0.6309392363196282,-0.051647860396108226
420,-0.029226850247990512,-0.05061651734881842,0.35024269299845895,-0.00846749055166245,0.025388451283911737,-0.0765122476159347,0.41635400395706734,-0.01698510534150174,0.07724706205599612,0.0472905453241157,0.6402127777718146,-0.05135848080752734
421,-0.030020059998472612,-0.05063899493734557,0.35013961724996095,-0.008371366680842035,0.02637157214474864,-0.07637192176881712,0.41590028286115205,-0.01698541209879276,0.07726639474944505,0.047177489125035756,0.6560724947279912,-0.05197785390981561
422,-0.026574573557773158,-0.05063669354106592,0.35019703411694225,-0.008425612813894945,0.030169761491786524,-0.07634180417547871,0.42043671143185773,-0.016983566673952163,0.0772881849169551,0.047221791975397276,0.6673592386777516,-0.04829634155692426
423,-0.02501557028608727,-0.05051186851897325,0.34583742513021476,-0.003984103169809674,0.02967158728508393,-0.07187428700806209,0.4208545177020014,-0.016992592932360422,0.0766761654261873,0.04719895203317474,0.67619814982552,-0.047151622039667725
424,-0.0255700128794025,-0.051605252722992254,0.34518374855066,-0.0041093528207573225,0.029494458597428976,-0.07230173447330196,0.4248328144870597,-0.016954509979179928,0.07243766851370119,0.04724636304959496,0.6906428245576027,-0.04711202042455874
425,-0.021122333145611922,-0.05521472178059147,0.34152080058686024,-0.005607524728024184,0.03058680309405923,-0.07215596709471565,0.4261392799609593,-0.017092899729855067,0.07349462734914378,0.04709338834607873,0.6960517846950812,-0.05169931115269832
426,-0.02558150251498902,-0.05516408704987684,0.340328295112533,-0.008880898320426368,0.022024420180878957,-0.07218634555879336,0.42928145650802296,-0.016690787804319276,0.07042235472882105,0.04747383249180902,0.7098349623880732,-0.051398569321927996
427,-0.026206740026274006,-0.052158798103541376,0.33447757977927484,-0.008339256305528647,0.02124409812652946,-0.07221791020541081,0.42893024120966206,-0.021108890471032732,0.06881903755756563,0.0428881376609548,0.7137135834803259,-0.05153546161350706
428,-0.030102206039163436,-0.05039839410045709,0.33347785756135634,-0.008460153587322477,0.016769472823446055,-0.0720812651692463,0.42841040831750354,-0.020932647949661168,0.06515991328985599,0.04252148327760781,0.7182687860089269,-0.05149389916080301
429,-0.029095590249245223,-0.05065882615121124,0.3299853867197963,-0.008429303015722223,0.016459473391789155,-0.0724202226551093,0.4329773771712677,-0.016436114513965802,0.06426571558626044,0.03818390557011655,0.7264662197763144,-0.051501773583253675
430,-0.03192273257315923,-0.0506348511195729,0.3250426660838527,-0.008447942605568793,0.010804637009432547,-0.06789261707422228,0.4287768933768511,-0.018462419165843957,0.06421735283295774,0.038662300227862136,0.7299937559407154,-0.05151028087790946
431,-0.03729654654770918,-0.05072020228050851,0.3200856772695185,-0.008499543347803427,0.008176806036188106,-0.06801684576034128,0.42395068328322466,-0.021248963875473384,0.05973594978430112,0.03903507308655529,0.7323203216753151,-0.05147824191574191
432,-0.03811590095202517,-0.04981776986099773,0.30487570409602954,-0.00774148778067497,0.008594036556525837,-0.06792760576160749,0.42016670318563254,-0.02362575497590658,0.060283481365752935,0.03574600715898013,0.7426043924160116,-0.0515313461975923
433,-0.037979188433515804,-0.04598539661358099,0.2864561487202214,-0.00405397370060939,0.008362462681347303,-0.06785470640467381,0.4195139568540284,-0.025776893323323,0.05964045477232695,0.03412070701145973,0.7289719374548322,-0.051754068843514495
434,-0.04245635355719154,-0.04641375273269067,0.27580026345783865,-0.002621474855555828,0.008798143087622366,-0.068370711861463,0.41182499778980824,-0.025431232657388475,0.06262563729286207,0.03437307008381805,0.7297067883065437,-0.056172505403000776
435,-0.04204355598036262,-0.04687255164504078,0.27331056784277863,0.0005434247865832454,0.004286265436451422,-0.06514712898148363,0.4040184410449559,-0.02548164468568339,0.06425348841346071,0.034357654261694945,0.7213443686405087,-0.05567163664597051
436,-0.04247353143322462,-0.043168470398443105,0.2589307328141067,-0.0005295582865319828,0.004124764415894766,-0.06347683235271967,0.4022844880621641,-0.025479405204859317,0.06783838994388887,0.033809190256425335,0.7079287168309873,-0.055826256003536565
437,-0.040550938189743535,-0.04237570181223102,0.24580773950852536,0.0034365089922463047,0.005942204979465493,-0.0637157068226132,0.3760150803175669,-0.025465827866571138,0.06889789002362025,0.029625199350982526,0.7002958302738898,-0.055786714732238736
438,-0.035123828130311126,-0.038120107325517946,0.24096928103366008,0.004358662341396267,0.013332749398877495,-0.06369351093865774,0.3694138229485499,-0.025551575422563276,0.06426078618313336,0.030068497890848884,0.7012675243486901,-0.05579524399622671
439,-0.0331421952031045,-0.03801894290051094,0.2362592128292725,0.004276008585725421,0.014531450800484248,-0.06380943808341252,0.35961764681116376,-0.025101842909969547,0.06430085846755731,0.030450886490763662,0.6819920980738516,-0.05579421682058983
440,-0.03747640735027735,-0.038005472052285695,0.22978018456740265,0.00871861850088002,0.017364332958520697,-0.06271137014089417,0.3510151251101974,-0.02781296659525372,0.06554748273760962,0.02713391233180553,0.6617548492932623,-0.055793470246270335
441,-0.03800179236229568,-0.0376183509298885,0.20753034001882212,0.00833320811119876,0.017021463930615585,-0.05933223118145791,0.34721718386556744,-0.030115039422019,0.06910769913951072,0.025453622653531176,0.6379568154908628,-0.055789558139258476
442,-0.03798752729916623,-0.04015196637489447,0.1994751719899428,0.008452996697164393,0.016697174612774566,-0.05744892722737886,0.3382814009998444,-0.029403835862397816,0.06867408938712351,0.025971574985972197,0.6254607967236773,-0.055840588604101356
443,-0.03796890513110991,-0.04018825369528667,0.19115291681620633,0.008513247687951645,0.021160375628751477,-0.05483398488152492,0.3230685050485432,-0.03348853586639091,0.06827358499048619,0.021359691728092402,0.6101619514197348,-0.05550701546660272
444,-0.037971184061559256,-0.03761035820446806,0.17228724186956496,0.008107685428611748,0.021108740604814883,-0.05526042355674617,0.3093012684983749,-0.03825567241195977,0.07219504248336926,0.021546352563883073,0.5854265725794252,-0.05761515944067545
445,-0.038002203938267,-0.03800898147011266,0.160123013501422,0.01123657733521172,0.021874426891065054,-0.055213439430323225,0.29117326827579804,-0.038638287530539904,0.07317492330128134,0.021428153950457943,0.5694284568760138,-0.06088656634570508
446,-0.03785468747879946,-0.03801850429156044,0.15802024040634324,0.016507647322408597,0.02721214823764152,-0.05519545490085892,0.2718802815166709,-0.043164318783822334,0.0685686367940171,0.02146736268264172,0.5522943370855421,-0.05699330615834288
447,-0.038420217972286404,-0.03809071799081562,0.13561570371338394,0.01689575467006108,0.030450858043002297,-0.054830505425636916,0.2627787744391275,-0.04074238305416391,0.06822426667546694,0.021459502180406785,0.5120674014568934,-0.05525270209469511
448,-0.03443590693556885,-0.042515096167701605,0.12633831646215943,0.016887575567046568,0.0270821991825478,-0.05061005097662067,0.24930407930849086,-0.03771466843060289,0.06296646699909705,0.021450874994181666,0.4938710928466891,-0.06004590406679279
449,-0.03369810654364336,-0.04207368051162695,0.12037624957947878,0.016876167254808453,0.025110702669623827,-0.05074733996211763,0.22399843878950612,-0.038756634572198356,0.05792349221666878,0.02148591602361575,0.4790514598207634,-0.05531197436534856
450,-0.03375884420345031,-0.0422527626011003,0.10531333649862105,0.016856672360336784,0.025849120477257338,-0.052968806146278385,0.2062375667153713,-0.034803472596739375,0.05546826698081689,0.021411727684921715,0.4561849067732932,-0.05124865561938596
451,-0.03358185355396254,-0.04206964464655337,0.09246655446529854,0.016988946319744593,0.021295388328846622,-0.05556551947078409,0.1895126979771561,-0.033893583388293465,0.055888485556387535,0.021305305102032428,0.43026728586282714,-0.0516011262543475
452,-0.03507137927828357,-0.04264905041022235,0.08706948122680926,0.016399600116362142,0.020977770971300547,-0.0551321357561154,0.1777144485190418,-0.03397408518293025,0.05568995756218171,0.016820492305405232,0.3922369051057599,-0.051393350935368946
453,-0.03679806668472774,-0.03881354205907925,0.07367618914818312,0.019976226958053497,0.01677895310981081,-0.05521706600876454,0.1636953895302665,-0.033565522398427,0.055936289868919936,0.017287312750263392,0.3831693433241541,-0.05187592902717216
454,-0.03323337716275563,-0.03788079189183042,0.05610698718119206,0.020916343114269705,0.015715472015682866,-0.05519689840163999,0.14455406633155707,-0.029247619628566476,0.05133843339340538,0.017135176155535302,0.3570652901458599,-0.04866861907276562
455,-0.03386551975609811,-0.03797316552514289,0.0550757721472322,0.025024775538531947,0.01256730015545074,-0.05511181296534237,0.1382680268021143,-0.03018901852041946,0.05159887092453339,0.01717250665779581,0.3290065173147806,-0.043689369437356185
456,-0.033735901355837844,-0.037980065085344024,0.046175517774578304,0.02526519914100856,0.010708075658500535,-0.05605990319825919,0.11175675494464776,-0.02759186617984432,0.051475383689632635,0.01717520030288774,0.3100056192001053,-0.03873462181962814
457,-0.033757638083673554,-0.03797140787024997,0.041290979433897756,0.02587164251152517,0.005129779273874936,-0.05957810720862388,0.10885807592568494,-0.02516745555359454,0.05148205186219171,0.017139931668206963,0.28138996622111456,-0.03867063245269045
458,-0.03375529288979478,-0.03798178580096431,0.031146938344065983,0.029751776147240016,0.003909071362418086,-0.06133613234504107,0.09522125760777778,-0.025427927473980858,0.051623274557703054,0.01721107977536168,0.25694038716406425,-0.03856514990741185
459,-0.03375515037412385,-0.037944389532451654,0.0233534439624267,0.03072468786210232,0.008291372270976781,-0.06396520412383937,0.08660763834648703,-0.025761432274721174,0.05105287807799534,0.01737418992321237,0.23743239404760078,-0.03887945498709932
460,-0.03375532367953548,-0.03809657981587639,0.019035367034991445,0.03590202505698719,0.012886628864219849,-0.06405271768964708,0.07845275827385666,-0.02128514005006605,0.05518570435243283,0.02164608695136531,0.22144963376451338,-0.0370082472377608
461,-0.033755267794838624,-0.0375537178936338,0.014216145076651776,0.041040927470030575,0.012659480662950645,-0.059993361553002195,0.07368865456156842,-0.02129356508395862,0.05582582860999296,0.02259540838902623,0.1938006087040616,-0.031868632254860925
462,-0.03375523670947412,-0.04171548001989917,0.00952817757714634,0.042071197582063694,0.012786793292265263,-0.059419897536749415,0.055645350425551354,-0.021199070378625087,0.05574698868689662,0.026130645713197568,0.186053627415546,-0.02668164115693741
463,-0.03375544237747985,-0.04221261771978987,0.004774694172486837,0.04567749090935705,0.0126161600670138,-0.05943327588862277,0.05046169746104493,-0.021264290634276237,0.05649010291562553,0.026095795895820343,0.1742121983289332,-0.02564584854013691
464,-0.033754682889367324,-0.04220960111036697,9.146345437125022e-05,0.05058474534683908,0.013229796641612173,-0.05945539590588994,0.041308955168862675,-0.021113380083836918,0.06055315176694717,0.022655143829270436,0.15934479073939856,-0.025737151178509037
465,-0.033756885419681686,-0.042186719244880884,-0.004307374553812167,0.05590828032110801,0.009481097832470583,-0.05944571873267725,0.03556172860396009,-0.021713267027640443,0.05991418668177766,0.021291491393836907,0.14466066544323353,-0.025585191067162318
466,-0.03375356207094213,-0.04219652875538467,-0.004964485352001748,0.06913346015304346,0.008699940330553779,-0.05944804283063335,0.027702467337281274,-0.01798584780561944,0.06032626705367126,0.02147957810458064,0.1258044785718926,-0.02027261796180463
467,-0.033736810431891466,-0.04219292960226301,-0.0086069300468016,0.07329277535286122,0.004357611530951999,-0.05945022720641949,0.020594514298490546,-0.017097079177215438,0.05782401285011473,0.021527909749913726,0.11153389942529764,-0.017379652691250295
468,-0.033938362612542246,-0.04219655761220548,-0.010201644611924096,0.07569054169991082,0.00406022066491649,-0.05943939209124431,0.013712527245590574,-0.01297152450138747,0.04824231400898912,0.020702940027323036,0.09872576366013072,-0.013757693043166519
469,-0.032496885040885916,-0.04218563678347682,-0.01306682455723033,0.08027557655739122,-0.0003954039182079997,-0.05947258909063731,0.009244789435371001,-0.008194822747974253,0.04714724731323503,0.016935901652017755,0.08955256880246278,-0.005618770273429141
470,-0.02911700298868601,-0.042218583342837554,-0.012575003778359599,0.08832926544510386,0.00010858277074688244,-0.05941455902253704,0.004489403469873061,-0.0032736554057064132,0.047187086666547036,0.015772419487039162,0.07976528407240753,-0.001368828324827176
471,-0.0295260089657735,-0.04215679885283157,-0.012677885482236605,0.08775041366388626,7.159600002237301e-05,-0.059221383904367875,-7.434837410537069e-05,0.0004354580075826427,0.04722216337336984,0.009910193425631618,0.07020820755663884,0.0035686287534522554
472,-0.029933431397016912,-0.04200714321535151,-0.012645144215616596,0.10040287410597373,-0.0004424839735409529,-0.05488438647139794,-0.0006602110845287208,-0.0005142402406181982,0.04721057837001596,0.008381525013944223,0.06041488317966304,0.008377825473620567
473,-0.026070720023399156,-0.037626975692585364,-0.012620986136291614,0.110179497785341,0.0030864574278756836,-0.055027093075746145,-0.004404835322619774,0.0025790111095373033,0.047189863532815256,0.008637656918416859,0.05562607422954111,0.013191916867664754
474,-0.025115760468549353,-0.03809270058173917,-0.013217862957496386,0.12446888977676943,0.004431536449529478,-0.057011629706353664,-0.006065452988498234,0.004091021488765029,0.04730081462683301,0.008553231222124348,0.049174783255815334,0.01821609023528426
475,-0.029734336486307265,-0.03794236569493007,-0.017310316284203778,0.13060236665133723,0.004193853771074728,-0.059833597609764394,-0.008454725047328979,0.007754447066852369,0.04688417844926463,0.00828040263182233,0.0363169612688038,0.02160196485659629
476,-0.03459179904485728,-0.03798233101526576,-0.016749114987727323,0.13539624414721255,0.003987944307166299,-0.05940154600330457,-0.011476617035589984,0.008587198324072285,0.05060770050847617,0.00423342960931414,0.03263290818595315,0.022833892364592805
477,-0.03807775084078178,-0.037973119675436456,-0.01693839529222236,0.14597092038553774,0.00013416671848030015,-0.05936735566298204,-0.012889724135704939,0.00860609918443405,0.05569942573160514,0.012185211926586352,0.02751145489407649,0.02882275677297194
478,-0.039422304335478234,-0.037974943868693704,-0.0167497375157842,0.15490151677564776,0.006123254836914362,-0.059596232908586795,-0.012768071520123481,0.013677414013900399,0.055684074542419866,0.01592511480265976,0.022745559308450666,0.029770961535785925
479,-0.04306488222470207,-0.03797465632042775,-0.017281734174807727,0.1706286884046783,0.008415859925361351,-0.0550437098431212,-0.012926332992133794,0.017116709419547824,0.056579831365462734,0.012342162061756267,0.017915172573271163,0.0337819766691182
480,-0.039267017325911945,-0.03797468149425635,-0.013049615649651656,0.17703834732366058,0.010797850928379716,-0.05545514602615991,-0.017173950295823318,0.01819027058338626,0.06045682965145291,0.01296736052393131,0.013072405824544843,0.03427957158526291
481,-0.03780093925239008,-0.03797468571925804,-0.01265533972178285,0.18138718994259453,0.01336036971354517,-0.054010389148154356,-0.018039845459496218,0.024090093959243775,0.06036133550972095,0.012884147554150942,0.008185533261593547,0.03900753396467866
482,-0.03795008926309164,-0.037974682734745614,-0.012640385660399562,0.1998506872196235,0.009433133856851225,-0.050436049352726636,-0.021716237202754386,0.02522556150743131,0.05759132951932958,0.012857680713069463,0.004203067323839412,0.04376882388728773
483,-0.03796241811260983,-0.03797468377665266,-0.01266593042760797,0.20824228176620924,0.004377266259876008,-0.05138954621082709,-0.021117505613711916,0.028974691282124897,0.055281354655012174,0.01255922645050377,0.002958763012243045,0.04853992770738943
484,-0.033069655274377954,-0.03797468348721646,-0.012655451977581281,0.21979503135285897,0.004262764820867677,-0.048382566754807406,-0.02125497772472155,0.02965055522983858,0.056497975204729996,0.008189436020305996,0.00025306373805201456,0.05384304529163392
485,-0.02931511801688587,-0.03797468355648379,-0.012660933434140063,0.2313319510775213,0.004405074020211127,-0.04301470031464404,-0.021225705647669794,0.03410357574914538,0.04739376729617898,0.008685472664488731,-0.004630552828028335,0.055727210108273625
486,-0.02919594988028014,-0.037974683542134936,-0.012649383360176843,0.2466100757796419,0.002980775828666842,-0.04236891501760286,-0.021235481642658406,0.03832784882981825,0.04711361148527506,0.008656432176430232,-0.011822823725855632,0.05855824788826328
487,-0.03200422114371877,-0.03797468354457673,-0.012689506696894892,0.2584151209112627,-9.13715786249602e-05,-0.042322050173865165,-0.021241805026694476,0.03895249281184438,0.041698856340613974,0.008162193055849804,-0.01673402124776606,0.06358330289355477
488,-0.03135371097233655,-0.03797468354430258,-0.012568150447311353,0.27926046067162874,-0.002200396035783867,-0.037888212504101,-0.02107191079629141,0.04413056239628911,0.03830603209734756,0.011752638714774045,-0.01707224488858561,0.06857735911944939
489,-0.029644658286932062,-0.037974683544290865,-0.012793939624965318,0.29096617160421673,-0.005004276272339314,-0.03833782224799698,-0.022414561206264425,0.04930688619179705,0.03871949272191873,0.01329903991301924,-0.021601138008252474,0.06880258986488735
490,-0.025868115582985622,-0.037974683544309246,-0.008289357741677321,0.29590461847700444,-0.0006152559895750403,-0.038155540638263104,-0.025557826691681676,0.05074647424835174,0.03856629825892356,0.008618235460684593,-0.02193560180696514,0.07405416637708824
491,-0.02528895898422663,-0.03797468354430224,-0.008530974942097655,0.310583810545388,4.944188400664274e-05,-0.038351570217578505,-0.02769137801483889,0.054330507701426146,0.03877784888124586,0.008550587199931105,-0.027193716843902017,0.07766085644647441
492,-0.025295653927630713,-0.03797468354430381,-0.008407359562595092,0.3234515446997273,9.171073731722267e-06,-0.03772934243778521,-0.030055669357455995,0.05512340879685558,0.038226553961873154,0.009432507208858538,-0.0323738414667412,0.07676174731607556
493,-0.025374682659268642,-0.03797468354430536,-0.008447516418357016,0.3327979123616707,-6.202450371447941e-06,-0.04180717827349502,-0.02966936678282612,0.05942941880086207,0.04290889536763657,0.013338969654720678,-0.03416435467828241,0.07981034836204629
494,-0.02500913867165622,-0.037974683544298025,-0.008436695692670845,0.34039835363088256,2.477865932262716e-06,-0.04232999834520587,-0.029728621772330155,0.06376961959988449,0.038327080394090246,0.012789666229149633,-0.03749849984954859,0.08178795319588572
495,-0.02719363174649558,-0.03797468354431961,-0.008439408437743866,0.34352881778610256,-2.461726740800166e-06,-0.04679853356147474,-0.02972266066701874,0.06455220601132705,0.03895836020517227,0.012768349276571186,-0.038546931637231545,0.0815938009812317
496,-0.029799833032307713,-0.03797468354428705,-0.008438242050730656,0.35619475474218726,8.340966072442582e-06,-0.04661886384478349,-0.029759852705105633,0.06806579871450248,0.037225638243533386,0.013321831093447574,-0.04262863100347015,0.08142668390513355
497,-0.029900164744146196,-0.0379746835441213,-0.008439963562894079,0.3623530300425589,-3.076140264189623e-05,-0.04674266750084506,-0.029468052188265727,0.06997109660896603,0.033788494282604935,0.008932445719546349,-0.04727731141925196,0.08603432025141113
498,-0.02599915670141134,-0.03797468354611034,-0.008439324691658307,0.37138308317923036,9.34561673311709e-05,-0.04669779961699375,-0.03136128047227786,0.07211426178256429,0.0349011247134378,0.008588438323624204,-0.0478384001600269,0.08554327277554291
499,-0.025244957941649025,-0.03797468353333147,-0.008411754404376998,0.3759927477678405,-0.00016709500967154798,-0.04672000475644489,-0.034383017750358714,0.07534343206559546,0.031035794535197343,0.004003610991926886,-0.052037979701585774,0.08722517917636614
500,-0.02526809144923989,-0.037974683598309765,-0.008646397645972496,0.380788134639479,0.004394183893477592,-0.04667530857988182,-0.0338840976805794,0.07656983131605047,0.029995613472974452,0.004411768371378939,-0.05108822090501423,0.09016936041600525
501,-0.025927925269548853,-0.03797468331482284,-0.007080302743203062,0.385700023471298,0.0037573509424576514,-0.046816882555728606,-0.03398502671030241,0.07643063284294752,0.029986274070975222,0.004255765786543738,-0.05356499375095074,0.09255224426607371
502,-0.02970522242346175,-0.03797468438774626,-0.003371721079866331,0.38881931002984166,-0.001815414795754278,-0.046472730939842354,-0.033968614010798696,0.0764840487605889,0.034592410367994625,0.0043028909194044096,-0.05932180091216695,0.09471905087453235
503,-0.031061884614071562,-0.037974681030258126,-0.006937508936528081,0.38599858396600994,-0.002855255598652674,-0.051001580909906405,-0.03397020694413454,0.07586880563470513,0.03401407542805431,0.004281228746981277,-0.05985788973279201,0.09437588103004432
504,-0.034227432475639405,-0.03797468782616207,-0.008666095180430631,0.380353291837056,0.0004834977648861233,-0.05099956358545803,-0.033970384190562274,0.07042464064735939,0.03580347494522182,0.004321184722465897,-0.06422099986717324,0.09442365343621337
505,-0.03353076099972003,-0.0379746987321444,-0.0084271568944553,0.3801763069409712,-0.00010626501125398071,-0.04999447115725573,-0.03397024050319595,0.06760701098923784,0.03893895476184175,0.004224281227775105,-0.06432766179833461,0.09442157323200752
506,-0.034202991220243735,-0.03797447404541995,-0.008413214010766576,0.3716769507157487,4.271207066473367e-05,-0.04626809060334007,-0.03397025308862757,0.06804974596052062,0.03902436090463149,0.004265771196806167,-0.06440572316796522,0.09442011764304267
507,-0.02980087866104506,-0.037976068985406224,-0.008208102117458097,0.3671796876729262,-5.239193536866853e-05,-0.04670803295875203,-0.0339704330935612,0.06779902086639984,0.0352607000341504,-0.00031890544475825954,-0.06436847233660423,0.09442037330595737
508,-0.029511230701884182,-0.03796753554534944,-0.0038585927384175898,0.3652388872755617,-0.00012256800572571605,-0.04714186796993683,-0.033969645170484834,0.06831087830391852,0.034486142064693644,0.00035142524445012696,-0.06438013474128165,0.09442258170558754
509,-0.025471441465603324,-0.038006223377746944,-0.004338452672704349,0.3519821183652797,-0.004574240550364055,-0.04334333951835757,-0.03397236643715383,0.0638205407615707,0.03011112608175147,-0.0015924020883941658,-0.06437712205591822,0.09441198245339119
510,-0.02982100409644703,-0.03785377975964898,-0.004187148485551021,0.33727047239775965,-0.004129263414818843,-0.04236298422650153,-0.033965361345235714,0.06353007178596803,0.03044763078865316,-0.004834944119888468,-0.06437778909185438,0.09445199474673349
511,-0.030931810960029282,-0.03836126585337334,-0.004227028692494574,0.3187117118689982,-0.004278941087710782,-0.042461688516771415,-0.03396918232539729,0.059191480836259684,0.034765327615547355,-0.003701468075722779,-0.06437767254188376,0.09433031535007948
512,-0.033806911814802804,-0.034069427614951076,-0.0042178071565740745,0.31348578733520555,-0.004238495053321852,-0.04247596185071014,-0.03407979919990358,0.05866807047497878,0.03388159737866834,-0.007891615644754118,-0.06437767455131385,0.09454533262348498
513,-0.03629748868000987,-0.03376941897537526,-0.004219808116851122,0.3073453148400495,-0.004247879797289892,-0.04239944919392692,-0.033044604504367595,0.05296992905572345,0.03646363307780412,-0.008372284341268658,-0.06437762403337999,0.08993621083866107
514,-0.03825994069302633,-0.03372561731278066,-0.004219094407602094,0.28020229053498424,-0.004246020446418945,-0.04280439597170088,-0.029266366454304523,0.050537892447131104,0.038843217383190846,-0.01287635142047136,-0.06437833851164103,0.09041677014689967
515,-0.03788397702348216,-0.03382829165772164,-0.004219058068556962,0.27418708566783195,-0.004246311374737889,-0.04035377325336418,-0.02983788673154093,0.05152131097860838,0.03902787895670812,-0.008155007032464797,-0.06437356905236742,0.08876720223735014
516,-0.03802691310088417,-0.03339942284368082,-0.004228034289787533,0.2643482107780848,-0.004246286906015716,-0.03783906759800641,-0.029701606733274193,0.0472369636795125,0.034703013089436165,-0.00898842517459651,-0.06439817627594094,0.08570276424572218
517,-0.033198281523548874,-0.035916250924925446,-0.00415696589214255,0.25598329591436586,-0.004246281511464383,-0.03839012561318542,-0.029720457274622438,0.04698945685774938,0.03436827360163345,-0.006887549918486261,-0.06429043097235929,0.08381329807840682
518,-0.030057887266884808,-0.038184658760194994,-0.004557217291600801,0.24098050131748977,-0.004246290383616964,-0.03793099523307992,-0.029743349763428947,0.03793224601199092,0.030137860764812452,-0.003915539773008452,-0.06469548504029879,0.0783584219717544
519,-0.03392595751503311,-0.038354868476101936,-0.00214609361887979,0.22321718394061738,-0.004246257547543941,-0.042441104159077384,-0.029718302040067222,0.03324699340362185,0.034855821915556286,-0.004261167373637133,-0.06106886021527261,0.07405333744943605
520,-0.035790591912200735,-0.03412348190407232,0.0004682546419715834,0.20909402916238545,-0.004246403896687302,-0.0423956596063674,-0.029356296406576998,0.029615280917136333,0.03419956709661349,-0.00464145946575677,-0.05586980269459756,0.06478802197659927
521,-0.03626239891784323,-0.03377839343143967,-0.00048369346552736806,0.195801650431908,-0.004245824870773209,-0.042493068407931975,-0.025075185887312,0.0281160955608177,0.03426074768534912,-0.00034840816861484705,-0.055590582496724106,0.06003707307203399
522,-0.03078602296272261,-0.029250133202831062,0.003749642586263614,0.18692982976635497,-0.004247747580665416,-0.04244614138921285,-0.025593749633940684,0.02535371160263307,0.0347893175408568,-0.00011804015567683017,-0.051288029778139316,0.05963035031848488
523,-0.02588577536648758,-0.02991376854000175,0.0042395044091579235,0.1774659500979241,-0.004243223544786589,-0.042502633794537205,-0.02547681132026898,0.023193798819904018,0.031006852889744245,-0.004630010614278307,-0.05039039882680808,0.05397939747244872
524,-0.025226715855615492,-0.027787958085083723,0.004235409904874161,0.168368826999992,-0.004242135662432536,-0.04230927522619609,-0.025361338146034793,0.017515156355984097,0.029933527789899984,-0.003911990125851031,-0.04660816009993913,0.05157629175381977
525,-0.025162628444126856,-0.026964102350416453,0.004198978850702981,0.16229036082839945,-0.004342698714133192,-0.04299318190010841,-0.025903224183861855,0.017092287843727128,0.030042982644123625,-0.006054499586460535,-0.04781453043239297,0.049064141685996925
526,-0.020774009847859008,-0.02953654182697453,0.004301582692070969,0.13985249401085617,-0.0034654798601764006,-0.03841834109484531,-0.021704547914842533,0.012665861152978027,0.029949054353047434,-0.00887384527898289,-0.04393634948263877,0.046915470235121125
527,-0.021192498537284638,-0.03261937743973787,0.0038274804879283647,0.12327845354595635,0.0020823607305759375,-0.04237133160061251,-0.02121920518036017,0.008394028015374746,0.030924381019263286,-0.0089265587840666,-0.043134325002563784,0.047252500975518634
528,-0.021163701970402474,-0.03382577797949232,0.006645321921581418,0.12032135141447933,0.004549094449511432,-0.04206685168361422,-0.021297647698976963,0.007708357362167886,0.03488949054954879,-0.005145416974050219,-0.03875877433237152,0.047210555563049934
529,-0.020667353630255365,-0.033857639370834434,0.008760226219473774,0.1151366262209603,0.004183075980860169,-0.037860161893999225,-0.020447283325348082,0.003329652216005203,0.03378901772566174,-0.0040344936569059195,-0.03845549799983476,0.04723052537513023
530,-0.02394790551806648,-0.029356346249471768,0.00829276544118836,0.11071996421382509,0.0042570398116670025,-0.03832747138011897,-0.01644192531306821,0.00690592012131615,0.03711777267107403,-0.008690697424709435,-0.033951524338907274,0.04697078699954126
531,-0.025522288454134526,-0.029633772136409123,0.008630825256207867,0.10220333182443103,0.004245171254409905,-0.038187743311988105,-0.017514775538954693,0.006117934312317195,0.03884927880212631,-0.008486142851338137,-0.034381625534180824,0.048863786524573835
532,-0.0252925994763609,-0.029508948464574487,0.004130008934119627,0.0882648851771624,0.004246317265184304,-0.0382235917925831,-0.014361619113027217,0.003841345848168387,0.03861225653595998,-0.008704012532667667,-0.03471984342980286,0.04960229042158159
533,-0.025316059075516047,-0.029516251580276924,0.004166760187240551,0.08399512982099853,0.004243746179036007,-0.03821313284529155,-0.012485441259234948,0.004570168266047545,0.03862584389255932,-0.008105446452549467,-0.03174921581248207,0.049552909364639866
534,-0.02530927972068775,-0.02965593439244287,0.005217530312525997,0.07799025998019551,0.004265532985632931,-0.038222806602092096,-0.012775088971278426,3.59062750425734e-05,0.03833130268131218,-0.011365391992017236,-0.030069733016379708,0.04924180045020892
535,-0.02538162781209496,-0.029081236991181585,0.008895100447822636,0.06926933372749157,0.004141941389173577,-0.038210187244373674,-0.012736960567185159,3.827586107293627e-05,0.032980987500087905,-0.01044134117991062,-0.02680893536003307,0.04321989187161633
536,-0.024953031291178814,-0.03309044955433878,0.008355758794798164,0.06762865065807482,0.004720528682600643,-0.0381450808314124,-0.012737823411472142,0.00018079960250093726,0.029770558685586996,-0.005221627951751623,-0.021501463588511505,0.04303497278218532
537,-0.027506706556594353,-0.033765603260281024,0.008341543936122131,0.06515707071049333,0.0012667252647103981,-0.038960624100761676,-0.012739442153415267,-0.0013831094149291511,0.029819470406290845,-6.5870418369923765e-06,-0.021057359383049225,0.0385134612931208
538,-0.029391206953449992,-0.0336318728918313,0.008843863658744167,0.060067317644175514,0.0002956711861780005,-0.04293909476411624,-0.012738236263710784,-0.004666051654435854,0.03231306400084365,-0.004465600782515137,-0.012134542700061974,0.03795044108905367
539,-0.03283993457230827,-0.029359856849776024,0.00464449629611924,0.05541897013815477,-0.004115833785524668,-0.04222794575581293,-0.012741113027645364,-0.004234654605349546,0.03805371614105322,-0.004163281554693228,-0.013045082729196982,0.03440039298787892
540,-0.0335156969500235,-0.028519113277193767,0.004209845125740089,0.05068443809387921,4.532730357947778e-05,-0.042977330202907706,-0.012729519855169827,-0.003956764347666002,0.03843905481672946,-0.004415673076018076,-0.013207871724089396,0.030937322910355586
541,-0.03795632436767018,-0.025200846560840064,0.004196490167337521,0.04588174733235947,-6.711969598035441e-05,-0.039214162708142694,-0.012772487399062669,-0.007599165911752915,0.04293010700076429,-0.0038516930603018826,-0.01038881897975688,0.02322374799184931
542,-0.033411057908447665,-0.023163027265059873,0.004279726295674675,0.042030781993514794,-0.0002035372201564902,-0.03840618907875899,-0.012643025557593153,-0.012683526182617203,0.04280193395485822,-0.006917327855513458,-0.00828882035663133,0.015580538145965609
543,-0.03463699340904664,-0.020874171007984776,0.003910493581507429,0.04128817763774205,0.0015612782461528801,-0.03411633216741537,-0.012867473805216483,-0.01296832121508711,0.04325087186642246,-0.008300724352367712,-0.008653880482809637,0.008813061951891193
544,-0.038354188317936896,-0.020754457799111347,0.0061071717453713035,0.03548498846385245,0.004588208033634268,-0.03397707223303549,-0.008372686924949631,-0.017197591809949637,0.04099850610964931,-0.012546357553783818,-0.008541757031437931,0.008694037120638452
545,-0.03800402253336315,-0.02497458775125181,0.008934792529433898,0.03393984113783366,0.004482153329675753,-0.03445404552670135,-0.007946988282431677,-0.018097316717327654,0.04043724918230114,-0.008801621206614818,-0.008352476958806596,0.004100540611172681
546,-0.03741971089954809,-0.025316003755549318,0.00792580264350305,0.03072497687755793,0.00133022056469605,-0.0399326732699907,-0.0034700124040229602,-0.021821249707411634,0.043127719828817086,-0.008642583736914289,-0.004113968636706299,0.0045811016644934964
547,-0.04149452912177273,-0.024947117388320873,0.012042751701805889,0.02939135662391287,-0.004037966134266193,-0.04270928781941169,-0.006219229536290969,-0.020659397141713016,0.04357505058446768,-0.008535906197627561,-0.003083394352945581,0.0029321833917327128
548,-0.03868121903332877,-0.020434317109586087,0.012708201055931742,0.029508933780326027,-0.0042600608872809505,-0.04272693889829702,-0.008848992798551515,-0.024343991033727783,0.035299721389048744,-0.008682573122502472,9.397475952663454e-05,-7.168028521254772e-05
549,-0.03808113465719808,-0.022790527219371023,0.012666612049649506,0.02938236875070837,-0.00881307040369475,-0.03982980358399698,-0.008422306623222983,-0.025541206538168024,0.030012348517920576,-0.00814242625673979,0.0023567736691714036,-0.0022842054409397466
550,-0.03366666901040658,-0.02529181093071105,0.01266272420632764,0.024978593477544088,-0.008142938138795283,-0.034538742329444906,-0.00850346825757495,-0.02563084691578145,0.02501306732936691,-0.011268585405247363,0.004714749440724064,-0.005013296471289622
551,-0.033119911663906265,-0.027904543498982023,0.01258938736919902,0.02545245214174692,-0.010048307370293948,-0.03378390769029319,-0.008491691080440228,-0.021124951555544884,0.021439945344352708,-0.012588371120726567,0.003903319201912443,-0.0006654226715240804
552,-0.030149994180928365,-0.02979213939529291,0.013024564756261604,0.02518543324691896,-0.01314724571729696,-0.038356091289834075,-0.008492381610653413,-0.020886455589467952,0.01962318624099916,-0.016874053907731553,0.008413138527996283,0.0001669264186839693
553,-0.034444149750914796,-0.029501794379186937,0.010410846149897086,0.025760528093005556,-0.012682439071782868,-0.038124793879238464,-0.008492688458836294,-0.01530217831311631,0.018928119585815514,-0.013046462177490824,0.008483621301858896,-0.004504253545007438
554,-0.03314754260481012,-0.02953632680812543,0.008116493935546492,0.022485357164593628,-0.012643939468187745,-0.038265612014109794,-0.00849252887844079,-0.012791013352881757,0.0218888909387092,-0.012959706582714824,0.00929313562538093,-0.0035165969710167534
555,-0.03676103710908885,-0.029520957985226987,0.008495469589155496,0.020885375887003888,-0.013005546755825673,-0.03811258699067378,-0.008492577363725707,-0.01049012543019363,0.02138418613153207,-0.012651056354109865,0.013325801089578385,0.000428228994624729
556,-0.03780951974571053,-0.029682193572933845,0.008432164503600442,0.02112316754198422,-0.008494689694149911,-0.038634219259669304,-0.008492578230179137,-0.00813595989758913,0.021469326459051287,-0.014212633890805319,0.012728309670640654,-0.0001404118601438755
557,-0.04177576022387178,-0.02850242499347012,0.008438819111490064,0.021097128477169838,-0.008536234125545316,-0.03534032298835047,-0.008492525252125575,-0.008647420866383804,0.021460466425553583,-0.017587243901569,0.013022982209899342,0.00014198829738184038
558,-0.042147354524292927,-0.02307133622462596,0.00843181341789596,0.021095718535118352,-0.00868359130310468,-0.033424274736317115,-0.008492703849629522,-0.008279420962364155,0.021419707403652854,-0.017172425195788463,0.01243051618032968,-0.00042969982595035734
559,-0.037686314240185904,-0.02037231763578137,0.00849741153744483,0.02109760522459108,-0.007042780768982402,-0.03800484407765136,-0.008492323865463065,-0.012817936053908772,0.021752792570597614,-0.016812248073752225,0.016514928030394595,0.0035955027662137786
560,-0.03830624769386687,-0.02424157689464062,0.008107525878856105,0.02109684716034117,-0.0036957042523965817,-0.0381938975213897,-0.008491868458918136,-0.012529753249971994,0.01959988560156466,-0.020737827463656967,0.0172489767361547,0.004438015873758669
561,-0.03645996932281392,-0.02546921817286681,0.010456174476286606,0.021097238675043036,-0.0048208958458479945,-0.03814085563562668,-0.008503237825674186,-0.013765802964711646,0.01850955522773137,-0.0216588190427402,0.017388994813289885,-0.000358532736973225
562,-0.03332728791483289,-0.025296311403792637,0.01290128261681571,0.02109642256234019,-0.0008469890891365484,-0.038975665016699544,-0.008420741338824391,-0.01753648259055075,0.024876364346855265,-0.012532909176792532,0.021804472418818076,-0.004611665176302228
563,-0.033882271384424616,-0.02526614382682309,0.013020597770910025,0.021099235315226807,-8.846954201150977e-05,-0.045032997350065274,-0.008865365335239224,-0.016409873481956088,0.025460210239470413,-0.012337505477712408,0.021419531673738584,-0.003910160096463325
564,-0.03361695604715746,-0.02591129666507641,0.009018618019108013,0.02109083647647452,0.004200145173522685,-0.04454849894076942,-0.00617733460204764,-0.019936466934133694,0.029756954709392564,-0.0077396512191696114,0.021093158547057934,-0.006148168777425983
565,-0.03407788441181876,-0.030256534984942404,0.008399002734922962,0.021105735089616603,0.008577359779898899,-0.042588307355580855,-0.003896194707420409,-0.021038476000533116,0.030086265921223824,-0.010723852608360281,0.023944354983504418,-0.009087815771371343
566,-0.029588563863920166,-0.02766573948869523,0.008427001999380656,0.02114992077263082,0.009270891653671258,-0.03890108146859855,-0.004426791052656871,-0.02507402146334325,0.034660718286555495,-0.013232177925437306,0.026037386331282168,-0.008068284709890726
567,-0.0292821988405134,-0.024950839311727323,0.008445917844374646,0.0204686300874631,0.013315486277925202,-0.038401611216363735,-0.0039809587029017044,-0.0254763256148959,0.034215155864412435,-0.012742744150140168,0.025707376059847412,-0.012230992915313337
568,-0.02508712970918928,-0.02538229656024829,0.008435068283743413,0.01636254585010328,0.012164648385621873,-0.033981455040752014,-0.008482267157881154,-0.025393306911784846,0.03434479302418359,-0.013069310053106168,0.025754331638323653,-0.012956580245728605
569,-0.02422863584074862,-0.02533292064454349,0.008446716123953419,0.0173758770902105,0.01557818154691585,-0.038474153292626184,-0.0038372704864798844,-0.02636536349134463,0.03444210342917518,-0.01275139118069753,0.025751922577256937,-0.013089156064307167
570,-0.020224109418238077,-0.025259505076386437,0.008406971935402166,0.014529588691577148,0.016777724031618424,-0.03920651435498258,-0.0044612322684054115,-0.030190382425136362,0.03388554966226085,-0.02159696032142617,0.02575056661573765,-0.01757083244876174
571,-0.023679500345666838,-0.025219632466090453,0.008559644733738226,0.0123544061182402,0.020798425553433742,-0.04250086480439543,-0.003841626981783631,-0.029577416330746606,0.03778089090459323,-0.016549329404573588,0.025751249195790176,-0.016753021583733776
572,-0.025605946726126684,-0.02092356949613754,0.00805276609041203,0.012710230295181608,0.0212149873885208,-0.04502937216688328,-0.006505709128511459,-0.029872153853541344,0.038774323298950156,-0.01735611239064595,0.025750988309197392,-0.01905520101924993
573,-0.025180383694852027,-0.02017545363781285,0.012338859896360715,0.01265228412068755,0.026103546919446254,-0.044224214868275706,-0.00884409262543587,-0.029295109872197238,0.03871205391236146,-0.0171246590881981,0.025751252368210676,-0.02184214178968242
574,-0.025478414899369035,-0.01649266272904277,0.01264714368533013,0.012658016091430285,0.029812129887572935,-0.04208382549303608,-0.008332649024128691,-0.03348929436336774,0.043091075428865366,-0.017155128910667308,0.02575045058283085,-0.02138413858825926
575,-0.02097940529734678,-0.01653548507367423,0.012675601211999576,0.012658650391471895,0.0309632770672232,-0.042744285021220185,-0.008729151675449683,-0.033988247280512494,0.043857384587183995,-0.01724364770168619,0.025752887218817203,-0.021470713112108963
576,-0.020978484606513453,-0.019754999918729085,0.01267115913102165,0.012657761898515108,0.034846229505848245,-0.03818510319786272,-0.004194519405627038,-0.033985655866299695,0.04769942646288977,-0.01697076292002039,0.025748348399280672,-0.021458362197905718
577,-0.022543131264948314,-0.020923494450699052,0.012546005461731367,0.012660010325238997,0.031214513075412103,-0.03768702676032137,-0.004325148809040346,-0.033966642456581854,0.04711282261126261,-0.021407276604066224,0.025736561248748027,-0.021459007559156022
578,-0.023610772488668563,-0.024882710966970038,0.013188783239199232,0.012650157871868408,0.029517589000529268,-0.0345897292925953,-0.004216024240092067,-0.03395012785968223,0.045945760271630574,-0.02569561717888656,0.025923723917470196,-0.02145935917322895
579,-0.022683015025076837,-0.025317600654008367,0.009556452518016971,0.012690870637627234,0.029695916214941706,-0.03835780222964664,-0.004255042598876028,-0.03407847027878452,0.027324177722300808,-0.019765965831051155,0.0245143804042312,-0.021459184011696712
580,-0.007191916566634908,-0.0256896464710678,0.01139700517032573,0.01254439772916671,0.02976565749220468,-0.040686047512822905,-0.004244131191442325,-0.03351549279880517,-0.0024236959516766216,-0.018781644880190813,0.02100732151559652,-0.021459236476393632
581,0.004165110994181084,-0.030167747170568932,0.012827090526026146,0.012968173234845297,0.024936412343191112,-0.040057252991163174,-0.004246741826646322,-0.03710180298838363,-0.017583836453655414,-0.019417202398380292,0.02155517694551047,-0.021459236860511877
582,0.007841629595951636,-0.027876403585808524,0.012648937608923471,0.008541065478691585,0.020889667220552837,-0.037828825259329735,-0.004246203395108287,-0.03836770131744891,-0.03089148519053793,-0.019445894099258756,0.021470921193537506,-0.021459183451681532
583,0.01268025676868159,-0.025441311046432113,0.012653588617169722,0.008489779120555353,0.021642005623259276,-0.03849860259722575,-0.004246296132105579,-0.038206027177940985,-0.029478460264009316,-0.021879695402181827,0.021367869972480365,-0.02145935792738828
584,0.012885262759814957,-0.022326858064610003,0.01266062234842665,0.00841251120694003,0.01921365835202427,-0.033952085254718996,-0.004246285118136374,-0.03821331184184517,-0.03183562023585687,-0.021158612632815575,0.021602311569422376,-0.02145902950718087
585,0.018665418455751336,-0.024026941121996454,0.012657447527490595,0.008447419013124626,0.01663589282784745,-0.034179832893999444,-0.0042462402506798025,-0.03821841618274078,-0.034628740130635986,-0.02576014234174534,0.017006716145206973,-0.021458199379987476
586,0.02941252398554827,-0.02548344578782184,0.012658437777133125,0.008436369152586314,0.01701922903686318,-0.03279809895473806,-0.004246625905452512,-0.03821594386570149,-0.03586627679407396,-0.025567036175260783,0.01726466611269833,-0.02147156154408236
587,0.03242504791794529,-0.025312033283330086,0.01265817864841953,0.008439974830296118,0.017065107331469605,-0.03069010191742166,-0.004244388170545281,-0.0382167247156575,-0.04928703706312675,-0.02673440285380155,0.017133392208507486,-0.021380486395548175
588,0.028619065714674426,-0.025361928748941675,0.01265823784738167,0.008436403315470471,0.013024308568627041,-0.03493744820075123,-0.004255074974317722,-0.03821653262614565,-0.051943532723762564,-0.03049559186635742,0.017183748197945044,-0.021855604785611438
589,0.031092719770239606,-0.02478775075967828,0.012658226202423213,0.00844599569217286,-0.0009582195211507709,-0.031112723021094312,-0.004211069481388392,-0.038216527096898954,-0.047212122786162845,-0.02993708281210254,0.017132620523407232,-0.018978839557769155
590,0.01507193862483091,-0.019295962014947488,0.012658227993897713,0.008424386320723263,-0.003597944703750801,-0.029535298339232692,-0.0043654577944800335,-0.03821668483798671,-0.045766305976961574,-0.030041682619591566,0.01728824357524889,-0.016880250428745174
591,0.008242089566431016,-0.016946161306666672,0.012658227818711749,0.008415917346999032,-0.00938377245096564,-0.02969722491239025,-0.003950260277165178,-0.03821632985846306,-0.031912421265097565,-0.03012094575527198,0.016813634487851288,-0.017211496961441638
592,0.03260533149321646,-0.014499219573048904,0.012658228725232009,0.008929726964763225,-0.025315468271347612,-0.02973757489087478,-0.008478036463415304,-0.03821594224082451,-0.04158134029582358,-0.029857351748091985,0.021282149437129593,-0.01716399211754102
593,0.06994948842375069,-0.0123285148406742,0.012658221529486917,0.013079682654040222,-0.057382274266419786,-0.024846384704249987,-0.00879346882451501,-0.03822625428224972,-0.05367934741665754,-0.03441429395048453,0.02141672814794945,-0.017166562678830995
594,0.1124799700762619,-0.012803868919589362,0.012658261737244764,0.012536355950192105,-0.08236829508159815,-0.020993071825418434,-0.013187755335211727,-0.03815086867851145,-0.06486409890343414,-0.03897538956218361,0.021484273864632975,-0.017167884112258315
595,0.07382072271198359,-0.012488079487114886,0.012658073404874511,0.01268849908433813,-0.13003449203910417,-0.020995360630618586,-0.012518619817819102,-0.03855939146781751,-0.04866924127336486,-0.0374690698257977,0.021456173548200362,-0.017167193446303002
596,0.10864940893624905,-0.016978094404363483,0.012658843189597804,0.012651696990194002,-0.14012065409727803,-0.023231335404509272,-0.013191785551114157,-0.03605490047298129,-0.04832880717183613,-0.03425189131611447,0.02143315024733584,-0.0171675343303639
597,-0.6994995814413398,-0.017229531420210477,0.012656128783536454,0.012659282805166998,-0.14899074393331319,-0.025960349964985995,-0.010062818088641436,-0.03318860296927633,0.5131488036318547,-0.03221938375057409,0.021580829050136658,-0.01716691041734143
598,-0.9843398263038895,-0.022682376304397487,0.01266367726644026,0.012658462546567226,-0.15702361596730854,-0.0249870005320558,-0.008251566264635685,-0.03749228071480361,1.3398455736986132,-0.02957090782561963,0.02100946359180091,-0.017169082476613317
599,-0.9462460724185321,-0.02564539345678403,0.01265431257826518,0.012657946663341977,-0.14460733140342577,-0.029257827683068578,-0.008519869407173386,-0.038235585822008894,1.2715423850092988,-0.030498502549939556,0.025106500062103375,-0.01716238495054159
600,-0.9526694510081286,-0.025209271223067452,0.012580553954312282,0.01265253740524032,-0.09025087381433826,-0.02973901795728186,-0.008495358745096574,-0.038169678455313695,1.2893880491542176,-0.026059071223744363,0.025798975397209063,-0.01717510272941378
601,-0.9603261923584981,-0.025447922044900557,0.013403598033455718,0.012709795673064237,-0.06864291405744857,-0.029735524909521163,-0.00857674785770806,-0.033639498110186294,1.3289804470979538,-0.025770688238192726,0.025762358200902735,-0.017205503477266553
602,-1.0363758696652066,-0.02494547261750304,0.017414698828606318,0.012353307066429705,-0.04174132382599611,-0.029757703530058847,-0.007679539083593943,-0.03434124505691819,1.0866602379705983,-0.025702750906120207,0.025744143203837326,-0.016672831652383733
603,-1.379605480651487,-0.029191451441388315,0.016333321208390657,0.014531013110538608,-0.030295280189573077,-0.029485244045072287,-0.00381327839310719,-0.032300510778588074,0.48668008738907215,-0.026042458027940262,0.02575339884794432,-0.011200552625978662
604,-1.6130409932718146,-0.029484168693829027,0.01948790361525376,0.017256828011755813,-0.022571026780710327,-0.03132788681332159,-0.0042557619584103375,-0.029736829584321407,-0.09450758647136048,-0.0355334835045259,0.02575045553705054,-0.008243448175238897
605,-1.4613213730653034,-0.03062207580706561,0.02093221164768623,0.016809956803364213,0.03340763532390306,-0.03680537050535189,-0.0046675327355699915,-0.02706158441364743,1.7080135462046002,-0.044014944256795765,0.02575117305157682,-0.0086927243573434
606,-1.3851744978968443,-0.037756070936850294,0.024610404483151747,0.016864683255829044,0.09216726331438355,-0.03887040363728032,-0.001092351490055208,-0.025224638300268293,1.515962544798694,-0.042810226540761,0.025751210941977357,-0.008450385674346358
607,-1.1224936198857882,-0.03348641458049775,0.02537625824163663,0.01692190384859602,0.15104876851092164,-0.034380971288895376,0.00022421911607021486,-0.025529088823429604,1.400728480142515,-0.04257022579996078,0.02575058626248626,-0.00893427043442082
608,-0.9039668256762234,-0.03142720334541632,0.02531640124547824,0.017004029245102564,0.12283082882709044,-0.03403888489819621,-9.597500438431809e-05,-0.025471559594517065,1.0559334118312815,-0.046936386366486636,0.025751838423064156,-0.004485400295072795
609,-0.7201574306795773,-0.030612991921290557,0.025441313495077594,0.021456234212302826,0.11519917791816357,-0.029578535225427808,0.004426727584945935,-0.025114444654234507,0.8732912547370537,-0.04718558612530777,0.025754759976060096,-0.00438850283015614
610,-0.6082522653763808,-0.01941436285648719,0.02433488977611138,0.020730020074037854,0.0966600642237605,-0.029085127350674655,0.004336543732017654,-0.020832069478259538,0.7433267045309574,-0.04719210339876166,0.025705681199407405,-0.003559498673859542
611,-0.5115603304338593,-0.02004810097365312,0.020282135453610545,0.022719026516643565,0.07004404262735602,-0.024967653083649802,0.002969667973194478,-0.021347377459116225,0.7069347070594607,-0.047493760992175525,0.02604269869963813,0.0001510206898017962
612,-0.4300279594268777,-0.02530097827487251,0.023411789064404945,0.025838391395065302,0.06442795911136737,-0.025716157468904644,-0.000462015986904802,-0.02122940850465022,0.492691460581024,-0.045368269161975144,0.023915419573378168,0.0017161382278211852
613,-0.3532515386599317,-0.025289625417831745,0.02562258336209094,0.02477629981287831,0.03704916601830945,-0.0249847549037058,0.00014335259931593582,-0.021118244005255672,0.41865518573951893,-0.04299562350799054,0.021066101210270603,0.0047126026675014246
614,-0.2756607038102859,-0.025279380495002324,0.025261609735697087,0.02866462418279961,0.033164756006535574,-0.02864495591482785,-0.00016660951711517662,-0.021652277503626624,0.33420149523919723,-0.03987337610371089,0.021536946210776602,0.004208845365297359
615,-0.21166329841324955,-0.025609247763058448,0.0253235072668803,0.029645198365512222,0.022045324295549232,-0.02977742722615471,0.00042035306376477346,-0.017529532856800346,0.22933366718417336,-0.0388134182528136,0.021446707896701982,0.004304681527627633
616,-0.18211361485755248,-0.02345550778473748,0.025316362332467375,0.029533025099378017,0.015860466628765522,-0.029841468586952004,-0.004216983222803547,-0.01693600195355925,0.1809133762895169,-0.03456716495486323,0.02146100616114989,0.004290830701990748
617,-0.14119444946119497,-0.020277733832263053,0.025316143514734258,0.02943216175893359,0.003556814921507288,-0.025358612599991438,0.00028501127396515536,-0.01670781716278279,0.13294597497563182,-0.03432338136117834,0.02146333969088239,0.004291618152256799
618,-0.13388898907948812,-0.02431755194157996,0.025316596473141325,0.030415305780007684,-0.011590243415721888,-0.02487490973006827,-0.000819307167357022,-0.012315395480800604,0.10227279157442917,-0.035035706558079166,0.021410655230391908,0.004291987781788388
619,-0.12332734132203477,-0.02544316576257995,0.025316382415188996,0.03388789077207434,-0.012546384503890283,-0.020804005271772178,-0.004648743302337019,-0.013183211069228394,0.10325155094713977,-0.03821097639442025,0.02177114463038119,0.004291795584481653
620,-0.12871286171583876,-0.025315837840924223,0.025316617498723864,0.03558980612781377,-0.016802545561868623,-0.021088486249530785,-0.004166005106313203,-0.010716255012830694,0.0993350433747815,-0.031852986062497944,0.01952142125262002,0.004291868708830435
621,-0.14861264199896446,-0.025374516024226326,0.0253158254959873,0.03833976968319634,-0.016950600149895727,-0.02314245108693234,-0.004148068857526509,-0.008570975244621937,0.09548607889111645,-0.030236703560555953,0.017231336620794627,0.00429179821636974
622,-0.1721103524020954,-0.024634832251573015,0.025318719044977102,0.03801467542830205,-0.016856749372607643,-0.029101328992201837,-0.004694376445320256,-0.0054834987578120135,0.13525868292517298,-0.02702838221336268,0.014158055810356202,0.0042920097030168455
623,-0.18082812148444213,-0.02063286605844178,0.025309879618608404,0.03764481408018382,-0.008681108762583278,-0.029047657523190974,-0.0006132878031371474,-0.00407180561399023,0.1680267912984267,-0.025593744809032364,0.012721334862642101,0.004291361177904606
624,-0.18947239153632886,-0.021308177148523993,0.025326748599044203,0.042021785957738415,0.0016964075358758845,-0.037989090668126994,8.968661194326544e-06,-0.0042629009475322185,0.20071286439729702,-0.02573196159627299,0.012849152051689487,0.004292614109439215
625,-0.1996519255213996,-0.020677573809411924,0.02536311073162934,0.04216816646672547,0.013154024903491513,-0.03373628703360727,-0.0001722835492879201,-0.0042621927480175955,0.22749257363384304,-0.025600125742250946,0.012691136365858472,0.0042953642579621094
626,-0.23157732878949658,-0.023893148808966678,0.024708987366106275,0.04206220718521794,0.028564516299607098,-0.03416006761225072,-0.004603678102789097,-0.004083043046819263,0.24851537346922048,-0.02061494184768318,0.008224256346134438,0.004247743131247735
627,-0.2621506916124662,-0.02829586068835604,0.020679612727691678,0.04330964752021562,0.03177467894338201,-0.03363601439524541,-0.004126348212652728,-0.0054100346292468215,0.3025333616545403,-0.015525948708451203,0.00870523673713779,0.004576403916269359
628,-0.3162801809441442,-0.037560429284416996,0.021119278837142246,0.04684100315814058,0.05412208860492125,-0.03577142747267391,-0.0042719304364441536,-0.008945386508489209,0.4033194604166855,-0.01290746608188847,0.008550321116346401,0.0024924754022887055
629,-0.33478264874127084,-0.0379319037746904,0.02150393706428138,0.04642323887290447,0.06954875475038465,-0.03857606402621989,-0.004270708802523106,-0.00838555372575099,0.46295852714518726,-0.010465584721711808,0.00859349362948313,-0.0005159410199098382
630,-0.38129038177603675,-0.03786038503174298,0.01825560547313388,0.04597779858047934,0.11172616156452507,-0.03825826635483299,-0.004127550153917773,-0.008514381880647532,0.533489961733016,-0.008274893650422437,0.008574128129145282,0.0005283572851080135
631,-0.4020611886714633,-0.03911925059273964,0.016641807284163045,0.04982738161460498,0.13274393263202294,-0.037863020652965276,-0.004611986833934337,-0.008488953403374048,0.5807525490476383,-0.008657020406323823,0.008607811197445399,-0.0036442521802044414
632,-0.4042104455875466,-0.04218844526384646,0.016967650540128096,0.050679090963010875,0.1616944768674022,-0.042234050252056565,-0.0002280212571072345,-0.008492962700518853,0.6219631593677004,-0.008541523091968824,0.00854542763793612,-0.004344491645894898
633,-0.4181362951233566,-0.04476786745657554,0.01689752004656911,0.05062027564380578,0.1898905438877986,-0.04243099827244024,-3.274035581154588e-05,-0.008492650517021812,0.7004725580282398,-0.008319223218026417,0.00841194986470866,-0.004315637690294632
634,-0.446688214655939,-0.04391309515652369,0.021362593481029025,0.04571718435296683,0.22019080271333086,-0.0424848191340828,3.769031482242668e-05,-0.008491588148387836,0.7465821534026877,-0.004289611329927108,0.003768609383777054,-0.004118039891775784
635,-0.4755909469090672,-0.041936844580760226,0.02098896895320175,0.04206197074861865,0.24348537358596764,-0.04246879072130727,-0.00010037423091705582,-0.008499236053282568,0.8260156531440698,-0.0017939148319765013,0.0056203069395696454,-0.005504146523069282
636,-0.509925583864202,-0.042203675507174625,0.02112948381246498,0.04117373724492104,0.2619285272057949,-0.042390395889818466,0.0004788941058947408,-0.008457251527783198,0.8822477734088142,0.005025100069725103,0.009016022103924631,-0.009036635616778707
637,-0.5513112233174763,-0.04218447465369048,0.0210887678385728,0.035533483486419576,0.29572395392488027,-0.042118823488400986,-0.002774613014109996,-0.008651457062707873,0.9299026910678799,0.00492259274531981,0.008444112297752703,-0.0084861859252471
638,-0.568532658227162,-0.042729440359312004,0.021098893852624274,0.03337488343838237,0.35869023101018516,-0.024116785254621895,-0.001618338425916235,-0.007872231633089652,0.9606451460516677,-0.0017378408253279235,0.008756457410964757,-0.008574526760463176
639,-0.582238403468097,-0.04591638300356114,0.021096693590686496,0.034234596332284144,0.3814719399243865,-0.0070745883488652645,0.0002408167216856091,-0.012424644073993026,0.9920772965190249,-0.007850252956060313,0.008125100976246191,-0.008669788893646106
640,-0.5904793648424489,-0.04154226596116761,0.02109709856920498,0.030075057758363277,0.4124489228671543,0.011679184102824449,-2.3333517391917777e-05,-0.008634262217242554,1.043659251240971,-0.016734203780702287,0.012838446899317995,-0.008439665487759648
641,-0.5988704712339307,-0.04268645066696429,0.021097043012936443,0.029502598462277055,0.427921941676852,0.017194387840788895,2.5077627214451415e-07,-0.012745477678122822,1.0733680667019614,-0.03135728122665749,0.008395303469314679,-0.013072812005537783
642,-0.6113967877979587,-0.03977800619839281,0.02109704518019303,0.029528906873678255,0.4579888891321627,0.025940020232983987,-4.4329290767619375e-05,-0.008118965797248053,1.0934187065886338,-0.04387755847782983,0.008705318589523612,-0.012131495346653821
643,-0.5979444572586146,-0.03503085547146249,0.02109704720074104,0.029485846527971937,0.47830153438019607,0.02650547992522887,0.0003245920808138788,-0.008641922319739719,1.1135993309190322,-0.042268145822160465,0.00853716848955171,-0.008171407572423591
644,-0.5980719769963503,-0.02959855033453633,0.021097045501776504,0.029888056783887854,0.48744389639095226,0.0291762729047399,-0.0020036207137176065,-0.008454466985951665,1.120154737663652,-0.045204662497925305,0.008622984172213986,-0.008668832636398381
645,-0.5825660861135157,-0.03369736035702378,0.021097049919754855,0.027424760784754833,0.5063781358643098,0.03625955267550245,-0.00242786054930486,-0.008473343706420902,1.1201952635948313,-0.04658872232024987,0.008459296544359882,-0.008679148556701257
646,-0.5678820145885837,-0.03399136447694648,0.021097031460220992,0.027149978985913027,0.5338741492176533,0.04392935321680416,0.000528212566286218,-0.008612785584934862,1.1124263945156248,-0.055392495618745,0.009035805017358609,-0.008137354792551742
647,-0.5400401583835979,-0.03839279033615087,0.021097102959335975,0.030363260190404185,0.5465108976298833,0.03877998265945589,-0.00046259662511376404,-0.00807245882947701,1.0884885233762784,-0.07216399442982221,0.004956285762151082,-0.0122100673390688
648,-0.5181264876410933,-0.037847772220315726,0.021096867664528316,0.02603856238506586,0.5641599603114714,0.03832003629867805,0.003933661877756741,-0.012278612651710355,1.0671502155125614,-0.06876713469140222,0.004239804294806872,-0.012927870288814626
649,-0.48698128337781366,-0.03798729273920621,0.021097427368678534,0.025186183363692997,0.5763062192133297,0.03385702180667413,0.004233251446482686,-0.012752554458885085,1.0487406391630376,-0.06835137672389113,0.004281311354111616,-0.012887016484402145
650,-0.4533932062421949,-0.03805783455070609,0.021097438181344685,0.025252944427174275,0.6019789921907406,0.0294690645816054,0.0042345443474352115,-0.012755518979023626,1.0268664336312217,-0.06501511945363696,0.004298589164157178,-0.012856783093348794
651,-0.40629754411325325,-0.03764806360835323,0.021086171630683572,0.020810580864713303,0.6189504976216896,0.03869031513588325,0.0044778570459549786,-0.012730282877494361,1.0175821182765743,-0.08803289853809511,0.004290031576902703,-0.012955287493581519
652,-0.3716819894763686,-0.041286131809469495,0.021176753188817874,0.02122332091423477,0.6344321947926206,0.062446790646981186,0.0026975688671506204,-0.012747201247879224,1.0090377032654125,-0.10224856715206317,0.004289910111065492,-0.012481462822017206
653,-0.3437308597598536,-0.049828640381202466,0.020663467211323713,0.02097349362274288,0.6765928740658994,0.08115299281780441,-0.0005438241428860516,-0.012709413930514177,0.9995158272001551,-0.1571152918612662,0.004302796009501663,-0.015330188153606683
654,-0.31516804280747096,-0.07829897543701907,0.023607302249432503,0.021526296383818925,0.7139022332299274,0.09513286966896511,0.0005765639815895512,-0.01285876092711774,0.994907501841147,-0.19111969895883887,0.004250689095525319,-0.017436723493724018
655,-0.26817523895881484,-0.12727248211565062,0.02298776973146592,0.01842301864305239,0.7657216617977958,0.03802292872594689,-0.003493435068856339,-0.012311463017627384,0.9898053510400225,-0.1961237794824957,0.004414682040095093,-0.017192405625724223
656,-0.2316925219465734,-0.1751487193280159,0.020799366773005267,0.016626813959779985,0.8128335597661145,-0.5936090221609629,-0.004107274645968705,-0.01639830631817944,0.9863430847836556,-0.19742120104603947,0.004090147185586354,-0.01705485718439703
657,-0.20974214456383697,-0.1933946558306857,0.021112551013752125,0.016933635018971334,0.8616419567358581,-1.9586454991867177,-0.008518334110826987,-0.017049701550102814,0.9898848606679987,0.02097259759621581,0.008550680794123428,-0.02178215573691534
658,-0.1545334802065398,-0.19359037217164285,0.021121571220315678,0.016855216444531723,0.8956234388148084,-1.120793723963962,-0.007989692501088694,-0.01723121374659145,0.9928362901021319,0.6261963769564006,0.0038563090950530015,-0.026009433181020527
659,-0.0695189812761068,-0.19856080595659822,0.021441693064823585,0.01660582009988366,0.9539798549080497,-1.217465584836019,-0.003861563719582376,-0.0215895948760296,1.0114710021735518,0.5652340354167121,0.00436056845637149,-0.025663452009709913
660,-0.005509815429725446,-0.20314817597391713,0.02491695925050576,0.012299742135650264,0.9909991071332123,-1.174869967370924,-0.00436791219920263,-0.021119154389534402,1.0007306219212886,0.5889384133238286,0.004677751530355053,-0.025772978367448778
661,0.04719963493682358,-0.10573149450338383,0.020826675710292723,0.012698750365200113,1.0414299050339224,-1.2378775604293413,-0.004179155548771353,-0.021235008949639537,0.9812730629651123,0.5790603081081361,0.0017014746210379864,-0.025754241826122133
662,0.08004451688438768,-0.03718501743104729,0.01942010796319041,0.013015530628255313,1.0652333393553952,-1.147259583346259,-0.00440791931412083,-0.021344158141594443,0.9629179343599928,0.6511491494260607,0.000283717628541324,-0.025719704876112342
663,0.11408622448790445,-0.03439785109848443,0.016454651223379167,0.010255584071704774,1.0988777622142805,-0.6632186431155387,-0.003719526974364727,-0.020788543425158238,0.9362716612505427,1.0469520094010014,-0.003954887850090242,-0.025847946433663994
664,0.15749820101142414,-0.0315231589330442,0.01696355667124654,0.008113499816630535,1.1282657789926758,-0.7699661727054214,-0.008347008856992029,-0.024799349462488005,0.9102809918675187,1.0346916902219618,-0.00022733155557874956,-0.025590441368812923
665,0.1770896785275452,-0.034847299032286186,0.016861819659867446,0.008584996045142242,1.1605251998575907,-0.6890822499071846,-0.0042683640910437795,-0.025547740387802664,0.8831175282108791,0.9553901737177313,7.520635664507457e-05,-0.03018600917330039
666,0.2775734084620165,0.007304992653835478,0.01688261902236516,0.008243842435511808,1.1651633933842562,-1.662416958129897,-0.004330763278430681,-0.025528718446552943,0.8329922597854931,0.8567032117027364,0.0053588382327595255,-0.029951556278638793
667,0.29416072972569207,0.09318132563463678,0.01688495665051295,0.01274822387622365,1.140163343134604,-1.4729191075628605,-0.004224751059003224,-0.024845615376559903,0.8000962247698716,0.7725470854342165,0.00861615085858848,-0.03005461584656868
668,0.34956194718924133,0.18148549584886983,0.01674694750135434,0.012575420132150735,1.113295189856209,-1.1053047958022035,-0.004170180195442373,-0.02106129739252744,0.7479247361308752,0.6309080840957876,0.01029914491276979,-0.030138856412403704
669,0.3712016434028264,0.18533000728980592,0.017872334120249682,0.012689881812058164,1.1076483427298787,-0.7657229584690358,-0.004654500408587876,-0.019671538716662707,0.7228156437956903,0.48404787644847996,0.013316488300673546,-0.029591060783419228
670,0.39367067743324297,0.15609950926677463,0.021648141220535624,0.01264256337710447,1.0565202521529138,-0.5768027197569638,-0.0016107828780770022,-0.016463753703637757,0.6766932166569132,0.3669064911982831,0.012703786587874695,-0.03309789214528174
671,0.4027826036278857,0.1334029168126671,0.020547987365991584,0.01269190285207735,1.025373289946954,-0.4618411857579866,0.00036789590711505053,-0.017405485356723743,0.6418177540076324,0.3056629046532652,0.013154432863674091,-0.03450795152755499
672,0.42179050562579146,0.12462070608830694,0.023897985775276704,0.012532962587614204,0.9736044526972896,-0.3644382255616848,-0.0003562174492749814,-0.013898750874159153,0.6018456899077436,0.25706259396262243,0.008947942827310061,-0.03431935681028136
673,0.4286218914825253,0.10550663158627895,0.025432478457720703,0.01308023879627092,0.94213179548729,-0.3446614551484375,0.004209574901370144,-0.008705539342395855,0.5638533018813854,0.1952764831068772,0.004186867545537139,-0.034328516288444105
674,0.4018592710055036,0.07714931954362104,0.025562874871486937,0.00884947068843733,0.9095882923568084,-0.2600673716726093,0.0046018741078497375,-0.008490363257994,0.5093149394134795,0.1459146994781427,0.0043760502772867355,-0.03438334394620818
675,0.39644106336756324,0.05946759080380079,0.021144290115809327,0.008441125210863884,0.837758493405101,-0.20709626739633044,0.00804581179038082,-0.008865794674047755,0.4719570093980226,0.10072311828403933,0.0041696913103812005,-0.03402840454065021
676,0.37902116272762176,0.04555233132625006,0.021227014446910258,0.008824708321442557,0.7996246003430711,-0.15028994915639085,0.0039807595644086565,-0.013923291345888135,0.42580313309330775,0.05169737757480287,0.004800640159519832,-0.03624089063118326
677,0.34736385199730513,0.03453633327306977,0.020429621662865216,0.012281910770518423,0.7720074611729908,-0.1074312468649475,0.002410454180521354,-0.0188620130233789,0.39486835562353645,0.01467910745369019,0.001368095191199543,-0.03857903682882699
678,0.3222379497037343,0.03363312622397645,0.015424425812826029,0.0077814953285017755,0.6977261697486761,-0.09676378811212823,-0.0004045338528849957,-0.02169218303986578,0.34818452132694777,0.0025139090280593187,0.002877820590380176,-0.04156671032677009
679,0.2846663347302031,0.0380494009485474,0.010432106812664713,0.008992148837386742,0.6379044142996367,-0.08934549551758837,9.560573903924784e-05,-0.02067746593407397,0.3309420526306927,-0.00014098127110955157,0.004148281665674498,-0.043201817521642094
680,0.25312107154248875,0.03900878021434204,0.0081382179706434,0.005905032717237805,0.5497569664868542,-0.09544809607992773,-6.634799190609043e-05,-0.024673826007960364,0.30041590138258895,-0.004458119312192925,0.008358211815422956,-0.042738672927087364
681,0.2215512987373739,0.04974340397933702,0.008490255699923344,0.003981547015929623,0.4962554869864101,-0.11414789202047515,5.675786479350108e-05,-0.025385924721764323,0.2712532713616827,-0.007480543701497019,0.008539577410279,-0.047346989574583595
682,0.19199362424837157,0.05664480525137346,0.008454487878562168,0.0041616634855815085,0.4435462878018975,-0.12880762240297186,-0.004802669900797844,-0.029710636151964304,0.23696978625381002,0.015720281578583246,0.008654647041894042,-0.04712142158556463
683,0.16822275039233509,0.06392489201451565,0.008396515904344055,0.004388427671432382,0.37020614851980826,-0.14692889137701548,-0.008003048343248581,-0.0341621147136255,0.20322148100963847,0.03097781139787126,0.008289400797844121,-0.047221008331416056
684,0.15143055375469974,0.07060284880713899,0.008292837227953702,-8.489665373687313e-05,0.30183473311225295,-0.1650097551330173,-0.003787109912552328,-0.03382972960078113,0.15958915206161034,0.03536041943997931,0.010385626627992335,-0.04730809256131773
685,0.14048453224304314,0.07549405412234847,0.003887367677686936,-0.0004813653168039687,0.2628919451175226,-0.17926167074797014,-0.003984975452359688,-0.03435067608269136,0.12746388248671936,0.05419745265429101,0.013272927177030993,-0.04675024714938467
686,0.10538484839622266,0.07583091012131933,0.004354176201796752,-0.004678185412128748,0.2091159724284519,-0.2194627048289088,-0.0067493111811397465,-0.03180169013787819,0.11434272312052908,0.10139648438223652,0.01279636545607456,-0.05028973897195618
687,0.08725370897555265,0.08028084336022413,0.004089160995808279,-0.004115297691779324,0.1743919192136446,-0.27648942016267714,-0.008777202433865648,-0.02984858443772926,0.08484052512690377,0.1394030546655553,0.012887878408289614,-0.0515804881966722
688,0.04426713560204534,0.08051938801793798,0.004662247417549412,-0.004134671782424878,0.1094782015938146,-0.3348938379560169,-0.008427178828728487,-0.026478142911973968,0.07710306998091868,0.17781750681475686,0.01287471491780203,-0.05164980175689632
689,0.012948233220205472,0.08598057883388462,0.0014035033211779783,-0.004665704230780537,0.10392597495185482,-0.38432140298438805,-0.008527208986142395,-0.025556985613061193,0.0733153709063591,0.2542188035187645,0.01287626317128167,-0.047057958223488856
690,-0.010225454871711556,0.08895212978528111,-0.00021423679190208365,-0.0008631353778777171,0.08224774993251306,-0.43588491448598476,-0.008728295027723832,-0.02139774855082269,0.06435555625004734,0.30232291729964406,0.012863240643900256,-0.0474636086778521
691,-0.02107274294083939,0.08842879090532135,2.5587421976897744e-05,0.0001053472269253973,0.03912962337591103,-0.45556764917925113,-0.013057421343611646,-0.016905446445829815,0.04588718064994511,0.3381926892411093,0.012957087926229061,-0.046018656089800984
692,-0.021309543699841837,0.089013436877976,-3.1173643552065596e-10,-5.935104091795611e-07,0.014433968102266777,-0.4715265049145942,-0.012916727774478168,-0.016348372003974904,0.021634247531849532,0.36219537852746786,0.01245845584963782,-0.0423464235904097
693,-0.026361449145254363,0.08535230246559851,2.486728728075638e-05,-9.547758255669483e-05,-0.008510903018015568,-0.5127398354160909,-0.01091136163630504,-0.011952287157965107,0.015827552076700908,0.4156357184464812,0.015424906423796358,-0.04356299741815345
694,-0.03106819829033363,0.08079776482846848,-0.00021149380123937754,0.0007913614836501825,-0.026326003610805743,-0.548451779358561,-0.008131977852151145,-0.014783947530742997,-0.002109253000413131,0.4351175018184689,0.01701097025944543,-0.03953039982521684
695,-0.035241683604537534,0.07158747323411262,0.0013902597585887819,0.004994276353603074,-0.032396621004913514,-0.5803453291581363,-0.008453014350000109,-0.017301583778789452,-0.006920487424276946,0.5179067018957898,0.020727866457525838,-0.041670255722392496
696,-0.043347093563569104,0.06654421846730355,0.004653497580259825,0.002130963203296504,-0.0449632291795134,-0.6484745507786498,-0.008823839540892385,-0.017035390517182076,-0.01539501008725675,0.5647304333111172,0.021519257070274363,-0.047114827939927814
697,-0.046892110148574716,0.057255254921677316,0.004129804126512145,-0.0003412634419844573,-0.04887516551451216,-0.6818748535538245,-0.004438151753046248,-0.016653742857918433,-0.020137640592134166,0.6366735828140826,0.021468818094272566,-0.04735031160008342
698,-0.046341092833238076,0.05493759937573337,0.00420722545854025,6.817672235327217e-05,-0.05142099023939573,-0.7281726272653866,-0.004336242755149081,-0.02106892120232235,-0.02135990317566435,0.6421446377063578,0.021464294019473796,-0.051867581249373094
699,-0.04641878206653378,0.05292826197255474,0.004305930205741924,-1.6409792124935582e-05,-0.05042200561736532,-0.7447923353751653,-0.0035798483015866537,-0.021192443590495137,-0.024989767285014133,0.6657144837833324,0.02138101006653989,-0.05137640077361292
700,-0.046414995806443336,0.04859126715994231,0.004088957448404344,1.0098797068645363e-05,-0.054932026630157074,-0.7533014552001873,0.0004358792393459358,-0.02121230014900675,-0.030024035307969085,0.6926889412306246,0.02187152202858689,-0.05153651355878927
701,-0.046412384308984714,0.03740210636751793,0.008592296846229362,5.129678932276648e-05,-0.05517250824651507,-0.7694765514722254,-0.00011706060748985565,-0.02150765291492028,-0.030000528038506884,0.736089730501478,0.018929402745606044,-0.051494107259979674
702,-0.046415375787159305,0.02247456910020036,0.008358853672678444,-0.0006264380609303052,-0.06424968756821604,-0.7856160134499635,2.082778613785086e-05,-0.019453463171011497,-0.030008793561374206,0.7603815304076851,0.017266176725166213,-0.05150373984360526
703,-0.046405429140955766,0.012737812283009402,0.008387435551122422,-0.004663924475848682,-0.06324963361974291,-0.8053115631454949,2.033818401231686e-05,-0.016588846055448348,-0.0303517985830326,0.788380064045242,0.013782729781728268,-0.05150193052015558
704,-0.04644828451178007,0.003431638010637106,0.008851445165409753,-0.004071060599928061,-0.06521748543871358,-0.8089235594637976,-7.778080641952071e-05,-0.01706472693189566,-0.02804771996408691,0.7939354300704048,0.009071248091869178,-0.05150210104474379
705,-0.04628203203554826,-0.007654209470608695,0.005935580926200615,-0.004368556924698711,-0.06836290600151296,-0.7988595644968344,0.00014091842348171418,-0.01697387121953023,-0.02493721432566458,0.7939171313730794,-0.00025548990090162855,-0.05150191177594104
706,-0.04682609441418985,-0.026227107013250157,0.004679070201229638,-0.003753319567935824,-0.06781733972862188,-0.789291071819781,-0.004471147928290976,-0.016982971618046308,-0.029155309648181384,0.7948780667705727,0.0003374558302338568,-0.051505435583495005
707,-0.04240532891284364,-0.03908852935941557,-0.0021517457692215264,-0.007670057177748295,-0.06806972568399271,-0.7745399930607916,-0.009323559783855415,-0.01697751240190349,-0.030148178236678997,0.8006304340549263,-0.0012927456284535506,-0.051480428248917874
708,-0.04211215818024844,-0.057028881448393826,-0.008354662084192829,-0.00846347687242733,-0.0676509318272154,-0.7445296698260682,-0.013092941235852288,-0.017117884978128915,-0.03004192481440336,0.8025851966212049,-0.004430653206030866,-0.05161343153480659
709,-0.03817402235320538,-0.07092720459670117,-0.008471672157446288,-0.008406187269450032,-0.07214938927687538,-0.709266930504638,-0.01263548637480537,-0.015974377664839185,-0.03000305031843767,0.8049473614488277,-0.006235649907208904,-0.051017465608260974
710,-0.04249339094486227,-0.10106273747863945,-0.012862105248110383,-0.00393888187492086,-0.07212176488924237,-0.6866735858993864,-0.012786329232292925,-0.01198811165298258,-0.030332210472309943,0.8182901471687074,-0.01163946909685614,-0.05465780247242845
711,-0.0435940365031426,-0.12160179579101674,-0.01322361777204473,-0.0043270006281442355,-0.07221553748565461,-0.6679044419475267,-0.01264204130567135,-0.014785842979245619,-0.028196446276667984,0.8651288326451595,-0.016136500983333694,-0.05561033737717694
712,-0.04687068771247968,-0.14990711675563187,-0.01885026863790062,-0.004209769719383377,-0.07217809578717435,-0.6635049769521828,-0.01302758626133077,-0.01968839282117322,-0.027428892341145625,0.8755137623007202,-0.02145921030693795,-0.059841224710508345
713,-0.04632011226835937,-0.17667305518698145,-0.0212867654385487,-0.004117896830639914,-0.07218891933604303,-0.6550486849699417,-0.012165715317348443,-0.02480417263582939,-0.030603578893476733,0.8895403062537781,-0.017004615386745702,-0.06000447424093075
714,-0.046413426081742856,-0.2059760478714009,-0.0215031994746078,-0.004664468269947658,-0.07218697629506539,-0.6363153255791764,-0.025807561588233874,-0.025555477932076097,-0.029556380782365624,0.9279891961536995,-0.017310771939567378,-0.06074210036185614
715,-0.04645607573807796,-0.24179732116680666,-0.017848962300467994,-0.001053934659553281,-0.07218473500234085,-0.6172184119923032,-0.023992738539378763,-0.025483171623109226,-0.03392040787719081,0.9427318864638442,-0.016924027349101582,-0.06474032049572692
716,-0.04639567896628409,-0.27427265391286804,-0.016928775601133032,0.00020856615856797698,-0.0721925635534951,-0.5987201192831232,-0.017474246897558835,-0.025326771581727525,-0.03433242890689507,0.9645087835496015,-0.018564424486943856,-0.06464496323526057
717,-0.045638914725195004,-0.32701029690377337,-0.012923671700080727,-9.203712863624152e-05,-0.07218295543995218,-0.5756562300061772,-0.02084054505953497,-0.026661024896067552,-0.034780173122071524,0.995495536574993,-0.02504045261128513,-0.061990665869805506
718,-0.03800688819646378,-0.3530381395212865,-0.008741897785131151,0.004525680501616548,-0.07210113912289838,-0.5514036717629391,-0.02834368773217903,-0.028661584851808298,-0.03895856491093261,1.0095305045015346,-0.042084410097458856,-0.05977880708246667
719,-0.04288864527412394,-0.40526580865660394,-0.018201228487299638,0.0027653815126720206,-0.07300385345972366,-0.5287706472683902,-0.051147051429609514,-0.024938655071997294,-0.038947501201342064,1.0379338110190997,-0.05412222257400159,-0.06014133177163994
720,-0.042016227707647846,-0.4578625989840336,-0.0318087780171299,-0.005163182468324749,-0.07688672324878756,-0.5179807191847398,-0.05737924505658437,-0.025588499415554928,-0.03605511473328821,1.0494401476140989,-0.06773142120414402,-0.06006921355834536
721,-0.042225796598544106,-0.5078665546803364,-0.04945090199288824,-0.0035594209051234803,-0.07632609455963682,-0.5149797955801337,-0.07886854423457655,-0.02547776766459905,-0.03678636950033986,1.0831209918251168,-0.07743121715870752,-0.06004345227228499
722,-0.04221808546184351,-0.5241652431716022,-0.03961891088904646,-0.006833914055676737,-0.07641693004439647,-0.4965449356075106,-0.08489895576998147,-0.025426548735401903,-0.038911779581662385,1.0903504234277872,-0.08384809388837997,-0.06070033193446831
723,-0.042104674028407674,-0.5590179092380434,-0.026045570887418133,-0.008032127120447367,-0.07657634058351502,-0.4862629500093783,-0.08521215222083539,-0.025501682474257853,-0.038593177533528006,1.1110151100620278,-0.075338774085599,-0.06483023296023525
724,-0.04231999343487105,-0.6220670330768207,-0.002099769149827785,-0.012646392933368852,-0.07603664164293526,-0.45978778891173394,-0.09126821516248726,-0.020622107204205372,-0.03862640742946627,1.0837536586773762,-0.03238385190956639,-0.06422589174117742
725,-0.03782632613517228,-0.6404422171320204,0.03157501623135986,-0.004813883398756829,-0.0806773143118986,-0.4124530771853523,-0.08929094989169978,-0.016903871560858194,-0.03860659304487814,1.0536688835533614,-0.0015094042938715822,-0.06453405510428972
726,-0.03788685710157382,-0.6437425483411783,0.04652327452261872,-0.00419910488284802,-0.07623648802607307,-0.3680572081652501,-0.07690075171952193,-0.015679355789723178,-0.038795898647987735,1.0307095208645016,0.01736335395279017,-0.06389368221079278
727,-0.03922194156167681,-0.7022138965565167,0.04619515114422086,0.0006641779612074909,-0.07578031751877586,-0.333606045801091,-0.05859678754952637,-0.01229693299187476,-0.037442497972802094,0.9878955262834848,0.021507044786872487,-0.06804526847004994
728,-0.04216215490468562,-0.7470616796971236,0.055625098808294915,0.005739608213709283,-0.07168469283660862,-0.3121265150723886,-0.04344688953054307,-0.012761849920789199,-0.03159491153458962,0.9763594386750958,0.019914321959271647,-0.06860024377312822
729,-0.044912868290217796,-0.7565503240522102,0.07616843834763753,0.007181300926392232,-0.07234557133027397,-0.259844612193144,-0.03882524003608804,-0.013002848073868025,-0.030258908838487978,0.9321835549658559,0.06608036180365388,-0.07325077399953905
730,-0.04370365095128359,-0.7787442846386808,0.08608036302071867,0.004157951481258526,-0.07203344681699204,-0.23772443674244562,-0.03397352766040524,-0.009449214024365537,-0.026667086900378927,0.9081676198844391,0.09904501422070344,-0.07754055168414047
731,-0.04223257644731946,-0.7926786127805735,0.11683938023590446,0.0015104384774774669,-0.07263393290219082,-0.22297399314788174,-0.02643008985263764,-0.004222989476331,-0.025654385448586354,0.8609643350475633,0.14331823447490044,-0.07689254058357718
732,-0.038469864734697636,-0.7796371293293525,0.13117385704680906,0.00015146311970200927,-0.06845160487333442,-0.20332840131239652,0.026827237614521625,-0.00865456460072199,-0.02575055242172036,0.8044300605135714,0.1245831442153169,-0.07902624221525834
733,-0.03368682640528101,-0.7727130390312099,0.1309551267395656,-0.003693183576799528,-0.06793760716728804,-0.1763761410436833,0.06506544638232119,-0.009090818753370821,-0.025660585192510223,0.7730410645816252,0.1217818182542493,-0.08205259391351204
734,-0.034105506466140245,-0.7500438855028982,0.12670831974978233,-0.004256413695572982,-0.06819990375603585,-0.15525897031725017,0.06139420935431,-0.013228230641231234,-0.0265600443233381,0.6998274557939218,0.10281597878738102,-0.0810461395927866
735,-0.03148922218166264,-0.7232481983595231,0.11653494086246989,-0.004524480544132711,-0.0725743109994441,-0.1313131859158883,0.05674820773012825,-0.012606600596063444,-0.031739078842094294,0.653354232708853,0.09905555975811903,-0.08504193744880391
736,-0.025952073473558646,-0.7134619252677287,0.09337295883226356,-0.00880867122403324,-0.07206742334587309,-0.09662614384173542,0.052322038048643736,-0.012777561180205588,-0.036869482382077975,0.5867308743115275,0.08684020142340969,-0.08608361214704094
737,-0.030310816092911287,-0.675542733412381,0.08161107332523933,-0.008321082837343168,-0.07219811816592074,-0.06283166301538004,0.043702314059634026,-0.012700996072577998,-0.0388935623518749,0.5393514474548855,0.0768609292071109,-0.08146654798640021
738,-0.028869442260858438,-0.6539182950178422,0.07166642905927327,-0.008470010675310077,-0.07226815617275828,-0.04251350400966234,0.03400530564768734,-0.012834507776111195,-0.03858068599094265,0.5051846890851348,0.06035471965810342,-0.08103071271552642
739,-0.03312353710272124,-0.6347503121315755,0.06645083767417051,-0.008431759401715767,-0.07187059802565665,-0.037905588077877764,0.02928252511390543,-0.012581634691835894,-0.03863180388192532,0.46952938712699105,0.041367256212114,-0.0767218491260113
740,-0.033242554559637275,-0.5870763966663379,0.07065213175441185,-0.008439641406567123,-0.07553535135659264,-0.03224713946361688,0.02436519146081475,-0.017121927257093442,-0.038626796520286784,0.4072988973090173,0.04126831050601793,-0.07766845272266151
741,-0.04216824148899898,-0.5579545593094747,0.07188208670824713,-0.008440477416596152,-0.08059719915318923,-0.022203385468282075,0.020282223447054396,-0.01689041326391789,-0.03862674904058695,0.3569543046624905,0.04058383955752278,-0.0752619146608445
742,-0.037621673039268444,-0.5125048854428769,0.07503640739499118,-0.008435329949580607,-0.08070708995703674,-0.027290889501861242,0.025106143393583386,-0.01703665311496145,-0.038623223417131286,0.3000969378483336,0.04302971755421953,-0.06967793811508997
743,-0.03793122622106668,-0.47196808702613335,0.0933348422880801,-0.008430125622788998,-0.0799877984266079,-0.034650611241701795,0.03274790161637445,-0.01687451618542376,-0.03864563361199846,0.2835465564446581,0.04595587427424248,-0.068437051685237
744,-0.03930261673568357,-0.40854916151091875,0.09701377365457872,-0.008579996160905953,-0.0758954087135948,-0.03693370779796377,0.036939843914479666,-0.0174341566680673,-0.038540111580338966,0.22043997095785625,0.05494647822561654,-0.06885968344687333
745,-0.0426436020412625,-0.34836531669308246,0.11469973109198417,-0.007382773106810564,-0.07694854430991596,-0.038604786791068706,0.04205691700794516,-0.014039570374221726,-0.0389639791056342,0.16522248031897327,0.06921842165020028,-0.06425680641286531
746,-0.042093052509120515,-0.31932728288107565,0.15354370022810143,-0.003859143202822351,-0.07391797703415665,-0.034054818019607705,0.04650743461829319,-0.012576251626877928,-0.03555862106059623,0.12830566493515794,0.0925606491770361,-0.06442648831456427
747,-0.0422133219932577,-0.2627695309218886,0.1623527781159367,-0.003908118047689015,-0.07182358686509692,-0.02920218359892542,0.05987371986737457,-0.012698794379221431,-0.030279913452184455,0.10417285439950745,0.13650120710990243,-0.06462493566436835
748,-0.04219177748192182,-0.24326389215076696,0.17147378868862279,-0.006933945302609743,-0.07249855795875622,-0.02533522121996028,0.06131112658530172,-0.01265054458413517,-0.030055209978017788,0.07228172602256172,0.1651871732303449,-0.06261920445517868
749,-0.0421935065015001,-0.18992474257662226,0.19032927510910008,-0.008778179453798685,-0.06817153373627755,-0.024387592314908828,0.08592504923764069,-0.008314494666089035,-0.03002670804978093,0.05793148224636791,0.20567726148393686,-0.05968157669387682
750,-0.04218885594735796,-0.1527664326663936,0.20482313664264673,-0.008131813423165754,-0.0633356667319439,-0.01937754067610968,0.10976668730589781,-0.007588441439420933,-0.03004902554674872,0.03805329555688982,0.2244161561683891,-0.0601670026509596
751,-0.04225258074082089,-0.11961417424067015,0.22760039950705196,-0.012632415924732618,-0.05920154804889869,-0.012428746760094736,0.15105590196246202,-0.0037559574375412097,-0.03004116646551649,0.004245169055462857,0.25799554751526454,-0.06007332096224057
752,-0.041826930957415735,-0.09434016596846759,0.261972915546678,-0.012685806627154452,-0.05924840631524344,-0.001600712809233816,0.16781665431068166,-0.004366407589579156,-0.030043383742640352,-0.01145210810683156,0.2644783807391657,-0.060086098645754704
753,-0.04437840231389785,-0.070641718412163,0.30459671357815227,-0.011873819475695204,-0.06127629591018633,0.00011528916148680632,0.19903048139637755,-0.004220787670903649,-0.030042660905713406,-0.04568519983601144,0.31530856813417585,-0.06008320819339427
754,-0.04431674298047121,-0.03443902642985813,0.3175171893382713,-0.008000944813100711,-0.06409278819544213,7.923052034072972e-05,0.21597451159355158,-0.004250770789575907,-0.030043476451697627,-0.06468337459882569,0.3509840824956691,-0.06012721950006765
755,-0.042264615112637044,-0.023403384442746773,0.346970445629332,-0.008451107131113099,-0.06358616669223675,-0.004385619892012389,0.2485487213776218,-0.004245758874307941,-0.03004178448900425,-0.06915364625433772,0.41601852057078254,-0.059808204454135615
756,-0.038758057619675865,-0.011921206364984314,0.3773802773333405,-0.008860801452813207,-0.0637986456902213,-0.004894550988397775,0.25944677817697054,-0.004246284324218321,-0.03004129185432149,-0.06856801400148924,0.44599682507965366,-0.06184698353614367
757,-0.0379089599676741,0.0008177553452673868,0.3900298031606286,-0.005366746233901737,-0.06355508723463746,-0.00900731803914722,0.2986863941144091,-0.004245764971461262,-0.03007942494774556,-0.0686836962172948,0.4842345512840557,-0.06478911178030194
758,-0.03798796251535373,0.007419387927605389,0.4322730577170749,-0.004035004862525702,-0.06810097989382459,-0.008227674104095943,0.3522455424374067,-0.004250610575839744,-0.029782510358973613,-0.06867576684072234,0.5298649411621694,-0.06426404036312619
759,-0.03757433602279416,0.008679640837734258,0.44737221974450464,-0.004272912166601128,-0.06784359429485133,-0.009097488355600508,0.3829300139655733,-0.004221988399773705,-0.03171780906552988,-0.06867449102656942,0.5361625288094547,-0.06449007560634187
760,-0.03254110333902127,0.008181800369586555,0.45232426532932224,-0.004386869130738706,-0.06797968209497658,-0.004915914093392496,0.417222097412107,-0.004359836924811685,-0.03474811015430564,-0.07478310764272326,0.5810090576800563,-0.06419678326606934
761,-0.02774386865821323,0.012665993898726913,0.47587467945062767,-0.008761439530718151,-0.06789629836204535,-0.007762239887790503,0.4376310940218752,-0.003786217621415,-0.03424979423834841,-0.08600830327220084,0.5968900881188224,-0.06879378064761507
762,-0.024437741346062955,0.012257092885683685,0.4864362950288616,-0.008399960594748178,-0.06809569055846613,-0.008546290585096171,0.4581253157290566,-0.0075106166725645756,-0.03434875332578139,-0.08071829868425287,0.6129240733175756,-0.06854014744924568
763,-0.028601765078980775,0.007500485408335421,0.4936685504027886,-0.008073932341213022,-0.06737452714708794,-0.008569912369934075,0.4682668649411964,-0.008595512149090991,-0.03433356232476416,-0.08185884923571969,0.6272295756935324,-0.06895731340035419
764,-0.02645082674947715,0.0018594909821848216,0.493952538589503,-0.01081647500583714,-0.07189108996349321,-0.007793395792046353,0.4851959808389684,-0.008504303968643746,-0.03433506982961601,-0.08104114233277913,0.6187679619687808,-0.0670124155896293
765,-0.025111001384606316,0.0033188740722983573,0.4691509905886623,-0.012493045862448976,-0.06818130564649619,-0.003734329256940143,0.46579682391450805,-0.00880160696051257,-0.03432650460609314,-0.08502955291164693,0.592155493090214,-0.06349064682196086
766,-0.02533498242670517,0.01186364719459525,0.44061848243031765,-0.016097378190246866,-0.06798650638378094,-0.00468984421307223,0.4286428553719389,-0.013074419300718147,-0.03439337052693115,-0.08590345174462619,0.5731157823782623,-0.0675989940860784
767,-0.020857828949333575,0.012758464584202992,0.41174468449586726,-0.016718276875500013,-0.06795228403783884,-0.002049758620660252,0.4203989862515483,-0.01293635491058715,-0.0340254235557008,-0.08582165785914847,0.5482245067902688,-0.06843839565240051
768,-0.02118479583277903,0.012645336554271197,0.3880631808753369,-0.021106366074091585,-0.06766844566624407,0.0028089491449710745,0.3884807792595924,-0.010801840773457432,-0.036378704138207846,-0.08634670883336493,0.4708964538632997,-0.07275899689710362
769,-0.021157384577602533,0.012657682053687894,0.34024816427702415,-0.021312652958183846,-0.06971986336792917,0.008261425452100858,0.34210660935525855,-0.008231488524844864,-0.04131944864223519,-0.09056168987020714,0.4578358407969226,-0.07306808541313897
770,-0.020667939899574016,0.012642529529910875,0.3039887055044002,-0.026601804992726165,-0.07258992432070378,0.004568464318492543,0.3029327181942863,-0.008136314873904184,-0.04698743592032532,-0.09003168529580656,0.40179606872220464,-0.07762236308196277
771,-0.023784012067996258,0.012812249986865948,0.26578319298959185,-0.029967051335803224,-0.07207585689393356,-0.0002906595636279003,0.25740720263927186,-0.012121673960550944,-0.0432232234886274,-0.09003692503218372,0.3302709284474503,-0.07710330345016433
772,-0.025179012908798606,0.011576975296513704,0.20589326066424576,-0.028943391688943595,-0.07229638185146033,-0.00453618102651906,0.1562818409594468,-0.012810616258939804,-0.04292035028824482,-0.09059023852201054,0.2481376658453718,-0.07740020246103702
773,-0.028846797635166805,0.0065972882774218335,0.13959735728470438,-0.03254269354675048,-0.0720171062471517,-0.0041426938491784205,0.07859552823882615,-0.012965528423204283,-0.043459387833925736,-0.08658008860118463,0.05750014464472143,-0.07675534065729475
774,-0.029694934935483114,0.001124885932866733,0.032435130531232974,-0.032592721041767254,-0.07656325981474386,-0.004302631096255513,-0.1384614741143848,-0.017370544478023477,-0.0476591990459775,-0.08581865713637649,-0.18899122564587184,-0.08040657176724923
775,-0.025220427210689934,0.0024294855912406093,-0.11379348009204092,-0.04504771593597869,-0.07633063237646522,-0.004111055689710339,-0.32783014841859687,-0.016669230720513906,-0.04710433321800787,-0.08594064953758108,-0.38413951139404484,-0.08128047940930319
776,-0.024673839271700446,0.007905224242529672,-0.23158085159752811,-0.042412278523073076,-0.07653879873025914,-0.0047289975630163674,-0.4521700290123245,-0.018366220917946565,-0.047151806756793896,-0.09047526598381064,-0.500879986751522,-0.08571533328186354
777,-0.020988207681539913,0.00863447941320175,-0.3438675900603553,-0.04204565259462163,-0.07604389008912824,-0.0005876410174212412,-0.6407988355555994,-0.024332977012680716,-0.04753906407035804,-0.08993418864562405,-0.6728602829041568,-0.08125153675074656
778,-0.019054363429886353,0.0041323128975777985,-0.42643673154538836,-0.03778845657061627,-0.0788029912320605,-0.00011799761147832967,-0.776198042467417,-0.023243575228998916,-0.0461796032898971,-0.09054953864178394,-0.6979101026596018,-0.0770718248154106
779,-0.018840476449608057,0.0036950523843994635,-0.51982480532186,-0.03676664347438998,-0.08098791362105796,0.004367165084476206,-0.9008976048738134,-0.01712182300502629,-0.059171408468507464,-0.08771728492878884,-0.9015066220775201,-0.07705763261591066
780,-0.021471121735714988,-0.00044460012983029367,-0.6634969388681615,-0.04633085072058031,-0.08060438306437537,0.0043006319688765155,-1.1184860958202718,-0.02426787253420076,-0.06441094823765499,-0.0856548712220986,-1.1526238282359353,-0.07897160180210497
781,-0.02106036692752062,8.910411039661192e-06,-0.8209695173330228,-0.06380269374154604,-0.08073310752592583,0.0031608867662345132,-1.2699345831637139,-0.04287022092789767,-0.06419615379044119,-0.08551182299880805,-1.444712792176873,-0.08200332869505465
782,-0.021051917974694332,0.0004969022112410932,-0.9726870879805315,-0.08121268692384254,-0.08081225968251635,-0.0004979191263348006,-1.493017616686206,-0.05524960478873293,-0.06560348974157093,-0.08989061460896745,-1.633395100506771,-0.08127800682800879
783,-0.020999191447146646,-0.003229210823521446,-1.1115053814288787,-0.10093604018238797,-0.08525746864928235,0.0002610929037986869,-1.7012533455046306,-0.09271764534854358,-0.068742157162413,-0.09009177396710183,-1.8156906885033448,-0.08429447179706741
784,-0.01653969574216879,-0.0013443235948455703,-1.2463825021624002,-0.12936372009269098,-0.0848083761637723,-0.0005960033482800358,-1.9056744527609522,-0.1024826516002172,-0.07095760824148066,-0.0901940528035875,-1.9376587321065075,-0.0907968499518687
785,-0.01717599140979234,0.004022208314115138,-1.2972859497824196,-0.13090885357744486,-0.08495826745545182,0.0038837160584186663,-2.0303513191081417,-0.10371415030425962,-0.07328480186503661,-0.08985245351221724,-2.0387610837270023,-0.05800984100403904
786,-0.015607443486805902,0.004208256434544359,-1.466935006125176,-0.13135449487915388,-0.0849179926773354,0.0003395862207080124,-2.150317382673095,-0.10874933406049897,-0.07291031251772331,-0.09184877864687575,-2.143731664131259,-0.01919991893864428
787,-0.010073378605236641,0.004231324145403502,-1.512225608012114,-0.08520128689373989,-0.08492709193178918,3.170594591646138e-05,-2.2285109876429146,-0.10868239353802432,-0.07296500081713324,-0.09513898053465532,-2.223898779758964,0.006163527360944562
788,-0.008152662310892319,0.00422984987002367,-1.5735889741613864,-0.05143956901888184,-0.08492598259332079,-4.425600168973194e-05,-2.3736467984223446,-0.05083942266539944,-0.07295892712826327,-0.09177977095952307,-2.3197952039837832,0.05646518957855503
789,-0.008622264993934018,0.004135785637626717,-1.6453690662936957,-0.019709912469240594,-0.0849246378178525,0.00011720852062853737,-2.490072518050253,-0.0424984793726901,-0.07300629573034277,-0.08622347350417447,-2.3681565835742457,0.05552423071946566
790,-0.008092926668875025,0.004607440795347333,-1.587132675603571,-0.019141394336717184,-0.0849234550111119,-0.0008504536968340971,-2.568995751283896,-0.032355723090975966,-0.07265963691470392,-0.0859952388109548,-2.2935296005173216,0.056076522019766865
791,-0.012658898853731705,0.0016278524739275742,-1.5219207262501109,-0.012586323773449112,-0.08496588418857516,-0.009517944076728402,-2.652167839023176,-0.02427247390163021,-0.07485167846335901,-0.08157141241369952,-2.1637628812583753,0.06896255309767581
792,-0.008219349773613717,-0.0007532695081350382,-1.5424787773200457,0.016493489409663335,-0.08464742409091318,-0.010868032304856551,-2.609292489772418,-0.017300062091519176,-0.07720315945802386,-0.08630983849152656,-2.0230784924483842,-0.006352062917323903
793,-0.007709466987178239,0.004124940246425119,-1.677540476720491,0.05687033689908923,-0.08668290761082423,-0.004752901999446145,-2.5507401141018566,0.06876162588124338,-0.08020325931735102,-0.08560310496861194,-1.8741218742123986,0.12812111621872582
794,-0.003811602454547915,2.1452695958114852e-05,-1.6323955685039109,0.13830248773809317,-0.08922218563449648,-0.004195545179095483,-2.3759515126027515,0.09750959833027945,-0.08177539945242218,-0.0862755765176144,-1.737440653328146,0.10481390563638242
795,-0.003934914042464738,-0.0002743606677123649,-1.5806633441696123,0.1318311812824903,-0.09167348428151666,-0.004243727977760861,-2.2783498303311007,0.08192804925321842,-0.08145608359241654,-0.08333503287721987,-1.5273491611467405,0.08755280785243703
796,-0.006779671337618014,-0.004652162131015815,-1.488213771030286,0.1179201084518705,-0.09668959279992333,-0.004250477744918658,-2.130560032175956,0.07781996253856358,-0.08633054642522905,-0.08126277406954997,-1.2888347330162162,0.07775732133456109
797,-0.008701949951131714,-0.004087180849503294,-1.3888404208106868,0.10775416645221363,-0.10173394736093648,-0.004239878378907064,-1.9268699167379402,0.0722425053387048,-0.09488455523448185,-0.08158972084788474,-1.1108315057014821,0.06846742976748507
798,-0.008401691851208842,-0.0042528641910141276,-1.2699582755224468,0.09820965285450342,-0.1019819646723008,-0.004274085998847706,-1.722394101355578,0.05836379675800368,-0.09531201026617682,-0.08153892449722655,-0.8585527068428436,0.03656831063143528
799,-0.008439227798280591,-0.004214144381437129,-1.1760853103906836,0.07039175398603108,-0.10649097323498835,-0.004121565116271953,-1.5835207701198215,0.04704029712585656,-0.09972214890201073,-0.08152322018228329,-0.7485742900422787,0.014148276437003268
800,-0.0084235962685923,-0.004212580819311316,-1.0277665041173647,0.05565713544834771,-0.10601610564400873,-0.004736015773861637,-1.380324929955516,0.03215636544918492,-0.09568656374823524,-0.08177991924983878,-0.38041494064873915,0.005299526417557521
801,-0.008609254917628888,-0.004242153344669996,-0.8988295001446461,0.04780556097861254,-0.10629162624136082,-0.0007539660633127207,-1.2555381524554694,0.021770067641784286,-0.09722332543349504,-0.07992707426832711,-0.1269878122059162,-0.013720203125292702
802,-0.007244784865504045,-0.004192188686888331,-0.7949067710763746,0.024826585809003817,-0.10570071294441906,-0.0001541533909611894,-1.023588529400441,0.009818388219221885,-0.09892255725027367,-0.0788524169465028,-0.004312892923032375,-0.0323943088360855
803,-0.003666006224944731,-0.00397712853854134,-0.7068837185800964,0.015230542759027351,-0.10906845175458968,0.0042712712350820295,-0.8992087872149446,-0.00034712637874757075,-0.09869580776190523,-0.08144844571362778,0.11203240225817834,-0.047067095551952966
804,-0.0047792719005960325,0.0003663511075865522,-0.5831921030322049,0.002288725213858321,-0.11049261336495521,0.004168703254850629,-0.723805410818934,-0.011860719826185213,-0.09870898652875984,-0.08505580277058117,0.17928490397709088,-0.058314539528095635
805,-0.0011866281754138977,-0.00011958466399809694,-0.5029809015783739,-0.0016796792148310751,-0.11062291246354432,0.004259105828652797,-0.630239423602776,-0.016852887475174824,-0.09871192753613757,-0.08229885114653077,0.23487332632456262,-0.06236370179383649
806,7.206357467266886e-05,3.202667047666613e-05,-0.39363971490346295,-0.004574410153540811,-0.10611286501695925,0.004343135687146141,-0.5437694458143163,-0.02161405302262838,-0.09872987869859205,-0.08147767149199972,0.4340983967482126,-0.06683883721101218
807,0.0001837499629138836,-7.434416002537436e-06,-0.3063768730146131,-0.004281752689781924,-0.10572446772562584,0.0037573743422490155,-0.4449782778400033,-0.026338026499539834,-0.098620648629613,-0.08125763201102898,0.5366384743171181,-0.07560433939896795
808,-0.0042922721864781105,1.4854811791316611e-06,-0.28366634704458404,-0.0037346102191718484,-0.10163013054442034,0.006208156609604318,-0.3693208481955272,-0.03129856124990264,-0.09910800373037294,-0.07688056961974309,0.5208822956648241,-0.08131719793897746
809,-0.004560828693115582,-2.376018703063217e-07,-0.17577450054422608,-0.005505108885715471,-0.10082188480746027,-0.009493490171337729,-0.26599264824096774,-0.035079937532457875,-0.09583728800503356,-0.07735633978060712,0.5011907132168961,-0.08616638170463357
810,-0.009665939594629507,2.1744700427142606e-08,-0.13141431206159715,0.012540169575404206,-0.09487360707728833,-0.009269470324475296,-0.2078453870885466,-0.0457136191751953,-0.09126385582991951,-0.07730344547180241,0.472366514078346,-0.09541273689179075
811,-0.014655551422817452,3.0933220324822197e-09,-0.08086013585515861,0.020196617484177382,-0.09364461809749122,-0.00849815399941279,-0.18273852523858974,-0.05425145349809411,-0.08190999018409889,-0.0769203674279159,0.44858656321365725,-0.10027332787429162
812,-0.016896706498246483,-2.4094223277507135e-09,-0.044309625483529146,0.06809328230919114,-0.09003993347762299,-0.003951146080383836,-0.12988118450449818,-0.05923244156421987,-0.07671959637479357,-0.08004838636361279,0.4254728830547548,-0.1020365411978154
813,-0.019143083930838113,1.3207042398639663e-09,0.01285151806631363,0.07774695462318684,-0.089091411992549,-0.00437243784954792,-0.08672818737432221,-0.0553902160395408,-0.06834982993607319,-0.08542853411268603,0.3944633665811943,-0.09587943520308488
814,-0.02467358040295155,-2.8016814907275724e-09,0.0419178289315417,0.09635374884158002,-0.0891784082701117,-0.004202154684506498,-0.06582277783634455,-0.055094100548399215,-0.06632256085860112,-0.0858720029240204,0.3752682745055386,-0.09408475584821124
815,-0.025388993640043038,1.1470596730008997e-08,0.07822272315784544,0.11787076050791848,-0.08881313267092054,-0.004286010847338568,-0.020898739814382245,-0.05023179624001483,-0.05947075333154358,-0.08615935105835443,0.36133989395649063,-0.09485467317600092
816,-0.025316271752098673,-4.407103772102696e-08,0.1150737011543967,0.14175465298852472,-0.08368562199271488,-0.004121688391379489,0.015808009648000602,-0.04429642838611351,-0.0580061653596936,-0.09051938909887321,0.3284379432712427,-0.09033587776763893
817,-0.025324898558831997,1.4238758625216396e-07,0.13258509934806637,0.18216720932528177,-0.07917987392869368,-0.004668868736339139,0.021169937546686557,-0.03587228434924418,-0.05325770909178513,-0.09000754938350894,0.3038468725462269,-0.09005544155270313
818,-0.025221064844639637,-3.183525395683846e-07,0.15441742525876218,0.2544072685697798,-0.07367114232646935,-0.0004673546985832365,0.05067608264810131,-0.03205397576103416,-0.0439819969085381,-0.09015767967942488,0.27971141513599845,-0.08506299593029981
819,-0.026059435265017382,-1.9993483493242512e-07,0.17799864298038837,0.2752548249278934,-0.07285165434238364,1.437369364904904e-05,0.07628599351213118,-0.024433463523886076,-0.042915100837862256,-0.0901314063732902,0.2637947145268332,-0.080035328203139
820,-0.034056089714698215,8.099535023921716e-06,0.19150693887781137,0.3133798906655311,-0.06543403036656469,3.396093994567316e-05,0.07674110362864961,-0.013899413757447516,-0.03804337971864084,-0.09009695437544542,0.24895935289162857,-0.07725208657295612
821,-0.03827604478425985,-6.110647243991803e-05,0.19988664236609538,0.3479133736942515,-0.0635818138603644,-0.00015963286428383904,0.08721647061648759,-0.012588453795881336,-0.028540486608841745,-0.09021411603891873,0.22984283531743094,-0.0750196470530738
822,-0.040566492241707997,0.0003357232822459183,0.2037167570539192,0.41024445472825494,-0.059354008611693244,0.0010734982339305741,0.09559360666889562,-0.012648265957185316,-0.016899859148515783,-0.09008334839402224,0.2243690959312235,-0.07247779221563333
823,-0.04611677894284079,-0.0020715361725048417,0.2114967829103382,0.45413035465409896,-0.04507973546570985,0.0066504796887095425,0.09722296374926782,-0.007797852586772535,-0.007126424003158239,-0.09457310956438429,0.22053272112818703,-0.07350132895453956
824,-0.04633506080221361,-0.0046775883945427065,0.21589361581249172,0.4787453802436685,-0.0376842888958681,0.008881451561733231,0.10237043729166273,-0.00288149974820098,0.005957462522461094,-0.09517933359859197,0.20686825632517558,-0.06871465824356271
825,-0.05083816420166422,-0.003769389161406426,0.21468230421977422,0.528430556366079,-0.03836226417113544,0.00801153868220789,0.10988886071189104,0.0003594515115353473,0.014011873965547286,-0.099207640059264,0.20158300771158957,-0.07307054292245836
826,-0.050404568196248396,-0.007915536268682547,0.2190283799247713,0.5813574111428181,-0.03822897407687514,0.012227508519024325,0.1104422925273653,-5.840955829943944e-05,0.012557391510900394,-0.09858717681553765,0.19681002087520622,-0.07330468892380175
827,-0.051578944849267325,-0.008500109963312762,0.2194125700734019,0.6159520181156227,-0.03802094130669413,0.012762295723438852,0.1104218702767888,-0.00010113440378573481,0.016816936881136904,-0.09873976763750943,0.19075569511211504,-0.0786406500718637
828,-0.05721023471411056,-0.004013884483313067,0.21941962240028307,0.6367536402978663,-0.038895855798104714,0.012746795848347566,0.11067843671012491,0.00038936075197143634,0.031500753164266114,-0.09870701938243927,0.18240415507571764,-0.08330011970159519
829,-0.05888097994423088,-0.0042626489409707475,0.21945788606526279,0.6748453315156863,-0.030835536471134836,0.012797134102544657,0.11508440182107274,-0.003869231616394358,0.04898075792305773,-0.09871440263641487,0.17755838643031718,-0.0881633913856145
830,-0.06211840303706527,-0.004502073496929723,0.21909195947575663,0.685897806194446,-0.021203968939937756,0.012347550992928736,0.11421920744154967,-0.004233554846702333,0.05306847511281855,-0.0987122488307899,0.17618931164000637,-0.09302229443693867
831,-0.06312461715275226,-0.0022970130852601094,0.2213646296924915,0.7178463519296084,-0.007446029435762896,0.015072194088761124,0.11660205044646905,-0.0046911364994846275,0.06804361734935355,-0.09868640153729702,0.17235718228447605,-0.0977170056459333
832,-0.06722722733459585,0.000396235153028295,0.2239981586076335,0.7560167207511379,-0.0035293446590187617,0.01481123135342349,0.11929542404031611,-0.008889557029629064,0.082969046652429,-0.09892510803084406,0.1717973975619162,-0.10284280193033082
833,-0.06742928163239198,-0.00015796807199607179,0.2235568272955354,0.7759748410107052,0.002690677994676384,0.012407689903393214,0.11870838632296878,-0.00842225121336942,0.091804401123045,-0.09728529250621755,0.16727118725653672,-0.1030797281060603
834,-0.06845833761820196,0.00025644690783447764,0.2236396926378943,0.8061587160520809,0.013688584885400857,0.012763534515786944,0.11923701830410574,-0.008290901408173948,0.1015381550292947,-0.09355855520114993,0.16743532106731202,-0.10806561587176365
835,-0.07789242792614398,-0.003948598102438478,0.22362785120708928,0.8139542116923637,0.016659338400314274,0.012768340302260968,0.11478202639029583,-0.00941925784671009,0.11131596116379273,-0.09730246625942013,0.16763766772405742,-0.11304089022354522
836,-0.08012518718683385,-0.00857429164328094,0.22362855472943766,0.82694073887331,0.023310457564124767,0.012991386421021019,0.11470386878763286,-0.0018707501982017528,0.11613402074741018,-0.09892722392250079,0.16556702763553224,-0.11614365230481859
837,-0.08186401293131813,-0.008200932718414995,0.22362800478977213,0.8129061907228937,0.029043709606047144,0.017162179680042806,0.11456238624588383,8.315415036252083e-05,0.12185958058005153,-0.09867373247644427,0.1631288175068244,-0.11626713235163638
838,-0.08765046125390327,-0.009651383074529576,0.2236338926348403,0.806482057173357,0.03818256104898606,0.018201348590217697,0.11503624162140882,0.004111066156830151,0.13063611344370774,-0.09870773111667698,0.16019800973561005,-0.11155187405429448
839,-0.08836199668715347,-0.013100580747708868,0.22360193568749254,0.7861308345937249,0.04296736793780627,0.021315251928466002,0.11239076936571075,0.013471115845799008,0.13499777349914005,-0.09904134855780805,0.15859726119199352,-0.09342910296765174
840,-0.09242775660841306,-0.01255447048969282,0.22374635301439594,0.7807496772875735,0.047108161276894496,0.02359685414323496,0.1124981770946773,0.024807504252933977,0.13954605976263323,-0.10440369174320707,0.15881433318684499,-0.08194760603181495
841,-0.09282639842994607,-0.012678677380245742,0.22317676782525234,0.7747894649162627,0.04634379977944402,0.025788805078326132,0.11500538842421652,0.04195971356850365,0.14748303865953982,-0.1076348113040487,0.15879191105079926,-0.07217054545255208
842,-0.09284852780235632,-0.012656681933499607,0.2270364731930384,0.7705086508105174,0.04845572880922922,0.02540666994121712,0.11459668593434728,0.06448503240897292,0.1576300654670234,-0.1072135496815465,0.15894290456139473,-0.04362055772773684
843,-0.09280321590450744,-0.012654854064132434,0.22793866831920062,0.7449701591949212,0.053751121456418804,0.0255190057516616,0.11465116731467587,0.09220181354962904,0.16304221520892404,-0.10731124246825718,0.15768720317586746,-0.03386558737039992
844,-0.09291761316479105,-0.01265076315708433,0.22785005035297748,0.7341100354466612,0.05794352232527131,0.02566548434510978,0.11463705206865699,0.12842006546846332,0.16319040403140794,-0.10730093185353991,0.1540464526700228,-0.009565762963693072
845,-0.09241159879225437,-0.012794451432503752,0.22783514447138326,0.7194406536851038,0.0668372439675143,0.030123668040353987,0.11481534178786043,0.14330729360230127,0.1693514315594828,-0.10727924899867704,0.15461591899288477,0.018489558229539706
846,-0.09544167145698894,-0.011620045602859749,0.22790983302733853,0.7005540371024203,0.07217865451214771,0.029306010095646155,0.11345526377700724,0.2101396137295093,0.1767329753051675,-0.10728099095543003,0.1544841158392377,0.06120951496998652
847,-0.09729140517793215,-0.007984798535728447,0.2275160972606291,0.7128508047728507,0.07253124901810802,0.031615611720313415,0.10996009016269122,0.24102481564501332,0.1758706876803002,-0.1077885180140729,0.1545100993698087,0.11570408930546099
848,-0.09703365544904667,-0.008549398168750132,0.2298737557393602,0.7603453272692565,0.07665524128740965,0.03406590386525524,0.11047438938592428,0.30001593564082435,0.1755528130914384,-0.11200198850383666,0.15450607277530443,0.174857546243251
849,-0.09702128680901483,-0.008416007985546524,0.2324352461525049,0.8146185860724995,0.07762383255444098,0.0363127432334404,0.11051050597760281,0.35122326007119353,0.1791766468107626,-0.11156211471573939,0.1545063886270452,0.24219238671413065
850,-0.09678555010639574,-0.00844087441205137,0.2319663588576858,0.855684290530658,0.08167643224185388,0.042400791526667765,0.11001887274278142,0.43840136872850194,0.18041808191479444,-0.11117553949598342,0.15450667266931722,0.2799916614112952
851,-0.09260327245330383,-0.008443179793652866,0.23216902683121785,0.8858391550541252,0.07745518683874295,0.03835165971284954,0.1144727469053147,0.5078799758710447,0.18023045788147388,-0.11448860176463119,0.15450503293013598,0.3457597922002914
852,-0.09192392734969546,-0.008439589836162213,0.2319540063260059,0.9932740398264026,0.07946039646968607,0.0427731622642853,0.11475383698802019,0.5744148937250313,0.17993131156398992,-0.11608965432038566,0.15451373989354295,0.43273966075213555
853,-0.08669941666293367,-0.008333624618813039,0.23640335640724283,1.2296789054853492,0.08083167186356176,0.04693797459716176,0.11939925538074617,0.6375431002528225,0.17573256409483604,-0.11584322312237272,0.15447409770678022,0.48683330731784236
854,-0.0816909543587188,-0.00933151042852088,0.2368637957001767,1.4630506889445696,0.08067553539000843,0.04656111378595736,0.11771316065257773,0.6982208425872342,0.1749626598949249,-0.11585379271331506,0.1546296775930915,0.5648857214904185
855,-0.07994243961926875,-0.013106276594452128,0.24098155074979508,1.6164413902294514,0.08069592422875942,0.0471010895007978,0.1138529754114045,0.9323229346019365,0.16948440970919262,-0.11641587424665505,0.15412191649186208,0.6834674133368643
856,-0.08018064812046974,-0.01257305265136292,0.24037740963684134,1.8374517450431687,0.08048581685134146,0.04439152719713966,0.11709109158977303,0.9667085223725695,0.1649595526036663,-0.12063019481972821,0.15853636279635794,0.7767027787130654
857,-0.08021365556316405,-0.012561785683943264,0.2405368056370882,1.9492712196743125,0.08201005617739243,0.04204597601466969,0.11918216408968044,1.068001037216732,0.15953933680663165,-0.1199407467857014,0.1587796301461221,0.8993940277297096
858,-0.07551143597559083,-0.013076894159589472,0.2404999108915001,1.9733223714950197,0.08566657731390143,0.042861779011646575,0.11884751766101526,1.1320273018963878,0.1589370942815421,-0.12068083815131712,0.15867902637661924,0.9188473050383572
859,-0.0618683356592692,-0.008933473622842244,0.24050793925062072,2.100898597960771,0.08265632170403002,0.038534262838602756,0.11890341992576182,1.1779700199472412,0.1546248976921392,-0.1170755493303903,0.15988000717862638,0.982032284309953
860,-0.058975909218380695,-0.008417144855474415,0.24050503801475082,2.3314114665423955,0.07722916681260128,0.03835365916533232,0.11890179260410594,1.2070047072225267,0.14981601195730096,-0.11607312437455296,0.16362634912664742,1.0485938406004391
861,-0.05900168322751454,-0.008423824747758924,0.2405049447316669,2.423092910969299,0.07632752110137055,0.04262388472798398,0.11879614568899068,1.2832546826305147,0.14471225664133391,-0.11185939406935944,0.162652601480814,1.0958085262789539
862,-0.059523253097642705,-0.008446110830343722,0.240541286842002,2.478503924041741,0.0764435887899032,0.04339811333833664,0.11968434696376534,1.3108526517852166,0.1416166701627827,-0.11161664086333307,0.16561599963534523,1.1390638886508317
863,-0.05616102217171992,-0.008436490109056772,0.24025248386138304,2.4311189294520403,0.0765430684081099,0.04732019745909183,0.12535369439050845,1.2555993448890446,0.13958984936979338,-0.11161400874043943,0.17111304478258954,1.159823330735594
864,-0.05496192978383209,-0.00843947007097938,0.24211208587491717,2.3165045292775917,0.07539623379683362,0.04603588099323225,0.12725027368225053,1.2029789794355,0.1373312462867835,-0.1112435667201301,0.17171215117932492,1.0742673500622693
865,-0.0512101617645044,-0.008438511738384388,0.24472768690728844,2.280556715997407,0.07334746877002422,0.05006371276558083,0.13020375555721728,1.1298212984272398,0.13443355523658684,-0.11374886458235856,0.1716498355054971,1.0322732641953685
866,-0.046398196865828606,-0.008439453549856337,0.24731910927892334,2.17832245601882,0.07532088435550052,0.047727989940929555,0.1318613965783902,1.0422671471945695,0.1294250588298573,-0.11379388163167138,0.17221452870956178,0.9400194406877532
867,-0.04208485659455033,-0.008437031630125267,0.24920297044962844,2.0910811851393314,0.06954968629228554,0.04655717801627833,0.13158040333850698,0.9669954797811877,0.1244877084283197,-0.111541812192536,0.1764845643815972,0.8898896862673332
868,-0.04140082520922912,-0.00844166152798473,0.24890950754775001,1.9606333760278924,0.0646192686052077,0.04665240103497306,0.13160008309825796,0.897196514803614,0.1240801768140285,-0.10841236251520021,0.17543849326876967,0.8376262158514585
869,-0.037494117109167766,-0.008451256035491307,0.24894640404962162,1.8517715176386171,0.06349550732841161,0.04178527275862056,0.13257145339839269,0.8394854106285934,0.12059336143298338,-0.10316829017011832,0.17845443549552975,0.7730616022899263
870,-0.03809687990591958,-0.008280857550271392,0.24894110147205395,1.664704717229926,0.06378570623255903,0.03708639621597224,0.14122961078832355,0.7208102759655902,0.1250816084470282,-0.10307489369476079,0.1801046909538534,0.7063110887044484
871,-0.03794816607015594,-0.009579722479790368,0.24899352503479236,1.4906094754965356,0.05924964435853224,0.032326043182048035,0.13826683672976067,0.6582372928222253,0.12419133451431823,-0.10235246572369926,0.18374477903837785,0.6192167978450194
872,-0.037977645656153226,-0.013109148498945613,0.24865188467540075,1.2971217270409146,0.05949813227953349,0.02739104274999245,0.13563916247699043,0.5820880516436312,0.12499157401761003,-0.09826458402574327,0.18461560091499266,0.5092442672468249
873,-0.037979835571132194,-0.01255103650738765,0.25075790442472284,1.1282112171131076,0.05972108781876746,0.02331692474628293,0.13550068024950757,0.4730015309696986,0.1210399880194567,-0.09885539135393591,0.18453525547981628,0.4439893599451191
874,-0.037968357165146405,-0.012680266479893483,0.2536680190047252,1.0175328327490973,0.05754882236535231,0.014277923689898796,0.1392534515404929,0.3977382511152333,0.12033822555194167,-0.09858711112339738,0.18495532072416537,0.3639741019829676
875,-0.037908174562115364,-0.012654523897155438,0.25265133491141595,0.9227861778031679,0.05470724626864935,0.012588030258328482,0.14022937388753076,0.3049387568479164,0.11591786719896947,-0.09907786200089687,0.19036137576865828,0.3113304928214985
876,-0.038674305686125544,-0.01265863115103987,0.256678970380007,0.8181920150595815,0.05570314282905982,0.012743309511847585,0.14013127814321732,0.27820098526661996,0.11604875544688216,-0.09533032119937074,0.19356975447809302,0.27200103812228404
877,-0.0427223971224179,-0.012658260099995211,0.2575003348855318,0.7250072312028751,0.05151904142408229,0.01227488905667857,0.1399998398521735,0.22495984345671963,0.11496589135450688,-0.09039046462387736,0.19260647981585266,0.23521770801898764
878,-0.04167330453874257,-0.01265802460608357,0.2575080432696409,0.6930127915987901,0.05090455834304061,0.008385545260016898,0.14114049985390018,0.18988144688739783,0.11115926029678168,-0.08565231504342746,0.1961011276575102,0.1912753056544712
879,-0.044693217138178656,-0.01265948917512215,0.26177522853714114,0.5359980301394746,0.05075475109523204,0.006419334854844215,0.14445828162095792,0.16214249360033975,0.11158964252246115,-0.07933893821805463,0.19762829772771412,0.164090609163828
880,-0.04654503786962845,-0.012651497333104507,0.2625150080880062,0.44424988779679847,0.045609607480928134,-0.0064231412763087175,0.14651984846506294,0.12854913146160366,0.11201934587374672,-0.06640507177139247,0.19738029883802508,0.1363630237199913
881,-0.04682548947504775,-0.012688849129362852,0.2663092717060553,0.3767633208743132,0.042131508308015146,-0.019129200240223944,0.14849592887036506,0.09831339321190938,0.10828368192938793,-0.06259221925730649,0.19737384899792088,0.08931783964780315
882,-0.042247773045238406,-0.012537045175826217,0.265703038892854,0.3084042266596852,0.04254245914715656,-0.021352867861264484,0.15199040483363227,0.08287705107787757,0.10712652796998738,-0.058023594747279646,0.1983833501473988,0.07730201541202801
883,-0.046552122762242035,-0.013064575214210157,0.2658483796371441,0.2508972453146588,0.04247780632080714,-0.02446956713397376,0.1527172171344664,0.05945564007764797,0.10731002575020508,-0.04966241815934217,0.20798547818551094,0.04324743537725557
884,-0.046340637914270004,-0.008853247373218045,0.2658186807613684,0.20974841284682186,0.0423404737240056,-0.03395396455302305,0.15709997321539584,0.042303791003947475,0.10236211128653658,-0.04349614599937846,0.21048707578216574,0.03893457850775584
885,-0.04619811673560619,-0.008432960772326848,0.26582197584271644,0.17158544715888135,0.04282164170487196,-0.03414755310849007,0.15692514876541566,0.03770786930509149,0.09840786967737475,-0.03884777268868179,0.2103702891108509,0.02480010396896777
886,-0.04801502603836436,-0.008325590394233823,0.2658234531199296,0.1647332995192488,0.03832449663070081,-0.039445408963091,0.15812839568208617,0.03562132617446015,0.09880424580635352,-0.03408889713378958,0.20984789892474254,0.015641842354522352
887,-0.051162795176149155,-0.009292502271376964,0.265845925559596,0.12626267222065846,0.038033992400069994,-0.043619003615582366,0.16123253015389222,0.021757019926587195,0.09868747150634845,-0.028075789717994428,0.21383894427271394,0.009089851909212531
888,-0.05009249822410424,-0.01310981704254776,0.2656228440376738,0.08723367784531642,0.03357694684794854,-0.050968730139243065,0.16493601177064432,0.016728467269533615,0.09872564951759862,-0.012084734237240283,0.21463646333763117,0.005157634501236005
889,-0.05402496338117743,-0.012540394299974753,0.26715377531381357,0.07334091309584502,0.03409373512052097,-0.057734312617955016,0.1733705318062857,0.012533626434886268,0.09868367960878849,-0.002223554925521509,0.21454368846674982,-0.008818138231719055
890,-0.05494587148515728,-0.012692601599447198,0.2704905587827584,0.06023632592855236,0.03396435145321727,-0.06563964470727036,0.17384151433990222,0.011935851387800202,0.09878040960805452,0.00558897918923133,0.21567171570854693,-0.008751043870933365
891,-0.05485336598600135,-0.012623130613499248,0.2699089400156594,0.04181989848336213,0.03385689508309309,-0.07206761617099186,0.1777152289118629,0.006256602464614458,0.09871042690720533,0.008096950307629363,0.22411228400454858,-0.014471129743967689
892,-0.054847284941488585,-0.012742310528524396,0.27018044737712926,0.015042427194557673,0.034411282872132576,-0.0721234912637393,0.18247197556816933,0.0038346069234323783,0.10338135881434612,0.01884383520836584,0.22263516246515452,-0.017587373766650483
893,-0.054854376347511745,-0.012562239342070786,0.2696894420612541,0.0013893735282881035,0.030339239740446635,-0.08175439387734856,0.1917527386758826,0.004787806454958603,0.10196420150467538,0.03405006710450766,0.2252008034738888,-0.016614381383435357
894,-0.054851705189987644,-0.01708478917931155,0.2740703902146589,-0.011980236291602667,0.029680391289033423,-0.09040340080581831,0.19634907113963998,0.0005951046153247668,0.09828246978213612,0.03893282920863003,0.23039067879189712,-0.02025125382772667
895,-0.05485247697053652,-0.016589663501209866,0.2742390112836982,-0.017021666170818937,0.02971078309156924,-0.09485779879115548,0.20001338345826447,0.00013726945607838532,0.09882184137711629,0.04400217540551782,0.23501601974964775,-0.021272334795943523
896,-0.0548522858910002,-0.018213550484259773,0.27412451877403826,-0.021981680048259594,0.02974765610897725,-0.0995855587922136,0.19925833728113293,-0.004324244903921163,0.0986800056126976,0.04803524547591514,0.2401709116925773,-0.025437267201409042
897,-0.05485232798257538,-0.0212452388267708,0.27541848373214367,-0.025674340409634788,0.029615550905315147,-0.10494108526779615,0.20140002765926898,-0.0047037586600685195,0.09874837202984861,0.05755068307445908,0.24041177128113325,-0.025698620906633777
898,-0.054852317540441016,-0.022990853955253042,0.2785438108678741,-0.025055494076959343,0.030257525720999302,-0.10589601817540666,0.21013452053716916,-0.008940839933162739,0.09863625454794327,0.06760425489183537,0.24526869898361517,-0.026308657536153558
899,-0.05485232298724028,-0.028610297009675604,0.28073087252502327,-0.026710216501880567,0.026669715305395206,-0.1099469583655507,0.21605418261349507,-0.008459610216155006,0.0986983165100724,0.07190560242055792,0.25119943282400387,-0.03054885931166275
900,-0.054852346739851135,-0.02975376686135824,0.28259393187874754,-0.03550587218330616,0.028809513423437128,-0.11034478053993164,0.22064648742063264,-0.008083688733078189,0.09425358770872293,0.07593758267134543,0.25976641714009585,-0.029519782681040406
901,-0.05485206552516357,-0.02935461685999377,0.28600762162747906,-0.038342484936884885,0.025980596747645766,-0.11482168745219964,0.22515022543988647,-0.011355701452174434,0.09357992667928945,0.08996266572657013,0.26386589713373154,-0.03252102338932017
902,-0.054853866558914624,-0.03387079300600285,0.2870293680520209,-0.03793250846815129,0.029469331513363707,-0.1150967060218856,0.22563444141149502,-0.01292463316493712,0.08963234038079101,0.0901896416173021,0.26940753006313495,-0.03415950190124211
903,-0.054844713612745136,-0.033706897589127725,0.286920110170266,-0.03797472491449169,0.02965684638919044,-0.12079360003090053,0.23056966517190414,-0.01276496481725992,0.09025369788104644,0.09580248987233939,0.2702316614727619,-0.037885348465147475
904,-0.05488468998889283,-0.033525915800803795,0.28684087069511455,-0.03790383671365062,0.02992193162393183,-0.12305153307702213,0.23729921582253036,-0.012769462630897514,0.09009390686045343,0.09867093450355106,0.2742146834960777,-0.03853865830770603
905,-0.05473289235035665,-0.03539094154350652,0.28756869902045445,-0.038616330781161536,0.02852852952459616,-0.12562125438730481,0.24535929472315196,-0.017625445140227302,0.09016232936060503,0.10080856322516016,0.27911017057577764,-0.04308604489079874
906,-0.055211883418656155,-0.03849827843312327,0.2929686286758515,-0.0440472551140323,0.02500187552301024,-0.12766746396306655,0.24607687968032696,-0.02229702830009968,0.09006108723206971,0.10291723767336192,0.28397637516155383,-0.047979261256381335
907,-0.05084791649224079,-0.03744596506540123,0.2957951657498888,-0.04674203579044825,0.025702495856728687,-0.12735351957032337,0.24968229083382587,-0.027123034448360308,0.09010032376119347,0.10624207522963579,0.28859864159866433,-0.051860668090212315
908,-0.05065429551694273,-0.04137666909006841,0.29480182521171855,-0.04630063051026142,0.025009161349457174,-0.1273830222786862,0.2545928864980736,-0.031727259313354364,0.08552577197552796,0.10742193959052979,0.29480849071492893,-0.05138256761685457
909,-0.050754955126839134,-0.042339831787510045,0.29862353501122363,-0.04657442062652886,0.029052756573490872,-0.12732521205615102,0.2593407413964773,-0.03710829759390517,0.086128056481459,0.10729444505801451,0.3059300915354919,-0.05161377825689062
910,-0.04956292820945202,-0.042240123849288165,0.29940051646893867,-0.04599282734839983,0.02978019951558349,-0.12810583060269026,0.2643269975719621,-0.037953640052087,0.08457886547263233,0.10731715010497497,0.30900947234338555,-0.051160714678663344
911,-0.04595797442958428,-0.04672612776384787,0.30362849983234097,-0.05060940900169394,0.029736554462665526,-0.13202068968302905,0.26764441806343925,-0.042079290524365424,0.07892423371973772,0.10707656896489613,0.312529956330815,-0.054632008622234815
912,-0.04652371371607697,-0.046052628279939195,0.303694507877953,-0.04621124758266142,0.029675304545462865,-0.13183412352233834,0.28140599381721976,-0.04244008630000484,0.07697392817350693,0.10877863812257892,0.31322246799123116,-0.05987211547505501
913,-0.0463903279298974,-0.048053711833906915,0.3045066642801363,-0.04653230180926459,0.030003994035818663,-0.12951113935958117,0.29495523559074066,-0.0469516352021386,0.07740380424642028,0.11204569672115079,0.31776605509931816,-0.060062124713113445
914,-0.046417577881110915,-0.05059545615577339,0.30815999377652936,-0.0463730600526053,0.02796894225415515,-0.12446838451638527,0.29217349228503675,-0.046744891628721995,0.07700531646764144,0.11139746415747653,0.3225422872236093,-0.06023920948492692
915,-0.04641293301865552,-0.05336785728731195,0.3096752209689301,-0.04642643814480883,0.025071960171513183,-0.1193986282864073,0.2967206065397945,-0.04568967457789316,0.08158821195107012,0.11193197613012479,0.3275139857754691,-0.05902165306261962
916,-0.046413465646068776,-0.05469556566053371,0.31244202396599474,-0.04640239502839228,0.02558938893371833,-0.11886692769124337,0.2972052890717091,-0.03994022580238515,0.0814299277355111,0.10791964880004036,0.3432783734665064,-0.0552278575454861
917,-0.046415512540550465,-0.05856948140368021,0.3142114228266944,-0.04644642007652551,0.025368078849788287,-0.11892758826742468,0.30198489217012936,-0.03827744536903924,0.0818454030565862,0.10299797468247675,0.36261441952443796,-0.05638198327348338
918,-0.04639811907546309,-0.05909676197447518,0.3233043658227156,-0.04630978608464062,0.02565544380224144,-0.11838217502335958,0.31126357583352093,-0.03554125678130816,0.07980657035696351,0.09804808763353699,0.3666833113730051,-0.05271212818258387
919,-0.046499021411991324,-0.05941423682140056,0.3285891098283258,-0.04664252541632482,0.021104088247855732,-0.11323104221057005,0.3144277326144688,-0.03003576299163864,0.07739199870532373,0.09428036876116874,0.37957775035277425,-0.051696946690023525
920,-0.046014682979048684,-0.06367655367382097,0.33770099313493734,-0.04215446483052792,0.021482019392178763,-0.1085839011438404,0.32684480071209054,-0.029792448167376948,0.07400959559691128,0.09322249603217063,0.3858301117647316,-0.04751946656214128
921,-0.04898269108082666,-0.06314990669250509,0.3467532027958308,-0.0422690301794194,0.020005078320515735,-0.1037791331674561,0.3480834390829586,-0.025205904435545337,0.07619234576514569,0.08794998290040318,0.3951182997633603,-0.047236293003963786
922,-0.0511515038858768,-0.06343067655696519,0.3512127741944692,-0.04216424386632378,0.016916669365410048,-0.09902734777955864,0.3583700927698043,-0.026316821656911196,0.07736536791436123,0.08268682338423478,0.40567607721059096,-0.04714859119533724
923,-0.0472879757312157,-0.06283181299590959,0.35592764286847106,-0.04220457537281887,0.01474856251471317,-0.0942219621325988,0.36745943459470326,-0.030060021770011967,0.07725822263667133,0.08165909724560177,0.425061071014233,-0.047481272571330654
924,-0.042160041309483795,-0.06641464698554925,0.3611264644214089,-0.04218382747996147,0.012412663389482883,-0.08952296356971663,0.38122994746303385,-0.030010284879230218,0.07725241926645685,0.07790415249915779,0.43679560224950387,-0.04552882873504988
925,-0.04638584482271589,-0.06766068260911395,0.36279124493174414,-0.04222723086669671,0.01279041173424122,-0.08485561266452164,0.3907082376588464,-0.027274888777438378,0.07720653032357393,0.07294540267290697,0.4489688909619182,-0.04250588769421678
926,-0.04168724599004494,-0.06749793289195354,0.3656837191397609,-0.0420800050420449,0.012737346895806597,-0.08455527222887681,0.3922544738993757,-0.02519163226808913,0.07751973148405074,0.07256210272076241,0.4606031529997797,-0.04300284484952344
927,-0.042423708055513834,-0.06749213427256211,0.3706889632072467,-0.04250526958224748,0.012746539384246046,-0.07908099041950317,0.4053443148909623,-0.02551594958171357,0.07542592123193324,0.06814846972220932,0.47319313870480295,-0.042906416798816883
928,-0.041804566859959674,-0.06768212696629744,0.37536957621772016,-0.03807920673187297,0.012595997727680944,-0.0761075210289011,0.4111826552441357,-0.025485170811200233,0.06973941730194541,0.06918689207911866,0.48847865532458357,-0.04291550769230077
929,-0.04367790458767409,-0.06631280683836951,0.38008607564825764,-0.038023983536306594,0.013827540457605451,-0.07651103898267665,0.41758511810799215,-0.025521907679908508,0.06852003872685822,0.06627218195680301,0.4984560653497106,-0.04291147577054049
930,-0.03262405088449363,-0.06284508809022467,0.38485529752763376,-0.03796094054846249,0.017440604480563754,-0.0764144523698916,0.43195866622935325,-0.024863355474616287,0.06868525492573435,0.06452559392102317,0.5267757391182137,-0.04306675421631539
931,-0.03266599292446932,-0.06338704155793763,0.38926078598857505,-0.037906751030831645,0.016876190884540825,-0.07644489832995008,0.44135597956288547,-0.020811208568691335,0.06867002667835774,0.060939360232153184,0.5388489536552438,-0.04177265435467777
932,-0.033731638607645546,-0.06330429104914473,0.39593791119829397,-0.038351919992847275,0.01700752309021954,-0.07641487113046337,0.4453364793356123,-0.021244290748659578,0.06868028835275627,0.060052079237219495,0.5489263731359338,-0.03856372828321609
933,-0.0382463658152154,-0.06318864738271757,0.4040462747559334,-0.0356202914328074,0.016981413510102385,-0.07639656900557484,0.4547960117717804,-0.02167922725243684,0.06858406828804378,0.060147872716086716,0.5713752035505943,-0.036311244332796616
934,-0.042560784798948315,-0.06349470744794035,0.4047886617031236,-0.033337633031482884,0.016985521871215686,-0.07711439612581783,0.46873209900683116,-0.018176461102248916,0.06912845758921472,0.06483867955297035,0.5958901810669194,-0.03445467894738844
935,-0.04109968390147943,-0.05900504286140728,0.40847507378181874,-0.034177686753941644,0.01698516640772447,-0.08004266129474895,0.47811876071653825,-0.017173736189512477,0.06596946530176222,0.06313320829335221,0.6113455310819078,-0.030880173008493893
936,-0.037150407622838666,-0.05862259767647746,0.40946996860342316,-0.029802819717395682,0.016985157130820917,-0.07585484008242276,0.48605602103136614,-0.013041253376995842,0.06681802396485571,0.06002994580106734,0.6214139485709781,-0.02997345663369918
937,-0.040455703168905115,-0.05441095871347807,0.40946075983062835,-0.02955560348980122,0.016984794115173694,-0.07657239002735504,0.4917514165706442,-0.0127612780471752,0.06944485130681079,0.057875934603345974,0.6356368566593981,-0.0300587936328518
938,-0.04203623066258385,-0.054886106846717034,0.4181896845693471,-0.029515333145026388,0.01698702007325872,-0.0764042224026396,0.5061980633875464,-0.012712567886763088,0.06437116272896024,0.05547975506866085,0.6496029198386069,-0.029561126975111738
939,-0.04554783547613056,-0.05525393545197743,0.418486812728437,-0.02953912326566097,0.016976694230221762,-0.07643802738207565,0.5116119512169512,-0.012765682912122074,0.06867959700533185,0.055773946759675896,0.659315839347806,-0.025032889394275296
940,-0.04649297755506019,-0.052047133090996,0.4224355551991234,-0.029558702396076695,0.01701775923439194,-0.07643256293817377,0.533391685285041,-0.01264018334302369,0.06396004314828534,0.0559391651543961,0.6782474928573284,-0.027645535931396376
941,-0.04640785707994647,-0.05041185981888633,0.4219252892984778,-0.029421776460315758,0.016880803112275366,-0.07643306703739713,0.5393789414795881,-0.013174107814737887,0.06446297785492926,0.05129690041415864,0.6984864935350216,-0.02998258883517789
942,-0.04683697650447185,-0.050675469148345566,0.4215161182199098,-0.029992996406635,0.01720660268553115,-0.07643381401533961,0.5487871217359472,-0.009926104963794691,0.06471115892863781,0.04697040516093469,0.7126596106170577,-0.03288760070000497
943,-0.0509842738248909,-0.05063696465081905,0.4251965482901564,-0.026260201850104452,0.012672539058953766,-0.07642834251859396,0.5530191092821853,-0.008275348677101627,0.0620449981301809,0.047296374743781615,0.7231253983205049,-0.03454976456262189
944,-0.05084881644273736,-0.05025364848062815,0.42629903279638015,-0.025217245985789817,0.012829906322895067,-0.07645879614828896,0.5579732217954866,-0.00851909038366867,0.05983270063004389,0.0471881618055755,0.7372926735741842,-0.034308168784622006
945,-0.0485914399711176,-0.04578370741935793,0.4261426442368883,-0.02530538686692426,0.01264094418370127,-0.07631665971060256,0.5627193428724345,-0.008492774867372143,0.05993923768028343,0.047207318682445654,0.7426577460693163,-0.0343269120020229
946,-0.04609019450323088,-0.04798800315869082,0.42590183737923654,-0.02502195588569766,0.013108326041132967,-0.07688985562411187,0.5673838450995542,-0.008491184420222083,0.06047156043332856,0.047242075220588514,0.7523356651967876,-0.034472746943308874
947,-0.04635897607017679,-0.051061399584945565,0.4211325413929618,-0.020729826840497886,0.010503045780463996,-0.0730418208759083,0.5725535971549531,-0.008493135874210635,0.05127585230954826,0.047109425080438076,0.763393186364114,-0.03327071576637845
948,-0.04672791145902559,-0.05042290272776798,0.4151467158269768,-0.02113072855186561,0.008168452815689132,-0.0720923183635154,0.5733420668140082,-0.008492399702725969,0.05224873527203386,0.047393442489851306,0.7745578517839798,-0.029581835703121853
949,-0.04225575360521845,-0.05107366677218777,0.4064576226109623,-0.021490019758368586,0.008548731902498644,-0.07218486090889334,0.5732581727298329,-0.008492611740426443,0.05609917316450474,0.04279762860695681,0.7819994484313522,-0.030154018813878674
950,-0.04196945773686283,-0.04689368782510422,0.4055297920705984,-0.018525672088510366,0.008485036116646354,-0.07219224806323861,0.5727767816902234,-0.008492559654492552,0.0560690631659273,0.04296759838505924,0.7842732967377865,-0.030019945794830066
951,-0.03757056999139676,-0.04639783436045969,0.399905476785196,-0.017034687043111757,0.008491319734758581,-0.07218468522759912,0.5688279770604984,-0.00849257067413263,0.05345311873512685,0.04317431056258989,0.799010624916015,-0.030046770952300014
952,-0.03810368699784521,-0.04646932921690645,0.38923941774115717,-0.013370109069261806,0.008526423467036887,-0.07218746884513563,0.5675582547994895,-0.008492568917393825,0.05122912612371926,0.041104648109275346,0.8066740475489932,-0.03004251613899589
953,-0.03794039801233964,-0.04571531769659371,0.38463010428695893,-0.01259539056257016,0.00824393918643987,-0.07218667931688615,0.5644797756250965,-0.008492568900004068,0.05142506155558553,0.03838001094622387,0.811232997037113,-0.030042898530854366
954,-0.037983161766506714,-0.04143577492824736,0.37100883916493277,-0.012652262639633196,0.01009634285385504,-0.07218687013219943,0.563093054231952,-0.008492566831678833,0.05173927871062606,0.038132177549694835,0.8111733994135282,-0.030042762600075244
955,-0.03797084864525276,-0.04420471866159536,0.3648168497085974,-0.012627146123733099,0.013041507751360322,-0.07218683105054169,0.5533387750596339,-0.008492588744442196,0.0472244273687511,0.042596901196817874,0.8103732284533559,-0.030044241272105917
956,-0.037981713218041696,-0.04676555066054409,0.3485578901335124,-0.012911520878701472,0.013107801608801883,-0.07218683587482416,0.5524766605967764,-0.008492452586114318,0.05197950642141855,0.03887508572840898,0.804823723350002,-0.030035812011148164
957,-0.03796307764576159,-0.046336534803627386,0.3389795524002914,-0.011049440336748992,0.009364411093166727,-0.0721868366803887,0.5393249449348709,-0.008493131156025232,0.05100333689668798,0.0386778809237789,0.8012326584774548,-0.03007481623604807
958,-0.037934255235910916,-0.046448769854892935,0.3164826437222689,-0.008015883556449062,0.008400990455399278,-0.07218686391005603,0.5249724129380652,-0.008490222911711504,0.053673766083192645,0.038593856086224114,0.7895801684638839,-0.029919731424694895
959,-0.03855719934863381,-0.04637398412022533,0.3095572207389042,-0.008559412205004158,0.00849261132588694,-0.07218661290665832,0.5114694651463622,-0.00850098829994601,0.05380273219628021,0.03863764128500564,0.7818426070021983,-0.0304355540299058
960,-0.04262562105144652,-0.04623408588782214,0.302087817278542,-0.008316171367020097,0.008382538451721065,-0.07218810191287035,0.5016375107913651,-0.008468644483062457,0.05112717897677688,0.03862377528139652,0.7737334322194613,-0.026053184829752496
961,-0.04209034451177024,-0.04184932887481339,0.28883231587642144,-0.00870402016232319,0.009448213352589638,-0.07218089948815373,0.48319120151694805,-0.008524876202186667,0.05153689102547241,0.03862666642042301,0.7594130701670853,-0.02577102022750185
962,-0.042145781824600353,-0.04231181084429348,0.2701679476979596,-0.004242579076236809,0.013197248801864457,-0.07221089355762236,0.47323611646363845,-0.008712233277038005,0.051544929146555646,0.03862878254619391,0.7481394271843496,-0.02572921341941241
963,-0.042486591375353974,-0.042161751417388336,0.2562649086306855,-0.004374010110377099,0.012625568734944947,-0.07210413786013234,0.4593697177407849,-0.013100867369212753,0.0516476499939267,0.03861994873647875,0.7181453082052747,-0.025754481139499543
964,-0.03928389684309276,-0.042201766871349244,0.24760861903192793,-0.0033876140742201176,0.012762383747584297,-0.07239991549721327,0.4401330818544506,-0.012617458322958592,0.05613731139411029,0.038635990769524425,0.6984205469731288,-0.0257751927641719
965,-0.033766809469446775,-0.042192518461085855,0.24382884509078767,0.0005284374330647112,0.01273682906365691,-0.06803107145538632,0.41636215786825703,-0.012778826250481804,0.055675598745719555,0.038686262110536135,0.6824569323704855,-0.02563264367127246
966,-0.03801476528811103,-0.042194356309180066,0.22246337700894336,-0.0005206878272061787,0.012734033029811954,-0.0635213789030718,0.40005126507367855,-0.01269840899257376,0.055819610455340674,0.03791955249539656,0.6621677393778105,-0.026210991792976472
967,-0.037885473940859955,-0.042194064817134384,0.20031209798435812,0.0025556500550806462,0.012738023542971,-0.06377200287582481,0.36067514048185445,-0.01286279588384731,0.05581816559917153,0.033871997778995994,0.6444009100957003,-0.02225967000442602
968,-0.03801025465067727,-0.04219409093137177,0.19009583850564432,0.004485402979699759,0.012855248945738687,-0.06367030246524316,0.35324905518117516,-0.012367070545754281,0.05567607188250148,0.034492317592173034,0.6122016302605612,-0.021379694616830095
969,-0.03796312497331873,-0.042194094976999365,0.17484760941863114,0.0041783260195075176,0.011752832217451943,-0.0637004264703018,0.3382687720785857,-0.016770426925079174,0.05615460890390826,0.034151386858301935,0.5920986934555813,-0.021455550527797792
970,-0.03798239062384785,-0.04219409202045005,0.16511394050120035,0.004222672894541384,0.00837153351870586,-0.06369289939385209,0.3189342653109331,-0.0169909715514336,0.05172743649588506,0.03490205077909529,0.5795273340646866,-0.021429370210983078
971,-0.03795363074360443,-0.04219409305934,0.1509735719909792,0.0042198849248570956,0.006512337458255415,-0.06369452414587876,0.2967613806690607,-0.01642861013511207,0.05157932890692221,0.030281563400277434,0.5428113468177419,-0.021714299778757256
972,-0.038045516717501796,-0.04219409276976151,0.13218196315075806,0.0042219439723038205,0.0037563448492105764,-0.06369423141465966,0.2854772866995457,-0.01236519717894763,0.05089204787821971,0.034184854836363084,0.513132576069055,-0.019804920816973114
973,-0.03778741982877724,-0.04219409283925388,0.12079269914530567,0.004200110186548371,0.0047254453529692745,-0.06369426918900786,0.2725571909973265,-0.012492209754300493,0.04648685834394311,0.03427197515140509,0.4759884688611431,-0.016751181903260953
974,-0.038132589825946896,-0.04219409282481313,0.11494638184175038,0.004319156890777136,0.00040354022124204116,-0.06369426861746497,0.23547828608147833,-0.014998733703938427,0.049126267807186805,0.03431814439683606,0.4548904203502869,-0.017253084846474143
975,-0.029478296883023444,-0.04219409282728298,0.10606472575322219,0.003779170633210198,-2.274955102188987e-06,-0.06369426698156778,0.22371143726118706,-0.01730869641350856,0.051903124730743634,0.03463796730477383,0.42329199934638073,-0.01715496068245677
976,-0.03358087348996356,-0.04219409282700176,0.08970176368751455,0.00708052438344927,-1.8337791145264607e-05,-0.06369426767445585,0.211539896090419,-0.01692803375356215,0.05130997163485378,0.03236845721787421,0.3922453594072829,-0.017164416137238292
977,-0.028922087057143317,-0.04219409282699149,0.08067455741859401,0.008617812637262433,7.699279723865451e-06,-0.0636942675260932,0.19108707026370064,-0.01699576371423323,0.051868211801225694,0.029669629340474315,0.3817509712962608,-0.01716159881419173
978,-0.029602269034690373,-0.04219409282700965,0.07622559989400438,0.008479238184857716,-2.3090422793179067e-06,-0.0636942672977629,0.17544443693994696,-0.01698948685945196,0.0474153231761124,0.030113025174985358,0.36655955052556405,-0.017308117790750664
979,-0.02992389360348602,-0.042194092827002566,0.07163324274926511,0.008455790407452325,5.786462883416048e-07,-0.06369426833142999,0.1572857445316598,-0.016860682573919546,0.04729526840827373,0.03003311728136332,0.3387657423419139,-0.016063178484677552
980,-0.02657370439665992,-0.04219409282700464,0.04915046293918333,0.012927366585360787,-1.1441860406917735e-07,-0.06369426521806791,0.14331925174522314,-0.017978374999724645,0.046575175565157265,0.030043344668699897,0.3123707731734238,-0.012711447623604977
981,-0.024895810818262833,-0.04219409282700413,0.044894878050985125,0.01253260373462568,-1.777407989289812e-08,-0.06369427037370619,0.11532056237496728,-0.02159534820990921,0.042206999985682205,0.030043256092380184,0.2887892372429271,-0.011020828924813278
982,-0.029199159428563395,-0.04219409282700423,0.0361204552057141,0.012783726055519671,9.956532222359209e-08,-0.06369429075968475,0.10940568421663845,-0.02154734317506291,0.04476420784200487,0.030042494823792905,0.26769265769178374,-0.0058267128618968425
983,-0.03385545850268779,-0.04219409282700422,0.030201261284952822,0.012214884047996298,-3.722209991451273e-08,-0.06369402235210073,0.08590510113474574,-0.018496211566192817,0.04803046800674977,0.03004460759688569,0.2569363480374931,-0.0005528988087247172
984,-0.03367643107521206,-0.04219409282700422,0.020116090607441357,0.015347361695676003,-1.7972510122324376e-06,-0.06369578166246263,0.07992895019657935,-0.016744945175639073,0.04405489449059515,0.030035000874662016,0.23756004447988852,-0.00016630393126787794
985,-0.03385222068730955,-0.04219409282700422,0.010975294185053566,0.016827196415597344,1.518665348986515e-05,-0.0636867688899731,0.07096065274581172,-0.017035532126288996,0.042756785785263866,0.030075461125499144,0.22282252661888355,0.004353715511040235
986,-0.03337052224142553,-0.04219409282700422,0.0010164220915185173,0.020165469855641684,-8.705439813821968e-05,-0.06372613852266493,0.058896398280922614,-0.016979963902740834,0.04294137213955302,0.029929868959365523,0.2025487374226251,0.004482749970829312
987,-0.03607162367368577,-0.04219409282700422,-0.003910004487141568,0.025249153858076426,0.00041136895855326515,-0.06357787952140337,0.04604281276908616,-0.01659543098702877,0.0429783418197192,0.03033618103962985,0.17285770730176317,0.010888703939636835
988,-0.0381685726362459,-0.04219409282700422,-0.012916952060993145,0.02547572366743115,-0.002639158380865156,-0.06403369654058183,0.03841561466496607,-0.012509498294707225,0.04219921306965274,0.025801327930295926,0.15667936666350715,0.01958343914155831
989,-0.03830840935365347,-0.04219409282700422,-0.013129157198006546,0.030225725519902973,-0.0046026661819619456,-0.059628176005133086,0.03819875134210726,-0.011681332088922318,0.03844876898625706,0.025909087786569366,0.14655722115517691,0.021780300085896927
990,-0.0340935926620955,-0.042194092827004225,-0.01745977064412071,0.036476486422699135,-0.003920208163933059,-0.05954255828155619,0.03305317592876199,-0.006408736543358149,0.036994154579888354,0.024857771698720336,0.1279466236279774,0.021042979124570246
991,-0.03376887797314246,-0.04219409282700419,-0.016332991297427005,0.042806106127011925,-0.008444660849010598,-0.058765066185348325,0.015306220263862174,-0.001392060948116211,0.03346330921448866,0.021006136717452318,0.11812273352462503,0.024655834460986355
992,-0.03362802503688087,-0.04219409282700426,-0.019371671903935364,0.04356257066589789,-0.008430504951461195,-0.05478494842526683,0.010562258430986448,0.00032924467391124226,0.037519847508970465,0.021574075575714606,0.10418812705951029,0.029590448999136987
993,-0.034635350958027694,-0.04219409282700436,-0.020946831533400115,0.05220751575439676,-0.008520521668112372,-0.05521596483521281,0.0018569337325901436,-0.00036669537302731867,0.038799636244080754,0.0214336870754007,0.09423139022680899,0.03439388459065471
994,-0.038767666148349395,-0.04219409282700219,-0.024500281038067163,0.058457125452867235,-0.008483970573740516,-0.05562405664884448,-0.00227171964113736,0.004180123295364367,0.03857988458861626,0.02146589066161914,0.08419493337870788,0.03412714106006149
995,-0.03577336628415234,-0.04219409282701773,-0.025406320366623797,0.06259827922277424,-0.008494733764426367,-0.05218555042579923,-0.007071774745287118,0.004506684112376754,0.0384000812394426,0.02145325947852506,0.06879186510703703,0.035469356694928775
996,-0.033432526024888116,-0.04219409282693425,-0.02532471933004345,0.07182896748401466,-0.008492250368534321,-0.050788390810844804,-0.012199585462420974,0.008506778451500347,0.034014177042623515,0.021460162905260368,0.0584036355482603,0.03871466686728762
997,-0.033814670849024786,-0.04219409282731377,-0.02519186069937688,0.07768802168993932,-0.00849206944562729,-0.05095863225067874,-0.012774459905499568,0.01103348131833918,0.034161084719885396,0.021563090995055188,0.049128065449516256,0.04079097365872991
998,-0.03374784551345022,-0.042194092825814065,-0.026263481133541305,0.09626206508936455,-0.00849412295983182,-0.05091718393916614,-0.012713531005639269,0.01751800834267554,0.036162399355974956,0.020541607424182148,0.039578592208064346,0.04326335606673049
999,-0.033754981673970064,-0.0421940928308272,-0.029989594240547965,0.10223912443484938,-0.008491339223641202,-0.051553052831601644,-0.013218515122545352,0.019241060503140162,0.03913945305689287,0.01670474043788875,0.03498394747362944,0.04286723112856904
1000,-0.03374466958724162,-0.0421940928186022,-0.02942393021883075,0.11177896820202435,-0.008470605949189662,-0.05563772821547828,-0.018295735171498753,0.021675575456025477,0.03811371900255621,0.01728278365080484,0.03451252939793862,0.042908492936157776
1001,-0.033854970021478185,-0.04219409282036149,-0.029552189626734202,0.12119799412134286,-0.00869399959082875,-0.05510656855274307,-0.02326697472310996,0.020818401274199573,0.042306384043170324,0.017142664824787452,0.030007722548173344,0.04289987134416708
1002,-0.03316334440233968,-0.04219409305183426,-0.029561434651800323,0.12779253392135317,-0.007125017670490628,-0.055113681287639736,-0.025925846803314462,0.02533375527652461,0.04298809703411559,0.017171870169324026,0.029226094858657795,0.04342300053318083
1003,-0.03743307406564515,-0.04219409115237501,-0.029455393703947577,0.1417483934397561,-0.003804917109992333,-0.05563830846697823,-0.024936402890844676,0.02557083135635098,0.043173306633005996,0.017166523979055968,0.01974633125696979,0.04762518008983394
1004,-0.04339733774971211,-0.04219410197580108,-0.029614791737004553,0.15165634648719817,-0.004353025799155377,-0.051719723210763464,-0.02907454954542464,0.030776804920144445,0.047538900041902935,0.017167279851063613,0.015485948634250355,0.0471850257974005
1005,-0.03898683506296282,-0.042194050740668,-0.02511560737398465,0.1610847967082629,-0.004196896541674372,-0.050829992833796814,-0.029647577865241827,0.034003989471133526,0.04733570644331938,0.01717509288874386,0.01115541950819129,0.046795697555809215
1006,-0.03781135755268289,-0.042194261120711445,-0.025429164120759545,0.17052723468085107,-0.004332951774997552,-0.050830403768592054,-0.03418226244605352,0.0356519986294486,0.04562432549946641,0.017107657139817788,0.002418240380672499,0.05010651071010158
1007,-0.038027393872499614,-0.04219352025030389,-0.025204587866899567,0.1798272959422834,-0.004164773130824825,-0.04653456955863613,-0.03847632754425553,0.03860111317571674,0.040427617562768914,0.017497410215353403,4.8102059482547314e-05,0.051680749825121775
1008,-0.0381466015798593,-0.04219555209450513,-0.02571780416102824,0.19001184947507155,-0.008703792480658326,-0.04574910868119001,-0.03792378978583062,0.03826094716330031,0.03529516895603881,0.01507178720502289,-0.00397721685095138,0.05154069638158201
1009,-0.04249021385756913,-0.042193330764703774,-0.022891139383062014,0.19542662692247317,-0.008376016716435687,-0.041974627126288834,-0.039633136303784344,0.037828324088173146,0.03412505790546711,0.012079742290476328,-0.00432308534699479,0.05156899091660552
1010,-0.04234860349496746,-0.042170708025059934,-0.020836853804573868,0.21008210332330393,-0.008607367205930042,-0.042580888146355696,-0.04471657831992546,0.04225150405945248,0.034449575160833044,0.016373259435773373,-0.009405136140710455,0.056102125964916254
1011,-0.040528594527948644,-0.04239737963525769,-0.02104671981737094,0.22126167780497638,-0.008084298734359372,-0.04243616459055774,-0.04979931152439049,0.04254121936960052,0.02985581505527652,0.017246567144840266,-0.013255969184651457,0.055682705140116265
1012,-0.03756330988607079,-0.040835197404751306,-0.021283692248482148,0.2431625054933457,-0.011029534728800066,-0.04247443892291024,-0.05122025142710973,0.047048305452409254,0.030092612409711172,0.01716687094363359,-0.012394191778910695,0.05579922821098174
1013,-0.03806062719882346,-0.0375348917711743,-0.016788059624901878,0.2532692091278192,-0.01311053097269513,-0.04244649613515247,-0.050716077587271945,0.046585255105356944,0.030321822608089775,0.017289041777388846,-0.015290237810894683,0.05591282899782163
1014,-0.03795823654992842,-0.0380820376343499,-0.0169710032413707,0.2587857112384606,-0.012400038952506194,-0.04244420261756923,-0.05526458800178916,0.04674432864376741,0.02810421136783597,0.016141614931276985,-0.01699261999137354,0.055302021768137574
1015,-0.037980400367641665,-0.03792456131149635,-0.016775909459507767,0.2740971438076818,-0.01684832400598185,-0.04295315355445449,-0.05512426443411152,0.04670041985647545,0.02538193225220095,0.012420050946019091,-0.020696872961627786,0.05937006525506556
1016,-0.03797797973025213,-0.03806569650198245,-0.017264490096722276,0.28479704068571604,-0.01667381036796554,-0.04714047305352182,-0.05521401023690092,0.0467115481457628,0.025788585362247752,0.012955799291362839,-0.021303791163866163,0.05994123976690503
1017,-0.03786589386720284,-0.03785646780432215,-0.014605189826774514,0.29044936600727655,-0.012384871216838095,-0.046560877220125876,-0.055289046374743564,0.04670679517561691,0.025836088124076877,0.012975613223031085,-0.02579880644218088,0.06444303116908853
1018,-0.03885642070212984,-0.04236510942706125,-0.012774947984387578,0.3028848836895496,-0.012873457020679711,-0.04685563878861801,-0.054768674553909644,0.04671380722482189,0.025649191329238524,0.012486061495236131,-0.026159131154816277,0.06428067386610435
1019,-0.04299321342458315,-0.042097804799755764,-0.009429331296564276,0.3183710717690832,-0.012601314284304164,-0.046246159708795344,-0.05802612594506268,0.04671098137937546,0.030156543154012234,0.016867670825221153,-0.030507129446376107,0.06447732739078739
1020,-0.039972423938092166,-0.042227439049528165,-0.00831029649000142,0.3239167736345268,-0.013199963685205773,-0.05010502998163118,-0.05965930851268385,0.04659948175132098,0.030900122685226718,0.01714580181286514,-0.029916610459919765,0.06401061069750319
1021,-0.03768626752821544,-0.04217805443118325,-0.008445513078262603,0.3373957845257079,-0.00960971240188342,-0.051049059815933294,-0.05942757819293542,0.04762181372573919,0.0335013757574171,0.017190373270279776,-0.030043441255089325,0.06661002628514097
1022,-0.03792238184856335,-0.04222811975400638,-0.008527139693504163,0.3423885788068332,-0.008343177447384735,-0.05095753560619653,-0.05944962130324517,0.051504662323799216,0.029357978310321938,0.017158910790289045,-0.030160289925856294,0.06911897143643073
1023,-0.03825672740416879,-0.04207403717508222,-0.007656080587875878,0.35159552223723767,-0.008502213232405175,-0.050949990003796415,-0.0593346073925826,0.05041633160258601,0.030633117989597156,0.01716989786905819,-0.02964343075081662,0.06821552821751684
1024,-0.03381659376762567,-0.042561348444661896,-0.0037694870956153227,0.35565076991336547,-0.008496156017292712,-0.05095753557189202,-0.06039807083041618,0.05368929398325925,0.026798523432986388,0.017166196268220867,-0.034014442895256736,0.07264256701546869
1025,-0.03383627219316016,-0.038219648916635186,-0.004337581293823254,0.36095132677530817,-0.008489670959222515,-0.050954945517021864,-0.06415224602555877,0.05544276691468923,0.025624448021132777,0.017169858390278375,-0.034323905020065465,0.07294595967368682
1026,-0.03353179026334944,-0.038001409209689536,-0.004192301800998662,0.36307264694663427,-0.008499366378699821,-0.05095481991412319,-0.06358049232088046,0.05514979527212495,0.025750006682361194,0.017160015855229045,-0.03421919187863969,0.07298284602850973
1027,-0.035082950939746935,-0.037951997304309516,-0.004224787541325628,0.3631271565046551,-0.008461776906612959,-0.050958371538882,-0.06371867805929639,0.05521435376325398,0.025655649058559816,0.01718139199877496,-0.0354190853956035,0.07295322736151644
1028,-0.03840585901238987,-0.03798163341702649,-0.004218522543647313,0.35967556748025503,-0.008622705685940233,-0.05094537888533693,-0.0636899436080673,0.055532927403087975,0.026743519359719012,0.017201115167309797,-0.038734621016650275,0.07296371915231116
1029,-0.03790673483930764,-0.037979274838507215,-0.004219549519206184,0.35454239380877584,-0.00801886760882853,-0.05097986792405363,-0.06369472427828786,0.05984103400955029,0.029128815697654256,0.016584923252245753,-0.04073734970315378,0.07296076107074621
1030,-0.037877340332312076,-0.0379442125594319,-0.004219634570511324,0.3543296939591969,-0.012222262518392831,-0.05095322632816184,-0.06369427337947091,0.059325722740325215,0.025185847278636445,0.012432718331631778,-0.04340159054994856,0.07296166388944639
1031,-0.038313804000363084,-0.038095423431679584,-0.004216368441322917,0.349569626224613,-0.01264948144092957,-0.05046531278253181,-0.06369606541479705,0.05948163761468145,0.025885121843913127,0.01299097894391699,-0.04243076343589399,0.07296079799597001
1032,-0.03393755816581216,-0.03757892580560409,-0.004239625521754404,0.3436829199321634,-0.01716398938216214,-0.047191259273974065,-0.06367946554423332,0.05943212560197782,0.025696522680610547,0.01287919100836508,-0.04695154750063058,0.07296258472242019
1033,-0.03380598213611481,-0.04182986670359194,-0.004114353689652479,0.3356677527217359,-0.016885463553357558,-0.05153537754723178,-0.06377795507341831,0.05948057333030397,0.025837557743735213,0.012758871820964907,-0.047256427082807216,0.07296255406857595
1034,-0.03357349889386259,-0.042187591765853245,-0.004687571703774442,0.32935400381849045,-0.016992963796344202,-0.050808962655189346,-0.06330200279941048,0.059360407350655404,0.025684295600316327,0.013245711085531481,-0.051827264508492045,0.07292692938407135
1035,-0.034897245483570656,-0.04232156720223357,-0.0012782778186352824,0.31937333599494233,-0.01710943538577271,-0.05098738368439349,-0.06626558456407136,0.05955585737460046,0.03026993783655836,0.00879714876874602,-0.051378470332608166,0.07321418862694902
1036,-0.038423574259662634,-0.041280890658111045,-0.00021675854901458537,0.31008597687899686,-0.016415145168539362,-0.050949559207290544,-0.0685935887858445,0.055018473194638956,0.02993638071636189,0.008608426422144357,-0.051537791747212874,0.07132901615772877
1037,-0.03786813803720405,-0.03752061733323889,0.00388101704409303,0.29765143278173256,-0.020489467467704962,-0.05095620220930589,-0.06413981094564808,0.05529772350304229,0.030077202314946677,0.00872153015746977,-0.051492890024575695,0.06829201990496712
1038,-0.03799448812439846,-0.03809708609197801,0.004214404326416488,0.274289229843332,-0.017788887227265966,-0.05095538905882858,-0.06367223606605153,0.05518511148417146,0.030028532488311242,0.007392739527311624,-0.05150633192303278,0.06859191468109266
1039,-0.03797847595108136,-0.0379163404073379,0.008612434633936277,0.2686660512351433,-0.01692059232784115,-0.05095526011149313,-0.06334607708693347,0.05513255685116778,0.030069044741991482,0.003859772261063454,-0.051494141444556156,0.06919016485851644
1040,-0.037958744371989754,-0.03809444663642207,0.009166636923429124,0.2510341084060062,-0.01695425939482241,-0.05095650819267529,-0.05900326645815774,0.05553213469641425,0.029958117556018196,0.004285041816286764,-0.051519015332237066,0.06441297144971869
1041,-0.03795956829333829,-0.03766963568334586,0.013146340633059939,0.2467922118290531,-0.017204288792886553,-0.05094913709315294,-0.05988615443613248,0.05259798370993755,0.030264160173084427,0.0046892951436928445,-0.051517859213308814,0.06868028668874165
1042,-0.03844110757810096,-0.042127323825405905,0.012532233146158733,0.23597965775436977,-0.015499102225762179,-0.05098533287699204,-0.05743839037544719,0.04722836697851842,0.02586018597132719,0.0007463704101755145,-0.05101514074257145,0.0639695670436954
1043,-0.042543133968375856,-0.042214906847253104,0.012686657185781583,0.22945817745036007,-0.014089043704593827,-0.05083234444329821,-0.05472411620968102,0.046624956992300806,0.02129022820958382,-0.00019254772890733258,-0.04678090435764731,0.06455165528487108
1044,-0.04244148840244358,-0.0414541867115076,0.012652716967947602,0.22295207812087586,-0.017481521031448347,-0.05138699993506124,-0.05569776066294599,0.04655325663022773,0.02149628677839194,0.004442361041624894,-0.04732726088229565,0.06422870614535803
1045,-0.03999856429422524,-0.037537860876200695,0.012659068545133104,0.2052457046673975,-0.01688639395833141,-0.04721276503312862,-0.05145521998544923,0.04208642794434889,0.021678622989157768,0.004201819578827297,-0.0472113121051051,0.06486245496796918
1046,-0.03808158788464811,-0.03798794548672166,0.01265816126228348,0.19428819917102735,-0.01700067925519213,-0.046692153649868666,-0.05093384119103839,0.04286976301660092,0.019821515359233814,0.004317862366349659,-0.047094818296037226,0.061371461312732814
1047,-0.03476314701328959,-0.03839809739806358,0.012658192833603631,0.189196308950027,-0.016983811049122464,-0.04677079028473421,-0.050946329500857646,0.040621055849921456,0.014144630622551566,0.004304795742758855,-0.04760412678054757,0.060297200934124266
1048,-0.03364901594783046,-0.03489842595780037,0.012658459157225186,0.16931940819594696,-0.016984883703317032,-0.045944376891697884,-0.05090668830756649,0.0382641226757212,0.012589660860507234,0.004203928551938104,-0.04326457740902626,0.05610618613965729
1049,-0.03374578826042921,-0.03359559392822053,0.012656807642445278,0.15382358569719426,-0.016985504874109974,-0.04200847390689594,-0.051287594512840866,0.03537476897538397,0.013172290507718842,0.004617946213046792,-0.04294359868653244,0.055769011424894745
1050,-0.033440125586968635,-0.03377016733984804,0.012665435641923578,0.15071357198087512,-0.016983736915989967,-0.04257341459452776,-0.04890883903912599,0.03378287038735922,0.00863360799711699,0.0009396076775490658,-0.042539029271836754,0.05065762779090755
1051,-0.029200728289596908,-0.033770654361053955,0.012626635044668693,0.14328558317584003,-0.016992036997092473,-0.04247168828360296,-0.04678341725441036,0.033945856573097746,0.009007674690510949,-0.004190343527049797,-0.037190475448440036,0.04717169694094896
1052,-0.029346351348318304,-0.03360064200265061,0.012779217563194735,0.13406023178358883,-0.016955141164462884,-0.04234021016312657,-0.0436611325734142,0.03391340285354002,0.013237585272860128,-0.004256394779669722,-0.033987001010722925,0.04558634559353046
1053,-0.031419438896243206,-0.03485854557871374,0.012268622875563077,0.12097635513681278,-0.01709759624949364,-0.04282051379899436,-0.04222048594194478,0.02906864588862863,0.012851718231791421,-0.004298401099064742,-0.034449682223417044,0.04291662784774284
1054,-0.03413945364112306,-0.038694745498317425,0.016543982381742837,0.1102353506319307,-0.01664257521981182,-0.03830426911252702,-0.04257818486198997,0.024102596404894823,0.012473295669466335,-0.0043676723847244905,-0.03419308170305855,0.04014036291784127
1055,-0.033670296105765614,-0.036003218004399665,0.01686920724687685,0.10539005295996656,-0.020959773066711238,-0.037953367553125825,-0.038016403931846895,0.02120479121074051,0.01561466767710049,-0.0038877183586766857,-0.03474121949521428,0.03840193166701164
1056,-0.03379729757533315,-0.030424611513207127,0.016897347511547357,0.09091501118136042,-0.02106725868517182,-0.03433525615688081,-0.038495741156041256,0.01919862324753782,0.017323337271023694,-0.006859523583794428,-0.03037417559269976,0.038647641742486874
1057,-0.03370722968795202,-0.029769453719779272,0.016869774037998886,0.07821687918036566,-0.01651798692808734,-0.03849634018783404,-0.036916411317269804,0.016386101517140136,0.017350569132015232,-0.008882737120265456,-0.030052296937141953,0.0386237857773075
1058,-0.03352829613313793,-0.025615724440608306,0.016879946906943655,0.07648085476314097,-0.01824475673451267,-0.03993403056236503,-0.033531340634006784,0.01786408152811482,0.01292227129428412,-0.008458353830485876,-0.030155766545440523,0.03875011033703908
1059,-0.029769081085762025,-0.02534356147178942,0.016877196778492577,0.07170577500751756,-0.02154832132726522,-0.042882848997907876,-0.034073089972247686,0.00927282764752519,0.008299648100392394,-0.008675733477422459,-0.02897232131082822,0.03761664382051587
1060,-0.03458737293450567,-0.02516639865475524,0.016877141495324963,0.06764196406522188,-0.021600406374049315,-0.04237213692122201,-0.03394211403199856,0.00849142194262383,0.009540055984432087,-0.004082333168375584,-0.025649659387143774,0.03386547485251123
1061,-0.03188201942437712,-0.026314198209845596,0.01687981374356441,0.061460243341571755,-0.01820223211076588,-0.042501746655844864,-0.033998067153678195,0.008454065217395003,0.01340666240493324,-0.004395683864342492,-0.023614636914898665,0.03447868524778267
1062,-0.029165446999180653,-0.030076024448209948,0.016871572685441896,0.05574118948315074,-0.017078091097321006,-0.04242237099177052,-0.03393297228053377,0.008519650899266979,0.012329025840043214,-0.00425914743607546,-0.021138577539750895,0.03418979790904754
1063,-0.029635102198845416,-0.02902542619550494,0.01688480123866266,0.04660099487922206,-0.01318698205992407,-0.04225087687625614,-0.03377157237700353,0.008422489932604317,0.01568010186197107,-0.0042997748272084356,-0.0214122836620658,0.03473319237315363
1064,-0.02944656654448369,-0.03220952095695272,0.01694057337523591,0.04625637185023121,-0.008386935464983205,-0.03801667350145483,-0.029368496839334377,0.008800969741880599,0.017287727826144465,-0.004292335714663561,-0.02169113299070676,0.030398646253315485
1065,-0.02970062084188445,-0.03437842380181482,0.016194642282746426,0.04191062761521462,-0.00910468695330201,-0.037208472175842194,-0.029838015999224622,0.006288892610201407,0.020245483592334804,-0.004283848328668052,-0.017118670835557667,0.03006947496562636
1066,-0.025199897796695136,-0.02990586231505378,0.012213976798300451,0.041409437728450016,-0.013224318515645669,-0.03310042952431505,-0.029719564617328324,0.0007631287900348679,0.034303069493815494,-0.004313940200736623,-0.017245380588987176,0.029552972273210073
1067,-0.020792898092053206,-0.029533719372634683,0.012778361149324293,0.035709188996541755,-0.012250376870719818,-0.0364962118052903,-0.029611063742764475,-0.00010042225069457553,0.038824442600823454,-0.0042755938459653215,-0.01715545322674326,0.025263351246630705
1068,-0.02191141305421278,-0.0295189224917073,0.012629945983885392,0.033474295967771704,-0.01507992623408827,-0.03851775412649498,-0.03017010459219386,9.395116618637802e-06,0.03751124194944157,-0.0039640214159298495,-0.017072856659198863,0.02623514761508743
1069,-0.02725186482330876,-0.029543043303272287,0.012664009179750373,0.033817039393739284,-0.0172919817449271,-0.038077229449702044,-0.026151974875419606,8.612370988615903e-05,0.034825210036273924,0.0004006369114598604,-0.017635801609752744,0.023475711607103256
1070,-0.029964710044075228,-0.029533657219343392,0.012657260152749691,0.03373137226668796,-0.016927774197168264,-0.03838752456297401,-0.025421349968852563,-0.0008209741720883833,0.028441018125095998,-0.0001240858217718264,-0.014184225231181919,0.021167289167753976
1071,-0.02901435141751476,-0.029536576800058483,0.012658331825131042,0.033785955205040887,-0.017004050144478883,-0.033841425040088045,-0.025468400039743804,-0.004394762156299189,0.017647789597646683,3.3869788288361545e-05,-0.01305790960563791,0.02140926574342265
1072,-0.03282083710682479,-0.02953510245294701,0.012658235064994215,0.033794494522737833,-0.02170964357583523,-0.03406022175726212,-0.02548431315876519,-0.006018711155417193,0.01703986121675714,-1.6426411649214277e-05,-0.008967423275376397,0.021688375977760223
1073,-0.03388490060639104,-0.029538133561760146,0.012658207679690347,0.032813046343645236,-0.03943560766056112,-0.03394405959670195,-0.02547505311956804,-0.009017903883511582,0.017380972800334342,3.404694036534409e-05,-0.008610266443626684,0.017117126959948617
1074,-0.03374345045663696,-0.029529722379257804,0.012658319340385213,0.02441417903451001,-0.03753972343165146,-0.0339517371412829,-0.025480289932195695,-0.007973732395475967,0.012863651065504439,-8.349264021458887e-05,-0.008086196793602929,0.017371428042109293
1075,-0.03351418597070151,-0.02954248131988604,0.012657749451750168,0.025907871639498585,-0.039916163895828964,-0.034087559825680194,-0.025468984006892955,-0.012153830846321937,0.008101401704806872,3.201858664543056e-05,-0.0038733599298255146,0.016131472381700155
1076,-0.028351490441401585,-0.029605726497393275,0.012660414545244913,0.02313515782427683,-0.04319961260943743,-0.03351926890780729,-0.025510172794589354,-0.01277748180815401,0.0027822267947382787,-0.004450040537394914,-0.004405760463739909,0.012424448181572047
1077,-0.025007908831503327,-0.028803376331026514,0.012649476253487092,0.020800247172418233,-0.0398177382133763,-0.037484956995097594,-0.025377098643713094,-0.012735922827331648,0.001153355576065572,-0.005054932318371431,-0.004295964380713764,0.012975758391746918
1078,-0.02529397567369081,-0.02494673615418858,0.012688269054572274,0.02103829818774362,-0.034991774568208754,-0.03828586389737764,-0.025672314600600668,-0.012898223446209597,0.00491789457511721,-0.009170393699204377,-0.00416556318919955,0.012894202564749165
1079,-0.025751248891789487,-0.02505149013958608,0.01257914509404701,0.02140487102517683,-0.02990303196718625,-0.03822578731998168,-0.021133033990421515,-0.011558944873152633,0.0037543241923417184,-0.008030659255085445,-0.004723032084694453,0.01274257714681945
1080,-0.02221062919382634,-0.027697708904659626,0.012723754265379493,0.016931957671741195,-0.02965678528000689,-0.03817255433110914,-0.021315000252457496,-0.007966709466725808,0.0075891251325687446,-0.011366087702854874,-0.000280584718767702,0.013181262677664922
1081,-0.020968290925848503,-0.02997833981780561,0.008228775809847079,0.01664826815358304,-0.025283386440693865,-0.03847968491953982,-0.02122040249797589,-0.0089180155429363,0.008957181447667537,-0.013105145101703502,3.515737092267806e-05,0.008586250035298856
1082,-0.021070020071716457,-0.02903249548667224,0.008539810153021896,0.012254127374835824,-0.024570422660120148,-0.036554014399818445,-0.021134139247262235,-0.005960208800701274,0.004277474948146017,-0.012842065636776265,0.0046097637297502604,0.013254023083764891
1083,-0.02089790874471163,-0.033731809555942266,0.008406615672127095,0.01278708217807098,-0.020732339733725704,-0.03352997489809974,-0.021701742668891157,-0.00043167465991960946,0.003944717039972777,-0.012875338870999597,0.004168873008927204,0.01271236719758326
1084,-0.016678354633278936,-0.029426785513423037,0.00844736902469338,0.012624014709292176,-0.021384396515651456,-0.03417609271877688,-0.0182163995281808,-0.0001389243746610382,-0.000626669053049298,-0.012986085122851616,0.0043274307340563905,0.01301391981644481
1085,-0.01591498740322718,-0.028912822814402543,0.008436837857626639,0.012666153080424063,-0.02107579947820738,-0.03356951884564879,-0.017174342754863348,0.004355931607347098,0.0013438196780634895,-0.01193219592481505,0.004283131242369958,0.012426441059520439
1086,-0.011796709565260513,-0.025948606502336616,0.00843921558284647,0.012656640098144809,-0.02165816936841108,-0.03790934905740195,-0.013065067636526788,0.004154961030076613,0.006892547244969612,-0.008121040954138244,0.004293680094319031,0.015731615696985952
1087,-0.01510622462413973,-0.030122090257134578,0.00843875432154941,0.012658482336694026,-0.017251451735094604,-0.03819384515850673,-0.012757891496176394,0.0042787170983477965,0.008809683165622487,-0.008698712290181572,0.004291528658426871,0.01738310458815817
1088,-0.017152252805344145,-0.029387368681826797,0.008438824737155437,0.012658207955380122,-0.016944880577167212,-0.038366245940030866,-0.012712985386323388,0.004239071704626224,0.00862862913591312,-0.008557621285959821,0.004291881912398871,0.01713815481948231
1089,-0.01685547013450204,-0.029597351841542004,0.008438819289039513,0.012658236502247856,-0.012372517801464422,-0.03719742804302359,-0.012765550024374015,0.004239471794272717,0.00838633839455542,-0.008593692443442293,0.004291846706496135,0.01716335430801199
1090,-0.01682936244090956,-0.029427088776194824,0.008438817961479612,0.012658039920064446,-0.013215349641771349,-0.03349021744609178,-0.012640184104877616,0.004280824232327172,0.012938080880581654,-0.008569983876103759,0.004291843001557281,0.017291186630503518
1091,-0.016813599103650566,-0.029762574909429185,0.00843881878467107,0.01265953107881644,-0.010269133359068238,-0.034195197923590666,-0.013174793903068813,0.0041330970861810055,0.017910531100703477,-0.008576692716954213,0.004291848150421178,0.016169194680993412
1092,-0.012240160539798463,-0.025266775216866436,0.008438818499409423,0.012651356341551628,0.0011064859568203232,-0.03350138832046505,-0.009910607142263458,0.004499075577055343,0.021295827799131924,-0.008925054913947626,0.004291835522163233,0.012415220299556134
1093,-0.013728863626026143,-0.025393917329265683,0.008438818597623549,0.012689164051126984,0.004282789647077713,-0.037336343364221126,-0.008280065687363914,-2.884128978541219e-05,0.024644165564894658,-0.014300437066242103,0.004291889886572371,0.012979821751452342
1094,-0.017401599231898844,-0.025286503745765167,0.008438818495430399,0.01253644450985674,0.007526225378255878,-0.038391867840709505,-0.00851748824634717,-0.00036288597889674764,0.03048200486622692,-0.01750587208710029,0.004291671344282874,0.01288713297977927
1095,-0.01630766291811184,-0.02532520297741441,0.00843881878970043,0.013066721686623302,0.008665654293893743,-0.038260489055349005,-0.00849317482346281,-0.004757989531379357,0.032685735934028,-0.01708474537893452,0.0042924151697410155,0.012763604331740761
1096,-0.019783444038458334,-0.02531427841168046,0.008438818006719993,0.008856878291633303,0.0085330201675809,-0.042307561870758355,-0.008491262977116835,-0.0037682143451121496,0.03468583534881566,-0.01718465265942113,0.004290561539371945,0.013136647322731105
1097,-0.020801370437024454,-0.025316926679055694,0.00843881878971341,0.0084306725029584,0.012901858069907254,-0.03762491758876702,-0.008491953695899062,-0.006412079945941161,0.03406988923821432,-0.017164442769959373,0.00429101302619443,0.008554525933628548
1098,-0.025127220779704116,-0.025316370160402977,0.008438827997250622,0.008423607174055481,0.013593824430204843,-0.03871941031233792,-0.008498964297386238,-0.00882946412478487,0.03867720583794494,-0.017167710860302818,0.004325017458133252,0.008206146724524013
1099,-0.02114979557850463,-0.025316466824348606,0.008438738236324569,0.008431523123770091,0.017474507210257707,-0.036028785350544414,-0.008462389529433352,-0.008429513992842625,0.0385100386134285,-0.01716740836112368,0.004042309220795793,0.00376849626001203
1100,-0.02123950181763969,-0.025316455517128578,0.008439283251864892,0.008522129620883936,0.01686666929676873,-0.033639330314090526,-0.008612819146309488,-0.008505922423836096,0.03893532523223733,-0.01716712696841135,0.005908725475877277,0.0047823247687069845
1101,-0.020475327113563885,-0.02531645823683882,0.008436590075352204,0.008028726350924978,0.017000812150769783,-0.034028757857220024,-0.008089424201870768,-0.00849028989084093,0.036842292253048546,-0.01716907716047761,0.008889765176081104,0.0020405591591892225
1102,-0.014990092072782107,-0.025316430129393955,0.008448124969228062,0.010982459781371337,0.01701410602346223,-0.033964248304719266,-0.012316742236529234,-0.008399979547669066,0.034609420759813624,-0.017158338393955894,0.008956066980589672,-0.00033608006050443056
1103,-0.012363445406279453,-0.025316604949065586,0.008405088251834857,0.012823312841541349,0.016906750400169344,-0.03397021493609123,-0.012741163598597914,-0.009329954795046986,0.029393151875688944,-0.01720800365305148,0.0051679339211740255,8.775947045829222e-05
1104,0.004303852431110887,-0.025315741533557954,0.008537830303999357,0.012935600779266436,0.016967668446225145,-0.03394306332383772,-0.013148739525930068,-0.013196443870863453,0.016972289347567122,-0.017010930295212515,0.0041967931162027045,-7.712116174605897e-05
1105,0.016294456316136574,-0.025319416391859143,0.008276866911777654,0.008669847041311999,0.012689877259605681,-0.034193170281133015,-0.017385923091142924,-0.012614165198922517,-0.010465347899651437,-0.0176609015489363,0.00428906233375034,-4.3244259521743994e-05
1106,0.023772834926555915,-0.02530589386522603,0.012749360933750235,0.008636806564773843,0.010941283685715491,-0.0324999505102118,-0.0168649197869109,-0.01279562609574478,-0.02583479961468826,-0.012944723414502517,0.004296956143467329,-0.004464357395367552
1107,0.02944987472286436,-0.025346229443538152,0.013153924254311463,0.012968825950511744,0.0035382868648300724,-0.029301416711280545,-0.017015476555491422,-0.012625808777928196,-0.02609556495097378,-0.017280919421130844,0.004294388614263262,-0.005162929277357183
1108,0.02942603887336644,-0.025277580537116047,0.017362821716184244,0.012550489426011195,0.002831893214100638,-0.029785048397072345,-0.0169784789347309,-0.013036978108211627,-0.030751169468617216,-0.0171609087664546,0.004266335549574006,-0.009105030239089346
1109,0.030663827899783617,-0.025033419520534724,0.016649472446457512,0.012686969751225154,-0.003361572208731754,-0.029819523209377048,-0.016986502622775877,-0.008623718179663096,-0.028695798933705528,-0.016373529406950398,0.004411260933340186,-0.008344781257801356
1110,0.040016212386079324,-0.021413062495450812,0.017343584882522866,0.012657087170321829,-0.0036673448959304695,-0.02943758826596152,-0.016984578436704475,-0.008782502922084733,-0.03804407733415072,-0.01065492725642403,0.0038212457641024202,-0.009070571105184186
1111,0.04242281528619279,-0.025880090538897137,0.014042620948127783,0.012636002065240631,-0.011693058222761078,-0.03392821296338723,-0.016985347736342468,-0.013282831908939152,-0.0566312785927409,-0.008406984799230226,0.007748522898788992,-0.00515359432381441
1112,0.04206229568749781,-0.02516436206999913,0.012420511551665228,0.012735705302130414,-0.016979942355176712,-0.03390661509497304,-0.016991613612856983,-0.011275274673305661,-0.06440782764099098,-0.008194032264021968,0.008611838340133399,-0.00419366985447904
1113,0.042515140765573965,-0.025352147149291175,0.012750694377838111,0.012475750750246326,-0.02182347296787721,-0.033994840406202306,-0.01692901074023789,-0.008465108661453736,-0.06032841963620319,-0.0121189695590313,0.0085485873771425,-0.00428659558101306
1114,0.03915823235588057,-0.025308676086627607,0.012666993430757084,0.016894818836895493,-0.026062620572517108,-0.03398481936271593,-0.017310343548541707,-0.006143195981729697,-0.05996836714601246,-0.012979385307307597,0.003985703065040877,-0.004415025074717543
1115,0.033848062827955494,-0.025319529101050155,0.017138679247728574,0.02127981146407428,-0.02363705277059898,-0.03386136779901896,-0.014971992581805881,-0.0038252843180308646,-0.05670498142552658,-0.013000266989634924,0.004474657362338695,-0.003320929555699089
1116,0.029036495597567016,-0.025312751746572014,0.016755119481788667,0.0210806651749239,-0.022585980885235318,-0.03442662230692884,-0.0123798970267321,-0.004646425571336318,-0.08150657805826074,-0.017949763490205974,0.003894242044752217,0.000558095624436713
1117,0.0021314087681771916,-0.025307775963601203,0.016995872407403034,0.02076920353816899,-0.028276564917688034,-0.030754874003585758,-0.012798197175332189,-0.00018468608836263523,-0.1002252033383587,-0.022972835875406356,0.00654456574543361,-0.000553504744074078
1118,-0.017356411910059634,-0.02545952920295783,0.016465148004050013,0.023205648084669968,-0.03281739113815868,-0.029590683401922863,-0.012751551326293764,-2.788095498353417e-05,-0.12909029999739333,-0.026014826081166214,0.008793004605748056,0.0028724503477132557
1119,-0.017933930958552675,-0.024241505508333473,0.01943218676654514,0.02519266353063741,-0.03773707508834843,-0.02973124775948642,-0.01271950640321178,-9.137354409244912e-05,-0.09212864013087993,-0.02611579439030313,0.008932413428367411,0.004473422577703401
1120,-0.3685113128762176,-0.020721776076919055,0.021470570710640336,0.028518841417340787,-0.04240015805687183,-0.029748921734032235,-0.012445813493346275,0.0008618059880136156,-0.2528347590964629,-0.02272957636440338,0.004658480959355275,0.00433866873241464
1121,-0.677566641678609,-0.020857027908249625,0.02073779064071216,0.02934121825930636,-0.051587520925978625,-0.029525992720330907,-0.008107022590490575,0.00644600723541991,1.0780726793262123,-0.021255939931189568,0.004301202920266914,0.004329565045432155
1122,-0.8754001732073898,-0.023572321093207893,0.02516860499697032,0.033635365334652896,-0.057020931567798284,-0.03106203649615637,-0.00861381768259166,0.008753888179424529,1.160154463226862,-0.021519381664094357,0.00426829502971846,0.008747998075889548
1123,-0.9578721746517002,-0.028514906708936433,0.025213963726809077,0.03391660767531271,-0.05479915974111851,-0.0344113356432765,-0.008462923552300865,0.008554348680874851,1.1844414554572549,-0.021658193123068915,0.004317600892875302,0.009516609389116306
1124,-0.9698976650453494,-0.03347490395704998,0.026032434722058382,0.03834259626050705,-0.03616317894050158,-0.03387383119480535,-0.008490960851456,0.008120511588834875,1.1760168756714406,-0.02592931778536051,0.004193949066556275,0.013015761382990685
1125,-1.0136852055380174,-0.03375231279661227,0.029688520766461543,0.037920858481096074,-0.03410775376646936,-0.033978192920133946,-0.008522514875023248,0.012462368017289751,1.190953034866221,-0.0269135199120216,0.0047296571374110885,0.014960211696099866
1126,-1.027285796826879,-0.033640594532299756,0.031154954018940816,0.03763867039895534,-0.006947174437272301,-0.033998615305006794,-0.008405134680761019,0.012723788490060173,1.1160255010810705,-0.03021725656970315,0.0014565496972658864,0.017537431374127273
1127,-0.9955594869355778,-0.03482304793229194,0.03418235340661525,0.04025969537939362,0.004228038686183192,-0.033932799957224265,-0.008598545336981539,0.012628877391345297,0.9942587615163041,-0.032056702372200346,-0.0002172542597118776,0.017075795421480095
1128,-0.898730308210781,-0.03731916406100727,0.03366913846397597,0.042633358722098565,0.008483420198398622,-0.033644282530870324,-0.004058037328099429,0.0137558364082556,0.7562599163995354,-0.03738754520916159,2.3968050871854064e-05,0.017240459762678108
1129,-0.6565575636984435,-0.031022395201222706,0.033762998929051095,0.04172959630797361,0.009784264522468831,-0.030215884113029532,-0.004345967545310786,0.017451625157549628,1.6377783309551068,-0.042147707707921166,-1.944759143531689e-07,0.01720026963917809
1130,-1.108841572850331,-0.029783874794949268,0.0337696245933819,0.04616470599368557,0.03490474664341285,-0.033491735833868004,-0.004213951304483811,0.016841538311679675,1.5950950022883823,-0.04695992217125915,3.856274996512803e-05,0.02177980991021315
1131,-1.3001322165804996,-0.026257086576234264,0.03376814540302277,0.046449100708143454,0.04924041734115316,-0.02763832671627244,-0.004254728048855287,0.01713130409422991,1.2906515067305406,-0.05168310391274568,-0.0003046162236265021,0.021103809831795
1132,-0.9341469088265031,-0.02540350566912481,0.03331527233919395,0.05096703729601925,0.05147599356535594,-0.022780467978085892,-0.004244942954129423,0.0165774706406996,1.0876578347929504,-0.05089572947375636,0.001923858950228866,0.023067672961011924
1133,-0.8296765712457506,-0.021230562949715728,0.02910772396758397,0.05028371150987793,0.04837963708669596,-0.02085060633949586,-0.004244388789468452,0.02085814986041119,0.9390759182194452,-0.045520133020924336,0.0025436215470702197,0.026168142792285014
1134,-0.594139683717826,-0.016722918947380008,0.029740198613709367,0.05215090362702533,0.04448631294067302,-0.021703560730705562,-0.004252847524639518,0.02122792331419958,0.7863480725160955,-0.04249443055686588,-0.0005500700054177223,0.025662720365855533
1135,-0.5246029437322971,-0.01694996777397701,0.029123567412219286,0.05526930822310308,0.031159974015413754,-0.017010011640061634,-0.004236483158684213,0.021258517890297108,0.6951137035726871,-0.04336444909763685,0.0004822537918494858,0.025766479175189604
1136,-0.4287198892559361,-0.016858959245429326,0.032043429915822964,0.0547686599701059,0.02566876388521142,-0.021429362930882923,-0.004192721973142876,0.02116267065295815,0.49370110243114756,-0.040064715358835594,-0.003934875636730882,0.025749255777389065
1137,-0.3100055642259074,-0.016862570825677933,0.03453770372754491,0.054839234052935185,0.011970061135089152,-0.021168846997606714,-0.0049070555521090135,0.021573667436911095,0.3673101646610428,-0.03510413078069647,-0.004283984077634206,0.025751032226490684
1138,-0.27383582122729117,-0.016964798103070434,0.029701038608627547,0.05493232438609649,0.006353053466958537,-0.02090017293120158,-0.008939100650283072,0.01914120585734463,0.2726648608319441,-0.03013259603882546,-0.004314273356128556,0.0257511889606786
1139,-0.21404948543709054,-0.016557414499104434,0.03363191175156272,0.05476573824456041,-0.008084876688715888,-0.023447931328769902,-0.008371882638572992,0.016668671122486534,0.2495160112151396,-0.030014451012629343,-0.004266670477551229,0.025750944224967806
1140,-0.1751261721274213,-0.02015243321174079,0.03367208354026873,0.05926474892881071,-0.014934829125309941,-0.0233167289883279,-0.008520651091250107,0.016928655689720268,0.15292363498398592,-0.030790660260829657,-0.004388787889687036,0.02575156584933131
1141,-0.14252358921699446,-0.025194390517928288,0.03397133515318823,0.05897654330334806,-0.019474865077697565,-0.021339245616198477,-0.008486963772205517,0.01729334551783718,0.09967417754918444,-0.03471549414225961,-0.0038570937969079054,0.025748863524953418
1142,-0.11643332119287975,-0.025286480768591288,0.032490827283753125,0.05908270967284163,-0.02432064064821181,-0.017625214729905574,-0.008493488963766572,0.012784511954421977,0.0899215037713105,-0.03462684021836431,-0.007110185340048465,0.025759792244592548
1143,-0.11311148442196906,-0.025334720438858472,0.029188450139335853,0.05916725711592221,-0.02901730728464836,-0.017077167293615393,-0.008492430878189742,0.01248678264789517,0.07777635921919053,-0.03174777127438032,-0.0088325704099542,0.025722299513868032
1144,-0.10887850145806344,-0.025310626397554197,0.02922554795728223,0.0586274527483303,-0.03388706720453117,-0.012552002250309165,-0.008492339559391543,0.008071519907678848,0.07116622178102965,-0.02980862980365229,-0.008489997132275719,0.025817492219079512
1145,-0.12651735765317934,-0.025316236523466894,0.03236884610280608,0.06204525358482065,-0.033710680850903285,-0.013488053331949044,-0.008495575923394224,0.008645309834817249,0.059839514261068885,-0.029991563322677554,-0.008554339200937644,0.02577934648758499
1146,-0.14787350873518143,-0.025324404452289423,0.034311971634324236,0.0634734202538324,-0.02859472787901854,-0.01709166043025182,-0.008472760205333581,0.00835151475617119,0.0832585931437285,-0.030121118519010344,-0.004005919554630645,0.030360995246352822
1147,-0.16448471393931657,-0.0252849734958978,0.029779676148426408,0.06327235765313739,-0.024910823938292206,-0.018740572760153916,-0.008594363896288358,0.00894661859036231,0.11485464444725,-0.025577756783293316,-0.004409395768098782,0.029689520727694464
1148,-0.17998097842665212,-0.025415135028487783,0.029554232034798282,0.06328954721735515,-0.013757957145818922,-0.02110134670453611,-0.0080467720507095,0.005380435134315246,0.1383602940958818,-0.02534768645238636,-0.004233886546102166,0.03164165644574423
1149,-0.19395069243022392,-0.025116656509507933,0.02955045045982973,0.06329337880345984,0.0017706419334252528,-0.024526107721299994,-0.011455053785424354,0.004006976329829116,0.17254404314721153,-0.01882560228656609,-0.004414431447115715,0.034761049764413826
1150,-0.21296818359669994,-0.02962172476162417,0.029297571001090855,0.06328582685030902,0.009484253935446137,-0.02225906055185712,-0.012923832168483737,0.004377333115325476,0.19009997934438796,-0.008066548531083531,-0.0038375054917773963,0.03421287406191684
1151,-0.23108438737285902,-0.029312766401890476,0.03109315661718935,0.06331658244001129,0.024238593646957074,-0.020950306920188306,-0.012720672506964622,-0.00015460145827124182,0.24727700773824926,-0.003730365410799318,-0.007670590060132331,0.034459938697829776
1152,-0.27515136417071895,-0.03065054258016768,0.034145535733370994,0.06317613425763247,0.03674141745032031,-0.02556647313191146,-0.012736763902296952,-7.859940765722285e-05,0.3021311757474301,-0.004397423808062789,-0.008754452771640116,0.034078813727932644
1153,-0.3283607195960434,-0.03382008267519626,0.03378818505011088,0.0637483476242798,0.10139904323311726,-0.025439880585843785,-0.012743251394419664,0.0011916400424068167,0.386214435228579,-0.004272199317380948,-0.00861403021034843,0.0386522849919663
1154,-0.3303417575211099,-0.03594553694751737,0.03334919265535715,0.060004839112146054,0.11481423062494425,-0.025224236428208917,-0.01271946864885298,0.00470477406640525,0.44149542195291747,-0.004295576118774679,-0.01303878849794934,0.03855008133049887
1155,-0.36482805761362347,-0.03787254075527342,0.03754220451379942,0.058974429063525916,0.1342724667922236,-0.02724147282301102,-0.01283761984998291,0.004139482578663369,0.5189768138209367,-0.0043841998485294196,-0.013738205699221155,0.03865785147165206
1156,-0.39070891484914305,-0.04125794847026233,0.037975468422625704,0.05906185025344756,0.16254055606543455,-0.029694791993859885,-0.012300014290773131,0.0042677829342595225,0.5542992017456394,-0.003430552420431579,-0.017630455688685837,0.038612868494128046
1157,-0.4042565701511302,-0.04228574355187513,0.03767937487453361,0.0587705686430326,0.19396725846833274,-0.03253091467439532,-0.015627586203309136,0.004242490046643419,0.6241313564491112,0.00045923879696308737,-0.017193072165583693,0.038651114019014055
1158,-0.42788484888866846,-0.04219492299881283,0.03341756844630938,0.054467945582802164,0.22680628858184546,-0.03420111583020984,-0.017211469495953556,0.004247265586282671,0.670944177618194,-0.00010487468767255822,-0.016607326645146726,0.03853781772188066
1159,-0.44944439790066687,-0.04257435024676464,0.03357191683946149,0.054974191341912435,0.23870264058004445,-0.033909052229463436,-0.01690481307689314,0.004248269577866034,0.76576494712166,-2.3886985174221005e-05,-0.02097912209195228,0.038919020860738535
1160,-0.4691016067364577,-0.046771418736327265,0.03560308043323559,0.05481696428720269,0.27032220640897775,-0.03392030645870321,-0.016909122486306664,0.00421699993131239,0.8252888821932373,0.00016366170645456775,-0.01764092814930698,0.03498270414156995
1161,-0.5047546550401767,-0.04655523511577809,0.03836248536209491,0.05487404184977334,0.3090777762486688,-0.028766874464164306,-0.01244462259820857,0.0044430703608270205,0.8937666226898466,-0.0032235220765964292,-0.017175401830286808,0.03003203486620614
1162,-0.5229045043054472,-0.044728412947582605,0.037897546400556134,0.054798172705312495,0.3539399830135957,-0.017775293889400003,-0.012785471451696659,0.002925508092169137,0.9244374172072717,-0.017082901781178304,-0.01714194400707221,0.029666405641070495
1163,-0.5299170066724073,-0.03966378945430743,0.037987037165822475,0.055010502044243195,0.37734489497458445,-0.004700571236903518,-0.013067620380408344,-0.002668157592287486,0.9694884178305313,-0.03092253961162121,-0.01717404484869991,0.025242095115896986
1164,-0.5414894979870918,-0.03459967687194709,0.037973474376947,0.05119956511793281,0.4161480218364227,0.01866876261554215,-0.010516182778277072,-0.004607533016542578,1.0095980818453767,-0.03547257128789041,-0.017184595329062094,0.02623406323107988
1165,-0.552317454072751,-0.03364778769051205,0.037974275400887283,0.042031654364934196,0.44150380079087925,0.030989551434156437,-0.008198863054477036,-0.003791003650450346,1.0332832501426081,-0.03869511147007543,-0.017074969803353546,0.023532436839395127
1166,-0.5571980006402291,-0.03376051394765545,0.03797849666780248,0.041791250888361615,0.4575938028315022,0.0329430890437872,-0.008434808573169916,-0.0082373709133204,1.0555236842006137,-0.040673403651576415,-0.017536424793662915,0.02111831201543496
1167,-0.5659247707243142,-0.033754012591985086,0.03794979494949891,0.03748934421006028,0.4758834631649055,0.03382018925126864,-0.00874654349100835,-0.008532167545959984,1.0733192453763751,-0.04327613200903151,-0.01407300519375169,0.021546819308444477
1168,-0.5568968369886538,-0.033796313297492796,0.03810446445819242,0.03811786327257512,0.5082231880617014,0.038234800685179454,-0.004221826404613141,-0.013176668737466415,1.08918792620263,-0.04471857825501524,-0.009100231420847925,0.021383774364844916
1169,-0.5401105947410545,-0.03349759173750235,0.037394247578555036,0.03791244584146627,0.5277220231455855,0.039020575620776994,-0.00387809396502826,-0.011639550075662572,1.082065174522807,-0.06259891644433166,-0.0042686592499597015,0.02143714688377837
1170,-0.5310295862427649,-0.035024527376512446,0.041345148615497276,0.03809471638372021,0.5529589763070165,0.047594756510451815,0.00044921161972142124,-0.008063300083888635,1.0768460308916779,-0.0686522084783847,-0.004790269483578245,0.01687653099819844
1171,-0.5075567626215371,-0.026021478953527372,0.03866697331385413,0.03759817396324411,0.5790116463712977,0.046373817315718435,-0.00013155411175987515,-0.008627890298024772,1.059944861811776,-0.06407552411269375,-0.008982013107809933,0.01734375606079962
1172,-0.4797483966266554,-0.022959454506314744,0.04166436896623628,0.04172610260435478,0.5884587810886225,0.04714165047119701,3.277172635055577e-05,-0.00834814762066027,1.0402223942966682,-0.06463704178470114,-0.00846504820855232,0.016783839004480015
1173,-0.4423426928281132,-0.028861205911687112,0.04219953198666875,0.04221297320104035,0.6238665667794498,0.044169260104644004,-7.621217877266273e-06,-0.008906110006359642,1.022995553149093,-0.06329119409054228,-0.008620967513051154,0.01935112092042364
1174,-0.41794315111747654,-0.03353992880338494,0.04221821599470326,0.03774476448620807,0.6484788626793075,0.03962780587251781,3.3707174891114856e-06,-0.004662859366153238,1.0042204204028597,-0.05671036107764127,-0.008544354509886398,0.021832838945628954
1175,-0.37690546875170206,-0.03356817050588335,0.04217990301767145,0.03808788183361337,0.665503926594442,0.027814152862380793,-5.299853374652564e-06,-0.00424113131407592,1.0015982505354697,-0.058504165910968874,-0.00869490258689693,0.021281199532945844
1176,-0.35688604254779355,-0.029229164739501705,0.04222012819684623,0.03785920085751847,0.6992354639542455,0.008495063817501449,1.5555895795736738e-07,-0.004130293002267071,0.996612553439944,-0.03462049571339175,-0.008325453457681537,0.021744450747281766
1177,-0.32627735928685636,-0.02958839681903717,0.04208419684964265,0.03838875084734582,0.723936960928964,0.00563422198540294,0.00010402768109086304,-0.0051190812683863515,0.9913581660037879,-0.027799748295758337,-0.012894924443669712,0.017153820469152488
1178,-0.30594838069034835,-0.03010449392992186,0.042646983109675414,0.03543411422223708,0.7727390290465738,-0.030313114699275442,-0.0009015396113155522,-0.008929527046949565,1.000886460563434,0.017789643490832466,-0.012797848646499818,0.016777454959731132
1179,-0.2724954505509302,-0.04160924956736977,0.03908496173747515,0.03347775847597211,0.8016141639288638,-0.177949393902188,-0.004679560795889527,-0.00845885902318619,1.008783437804597,0.1335241262936147,-0.012922830960783211,0.012661430749764953
1180,-0.22797625582175285,-0.0632635326263144,0.03782364321294155,0.03382252332539013,0.8422467575769491,-0.5719952415474523,-0.004244276775372627,-0.00818127560141413,1.010735198414035,0.45099155412766595,-0.012772415859876285,0.01145205960693466
1181,-0.20443439669380592,-0.07234653673705112,0.0379821177368981,0.0337120710479014,0.9115906076734454,-0.8503695368976849,-0.003813631115307967,-0.011283164928364179,1.019710523906716,0.5338667387871079,-0.013312258424950625,0.00814524301685329
1182,-0.13394048511904943,-0.10324809255461508,0.037955304651403426,0.033562491875873686,0.9848432578534625,-1.0099960890925601,-0.007522956428554642,-0.016584035825355975,1.0237629321672717,0.5503480331975886,-0.010067771815403897,0.008593576276317403
1183,-0.07686889270418897,-0.10972484443012791,0.03824539674484154,0.029351522475283325,1.0342254606740806,-1.069718602384803,-0.008611065905849046,-0.01702474389598627,1.0289515845119601,0.5558176714740762,-0.008359706124557892,0.008859936163090007
1184,-0.02479345058690905,-0.10784021094017404,0.03599345358501066,0.028526679247965654,1.0462200164698696,-1.0697989123717802,-0.008489696870080993,-0.017272568225642455,1.0331628037658678,0.5620370692673107,-0.008611934328678893,0.004955484105649234
1185,0.027710997899787503,-0.05833320224910665,0.026945561003855666,0.024832792260250123,1.1103561236415533,-1.089390762926948,-0.008487786148468601,-0.02160532683344127,1.042719188938796,0.7664337147004139,-0.00858433708342155,-7.870681605242228e-06
1186,0.06391757712272705,-0.005242756136128944,0.02509526590882886,0.025429882998329923,1.138985063222577,-1.2140215300531616,-0.00849579418029625,-0.021112385626579213,1.0377004451860268,0.8798555587275237,-0.008554139923890565,-0.00037645493621975284
1187,0.09847109047165097,-0.009656305372968101,0.025483755646953536,0.025303117618717303,1.1935513816770227,-1.605503508660568,-0.008485218169220862,-0.02126087268648734,1.0087460562165307,0.8103550534203086,-0.008803521725087962,-0.004735528610902291
1188,0.14031602867376033,-0.006435963488581094,0.024895000436822766,0.025285099730993563,1.20842653658522,-1.6097995813421555,-0.008524703023640398,-0.021232952740115916,0.9750458624859923,0.7427913896439915,-0.007129907919529171,-0.004159544396299894
1189,0.19150388803063464,0.0009335208480416631,0.029242353898177857,0.02539725362728305,1.2317808116416311,-1.4557022478248003,-0.008361261527509094,-0.02120105805067541,0.9527087370271115,0.7330516451303845,-0.0034301039213288746,-0.004332565344643732
1190,0.24223168478187831,-0.004119062865287036,0.029548521255487598,0.025346649385362057,1.211379455833424,-1.4203496846489478,-0.008951804380588336,-0.021323818570567234,0.908668965677433,0.6454643186101361,-0.007184376986908617,-0.0042516967158413455
1191,0.27144713977104235,0.05874201616672035,0.03436895144552317,0.02940368257526332,1.188992492394254,-1.2485765537247304,-0.004667238443495652,-0.021089438210054993,0.8698267996848137,0.502858917906287,-0.008799710451033702,-0.004403720525047286
1192,0.31996208704510404,0.0692250509648396,0.038978749679462014,0.024742527855544774,1.1652525944055465,-1.0708090036500104,-0.004296979174729698,-0.02562886926187151,0.8349476102175528,0.40154219484338594,-0.00854003299710704,-0.004030431911831032
1193,0.3377669841736951,0.1426518784718679,0.04375276380211738,0.025795173652256993,1.1369684041610082,-0.8029257111650145,0.00023096168033539052,-0.025395383229612004,0.8209735023733805,0.32333252688250474,-0.008579369625922475,-0.008598711762803886
1194,0.3754993748747276,0.11261343540160274,0.048390474141396515,0.023285239264233912,1.1038873522237815,-0.5820624244334038,-0.00010715363260557641,-0.025434440107409858,0.7695377211475468,0.2558025921423662,-0.009005921349395008,-0.008516926606286015
1195,0.38296237117800336,0.11195206648588847,0.05340629997398302,0.020616531741804743,1.0468173447823426,-0.4813464574694298,1.2524684626036204e-05,-0.025850379689650132,0.7452084844375249,0.2207171436053484,-0.013354248193265432,-0.00855084783459592
1196,0.397572145233255,0.09599604544278785,0.05548471718628674,0.021622821877203907,1.00876477261002,-0.3973511141017538,9.952689610900325e-05,-0.02311411986072081,0.6857170661064191,0.15909115894834447,-0.012426481957345047,-0.008924974506347433
1197,0.3980797718375326,0.07561713372636879,0.05113760032258371,0.017324582046931,0.9625229312400991,-0.35506396787988914,-0.00045114004407756153,-0.02089733735761206,0.6258344801543477,0.12148668532072343,-0.014962541135103537,-0.006414302883836684
1198,0.3935914811568906,0.06508584246964763,0.05060972229590871,0.016950156882785755,0.9129845066488357,-0.29848169397698915,0.003148662009506154,-0.021380107113229657,0.6005156643876015,0.08862986368317692,-0.017964279090137796,-0.003946747782935255
1199,0.37143649749514956,0.04710719407406895,0.050684208984315936,0.012453495582907556,0.8626022582782805,-0.2606522745974419,0.00441383026307854,-0.021032882637865298,0.534495440688956,0.05281386000003505,-0.013721787434842727,-0.004362172602588291
1200,0.3436580935902496,0.037766102448684405,0.049937013670855,0.012935639195740088,0.8029561674538053,-0.1808845093237425,0.0042098267925941455,-0.025575168842696474,0.4748399014201432,0.0293416298367443,-0.012775382082031942,-0.004260977574988872
1201,0.33310765887750843,0.031255458797547576,0.046171127738876175,0.011410584683979996,0.7455296724913658,-0.13795912976403468,0.003993722543633193,-0.025301330147411233,0.42579396677426284,0.017731712831365803,-0.012873726446369643,-0.0042873690948409425
1202,0.319866051812542,0.02114608623278357,0.04518140879901853,0.008102169198550922,0.7020792554400371,-0.11698945095223678,-0.0003744625789788246,-0.026239901869021212,0.41009605520826825,0.0034362553206308435,-0.012991817188309093,-0.004821026518412147
1203,0.2780024786036888,0.025710138697307813,0.039286983595708105,0.008096063084877,0.6214601534254084,-0.11346101246526674,0.0001418816024782234,-0.03214293894222167,0.37647739006324266,-0.002381003639294272,-0.011928310228638096,-0.008120156297996704
1204,0.24513227039248053,0.027546727793543037,0.03823983489905948,0.01136100025583927,0.560091822402167,-0.11024833954852963,-0.00013883631318901298,-0.032151368327954045,0.3514622937443849,0.025401147373318632,-0.00811496653234345,-0.003355370858447165
1205,0.20494205304670446,0.0311715161780135,0.03444349216269581,0.012817599412220765,0.48683700780443817,-0.142543536499307,0.0004606219628249334,-0.02887700940516804,0.3142746837745258,0.04154740548817213,-0.008729018292672983,-0.006606471107072131
1206,0.19624489299367762,0.047702864801532976,0.033887923785961706,0.012710956907896025,0.4100761114212536,-0.17917739780689257,-0.0030964188985044888,-0.03320188689327343,0.25982189078775136,0.062256643067879786,-0.008437604929095267,-0.008892474834269524
1207,0.15775036717443897,0.054726672269630405,0.029471729530168064,0.012740162148193629,0.3539527037295314,-0.1860842250030856,-0.004401697926867425,-0.03404405526698087,0.21875764447290202,0.0763089997949572,-0.008993719137067535,-0.008536613955522741
1208,0.13396850425951395,0.059312745007521116,0.029619853238095854,0.016674869034313426,0.297381307857057,-0.19479166926606248,-0.004237283899607278,-0.033967183782500125,0.1765277331269854,0.09281798870502002,-0.0047025207943160435,-0.008571519423983506
1209,0.12050243671583762,0.06337982332203909,0.029504005474512165,0.012366356546756567,0.23650996342805075,-0.20947527560158355,-0.004257705364709088,-0.03424442263919359,0.15507721800263558,0.13495508168469103,-0.004297678703926232,-0.008580807009855588
1210,0.09211033221038659,0.0643064391495027,0.02954349970480729,0.01129672888222905,0.20450540459680097,-0.24530433773545954,-0.004078160507285832,-0.03985973172406485,0.12160539102226632,0.17345716316238602,-0.003849682069273587,-0.009005086543277249
1211,0.057302404388138266,0.06781803248850335,0.02954167536122795,0.008004483166826625,0.14168029802045484,-0.29402858895537215,-0.005457524081890568,-0.04095095360213804,0.10039365964942136,0.20396928838645825,0.000411411759205779,-0.01329973895928819
1212,0.044201754880407375,0.06876909344607304,0.02950356732119984,0.008420928288801243,0.10796385610024291,-0.32790192850854555,-0.008942931977512041,-0.03981377622816854,0.08152740832710831,0.2770290927146383,-0.00012108613523308132,-0.012726461153066347
1213,0.0227800522856001,0.07774072967005692,0.02964896662951588,0.008832264608576607,0.057583875388824014,-0.37619025849603305,-0.008387895825742345,-0.042921384181554334,0.0575877533783988,0.35361512585932786,2.7849246688338967e-05,-0.013022362986437238
1214,-0.0038912132656712273,0.08055306520054002,0.029234669255788392,0.004728357599658379,0.03221694753450224,-0.45104748971757835,-0.008513354935573486,-0.04237912099522686,0.056110840727813714,0.3640102388353105,3.0566826762321736e-06,-0.012406580780377608
1215,-0.01677949711455412,0.08006250046922964,0.03367569838552176,0.004177983382968711,0.021773226008326388,-0.46896535649980753,-0.008489413113567629,-0.04247388285650403,0.027059569290139807,0.4069604545072624,-3.0703508093902706e-05,-0.01625753339053074
1216,-0.016969922975963832,0.08013976929881812,0.03371862051542321,0.003929503146982688,-0.013973260403170096,-0.5032026587488484,-0.00849263042024252,-0.04246261849847223,-0.0019556763825726593,0.44127807133988634,7.587466772174674e-05,-0.017272448964780744
1217,-0.02140330935919307,0.07566322783196462,0.03361103821650881,-0.0003638970034170194,-0.034137646796044904,-0.5333204957910377,-0.008491813771926574,-0.04246460126957558,-0.016984712823494896,0.49121298561047816,9.382155929121673e-06,-0.01716817271158605
1218,-0.029748425915306895,0.07615665191487221,0.03492148518617355,0.00010196049653782386,-0.03989450052647243,-0.5909182624786835,-0.008503558417085224,-0.042443975327325904,-0.021897675051537776,0.5507020100985133,0.004458767380784475,-0.01713248334571504
1219,-0.04392136431517005,0.0751553722608222,0.038843107767231454,4.556076117184103e-05,-0.060806488942498654,-0.6243110056288759,-0.008419920618221555,-0.042573670071876284,-0.025962052675253713,0.6182147870012459,0.0051073712800905665,-0.017403769651251875
1220,-0.04177974661293589,0.0669481897953137,0.035323057610496485,-0.0003203231973785278,-0.07494809326489656,-0.6835218974273983,-0.008865562497600074,-0.04193188553241344,-0.026684648304792655,0.6262295520751969,0.009143147005381736,-0.015628327999089135
1221,-0.04224883877979264,0.06350707325604803,0.03393439162740448,0.002553113403467361,-0.07812647666580154,-0.694892377845745,-0.006163191079013163,-0.04554564532914015,-0.03277520256443947,0.6510492641703787,0.008165806336311397,-0.012476916972390128
1222,-0.04229566865335066,0.05721579092396962,0.030262090466724543,0.007924702779525967,-0.08580003155503088,-0.7232081508308937,-0.003820290871157555,-0.043655289931114526,-0.03370178975752137,0.6843465130753624,0.010846486869472208,-0.012843647361333433
1223,-0.0419118729426057,0.0511406375710535,0.029486906221456586,0.008482806686296756,-0.09638826706190085,-0.7397347650998709,-0.0046775663523061705,-0.04269301176095994,-0.0407393942594762,0.713531885863325,0.016773574184735116,-0.013274070479512672
1224,-0.04640909211523374,0.046465283496739396,0.02957217129082343,0.008436086654340029,-0.09781075290909588,-0.766908641594391,-0.00023137674714107095,-0.03824421233363056,-0.043470607531478425,0.7422569158384368,0.013632254723159098,-0.008983955219520681
1225,-0.046791406938700236,0.046397320432016484,0.02874579557578732,0.008569323076864725,-0.09768653838157705,-0.7821697240267412,9.202936809026262e-06,-0.042703156456981986,-0.03866651633512134,0.7553572966227704,0.008580657416319673,-0.008585444035166158
1226,-0.050419610797439805,0.03950134939269703,0.018398850516555616,0.007419087894834632,-0.09718349598915062,-0.808737545149482,-0.0006105476912290236,-0.042323238422273646,-0.03867551184465087,0.7609831452314458,0.008303547913515908,-0.008563868719714972
1227,-0.04442200822184457,0.027863270233634278,0.01070034894240498,0.0037712042078602683,-0.09292674777992846,-0.8140662632966753,-0.004142411685597883,-0.04257819974335671,-0.038659589012977474,0.77832882260588,0.003099407368134925,-0.008592102607188993
1228,-0.04190194165816193,0.019713451593317798,0.006323249438339636,0.004300880026603205,-0.0939142033645572,-0.8249774388256308,-0.00758019663499274,-0.042086252474737455,-0.03829961028202811,0.7760620824187369,-0.0015794829528397963,-0.0085795015030047
1229,-0.04229000225166545,0.009622718823517966,0.001672415060963684,0.004316421769539454,-0.09109860988697625,-0.8097607220090093,-0.013120123720001403,-0.044796200788927286,-0.04070486196385569,0.7788537153155208,-0.006485637942240297,-0.008592602837847308
1230,-0.042067319813386295,0.0033712681095806256,-0.003587056509456958,0.0038152686692735564,-0.08914931393284085,-0.7984400762824228,-0.015554598847606686,-0.0474504247932533,-0.0432538345626767,0.7818041335057622,-0.01114773554835354,-0.008550353654391961
1231,-0.0425143391057675,-0.01315788981643112,-0.004037094039799645,0.008002414808054465,-0.0863408707859805,-0.7708098201616133,-0.01692867686615118,-0.04305208930534211,-0.04292870705164239,0.7798368483250651,-0.016520758793731515,-0.008695026070113758
1232,-0.038095251401537314,-0.0372230973896204,-0.008393654020101546,0.008452292852990831,-0.0806682958166149,-0.7487125070178878,-0.020691104886313906,-0.04245681892259337,-0.04273594619770845,0.7922491376889346,-0.01703259181941079,-0.008316141544927678
1233,-0.03803618192516007,-0.047498298597008055,-0.008264960633463657,0.008546918862507965,-0.08495934015672406,-0.7252997729633915,-0.025527708506887622,-0.042612772319229324,-0.047141133836626894,0.7982126070300551,-0.021466848636841014,-0.012879882980985592
1234,-0.037816165110837026,-0.07655127300704789,-0.009456407968083537,0.00759115936834795,-0.08531942651220255,-0.6938699293736992,-0.02540997920188943,-0.04700153716876887,-0.05131840019471429,0.814378057502685,-0.026417959700093883,-0.01280187423609204
1235,-0.03893746696147583,-0.09737862392757632,-0.01178372998372185,0.004057872952037551,-0.08938916974940585,-0.6856528088127297,-0.025567552066812438,-0.046932855205040605,-0.04671945877671266,0.848996288854519,-0.029917907277789695,-0.01291001101165258
1236,-0.04433215649215936,-0.12179575504141399,-0.00782254310232033,0.002544306671007277,-0.09059739856133674,-0.6783367195459852,-0.02510686116960023,-0.044661120667051066,-0.04736676954293933,0.8507985844194136,-0.03298859542905182,-0.012841591686492224
1237,-0.04717791956138239,-0.1526757917009354,-0.008816282310289752,-0.0008871539186086287,-0.0938722315329969,-0.6662269213330485,-0.02772541216149448,-0.04434058028846056,-0.047133472512015016,0.8545245639329002,-0.039521179953440566,-0.012994065131700755
1238,-0.043250963235130044,-0.18660452158941848,-0.007503143399484321,0.0032670611713322122,-0.09332179044298804,-0.653956515035944,-0.029970024510554152,-0.04722648372585842,-0.0473779895159079,0.8543748454231181,-0.03840319137491232,-0.012410056981389632
1239,-0.04239203997989528,-0.20103168542625935,-0.015705785398146273,0.004014157240573982,-0.0934352065417384,-0.6291171101395744,-0.029928932905806463,-0.04625834880171134,-0.04666589856774811,0.8543623513697504,-0.03877175983024492,-0.016254272800555754
1240,-0.038235224910907466,-0.2576772567353619,-0.016827647063766864,0.008239900463800047,-0.0934161912624735,-0.6205218383986745,-0.026142753756531897,-0.05066533956388523,-0.051371547480509275,0.8854310900858027,-0.03835395505462341,-0.017254184494444144
1241,-0.038000601828162575,-0.27436214018088556,-0.02125337859873658,0.008443145129045676,-0.09341822171028058,-0.607116193761827,-0.021245587615022262,-0.05093623546075197,-0.04722578272618165,0.8925643580046712,-0.04292063748775232,-0.017166953645846576
1242,-0.037986639042531405,-0.2844583823018342,-0.020841452544354575,0.007885727532240514,-0.0934190668083559,-0.6008051131590912,-0.025703133102440587,-0.05101088158050322,-0.046910881079201,0.9211284153508622,-0.04283678588257101,-0.017572386921277824
1243,-0.037733800266864966,-0.29970130067150225,-0.02225488600789682,0.0037958681071350343,-0.09341279496444888,-0.5786950980394852,-0.026300504303033535,-0.050700557036977144,-0.04246062089593122,0.9319050038364207,-0.04302129635205685,-0.02187876986060546
1244,-0.03955812855509429,-0.3189279398229073,-0.025569960686078492,0.004246325775538353,-0.09344831843192247,-0.577670459282149,-0.030244823165870377,-0.05253984299445241,-0.04309070455756884,0.9310073307192025,-0.04250065673543268,-0.021333804568556713
1245,-0.04272224086356872,-0.3381296577510036,-0.026666243882487242,0.004620466502790742,-0.09327939808804343,-0.5773406881736417,-0.029491623708319908,-0.05562104449890283,-0.042711358156596116,0.9326321408465087,-0.045359480384952446,-0.021494117402965487
1246,-0.041660766371349196,-0.355490411960396,-0.03518088911595107,0.00142118799257164,-0.09397183641382245,-0.5779663745002714,-0.030184172184834334,-0.05511216000924648,-0.04362158437734148,0.9414633240646321,-0.04639154697781794,-0.021437405756445455
1247,-0.045533736202754346,-0.3853681482857887,-0.04134988846364398,-0.00027115952755853525,-0.08975829062992853,-0.5741271383811706,-0.026453067271534913,-0.05521811813757643,-0.03697108293510152,0.9446252474037162,-0.05649720908620487,-0.021511295692591113
1248,-0.046579910961036336,-0.40834473072138655,-0.04598822561967972,0.00016130469307677395,-0.0926971361932432,-0.5731940745625176,-0.025182969953854946,-0.055198375468756763,-0.026506814605900205,0.9441214375815006,-0.06798836785936956,-0.02133594311806817
1249,-0.046413502109704644,-0.4050632911392405,-0.046413502109704644,-0.004219409282700422,-0.09341825902335456,-0.5690021231422504,-0.029723991507430995,-0.05520169851380043,-0.025751072961373394,0.944206008583691,-0.07296137339055794,-0.025751072961373394
