,I,aVR,V1,V4,II,aVL,V2,V5,III,aVF,V3,V6
0,0.006355932203389831,-0.04025423728813559,0.0,-0.048728813559322036,-0.01059322033898305,-0.00847457627118644,0.02754237288135593,-0.0614406779661017,-0.00847457627118644,-0.0211864406779661,-0.00847457627118644,-0.05296610169491525
1,0.004637033653925024,-0.05227549957038975,-0.0002001823796337049,-0.04285676113095813,-0.013878734555823854,-0.052202049420984734,0.029335415501882626,-0.05925987975887369,-0.00914402161574937,-0.03514957915486414,-0.008477156215871003,-0.05514368101042364
2,0.00894186036582096,-0.0874779135067246,0.0010244034724236372,-0.04622270904627181,-0.021293899683511152,-0.07094133863381566,0.024415623375749953,-0.05936391103740307,-0.019654476841175997,0.05268717889290407,-0.008461874087236053,-0.05506015778821636
3,0.007735661697185858,-0.13610196341616942,0.003335168461922192,-0.041478096329897685,-0.024483078993841684,-0.15019783015108337,0.019515605943319966,-0.0592199707375671,-0.034986431026057065,0.4544194277146919,-0.008544192272804901,-0.05509186420383173
4,0.012243091131988165,-0.16459435633691608,-0.0002581617793702973,-0.04447552904485189,-0.03870240075467384,-0.2169692227971737,0.01648641663803764,-0.05976965056431808,-0.04412776096892244,0.5602026566301558,-0.008144807132453184,-0.05508440667707412
5,0.017252185309045043,-0.23045340137441836,-0.0018789721796615565,-0.046833051240947415,-0.0452597303361129,-0.2628281334613392,0.017483095231580082,-0.05659070256481069,-0.054646095474075285,0.6132389086344485,-0.010689440000077216,-0.05507876020118528
6,0.01983703846296442,-0.25563876161315513,-0.007106509543547574,-0.046987258507128433,-0.04695100372469991,-0.3256758065525679,0.013874892148595556,-0.055290612426197906,-0.05971936484536618,0.6157444769750258,-0.015623430481768126,-0.05510723564870318
7,0.02091787354316527,-0.2874232410640865,-0.011756914792282719,-0.04304596702652214,-0.048319982743587835,-0.4008971027905737,0.012543327304262249,-0.05134875154700312,-0.06267906743181188,0.6500562238566198,-0.020754639902911737,-0.055022529341609595
8,0.025271963645284362,-0.3297743846615781,-0.01631916900947734,-0.04232320415140845,-0.0707727162642651,-0.42826574183379795,0.009403605729770935,-0.05093025096617805,-0.06387802839724695,0.7889925591187316,-0.021103632040701918,-0.05515660287055852
9,0.02530347012901462,-0.398849671033388,-0.021186173528289262,-0.04239667193352556,-0.07649161806351405,-0.5324037376650979,-0.008933367171238608,-0.04647784640446827,-0.03417411221719832,0.8934954656132735,-0.025672247140999752,-0.0504123356263545
10,0.04340043411640029,-0.44856877787145205,-0.022059135088131423,-0.04183686488606163,-0.0902518074831514,-0.6346877809117651,-0.012713286043128678,-0.04609395967445379,-0.022234103067645325,1.0114858900661665,-0.030438546769626824,-0.04635376856271859
11,0.04070402173741825,-0.47706331646796635,-0.03490526180252216,-0.03794150115192798,-0.09423658427334983,-0.6689052917570709,-0.012712302386308664,-0.04158484882196341,-0.12398917474600528,1.1533530169195771,-0.03445335947957996,-0.04661870887018386
12,0.03187775210864171,-0.5176464113184709,-0.03446083302322287,-0.03678778893344669,-0.09796604173510616,-0.671772777953,-0.012706642538503834,-0.044390575238565946,-0.11598347564881557,1.0662211734521077,-0.03246131095437044,-0.046979957821254636
13,0.029619703041007295,-0.5443398776499985,-0.04042826535095488,-0.03312816839209296,-0.09701012507234787,-0.6211980515523904,-0.012736357173827484,-0.04649552469486634,-0.12197551072818244,0.997126119771653,-0.02735657959103949,-0.04418206200665166
14,0.0281874601516065,-0.5481250677341879,-0.04267760102057458,-0.03623522354252884,-0.09977906200364749,-0.5895212433557924,-0.012613505821218219,-0.04962158159419859,-0.12012280073673981,0.9349098204222701,-0.022892915053755236,-0.042111549461340166
15,0.019864449360168776,-0.5361184131784544,-0.04219393826016339,-0.041570202620831186,-0.10469390830288043,-0.5686073833286589,-0.013053599252284687,-0.050641650443651404,-0.11842307495142453,0.8744592584897771,-0.0174808712982433,-0.04232251653110362
16,0.013228826362957975,-0.5155565583834579,-0.04278622354290497,-0.04254140341651871,-0.10970748062972989,-0.5161797945340185,-0.009221278971301893,-0.054841555012640195,-0.11866648475111898,0.8243267112761697,-0.01733390050938887,-0.04255139076883693
17,0.012629495191458236,-0.5016063076665764,-0.03858851286288653,-0.04228614310052512,-0.11020583169858253,-0.4788841855821793,-0.004421426823755592,-0.055148590319790074,-0.11864417335505256,0.7457261430558632,-0.008582445513200351,-0.03803109427220097
18,0.012732185740789015,-0.4695842137462761,-0.038104786649169366,-0.04695110849105342,-0.11019179969507965,-0.3685372678271764,0.00014351942190996792,-0.05951956105217666,-0.11867620895174967,0.7374499914473673,-0.004200938996435029,-0.038222782413821245
19,0.0129695071659741,-0.43088122199884293,-0.03795118075025597,-0.05176892416473541,-0.10999831595389706,-0.30226884866396914,-9.258389886265171e-05,-0.06018806770912131,-0.11840159034445474,0.8116428658674123,-0.003657064061734529,-0.03809957960549186
20,0.017319968010705532,-0.41154012384732835,-0.03270115408356674,-0.05544194650001155,-0.11134250291530043,-0.2291864853054172,0.00012344134961921044,-0.06405196447420276,-0.12019468626818788,1.0218434993336598,0.0015637271034973485,-0.03816999413917304
21,0.01676051385514999,-0.34635191289314954,-0.0304885112164417,-0.054977986986570714,-0.11446530821728693,-0.13890754837386732,-0.0004985142847378465,-0.063434683024067,-0.12330694290862887,1.0826577918403695,0.006029603520853097,-0.03801882138270177
22,0.017333549248103017,-0.2980823806278177,-0.03446139948735774,-0.055148794071349386,-0.11664879290879504,-0.057456751582493325,0.0028009612392609243,-0.06359565583273123,-0.12278026368918844,1.0747887068620579,0.011348382315031361,-0.038583324993988366
23,0.014794215095774827,-0.21843487833701214,-0.034287790554213875,-0.054923600635469194,-0.11845220291613026,0.07863354019810713,0.0014690045441316274,-0.06352090417154736,-0.12293022763996025,1.0766999554657286,0.012609683140123331,-0.03478579121830594
24,0.012042396139423015,-0.10263445435498342,-0.04947130753657445,-0.05559663529273452,-0.12220971658027231,0.15576240747843711,0.0004476131009440057,-0.06364604705383708,-0.12279676520820476,1.0757993563496957,0.01587776357130168,-0.03373471804682444
25,0.015652088007544418,-0.034840309591786994,-0.05813442988491818,-0.050953301976457664,-0.11946752791742704,0.25466881041873823,-0.007494230807427766,-0.06350769526711852,-0.12293079192159388,1.0804810712547275,0.021013803543172074,-0.03389169556708719
26,0.02079874482988601,0.010691832273416246,-0.07018252448099782,-0.05507791249453794,-0.11448052115021418,0.299659606025333,-0.012703442015041515,-0.06787775201066892,-0.1185058954307418,1.0760841871834446,0.021159667386286662,-0.029329742743636256
27,0.02122789906770122,0.10327999965831205,-0.08011231162206708,-0.055289432220566676,-0.10949512864482931,0.35693573883908475,-0.0173471870749282,-0.06907253128219845,-0.11791780789871963,1.0764358196021677,0.021335021048113575,-0.03041206804439587
28,0.021356280131454193,0.1532082572312994,-0.093878833480193,-0.06036881860045863,-0.10044046575936386,0.43750958672695633,-0.023035703084205335,-0.0785177298843759,-0.11417172112968324,1.0759140216507168,0.02018298635104488,-0.035855877327026525
29,0.026345088141171622,0.23980021496652043,-0.09765249257815581,-0.06520188519845943,-0.09629856364243358,0.47760760218679943,-0.031151391008463356,-0.08081272968723738,-0.11291472956446397,1.0782064476470168,0.016390810080654693,-0.038014007793758645
30,0.030225445349280396,0.2874480595270772,-0.10566723677639976,-0.06827142396659151,-0.0909571069387796,0.5012164924025191,-0.038145557180630035,-0.08001364153508254,-0.10769612022059705,1.079226433201522,0.01753010003248463,-0.040818708866370124
31,0.028064000821485125,0.3236165283666784,-0.11425941471829192,-0.06722880332515395,-0.08903745506737601,0.49461977703860505,-0.042273001130868466,-0.08359376658034463,-0.10267472766711898,1.0724491677534094,0.014036167225977938,-0.04220322103670075
32,0.0245148788457537,0.3409480167698492,-0.12257193230882708,-0.07098133010661582,-0.08644318447151404,0.47607625224471384,-0.04797382458646154,-0.08493880475585477,-0.10148450746691527,1.0699210068483056,0.013011695660055118,-0.04606859785664737
33,0.028541210932023317,0.34997685774925225,-0.13460766059716356,-0.07183588525238817,-0.0815044437905271,0.45269021372944873,-0.05449023295722169,-0.08467792688391766,-0.10183644767589735,1.0169010664287799,0.008677126395809975,-0.04661730056885363
34,0.027148221961703748,0.33361200814573055,-0.14202395163590256,-0.07602420499291396,-0.07648287458915923,0.43742614584435346,-0.05895973869771931,-0.0845226362876311,-0.09723766071579752,1.0127206230061687,0.012622713385755581,-0.04638858863073168
35,0.021375204441293007,0.3190458412965762,-0.14435386137898212,-0.07627249006249252,-0.07625610369210689,0.4284851586725467,-0.06370678200390732,-0.08092588015333882,-0.09189412513428474,1.0080556938050855,0.0126915943503207,-0.04181714136169262
36,0.02141827310221023,0.2959711588224209,-0.14404381754094295,-0.07579544647370444,-0.07172970431496312,0.3870978994220106,-0.06842768207004374,-0.08416490983209082,-0.08307721231120056,1.0082028360184532,0.012229439444105704,-0.04372350641985172
37,0.012457571718580245,0.2886090089866297,-0.14405084094828552,-0.07160329348287134,-0.07236118308112191,0.36263077455676695,-0.07322106933448862,-0.07999981567933405,-0.07875486110165501,1.0015292864963807,0.006578909144101179,-0.047137943878695826
38,0.012449045961124507,0.27447081807321166,-0.14420756562681075,-0.07215705227804622,-0.0706188630258895,0.3355960316250373,-0.07755755448426074,-0.08021461195591915,-0.07452545131663976,1.0142914454404202,0.0047808679557008425,-0.04603186783417256
39,0.007085554003721208,0.2341672046728523,-0.14309608586610176,-0.07201068635230132,-0.06736498867433634,0.330427520789009,-0.08463095089818443,-0.08335008827161489,-0.06600547730351475,0.944347838121862,-0.000875398706900554,-0.04976956659567165
40,0.002938574213822742,0.2320204656903295,-0.13902053272952508,-0.07200819554039783,-0.06789489879055145,0.29969377051100693,-0.0922546646768719,-0.08495682289452867,-0.06331749875502465,1.1036500966115317,-0.0034923454172643147,-0.050655920085007015
41,-0.003986899928131516,0.2062215216999365,-0.14205796722418734,-0.07214631191608084,-0.06777912756319567,0.26522159788844873,-0.09346469658744705,-0.08472094261256555,-0.060315187019994575,-0.1826444299513718,-0.014685721039286247,-0.054838784423197416
42,-0.012344998461854743,0.18802825802922377,-0.14436429362330824,-0.07172004030927998,-0.06779303456960284,0.24669443211733802,-0.09288512573106839,-0.08474525942252074,-0.04648574686179467,-0.7444492400987182,-0.017126340855490328,-0.05505334129857018
43,-0.010778705461793606,0.17382927654552585,-0.14412388029861106,-0.07614701730394288,-0.06780901679424825,0.21096191180542329,-0.09733728012226633,-0.08474513675128008,-0.03742200401218499,-0.4819610659736686,-0.01689029885098205,-0.05510986629888979
44,-0.0306516599425558,0.1453414975948112,-0.14372758620881235,-0.07620961307234805,-0.06782488601429969,0.19491358425157204,-0.09741640172231021,-0.08476111281323764,-0.03312653396079969,-0.2911945629136404,-0.012398762867745407,-0.05507448957474123
45,-0.03808871379819744,0.13052861782758907,-0.14813729426477806,-0.07646218410866767,-0.0672986882587917,0.18801602102626228,-0.09743649922120243,-0.08465761077945277,-0.02660021920615497,-0.40886279771863954,-0.012830917489786216,-0.05509428819222995
46,-0.04262986586837819,0.10236943019242112,-0.14834966965294344,-0.07511124655741762,-0.06308510328880011,0.15737496443692833,-0.09773791282200653,-0.08515722052084558,-0.01877992918495898,-0.368139324226026,-0.012676572919743067,-0.05505273627981005
47,-0.04681244485218857,0.08598887151641343,-0.1472275723395972,-0.07155530221560723,-0.06395535305018944,0.14780587707266937,-0.09569445858407785,-0.08212723361136937,-0.014118388747645101,-0.32729640642390595,-0.012722944418204462,-0.055207044226000264
48,-0.046654682699723636,0.07934643206080211,-0.1394099905501444,-0.07226284610528924,-0.06176468697073025,0.1291617473485315,-0.09304254280581994,-0.08014615153851966,-0.012474939041926914,-0.3072568844315518,-0.012700524406302826,-0.05468399296738912
49,-0.04575490557785713,0.07006990800970417,-0.13736008808725594,-0.07154707432589279,-0.056674621886384474,0.11543614449495923,-0.09126073759793318,-0.08084927509459418,-0.012801985240308227,-0.29259079242301156,-0.012745001560551899,-0.05895652832598934
50,-0.03814728577513072,0.06033155063323882,-0.12868619139689327,-0.07545594249122771,-0.05200774112557987,0.10409034662421211,-0.0823022626059349,-0.07637624648304102,-0.012646956092515512,-0.27036169532969373,-0.012622157566356658,-0.059318856180096954
51,-0.031180688972207493,0.054643631015360405,-0.12485623656725241,-0.07629837557768228,-0.04734513386241549,0.09502513649185315,-0.07666984189409388,-0.07639383457154234,-0.017419137897466064,-0.233001447144002,-0.012815209300034753,-0.05931279496331734
52,-0.02623083487834371,0.03593164780164457,-0.11943492175926393,-0.07628378089710891,-0.042496084369130584,0.0853823444508456,-0.07205822914517132,-0.07549789079887599,-0.021260815726132105,-0.22865573462063843,-0.0083541287418823,-0.059537378161073934
53,-0.0257934810875945,0.033738199384334276,-0.11879397306991113,-0.0718593898444931,-0.04251822661230079,0.07591413065920835,-0.06765042450379206,-0.07180447949098948,-0.022441672963306784,-0.21612770454999455,-0.007898142327503493,-0.057869201075076544
54,-0.017796595413425837,0.033874737748678614,-0.1147975330228607,-0.0714920396962298,-0.04106887497277635,0.05747012936297882,-0.06749179002612045,-0.07074562144542426,-0.02541936460476721,-0.20093814575049646,-0.0037243465422696757,-0.05467576226446825
55,-0.008370265781648574,0.03380631286268468,-0.11004347330767977,-0.06623015666164724,-0.03322400711491668,0.04966479699326671,-0.060324405364758395,-0.06482490056957228,-0.0280991160448813,-0.19584974529864482,-0.0045464309312452395,-0.055081736737207565
56,-0.008279880403232529,0.03472853345723121,-0.1051919100775694,-0.0616227745662746,-0.03284511760338593,0.04511943483941544,-0.05474424179507121,-0.06383219985153427,-0.027300622286841537,-0.18529464610342297,-0.0027391105957597812,-0.05541254629161949
57,-0.0025956743588005523,0.03987069727248993,-0.1016122293177347,-0.057045780346665416,-0.026888262850251917,0.04018071330702421,-0.05269843109012598,-0.05994988308757967,-0.022016188813913762,-0.17855401480229108,0.0061180319730823295,-0.05158677664334633
58,-0.0012888284325134327,0.0445277617682678,-0.10029315312384322,-0.05160929971081122,-0.02540260831361872,0.037116833032136795,-0.05083999173549859,-0.05945476884876276,-0.01716559808967485,-0.17822146080106993,0.008909434928018418,-0.04677490460437439
59,-0.003945282579789492,0.04899133132732014,-0.0972866026609393,-0.05136528175433428,-0.02295080842833089,0.04381636523918673,-0.04775000073766934,-0.055010527734935484,-0.01699900253972291,-0.17388377437856808,0.008233038826996794,-0.04228248465003186
60,-0.009133790703006574,0.054699016791021605,-0.09552816178424867,-0.043031012594635515,-0.013401840474974207,0.05348626222684086,-0.04248730846218122,-0.05464584367739739,-0.00988862856728609,-0.17368680497624575,0.01276352118988204,-0.04174395519264322
61,-0.013421908312963653,0.051465432223000804,-0.08973269742820143,-0.03800753664283312,-0.012713920304231756,0.06324641260656778,-0.042270735704875315,-0.05040327374184133,0.011606745741678335,-0.17476298217081454,0.0119143374389809,-0.03757866781260375
62,-0.012246630795533116,0.05085730427799366,-0.089252146366312,-0.03358664971993781,-0.007693222675933356,0.06349774347349896,-0.038307914838882975,-0.05088481440171816,0.012200235876973178,-0.1842773279172082,0.0024765269990457313,-0.03866442334214871
63,-0.01668376290338558,0.04608300463227829,-0.08497480272775661,-0.03431924249764857,0.0013951717836596835,0.07034360708136529,-0.042911737901899415,-0.051240175983406654,0.015085342629384935,-0.18634223734060154,0.00015338971780658588,-0.035625051094191736
64,-0.016935518142298826,0.03754680834076818,-0.08469862702225718,-0.031916354980583955,0.004504294600125991,0.08640120630824824,-0.04221778638378122,-0.04809852399664551,0.01669777042930271,-0.1883811422612488,-0.002159517910331574,-0.033735682360401704
65,-0.016975795299156014,0.029567826182571897,-0.08038293114389901,-0.03175106318658507,0.004064844654023103,0.09501981360218394,-0.04240414985651896,-0.04628083274218912,0.020640266484112206,-0.1932932505808863,-0.003830378502568663,-0.03358318782879281
66,-0.016884878243598054,0.013862856821866094,-0.07926147942844186,-0.03168285007020522,0.004709011318124265,0.1092997393131716,-0.042397097188769904,-0.04689759026553796,0.017473179005388466,-0.19886544778302412,-0.010038246123895393,-0.03790981054429102
67,-0.017263996300477067,0.01090413354116215,-0.06868801900375393,-0.029326192810100522,0.0012417706552472173,0.11299231587389015,-0.042259269613713575,-0.04239495073447662,0.016942009228442103,-0.19535765660871499,-0.016754592858919986,-0.03810492849516321
68,-0.01506905292519541,0.005732313962756406,-0.0608945861116817,-0.02970500052952504,-8.958547846845918e-05,0.11415109435974731,-0.042693205304764135,-0.0426317485813517,0.016900121186444593,-0.19491820580892608,-0.016868431121358485,-0.0381488890539365
69,-0.012190809547211136,0.0012459926148763582,-0.059558673971601056,-0.029665406203754515,-0.00020225166002633727,0.1183140284637925,-0.038262988644654855,-0.04062021093732872,0.017178607343824783,-0.1948656755811789,-0.02150678413190203,-0.03819886885696412
70,-0.01329714504610031,-0.00387685377671111,-0.056295639099309035,-0.02971415246126861,0.004275704500247227,0.11466979329820917,-0.038165257371307486,-0.03334271443930826,0.015504373610670473,-0.1951374232373891,-0.026128420267119527,-0.0377636622549402
71,-0.00902750116123097,-0.004207071663816085,-0.05514156187387816,-0.02904304227012155,0.004165050292139714,0.11009731733445681,-0.03827437514175489,-0.03204776349027654,0.012565610836096773,-0.1935232678138128,-0.031231392920110252,-0.04042205057047309
72,-0.00880349615346445,-0.0038269949372913763,-0.05147094789317734,-0.024850921876531252,0.004249222232918426,0.10978638163457383,-0.03699911774425147,-0.029716586040923417,0.010734180956859714,-0.19015493794582447,-0.03386086682227207,-0.042564099065054935
73,5.4000872126303675e-05,0.004967816250995451,-0.046612687982092144,-0.026212186295417876,0.004326911140709898,0.10402714244017694,-0.03343817582873711,-0.026523720853856146,0.004935401736197029,-0.19113257684975513,-0.0361828839061923,-0.04274729592667108
74,0.004717564908952631,0.0038086961193917325,-0.04551440082378227,-0.021195336560340648,0.0037775778127508435,0.09157698105986237,-0.03402573584205788,-0.02549807707303024,0.004464723107942329,-0.1878725563930833,-0.0381457925019248,-0.03842491275640189
75,0.008861319287080331,0.00556220945759924,-0.032904145387085304,-0.013790284699944415,0.006999612074342439,0.08389361962214559,-0.03380781902302214,-0.02149279211698287,0.00016183467387137756,-0.18287976944209805,-0.04106059221586045,-0.03811842436649385
76,0.00813744609055962,0.011210430736615533,-0.032957919585279605,-0.009658549797574002,0.007987228893069565,0.08310775454829122,-0.03412403859301167,-0.016897012551652244,4.166314162370831e-05,-0.17824323678050663,-0.04638131134022388,-0.03382176384116752
77,0.009979557833873807,0.012478929535739916,-0.02910830060012512,-0.004484903834175648,0.015289393186569848,0.07342264759517202,-0.03335723170835863,-0.016285155376710252,8.252042583800579e-06,-0.17367429015522975,-0.04661091329405928,-0.03222423507252004
78,0.01539826871359075,0.01604720185470569,-0.029822281208487348,-0.0042482733068305925,0.021094286176113315,0.0721962539560613,-0.04233771239580037,-0.012827554984147086,-0.00021210894309655807,-0.17301692073737968,-0.05176825322292296,-0.024403484604398284
79,0.017542160543419418,0.016841187514484417,-0.029510868158174084,0.0005261273142040941,0.021177430284423687,0.06780676924003952,-0.042513639920093806,-0.009251132868074486,0.001440918964348649,-0.1702156428124754,-0.060850654371142024,-0.026001021608508784
80,0.013749964025428156,0.021025301458235057,-0.03006441768921265,0.005117373414903895,0.021133121682325583,0.07233382241612789,-0.047706491723909505,-0.003869992587165203,0.006617086261901118,-0.17401890621751614,-0.06382778422697351,-0.023050529260052556
81,0.009031645084304858,0.02579482906467688,-0.02577223885909021,0.010140748517371146,0.02161107338165614,0.07172601663212803,-0.05217346516340174,-0.0014048681935371157,0.011300638052315926,-0.1755176776703379,-0.06338634899974852,-0.018149325448587158
82,0.004242613796630438,0.02995984518734854,-0.025423586338230258,0.01316749239369358,0.018440289705752164,0.07326316715766366,-0.0573369002800788,-3.652063125487732e-05,0.015919356344488354,-0.18085568785840206,-0.06487710259891294,-0.013121633447529547
83,0.0037268059610432785,0.02950674247580862,-0.025727898503778285,0.012179540306261479,0.009609653263586532,0.07735310773401542,-0.05961396976199103,0.0036406021785086863,0.02100503324512148,-0.18533085187309953,-0.07694750905845722,-0.01269047195101898
84,-0.005833206590235829,0.029980260669428303,-0.030096913193917812,0.015754847042870786,0.008794209797255792,0.08787749408657795,-0.0592926126695155,0.008470163016568291,0.021235256686706148,-0.19046060511534296,-0.08455933828220788,-0.012676233615241575
85,-0.008497033148802319,0.027749698317031304,-0.029262639324826863,0.017117164729195364,0.005179390915057741,0.09420383268449332,-0.05923622243314367,0.003440827021027298,0.02566374590111891,-0.19068657006302947,-0.084763210935158,-0.012950320277734758
86,-0.021768505717089635,0.022618958734641776,-0.0313771648058611,0.016946009662100466,0.004328564469329775,0.09268515963670661,-0.059511629170377264,-0.00034684389116853106,0.025871332341318377,-0.19518942556816601,-0.08476283390456213,-0.011155527545833929
87,-0.03761352315509436,0.01810043705431315,-0.034726566566360396,0.016972291391841362,0.00021709455191877536,0.09712230287137692,-0.05499892998459657,0.00042133764586014925,0.032734438988294576,-0.19481752467031932,-0.08454793427126528,-0.009790416495896322
88,-0.04125737284164559,0.013061531213385165,-0.030977483396548253,0.016437322260800448,-0.004379616025954508,0.09745238158238884,-0.055332667629628934,-0.0020990339353663366,0.04146130658946401,-0.1948573933465488,-0.08613985245886942,-0.013618052520892196
89,-0.04148850998684414,0.012698602013648348,-0.029345463563379463,0.012523883690843025,-0.003997916657017631,0.09768825052078921,-0.05379039410912934,-0.004702766754581709,0.039611295287630716,-0.19534191640407406,-0.0875320257431002,-0.009690974361870237
90,-0.05077378191627067,0.012714171932278888,-0.029979476658879754,0.01136281783781098,-0.005442011962391148,0.09566752303508308,-0.052244770005719816,-0.0037538057854169726,0.03871394295177454,-0.192241832080326,-0.08601425041350495,-0.00796295769751825
91,-0.03833693696039234,0.012590524101123761,-0.025461009082814144,0.007863164472094888,-0.008813795464081703,0.08870535162803936,-0.05355895713223393,-0.00800691127717236,0.030616600734121705,-0.19075389138920554,-0.09219127607872214,-0.01251180241672361
92,-0.033274327933769346,0.013599995427701822,-0.025196879808549115,0.009186055489061724,-0.00883908941882107,0.08541410237218329,-0.05033846216729322,-0.008494385255922866,0.029647496366939245,-0.1873345685693013,-0.0934784822052099,-0.012681726289148827
93,-0.025149560814511317,0.019249822157623348,-0.020792351535456163,0.0047205262152722385,-0.005524508825411465,0.07957935429089875,-0.05105201820563637,-0.00851599344659897,0.024514263870102984,-0.1824145058037212,-0.09291406185430391,-0.012734049486798418
94,-0.022564766453155593,0.021018717254536676,-0.02131539317575212,0.008088834275203297,-0.004426332300435992,0.08108429574128627,-0.05051616372793429,-0.008224140433266464,0.00958177128990138,-0.17765554276341652,-0.09743129034725903,-0.012704009595883194
95,-0.008309836865650877,0.024065847772930183,-0.021144377495700653,0.0044516788101236025,-0.0004093154394368987,0.07704537263237655,-0.05494272675833631,-0.010080095335958945,-0.002165429817024516,-0.17345845404802995,-0.09763794649665698,-0.012714204387601626
96,-0.00048493231563607493,0.02535561186838709,-0.02122633392377257,0.004498652243872383,1.8933461450056609e-06,0.07599222444373956,-0.05500284766971576,-0.01126850956754791,-0.0055778296031256894,-0.1738200681994684,-0.1029057045655428,-0.012710677211808656
97,0.013004788667046522,0.02895143584700886,-0.02106269339910942,0.008790194440327637,-0.00024964795150212896,0.08055280488897286,-0.05556856531920587,-0.008022167038139842,-0.013413818093145352,-0.17370845751481698,-0.10623106041937423,-0.012714520313214153
98,0.020055673117789816,0.03386712440734112,-0.02159800025549589,0.008362796335862227,-0.005220947891865981,0.08092856888279437,-0.06094517296532339,-0.008451765145470955,-0.02015469482340687,-0.17371224342742694,-0.10596202019372043,-0.012703569746875752
99,0.02869656932281528,0.033819583073956064,-0.017413255005431574,0.008530907103730263,-0.010090433193727913,0.08498993528732068,-0.06360355397438709,-0.008815418812139,-0.02456872230736428,-0.17381492442677884,-0.10546940129313215,-0.012730784769789748
100,0.029785791380606066,0.03424223397839816,-0.01692359120806666,0.00834930705244008,-0.013148972619680963,0.08590380573743157,-0.06538487822194249,-0.004449077251730216,-0.029379068246413956,-0.17344460785328544,-0.10908762633036641,-0.012719496905652836
101,0.025267123045770702,0.03170217630905153,-0.01691458603767374,0.00893376209364191,-0.012298741167521422,0.09076253351772733,-0.07066224662853622,-0.004267009470202032,-0.03414594994692001,-0.1773482378908568,-0.11000167301392702,-0.012256668660214168
102,0.025492670988440814,0.022767867976883426,-0.01716654170944213,0.0050998896925560575,-0.015275634478176295,0.09821427637173137,-0.07507661661346739,-0.0042529945309925975,-0.038247329725156896,-0.182210210400787,-0.11412086985615863,-0.008334613413498332
103,0.02547504903733775,0.020880805543451297,-0.015545977726678728,0.004151055532241744,-0.020636980624111262,0.10534933318379167,-0.08037893807852994,-0.003981507736079173,-0.03913185398957027,-0.18244124613348356,-0.11905643243555845,-0.006877071950441359
104,0.025037032038122606,0.021680526279351832,-0.013899892262358802,0.004232334652667226,-0.021247574246978033,0.105922554686399,-0.07633114759922237,-0.005893713758452624,-0.04282764080899437,-0.1877406183936044,-0.13229664974817393,-0.005421910580553713
105,0.027745574988856773,0.017765566542854896,-0.017543754390883154,0.003907885922292836,-0.021194890255944954,0.10607280343160368,-0.07200700682028206,-0.008863901438005067,-0.042372841176140194,-0.19098281534767864,-0.13055579917561186,-0.011603221988991445
106,0.029534585985725496,0.016863606115221537,-0.0165732734737337,-0.0003752851172421294,-0.021034754149230762,0.10155803631468431,-0.0631916670250777,-0.008477272142148254,-0.04194475930260211,-0.1906987358703876,-0.12287875196208149,-0.012848567108868643
107,0.032894827927698725,0.016947146592843552,-0.017866263879473415,3.867722396488801e-05,-0.022335521662718648,0.10191661031379251,-0.017126973711729422,-0.008195463676427569,-0.04574802045709439,-0.19026559235549603,-0.09372700462117324,-0.012755236526952107
108,0.03394534148210684,0.016715830302362438,-0.009346495471323522,0.00036825079732446305,-0.024412017183944968,0.1006882569786223,0.012887492012742374,-0.012091491983096139,-0.046727143666766675,-0.19373596048049235,-0.07642778340631912,-0.012651771256315721
109,0.03401430584369269,0.011495428379120647,-0.008601947763180181,-0.0024547103019251326,-0.020716313485681037,0.09666061720077548,0.0702920489836724,-0.016955845809911194,-0.04661323880217863,-0.19531013437837222,-0.061928326764858224,-0.017355539620266966
110,0.029609020185916646,0.008469706051699702,0.005619597948974621,-0.004495834533348414,-0.020977480267699196,0.09968974806834421,0.17456111840416552,-0.016824189644499863,-0.046189653234962075,-0.1909545834926763,0.04619120182418193,-0.022259658739663672
111,0.028515264953429504,0.0066289400285713595,0.02787579174039893,-0.004295310006510612,-0.023861759391472167,0.10212662653694608,0.2635155604474088,-0.017612377896410434,-0.04214582435234034,-0.18632456822448623,0.1672412854091332,-0.02546153763819689
112,0.02056434005967112,0.0042695491358168604,0.044369069754280115,-0.0040266534876551505,-0.029216497194010822,0.10125385080938198,0.389869516929976,-0.023159952133309455,-0.04130524771953061,-0.18651963559593945,0.29018225417333726,-0.02730421540804978
113,0.01976795803191152,0.0013847450072525887,0.08377308692548878,-0.008523936488448052,-0.029696810427418754,0.10531718970865239,0.46346905543644706,-0.025304760129502724,-0.03606506766397482,-0.18635791434236643,0.45940456916620337,-0.029624379004002093
114,0.016808814924400003,-0.00020925162462992952,0.11770369495195643,-0.008900672146447984,-0.02966765818195379,0.10609867319187248,0.6221668866801813,-0.028063367230768466,-0.031024640067665345,-0.18674771778886992,0.6963728316738701,-0.03259998858626524
115,0.014696225872446766,1.3974320519596743e-05,0.14207271995770998,-0.012915231535265224,-0.02965643382310894,0.10186049717470805,0.9012270960938392,-0.0295938700713181,-0.029454794473019522,-0.18447093396149714,1.0989742696214861,-0.034182451489936067
116,0.009693667045848429,-1.1052363319065425e-06,0.17291091393479668,-0.014120885152040161,-0.029662717561596507,0.1052380787868697,0.9531305061481032,-0.03305628765833209,-0.029686616212825513,-0.17945875752422735,1.2074655911337453,-0.033703216484028756
117,0.0046040335958592166,0.0002599780784513447,0.21473594037107738,-0.017194556494984848,-0.029660100704008166,0.09530060155841377,1.0960263447040695,-0.0379726032670092,-0.02966514550480799,-0.17443080681366882,1.4321292462550663,-0.03820524795507518
118,0.004346142173288076,0.00549558848425879,0.24769798374556057,-0.01866772524328854,-0.029663189559342197,0.09293934992548293,1.2257597342413002,-0.04276290384766895,-0.02970929342650685,-0.17358750028128322,1.5010827901568846,-0.03881950793347717
119,-0.00010795306963671794,0.008501746515582468,0.3030224196987189,-0.02750050995146482,-0.02965283661145418,0.09374833538776293,1.3306657152280905,-0.046769039123188534,-0.02911330624853054,-0.17371267379004524,1.566660935305487,-0.04147201602348143
120,-0.0002958527499167498,0.01022841056872928,0.342225932430506,-0.033324287483133715,-0.029688951208073577,0.09019864559844568,1.3604741222651084,-0.04742539990245171,-0.024011477269171543,-0.16923889598058206,1.7402306831717014,-0.03922615863411484
121,-0.005824301754367818,0.01325164394264386,0.38692505258002896,-0.03792670617350216,-0.029586436994382768,0.08938661091991258,1.3232652326359926,-0.053189095271952216,-0.01927586853708559,-0.16953985912403943,2.0250606916799163,-0.0429303416563202
122,-0.008200412305184,0.012140212922287381,0.40410269736840104,-0.042713521333612475,-0.029736494030955553,0.08465051299099569,1.2980613413942985,-0.05504913400197088,-0.015000528252700823,-0.16978668653496545,1.9865686635200577,-0.04222710469433182
123,-0.012114744061093603,0.016331783322357716,0.43218700832629636,-0.04660811590701465,-0.025165910362375716,0.09311674659381902,1.1969702346276598,-0.05751606063799165,-0.0070463418971391375,-0.1675016710390455,1.9433389570766217,-0.04249274514963423
124,-0.0203496221978781,0.01676175461813116,0.44165164689461733,-0.04849224810934817,-0.026207953370738023,0.09301821355585907,1.0350815664145137,-0.06312715600555244,-0.00020259097080709606,-0.16487737955298992,1.8548144955111219,-0.04214471902248825
125,-0.021170921890404534,0.021196053286022944,0.44697111000808243,-0.05769759847032905,-0.030068323803020727,0.0939149427259486,0.9288105917025528,-0.06340481860237712,-0.000355230003060598,-0.16535711044739973,1.8117679671483926,-0.04664821908456653
126,-0.023906177032754956,0.016190629578235857,0.43073915746874974,-0.05950443815530647,-0.029575942158414383,0.09870239917175153,0.8703752622657053,-0.06787329840230368,0.00865449354949564,-0.16515273587716647,1.7296243651915546,-0.046216447119690876
127,-0.033893827728627146,0.01262108675225827,0.41681368227398685,-0.05929140853340051,-0.029569213808334393,0.10454729539638989,0.8127140639275051,-0.06785019193850836,0.00792113517779577,-0.1653866391696619,1.5673117609153158,-0.04108625880329662
128,-0.025241921162392277,0.011657674699743428,0.3801579436061372,-0.05930012688400203,-0.0301092944694006,0.1018006824974302,0.5906028435369998,-0.06675658085898273,0.002994461045962685,-0.16087502355472455,1.4976955043465556,-0.03767898241827892
129,-0.024577281598153387,0.006506239177137807,0.3444200385458903,-0.05939324233671952,-0.02625293502278221,0.09434311804537933,0.4440798634199211,-0.06346496633670652,-0.0012562556793229468,-0.16095742086452597,1.3965210471230132,-0.03874889688333002
130,-0.016415648505616824,0.0014512974974627976,0.2864644523486657,-0.05929062388113657,-0.02532768340115274,0.08952926354453739,0.36551629821442133,-0.061429465923806645,-0.008697762981392188,-0.16207300687180887,1.1930932158825862,-0.035014591590695726
131,-0.014787174912346436,-0.00010843115589389998,0.25571117518723174,-0.06379551338987387,-0.025423952012193742,0.08926168708462953,0.1855777540883144,-0.05929218814702614,-0.015141597725425438,-0.16599306848679016,0.9982503193623959,-0.036789861755348464
132,-0.004258924592819941,-0.00035094201080964303,0.20064292730193567,-0.06340314948558863,-0.025401872565998292,0.08043366265296445,-0.09016130154697446,-0.056491814799190854,-0.0237422416576109,-0.16327839919814033,0.913334013462565,-0.038597062986480246
133,0.005313858095320823,0.003988785430056159,0.10708736383193308,-0.06389941904687274,-0.025637559758992675,0.0713722019605712,-0.21178706641893175,-0.051159812789917436,-0.025500963348816158,-0.1578806784377232,0.8370519179680398,-0.03396777737880841
134,0.011569419684794194,0.0042630315457280145,0.020434542481533813,-0.061678905917923396,-0.024024224240523497,0.06670283281355788,-0.39374695392848197,-0.05083989389508847,-0.02954267928737902,-0.15651413160621755,0.7717670939571639,-0.0339481218183317
135,0.016379794348773406,0.00922581472717991,-0.14776320583512534,-0.05896881052009057,-0.021038269481484517,0.06301722402732647,-0.5430112392205034,-0.05083543634581879,-0.0385991265387475,-0.15705271946854507,0.8639882980885715,-0.033888230327688916
136,0.017005479817344363,0.012826737890500869,-0.26592373406871933,-0.05928034385198023,-0.01925900828002338,0.05159218855980363,-0.4350636398343808,-0.050853918203253815,-0.037316085554456514,-0.15252834766948653,0.9457191253223617,-0.03381819444632449
137,0.016952976435030465,0.013778529762271547,-0.31839048550501575,-0.059681179452656115,-0.013643983284889458,0.0387658561206352,-0.3047027762485352,-0.05083930501842351,-0.032402879867073686,-0.15237413734098307,0.7566683263737544,-0.03432555443809241
138,0.016953484834902232,0.019034660242380666,-0.3716073162338207,-0.05536190621772574,-0.012485806244357082,0.03554470594685499,-0.46652782559953837,-0.050879083964307015,-0.027707942986795218,-0.146496415927426,0.5687533375942185,-0.0312868566479908
139,0.016886661109192028,0.023679628491548498,-0.5249057204845599,-0.0551020698353119,-0.01292367063934585,0.030150144881331838,-0.667746139880491,-0.050717056111961735,-0.022966543627567282,-0.13652575050171323,-0.11852215556843755,-0.029845278885348096
140,0.01729778242192277,0.028144433874691958,-0.5781124275077859,-0.05507303352796645,-0.008403962580510781,0.029653023016652267,-1.241789037560715,-0.0513188675003423,-0.018173057948274507,-0.12871122129017645,-0.7305797132481016,-0.026043619379749586
141,0.01489200051316924,0.03373742057205843,-0.6511236190968763,-0.05502547442241858,-0.008510640325933386,0.029725774887075607,-1.2817365345893108,-0.047131175047158316,-0.013594131366914432,-0.1267743772817188,-0.8969803593478322,-0.0254801912179089
142,0.012784526619141,0.029927772119528115,-0.7132656389022357,-0.0554472142627831,-0.008743912110387976,0.03455543822826692,-1.287051993790837,-0.046708620543768314,-0.008536216019082995,-0.12762180224340675,-0.9994279374633015,-0.02087710297758185
143,0.009761204522976729,0.029620860216253136,-0.704500954443575,-0.05291196763829783,-0.0066523280061488105,0.03934671865781697,-1.2423849665791717,-0.042222880815395415,-0.008151572422133971,-0.12337212086379275,-0.688861707645211,-0.01686206124198842
144,0.008278499098019084,0.024739189423131556,-0.6920684586236828,-0.0509787905797231,-0.0058861813191350325,0.043179597742720933,-1.2212200805876636,-0.04242700638441209,0.0006593373456777719,-0.12295293349435638,-0.14488965339352117,-0.01592025352164033
145,0.008496954073409814,0.020150635688518298,-0.6393649233983378,-0.04761566824098155,-0.008807839960039575,0.0532024099944845,-1.1326099241534564,-0.042626044803387636,5.016049255731734e-05,-0.11838617955173655,-0.36087276245361166,-0.012234093580917597
146,0.008475300227714947,0.015375226276540258,-0.6271149226144044,-0.046807348107671204,-0.008826636967147609,0.05984621398646912,-1.0639925027902615,-0.040605830010941354,-0.0017364414156434231,-0.1198383165332787,-0.6709531525574709,-0.012828117713700628
147,0.00847511470973861,0.010771873887184072,-0.6047247787044758,-0.04249974431071745,-0.004803541288306781,0.062390115776484685,-0.9983666411868758,-0.038041654176529806,-0.004226157043052362,-0.12913457742284043,-1.013318627930169,-0.012681857637098545
148,0.008460074620541684,0.005651142446734294,-0.5353698844916571,-0.04221476961205341,-0.004226503508151848,0.0634229538211412,-0.9396653157838316,-0.03582142473645453,-0.0070045907317362825,-0.1314602982516118,-1.0178574868365096,-0.012735651882030942
149,0.00855826719436878,0.003903675371886452,-0.48687709141439045,-0.03793271800523598,-0.004389344679882861,0.06757614825605386,-0.8283205534682161,-0.030136229220528023,-0.008796658085151798,-0.1318092821267121,-1.054732697521528,-0.012667508166798612
150,0.008077472856661841,0.004624101507189091,-0.43436573857674615,-0.037091695293688595,-0.008967297790673753,0.06764576369894629,-0.7276751073120328,-0.029848934963545598,-0.008216261566248337,-0.12823867484994395,-1.0428611448351572,-0.012684112023599961
151,0.010898857667883118,0.0002211480079359297,-0.373096932153233,-0.03370355433725582,-0.007287802839014174,0.06265996310959715,-0.6206909426139195,-0.02539581906432021,-0.012747540350358421,-0.1277158410440418,-1.0005476358713614,-0.007702102407354526
152,0.013044461184815878,2.4935408320967513e-05,-0.34632221730564366,-0.03210005996545563,-0.00371941873134597,0.05920268932366873,-0.5848596646686103,-0.025087320451227545,-0.012608733850331543,-0.11932931232672893,-0.9638589665137262,-0.004330442864377762
153,0.01255652592254666,-2.104367413709207e-05,-0.30201046611857135,-0.026936487104711845,-0.0047661779445459,0.05808856041709099,-0.4870477382257185,-0.02061490523512857,-0.012966417428832885,-0.11864307447572521,-0.9135846840668463,-0.0016989206288394107
154,0.012956488935228766,4.5935987615993194e-06,-0.25432875202228894,-0.02197084713181986,-0.0014758959798115254,0.05287666299185182,-0.4337104104767095,-0.022019504604480294,-0.011243029540187457,-0.11348464835725942,-0.8601304080546519,0.007320107070442556
155,0.00847028778440991,1.556913133240212e-05,-0.21606017529977525,-0.02097002122210367,0.0003375702916709459,0.04800564248536257,-0.3822528908385982,-0.016895983190383577,-0.007949885484507877,-0.10365845695241065,-0.8209377526973017,0.008184030827799279
156,0.00854590970035829,-8.144032168365983e-05,-0.1866260653006159,-0.02125412662736852,-0.0003202120314732083,0.044280219516837305,-0.3057202688462071,-0.012466231370949737,-0.008960250064586856,-0.09557325045423236,-0.7209527888457428,0.011671325400379467
157,0.008396725946073704,0.00033320913515547134,-0.14776218866106341,-0.011948571665456459,0.004168778116127459,0.0314334128130584,-0.2705231032924423,-0.009619937649534598,-0.005452549018983388,-0.09134095486192972,-0.68575830639807,0.012920546169666407
158,0.00876887072652325,-0.002706704381376496,-0.1255394948686007,-0.008297833163774708,0.004178180000990441,0.02158390992489111,-0.2080182678755897,-0.008303641085249818,-0.0009086693023384609,-0.08620322974880021,-0.6091487111303561,0.012642545024342405
159,0.006736434231935304,-0.008026827990974102,-0.09167467272866735,-0.008515506528660436,0.004312187088455371,0.007877548276816453,-0.17947714103901982,-0.008503484484170319,0.008232891180572893,-0.08256578550361071,-0.5376832523005173,0.01715456020688188
160,0.0034810662074202855,-0.008507527623991321,-0.07919530336444718,-0.008535409065127429,0.003936927078470672,0.0029061670527610506,-0.1515898848550316,-0.008743035358731091,0.01285378186910689,-0.06973786614126681,-0.4811864795122517,0.016901494312087772
161,0.006900528430468528,-0.00846413104853476,-0.05506334324998448,-0.008156158535360043,0.006021988843832448,-0.0057595050126175796,-0.136184622808103,-0.013119764866809967,0.012250718154450816,-0.06357931074055687,-0.44223044002462303,0.01666749560617929
162,0.011665072359133857,-0.00870581549349842,-0.03566531642783619,-0.010989875776283325,0.00888145762910769,-0.011763652443832685,-0.10401610961284465,-0.0123721637300449,0.005834285366622037,-0.06346209560109385,-0.4050922513489005,0.018865723942739637
163,0.016675302282047933,-0.006728507025469163,-0.029898683332916957,-0.016485800730214217,0.008358611848472882,-0.019875128446152364,-0.08766435641341741,-0.014199927517728616,-0.0027104507772217064,-0.057876788352199254,-0.35846106800537725,0.021446810306293865
164,0.016940055694743283,0.002542679696940514,-0.025555589806835116,-0.016835928839810735,0.008595454869731874,-0.02293221477370801,-0.06869942228799066,-0.01974499353476125,-0.00407301417731319,-0.04884786276696519,-0.335751449286261,0.021553331228926
165,0.02195890205734939,0.00401425708966256,-0.007165368957203733,-0.021296969953284117,0.008228340913426353,-0.033477757831324256,-0.06320121447944684,-0.021493547249589743,-0.0069239919182600895,-0.04681524869618514,-0.30283806112571315,0.017593861434747417
166,0.0309854813173985,0.0068377036660231295,0.0016409240734031917,-0.026083363579843498,0.012725662212009239,-0.02279800713082153,-0.03551170807942446,-0.02086843379564309,-0.011739389366372796,-0.04404632798368418,-0.27493341425776907,0.01689765269540854
167,0.03444772700325327,0.008761270608735463,0.010531550158170396,-0.029997619701897398,0.01274360442478625,-0.01699239511232009,-0.029452727285672553,-0.0250424050396967,-0.016954188414818133,-0.04445076706499751,-0.2611492185913995,0.016939906225150705
168,0.03199580259358947,0.008373497536284757,0.012673950867386194,-0.029551006343313962,0.011894319172224966,-0.012650758092875754,-0.029949144342701975,-0.029816565243303898,-0.012619061254605943,-0.05037176708780303,-0.23933416416160758,0.016946240732233386
169,0.029619023112010097,0.008571690162110797,0.014517309638163233,-0.02973806749018819,0.008011432914359733,-0.011352182949278073,-0.028057539424076346,-0.034835744257905164,-0.012250344517495368,-0.05073088114668753,-0.21607078482667672,0.017009528901401134
170,0.027260808141514478,0.003909799314970714,0.020129680672995857,-0.029443807278961526,0.008595099736179196,-0.0028452641238712385,-0.022320891831477438,-0.03741880529749824,-0.008183472078850743,-0.05512875568931633,-0.20773906943797368,0.016627685360429023
171,0.022145835622769394,0.00015754911835674134,0.021346281659839168,-0.031961119358006544,0.008446919658814821,0.005224693648501664,-0.02145084568279273,-0.03337237307607986,-0.00740553362656863,-0.059515317994876284,-0.20346595335290735,0.019022091022847572
172,0.017550202149033533,-0.0027932856770981843,0.021163007478060596,-0.04137146429103365,0.008480105499505407,0.016480819387708533,-0.017488300419862816,-0.03391675007257901,-0.0013288465423866999,-0.0592402527351766,-0.19388829287213058,0.023574515425944957
173,0.012791938557373608,-0.015711776277888594,0.02118853973993548,-0.04244667073278336,0.008473676921503994,0.014846255608991615,-0.01700135677450261,-0.034325750467087,-0.0007329947992697572,-0.0593646187366327,-0.1854480408317791,0.03216480241054712
174,0.007774345382294296,-0.016902965932479454,0.021205459122313895,-0.04239137170160546,0.008474665263791665,0.005975985245619285,-0.012373174363241174,-0.030546806686796376,0.00685648075166993,-0.05922672262886946,-0.1792854275511598,0.0377361278405058
175,-0.000463425842478532,-0.017424078762650057,0.021015881760054228,-0.042358588315358554,0.008474585490687756,0.0001465495939101452,-0.008244195181316739,-0.029557716999064985,0.008235517637936854,-0.05968954864586138,-0.1729031973152403,0.04241067090012577
176,-0.0010137016333918289,-0.01360621510294759,0.0223308350166357,-0.042395947299821775,0.00847456731688727,-9.890845199275087e-06,-0.0084849115706343,-0.029661593005622322,0.016914444287840787,-0.05647763458629642,-0.17395021809588143,0.04230691118171544
177,-0.004444993423527524,-0.012914049229554726,0.025977632296725815,-0.0422735363396681,0.008474584033355267,-0.005227386241038828,-0.008824946053376944,-0.029639908387269882,0.02119506027186062,-0.05159797525621876,-0.17356974166905256,0.04239889731157052
178,-0.0060560989886763094,-0.008592269939342631,0.024876449344020696,-0.042808899829540024,0.008474550320126137,-0.014048855543175373,-0.0062204689928201,-0.029871807991777716,0.02199839738742669,-0.04672914133432246,-0.17410154917800025,0.04236391280464821
179,-0.011075655810987036,-0.00832832937869168,0.028230946314671334,-0.03957387645930732,0.008474691030841577,-0.01855479055669922,-0.004025132967660147,-0.028261307447213356,0.02582876852413033,-0.046649190513804666,-0.16970705591131843,0.04238122391208885
180,-0.016469246722244976,-0.003871605601234953,0.02989028461472295,-0.03791110464850376,0.008474114596539531,-0.02165708367603032,-0.0038944778311364716,-0.02500708164627076,0.025606156214445824,-0.04653850525143173,-0.16948509901121817,0.04234657257108467
181,-0.013620418054980493,-0.00436266950987375,0.029626353772465638,-0.038165412835657414,0.008476194809619938,-0.020711720322263143,-0.008021394014229632,-0.025434630702781135,0.023317516447485972,-0.04694330516688951,-0.17003481343157414,0.042461848443899726
182,-0.008519061960098214,-0.004202537822953555,0.02966477288825953,-0.038134860571268935,0.008470039497988373,-0.024025048904765353,-0.008496769408994782,-0.025716953052112548,0.017797742228393726,-0.04432551424391249,-0.17390028399239546,0.04214073135620032
183,-0.008272695556089154,-0.004243745068614823,0.029677448161120158,-0.038138594945437976,0.008480805962969759,-0.02852684553237477,-0.008739664290720105,-0.02210883929065472,0.016753241521631195,-0.03027404168745066,-0.17525319119298746,0.04650215510055815
184,-0.0040141583879502,-0.004244208052539257,0.029500174671045834,-0.03809958769070082,0.008513200396499155,-0.03750942504141889,-0.013636502224481937,-0.017030834081779602,0.0170788036221009,-0.025126398931254533,-0.17810087294576193,0.05125237174133031
185,-0.00337921120152576,-0.004207333928315558,0.03076238535359777,-0.03835013212877501,0.008013948660445188,-0.04242625407228407,-0.018638822022880423,-0.016828140663874003,0.012549078372937474,-0.022048181858249808,-0.18016361296971262,0.055981829243284695
186,0.0011185800445553309,-0.004319722997365288,0.0343730882747488,-0.03671912751982327,0.0026792846781662797,-0.04213600990449295,-0.021154086494216226,-0.011688371611603713,0.012804327124414448,-0.021272613430287902,-0.18570474107333879,0.06093814220416412
187,-0.00404231131248544,-0.004138600853007643,0.03370123314472115,-0.030961751955071677,-0.00033293319666354774,-0.04383416760281627,-0.02351080178661289,-0.008139524073996653,0.012688405694462779,-0.016906301900090036,-0.18663122246310376,0.06419026562900598
188,-0.011862541184147273,-0.00864351704879405,0.03425746800368281,-0.029923817111798673,8.096690025302837e-05,-0.04401130960636778,-0.025771198520133473,-0.008645085393832314,0.012680393581607871,-0.01211278405450559,-0.18635437115514664,0.06148083512966112
189,-0.012816172768586563,-0.00841049450763545,0.03107951871591172,-0.026100093351205163,-1.7339042420678855e-05,-0.03745912676735832,-0.02526992594363754,-0.008090577305258456,0.012883873030431599,-0.008144803926250948,-0.19052294787841897,0.055765445083214966
190,-0.012735117262557707,-0.008321115704524288,0.025819635848474586,-0.025554134657070317,3.1549230701444624e-06,-0.03621087406317558,-0.025642720020213304,-0.011107604002564768,0.012053177477725783,-0.008573535666135628,-0.18670278464590967,0.055573731606609146
191,-0.012654087899889702,-0.009690341382126875,0.025395449219414522,-0.021126454399779105,-4.308383067082644e-07,-0.030346184662455377,-0.021131991919798428,-0.0159296696215709,0.01684432084182544,-0.008449276847354466,-0.19128563149678737,0.04711935260652344
192,-0.012391525669196542,-0.01567294828852298,0.025416112768294866,-0.021323997143476513,1.7518147143123914e-08,-0.029797212276405614,-0.021285164982374923,-0.02109485742702641,0.009371296663488148,-0.008480242102379094,-0.19048899592713878,0.04224768205144589
193,-0.0031533965143643993,-0.01594427153904456,0.025428205790176756,-0.02074625217799194,1.2025179780283264e-07,-0.02574892024653017,-0.020988520486782798,-0.02134373222032655,0.004227101761694512,-0.008473486964880216,-0.1908363606401326,0.03634913522440588
194,0.001282882655176425,-0.02640632536632713,0.025423392431748147,-0.023845330137093727,-9.332848469679231e-07,-0.02112062214875971,-0.022324777999277436,-0.03561417243277519,0.0038963706008000093,-0.008474739804069317,-0.19021960655623998,0.021734187103814678
195,0.004446212576638263,-0.03378035223935332,0.025417540659618217,-0.03223673880036698,5.459297141343839e-06,-0.02082392479443738,-0.027853873960037853,-0.04388770634000721,-0.0012314653744448342,-0.008474564645412127,-0.19420097202311137,0.01742786849841752
196,0.005521553038403587,-0.03392475196824695,0.02545350977073464,-0.03627069123462969,-2.6628420702355897e-05,-0.01542993144324751,-0.030050443977362958,-0.046659718709890025,-0.005728362861201487,-0.00847457237423484,-0.19497294909075535,0.01048521543279834
197,0.013679768258525075,-0.03416729275739436,0.025303945470744573,-0.04132350385953781,0.00011373940348102789,-0.01238422398064485,-0.029172614382369757,-0.04826998578828281,-0.011054076708478317,-0.008474582967788602,-0.19489927538365115,0.0007630859544755825
198,0.020686089601835832,-0.03832153959301052,0.02584636545639408,-0.04545831818747325,-0.0004276613751964416,-0.012792752387045405,-0.03332824570104478,-0.05376936453289582,-0.012533874411169885,-0.008474546022629353,-0.19538729330277962,-0.0032971267178650288
199,0.020936451618887988,-0.039191275316272485,0.02179665608413096,-0.05480689335280326,0.0033975827413161453,-0.012694188181848887,-0.033932303486910884,-0.05750944406842467,-0.0159120578189372,-0.008474726096717802,-0.19957303111940478,-0.0078028965077030915
200,0.025226264955439733,-0.0428300629205545,0.02109400066277338,-0.05511540776946549,0.004482561014741694,-0.012715308540454781,-0.0338621664972552,-0.07014077637084354,-0.017149163335389524,-0.008473921863966035,-0.19903673428124405,-0.017052603238181956
201,0.025373699057869164,-0.042381202699178146,0.02103130784873379,-0.06066066009354548,-6.92937204679354e-05,-0.012710996616591735,-0.03448552909580175,-0.08044760115420622,-0.016892688674206967,-0.008477080685693602,-0.19915025496333177,-0.022608199937755057
202,0.025690701864944876,-0.04191034134774565,0.016776688212678078,-0.07018554759414503,-0.004317344705354792,-0.012712315499415741,-0.038555477083076994,-0.08073232251057716,-0.021482212155678002,-0.00846649704185504,-0.19927921116547434,-0.035881950300216764
203,0.023629810759063993,-0.04581766862551627,0.01607207842187846,-0.08026345270653384,-0.005150905642451856,-0.012716224621051252,-0.03810319522179299,-0.08522010266996664,-0.02031515148106571,-0.008492921462474148,-0.19869009038936525,-0.03939220263081378
204,0.014809002067225227,-0.04644904424968204,0.012222923335934846,-0.08538262531026403,-0.008302653554095311,-0.012668402313810946,-0.03776415609045389,-0.08428379846565215,-0.016530672016493796,-0.008482107287791682,-0.20298292092111386,-0.045002882961877134
205,0.010768433132169731,-0.05077909587036863,0.012835748576943943,-0.08469064912971645,-0.012296809899811849,-0.012978328620250086,-0.04078592432840981,-0.08678200069872738,-0.017051507509302528,-0.00803486658591357,-0.20330088999941986,-0.04641233701781384
206,0.006015815958911658,-0.05071817098388806,0.012684275632497024,-0.08448050188427104,-0.017715936566846634,-0.0110649329654316,-0.043040152165718874,-0.08891180727346888,-0.01695858275236499,-0.004050625552539612,-0.20758844129689422,-0.04984048863637784
207,0.0009071307603181747,-0.05154974555254778,0.01271580404442124,-0.08823398913735563,-0.016820597458020264,-0.0077448377821519795,-0.03847162206444569,-0.0919469264685489,-0.01682700608769328,-0.002927485476582178,-0.2028712506010404,-0.05097385162596252
208,-0.00012311260174311972,-0.055732816523240365,0.01271579904812217,-0.09319837551177027,-0.01690058004064197,-0.01095581549238146,-0.03816930594005895,-0.093491010412357,-0.01732574815730655,0.0004957512748834145,-0.2038535603416347,-0.05084323416685369
209,2.1469540525210834e-07,-0.05359444998659322,0.012702847442266293,-0.09355510718709033,-0.01707770641718427,-0.016283855281979287,-0.03360189500151524,-0.09304501232620571,-0.012869536819279683,-0.0002262399509109022,-0.20146545168087976,-0.050842494959780146
210,-2.4776136559250373e-05,-0.04816054818437238,0.01269307852179115,-0.09710983452341546,-0.01249992173163593,-0.017033661562188142,-0.034588915976958026,-0.09758325858183159,-0.012593244943814221,0.0004523515204011148,-0.19924013170861354,-0.050853293381145935
211,0.0004720243587114846,-0.04636254478155457,0.01305610158778718,-0.09264244615460368,-0.007911752941071137,-0.01694533569286876,-0.029979849363816608,-0.09735932794175621,-0.008128413512075513,-0.003676886026772043,-0.19618474808868547,-0.05082484490678901
212,0.00466070995505646,-0.046678656870610444,0.018339490161270965,-0.09338183382910545,-0.0023990944022260095,-0.016859443309992058,-0.020272574220019324,-0.0975595419755835,-0.008524542949804056,-0.004276791823875946,-0.1950826382761193,-0.050953717846867426
213,0.00406805513679846,-0.04654163394820849,0.021277285541346336,-0.09315204975164848,0.008342574291828919,-0.017731645417389596,-0.01896839625091852,-0.09708036593648531,-0.008828929598673471,-0.004260478546741659,-0.19103746503397862,-0.05040290689334391
214,0.0044855798336549,-0.046639893883831635,0.022673861897918725,-0.09334829974237474,0.01254449787278652,-0.021553764169442206,-0.017057858701169524,-0.0997229246390408,-0.006128177910014425,-0.004101335691104557,-0.19070144445462822,-0.05391470052706647
215,0.0033376413001087015,-0.04200854549020389,0.028348425695755165,-0.09283969455167512,0.01780390767118663,-0.0214672021656844,-0.013449497619432255,-0.10202318367006863,-0.0042613416729079074,-0.005174873242006566,-0.1901989849227003,-0.055335079130066515
216,0.010307685570704512,-0.03633051727832925,0.02986969158625491,-0.09715689156708328,0.023887081110663618,-0.018776956939395947,-0.012784217883347064,-0.10161570974784873,-0.0012423251090660124,-0.010384106105052563,-0.18625291596486748,-0.054928312134799546
217,0.013230701282985818,-0.029057120800364204,0.02960811830271405,-0.0974449865827362,0.03603521705607365,-0.01676386715722529,-0.008371111606435134,-0.10175516990559612,0.0038704325850266183,-0.014859570397659158,-0.1851708265811325,-0.05946257955596837
218,0.012327721453708241,-0.028527211359902233,0.02970410518783644,-0.09747190063808855,0.04644225167388757,-0.01661425228724078,-0.004062434498487239,-0.10170907528573245,0.008524358587237919,-0.020183295477635074,-0.18143973033236824,-0.059272292563976293
219,0.02136063639781561,-0.022369244761731456,0.02970509244484917,-0.09749325776551934,0.051599028538591996,-0.020874005781342388,-0.0041319417443232715,-0.10649114883770654,0.0173230834567782,-0.02106641435904653,-0.18444331932522146,-0.059087959119081546
220,0.025444138727036197,-0.0219069994108206,0.0346066715040068,-0.09722107722310895,0.06490595963209278,-0.02118414285389228,-0.005426592927402892,-0.1114185363447724,0.017691322240734445,-0.024813276420649157,-0.1899348979550135,-0.0609826192220381
221,0.026242284959538606,-0.014282067768721176,0.03838992420834178,-0.09903699783552015,0.0700101314463019,-0.020912862510462215,-0.010470539225056431,-0.11444634026109446,0.031941955816928595,-0.02967322209853799,-0.19055564687971396,-0.06420817678696084
222,0.030154202771249278,-0.012763270037615869,0.038276906591211905,-0.10473941621532386,0.07846692606528889,-0.015628341861910512,-0.015759493808995547,-0.11632415517047391,0.045448414031507164,-0.03001512068163868,-0.19462984889554913,-0.06254529094709367
223,0.02943024406527602,-0.008487215715406405,0.036663118632672756,-0.10581483724715932,0.08303715059768343,-0.012616416036815866,-0.01648511040332804,-0.11912886509440053,0.04939253794866365,-0.034386163805873726,-0.19920002993958125,-0.07057482879278135
224,0.03014067608185544,-0.00857336555539941,0.03095415331594187,-0.10918689160177569,0.08481589443247206,-0.011258744113646501,-0.021259463463336882,-0.11820407941673676,0.050666461366718964,-0.03344517286350601,-0.19987773847637244,-0.0720211856661405
225,0.026653518397304333,-0.008233281575497683,0.029766836220906385,-0.11431402165830994,0.08726037211129432,-0.005534539038858621,-0.013071260677555041,-0.1221924092368532,0.054518684185717745,-0.03592129896543042,-0.2027284079704058,-0.07638376542972976
226,0.02523627792345667,-0.009843044613402543,0.026606254612573436,-0.11452231924025554,0.09676087392876608,-0.0041226863483133525,-0.012625404083447318,-0.12686446143001553,0.05511638763986464,-0.03863034046117964,-0.19846504299331516,-0.0810471425726842
227,0.02544585786113005,-0.012838403896657285,0.021358157507863906,-0.11930772082692627,0.09747252848594823,-0.001773796075415699,-0.008152919239496929,-0.13616394583593153,0.05509441954511188,-0.037573036106038245,-0.1997577765520419,-0.0861156150591351
228,0.0254241478027602,-0.014689089531649399,0.021168754751776354,-0.12514451984890554,0.09756582818192074,0.012064559584478402,-0.008075418947439765,-0.1401049683590034,0.055124753620818034,-0.0419990229396415,-0.19615933949069903,-0.08900547815526474
229,0.025423964635653766,-0.019740166658613358,0.016572963860042346,-0.1335233114986867,0.09672315166891912,0.012647090213000426,-0.00038133452713424895,-0.13924530906613533,0.05479490956563488,-0.0421724056484364,-0.19502282387250003,-0.09096569847224441
230,0.025412310988604234,-0.024887402418655516,0.017934089839075715,-0.13767113352499977,0.09245208443646649,0.012770892786673363,0.00449389503836912,-0.1431587178897365,0.056892282592710286,-0.05118980267143006,-0.19126747996725932,-0.09381145123131873
231,0.02549072322346798,-0.025258439824587232,0.021292837508097965,-0.14253467103102568,0.09527071004565653,0.012691106141627276,0.006946842877687525,-0.1511301071536518,0.059715218092162174,-0.05064842899909235,-0.1864313516177145,-0.09237760604990344
232,0.02510358790203196,-0.029674490747757274,0.022942076751506328,-0.14723354368829236,0.09749887849745292,0.012711775730533066,0.008436443698491874,-0.15534204854126188,0.059240187521207965,-0.050933680056863266,-0.18161361400115877,-0.10065557580332239
233,0.027510088421359002,-0.029596162911506695,0.025799709473289953,-0.15195872074165484,0.09988944398702417,0.012739984501685406,0.011926397096785132,-0.16007958496396482,0.059342254653329006,-0.050726051678813326,-0.1776521493406607,-0.10582648696113024
234,0.032421309585960074,-0.02963565266473299,0.0254961516129355,-0.15669106509902703,0.10549613202249444,0.01259186558524064,0.01691925871619333,-0.165066099297506,0.059306673432578186,-0.051303005528971955,-0.1780615709820475,-0.1150699753981253
235,0.037597582165685525,-0.02996430948896272,0.024924286225899275,-0.16147169557379787,0.10577361348552833,0.013137081647934321,0.017158774128393985,-0.16527079209050116,0.0592957604881587,-0.04791500937944296,-0.17794152921281842,-0.11964288357442796
236,0.037944835249719006,-0.027779255189281076,0.029595093194909335,-0.16557534623617856,0.11022407664597945,0.009065302512948492,0.021982691696377298,-0.17104016605342148,0.059833303132707266,-0.04651306269954354,-0.17797123755634794,-0.12338095922876169
237,0.04236448146474474,-0.025036226110932838,0.02542962704311665,-0.16501409990721935,0.11009003045492237,0.008402372906306669,0.028026396448767008,-0.17714317269155228,0.06398925449398472,-0.046398264455381956,-0.17796666976842293,-0.1350882555356537
238,0.04266062979483767,-0.025502988849358834,0.030303797302820144,-0.1659909974249712,0.1102008104264665,0.008325825075545834,0.03619014907797517,-0.16505343620712437,0.06341915864129263,-0.05087759989621873,-0.17796140832484678,-0.14673785381056564
239,0.04684124454610346,-0.025410695373195968,0.034171072152100766,-0.16003427065885642,0.11015854426996778,0.003474717067322536,0.04049859234552324,-0.1464726929807142,0.06367029077270905,-0.0507705995925979,-0.17797402034790483,-0.1573488870215042
240,0.047664925113605254,-0.02542415636679251,0.03366167640728662,-0.13532400821208052,0.1101798718990299,-0.0013901631960634585,0.04478534841819877,-0.12263747408607215,0.06323349963586053,-0.05089461041336034,-0.1779974343231465,-0.16466317647746764
241,0.051691100021313045,-0.025423062284402387,0.035039759719460155,-0.08935729833484042,0.11013606981700987,-0.0046291151796653135,0.05340796335643669,-0.09488197862278532,0.06642343089794364,-0.05074299230748096,-0.17753258745858513,-0.17306032094592885
242,0.048511245809773444,-0.0254519583675549,0.04277551221901966,-0.07091985620652054,0.11028748859559498,-0.004031497895083955,0.05899193438356463,-0.051781307666887426,0.07184657137905305,-0.05129601225400866,-0.1722225026159987,-0.18208857750112767
243,0.04585799707448418,-0.025209662328019387,0.05001691290570786,0.10053215947315222,0.10982474781917669,-0.004713420181645971,0.0636363681320346,0.1499358997049876,0.07198997342885072,-0.048109500932183184,-0.1690802786617457,-0.17237789891782446
244,0.050067029657654354,-0.026794177988924278,0.051036853287356784,0.24182832790700992,0.11422017631101627,-0.0009527283827212903,0.07422783449693372,0.5013809990946584,0.08138961457653633,-0.04678376675199628,-0.1699192535559071,-0.15021402546218723
245,0.050897422432980524,-0.030131966846526262,0.05064379804095908,0.4921222787032407,0.11438686057735911,0.0001262673992017294,0.09048722010447792,0.9134019622258588,0.084490030816914,-0.042966663767125206,-0.16701604334646267,-0.12410474340949455
246,0.05087471253319095,-0.029437866261955294,0.05498951211445937,1.0066661225449511,0.11424839172324577,-8.01034083376613e-06,0.09866086215640157,0.9341988135549877,0.08754491349179208,-0.04233428458356462,-0.16204486202606208,-0.010970222214567161
247,0.04606631174544686,-0.030127230155531735,0.05934703863206057,0.9946793262985321,0.11569633512691078,-2.0988651810827097e-05,0.11433515503559273,0.8559207560379167,0.09348654577035052,-0.04236409857696786,-0.15723330939185381,0.22767416056167444
248,0.04247643432804805,-0.026126333950244444,0.06047217490564717,1.1006418104661222,0.11753294776700264,0.0001721369263432855,0.1290017429060145,0.39144406334865134,0.09648463823158566,-0.04233534063555627,-0.15262100106029203,0.34021404941314043
249,0.03999787372589125,-0.02535067155616623,0.06999717678689002,1.3114627577621087,0.11377873322618674,-0.00116379399843189,0.13918723696763213,0.670696670779918,0.0914791057162573,-0.042652396528169954,-0.1437075509639944,0.41913249676898745
250,0.03329239724382123,-0.02541927239669782,0.07179931309203047,1.5339613890774229,0.11489246759254106,-0.004788751245088569,0.14613314359218202,1.5934926683710189,0.08878153937460943,-0.040629471855022435,-0.14368522568195,0.5503641436439465
251,0.032082656710206096,-0.025437309391755796,0.0745238601517993,1.7248382986576252,0.11141951215425573,-0.003698062256182902,0.16047217090933785,1.8163850161953023,0.08521982997661097,-0.03776466614513059,-0.13783218206121622,0.6859978301365374
252,0.02836886607256152,-0.025361967161017167,0.07559535544025486,1.9135084598862968,0.10661574966736187,-0.007079578183388231,0.16551220341688194,1.754538408705838,0.07603416165520675,-0.03809735932263569,-0.1360373034092157,0.4920389676921975
253,0.036401792171549104,-0.025750495401133056,0.0832103763859191,1.8580715745395056,0.10175480221005025,-0.008820235242225588,0.1757443924374691,1.6921837019861947,0.07620502764761033,-0.03851298014474127,-0.13089697412613907,0.42195019524604876
254,0.03832297868828775,-0.023459234656264906,0.08408323472836121,1.8474015483217692,0.10155433104029214,-0.008114286814294746,0.18998074006055543,1.649291524960374,0.06861749212551405,-0.03422769709426132,-0.1243708341183661,0.7896516620622935
255,0.0381641728506015,-0.020779405375128963,0.09723530625950423,1.7579262071876982,0.09639824598478161,-0.012711549922333226,0.20486907935035994,1.5847861804476902,0.05484635474934249,-0.03390445079855996,-0.1156622723223658,1.2443268565189434
256,0.03861042013221126,-0.021380084420259644,0.09779148680563575,1.6718118020326018,0.0928862930363569,-0.008177966891677251,0.2143371455861993,1.5166575793906114,0.0488364228813116,-0.03398854306063891,-0.11429267943932295,1.4728173742998314
257,0.04740174215319098,-0.020814395703133703,0.10668125864054263,1.6120773265335004,0.0933857592433751,-0.008626575762993654,0.22115279272767058,1.423848503327608,0.04084111421864688,-0.03300381978263685,-0.11439123991273613,1.5319580209999342
258,0.05503761628939083,-0.02517998831723734,0.10604346222357364,1.5178388228221453,0.09285809242243785,-0.008308716966144476,0.23055956356830198,1.3273859774910515,0.03499948913962701,-0.029202385480709477,-0.1144426156163924,1.5722990168937063
259,0.07297631430869844,-0.02540434569190963,0.1153979987345678,1.43633384564629,0.09571476533636798,-0.009089367944074275,0.24410036691059084,1.271256700165071,0.026247161058234665,-0.02977783286566684,-0.11414762453764163,1.5317359464577676
260,0.07629513785039935,-0.0254101779074267,0.1258914072035112,1.3503931301863406,0.10084581397133272,-0.005166444353010455,0.25406427325005565,1.1514993759662457,0.021161863004687084,-0.029634951062036598,-0.1048722111314564,1.5187778099329738
261,0.0787106370851372,-0.02566007171116195,0.1295261967175839,1.2040891201238284,0.10229939790789637,-0.009848713344268989,0.26370767223311936,1.0862546538499882,0.021315538493722714,-0.029666006420837866,-0.09673052385126181,1.4700407712103565
262,0.08325532018422163,-0.023900415101496493,0.13480158209001916,1.1383874472410667,0.09323440065422477,-0.013246416587640654,0.2782664725716232,0.8920703634165594,0.02042163007634082,-0.02966026724713662,-0.09498826640236692,1.4171732915571096
263,0.09213798165475046,-0.02104649124075343,0.13581752711237025,0.9887054209971486,0.09292098786245263,-0.012439454567267562,0.2911951555035737,0.8462463799331302,0.01524318287405394,-0.029661078164237863,-0.09285284177992008,1.3309359375240426
264,0.09349132579311137,-0.01919752024404504,0.13542580769503662,0.8451135500052056,0.08914458734486493,-0.016985303338180196,0.30021866839205513,0.749710974505415,0.010762644615592263,-0.029661112030575216,-0.09348688178646102,1.2569108143776948
265,0.08444910386133574,-0.013425048505329624,0.14474531674003377,0.7941672825089184,0.08514100483413345,-0.016877797427737505,0.30981897827447313,0.687340030260485,0.005383663301714001,-0.02966014883702449,-0.08909438021517871,1.1638447450784686
266,0.08488413860064341,-0.012950316236629258,0.1535232468401284,0.7160441394338789,0.07444832296989304,-0.016989615409479093,0.31909473233985264,0.5296946557717588,0.0044846825344710545,-0.029666408775160365,-0.08437285073343395,1.0234297970106558
267,0.08489074493632119,-0.008692815876091154,0.1579165231068356,0.592530592486962,0.06279001724625298,-0.016870836901116033,0.32904857328092196,0.37012381634995667,0.0004749677312756275,-0.029633867871146417,-0.07948925934178147,0.9241432091309344
268,0.08346164902628886,-0.008479359858758629,0.16271171415036456,0.4781454437030304,0.048708875043957364,-0.017279749454920525,0.3342147442223119,0.3198001514476221,1.4996754646286626e-05,-0.029779309092979638,-0.07575879064665558,0.8506507795192824
269,0.07818642538241835,-0.00884093288393293,0.16742311327249979,0.34613898362377615,0.03962718044338352,-0.01475010434272543,0.34335310498283894,0.20312992802763385,-0.0049639692918836634,-0.029210031043180637,-0.07714411898183357,0.713073367324069
270,0.07401924556287795,-0.014012108362464545,0.17198105834205837,0.25512184206640454,0.034284969674353905,-0.009789208457235245,0.3524390053395425,0.06768541336137604,-0.01389910325945388,-0.03309816885108346,-0.07143403473563263,0.5653689723256664
271,0.06616444636635868,-0.018073924414619285,0.17722333003709867,0.07878084788384684,0.025069484745438665,-0.0047876775536987975,0.3568732060291568,-0.12797288442603152,-0.018529312111393578,-0.033998453722515684,-0.06708118466896172,0.4501584188456518
272,0.05621447788192527,-0.025775198389123722,0.17784127970987543,-0.06264809753884946,0.011860845086092729,-0.004155732282845528,0.3618020575686091,-0.26095788224265715,-0.021278225997858054,-0.03390816455600903,-0.06829474500540876,0.33514062078451445
273,0.05102151823452683,-0.029816705668051734,0.18189783262339243,-0.1991451995388604,0.005636836973296304,-0.004158731368257193,0.36601038424699384,-0.4201874008772575,-0.02310370087666737,-0.03355688924015553,-0.06376144692028218,0.2655111802716842
274,0.04624698760383443,-0.03280600654473605,0.18653674617157462,-0.3743823480277767,-0.00645243145040389,0.000900435225138095,0.3736717623597833,-0.46709076348971745,-0.028766499070523716,-0.028529075345546898,-0.06349088081347791,0.1592864840785007
275,0.03667475451614201,-0.03373339144156301,0.18636732817255253,-0.4554787036456775,-0.012268850692519897,0.0038052839141924236,0.3805276363037765,-0.6232978997561645,-0.02977668510847916,-0.02387468582579768,-0.05913586899319062,0.030346926635024023
276,0.02740189250677663,-0.037932728380541035,0.1865348856588893,-0.5387415382611438,-0.02015078665497514,-0.0020458434183310043,0.38435070118591796,-0.7821083184024524,-0.029662976121398867,-0.019242182302328034,-0.058415744466828026,-0.1213772338874295
277,0.017728187724750114,-0.03810072577092554,0.1860589300461239,-0.7539213036922064,-0.02326678656433969,-0.004607778875324646,0.3937712560826307,-0.9414167563080924,-0.029696395683983964,-0.01394896879863228,-0.05489690296717234,-0.19871592841324434
278,0.009954600165345733,-0.03816062260484622,0.18864871414563586,-0.907571598590879,-0.03625304395310936,-0.0038540769996782635,0.3941554074009364,-1.0104905675977176,-0.02907405769993797,-0.012840949812152837,-0.05329623826309497,-0.2701081508266342
279,0.0073286896434714595,-0.03812543550095492,0.19054544719550862,-0.9914290256053188,-0.042230142980811576,-0.006950743222043208,0.3987045809832179,-1.030090355146431,-0.025231962831918323,-0.009331005060960552,-0.04873301293405806,-0.34322829272029953
280,-0.008134327332567984,-0.038144867669580744,0.19388733546084475,-1.032166478815466,-0.04691972657679862,-0.012451467465874957,0.39797287697059675,-1.0475937618386433,-0.0240080413304958,-0.004392414372769547,-0.03985347608740694,-0.4048169592179196
281,-0.017031647060410278,-0.038104486686470304,0.19471480828445795,-1.068147375010928,-0.05097734189563114,-0.012509091447381058,0.39965721790596503,-1.052141147703387,-0.020313372534869215,0.0005145010631378799,-0.038200839754816474,-0.5145862312342522
282,-0.01677200134149508,-0.03825807730636882,0.19898033829754447,-1.0818305601155322,-0.051647413473688675,-0.021619809947526596,0.4048276806486611,-1.022617346953882,-0.024073186485797045,0.009748595075593143,-0.03401932568868081,-0.5699405764264741
283,-0.021249927005343408,-0.03770576202654014,0.1992514677503146,-1.0458737715308948,-0.05682785419917106,-0.02616669651279758,0.40928577244211667,-1.0133175206810037,-0.025708641469679966,0.01304568592927172,-0.03400552553312981,-0.5970234684549721
284,-0.021734067409986953,-0.04181080801487124,0.20357960914130982,-1.0217117049294733,-0.061822516754074366,-0.030063045958076247,0.41463263562371505,-0.9496730590207317,-0.025195595939135926,0.012133302284505872,-0.033329962161225864,-0.6281633905004852
285,-0.024931615255697898,-0.04241544862083012,0.20430014540111624,-0.970385341755829,-0.06381660093594185,-0.029452884719090952,0.41499326899793326,-0.9237794773952189,-0.02965717490974847,0.015647987773511375,-0.02817142625149363,-0.6212128896165579
286,-0.020483878654099997,-0.04238292114337377,0.2077566811105237,-0.9164500773162602,-0.06356052419873029,-0.03013584258090468,0.41946798922411777,-0.8073212953157872,-0.03436607279540396,0.013796631664461151,-0.023975177706402687,-0.6072967758753892
287,-0.02186319190047697,-0.04236644564161586,0.20963386978344975,-0.8706376649421613,-0.06343135974831689,-0.026834457958119867,0.41479740952495275,-0.7456725120153413,-0.039318546652546416,0.01621755612172106,-0.01661539403297357,-0.57582848860585
288,-0.018129647377169288,-0.042375480220034394,0.21180488553937907,-0.8212735023701311,-0.0675862637853798,-0.025397563360955694,0.41001061302976344,-0.6889360124418604,-0.042730181637403546,0.01332449498881054,-0.009135216129122518,-0.5531706441391331
289,-0.019775961527679724,-0.042370317644012764,0.21488881191156428,-0.7248096784456028,-0.07661550706387862,-0.022245500803169806,0.4066914103383805,-0.6407776513270314,-0.04228226505092894,0.00841522389321676,-0.0086763477208748,-0.5132873373437246
290,-0.021399378818033287,-0.042381706318075196,0.21625757903067233,-0.6532344408492338,-0.07614725623171337,-0.012889058675344019,0.40514847104673085,-0.5617157654283182,-0.0423886267786527,0.003975481511256049,-0.004741133057240706,-0.49787642108361035
291,-0.021164364931263828,-0.042338368962475434,0.2161339538143437,-0.5901867886367875,-0.07604132149738708,-0.007842413409291185,0.4011507112661002,-0.5159459328149659,-0.04238603959764736,0.004571008330877464,6.574993085619005e-05,-0.4638365010636039
292,-0.021184654571400348,-0.04249251340816313,0.21618264957841724,-0.544506787001502,-0.07800556204874526,0.0005471328205867419,0.3890564149792021,-0.4436306406993803,-0.0423253937749047,0.0026626764349298574,0.004780933614959374,-0.42541592490404556
293,-0.021188312664793485,-0.04204105509528282,0.22060299846121637,-0.5093311872592678,-0.081028641603721,0.0006889657320964521,0.3857695481846272,-0.3988401819856172,-0.04243601057347344,-8.383681427135087e-06,0.009714667038739858,-0.38445690867954274
294,-0.021185731943444936,-0.04649977991942638,0.22041055889908054,-0.42212484948597606,-0.07998023898866025,0.006487192041797086,0.37793132005786045,-0.3882064702319561,-0.04282253562860034,-0.0025323231578966,0.013047091686492922,-0.36361900391004004
295,-0.021186621574857234,-0.0467092945841917,0.21919123089080608,-0.4025236459146606,-0.08392836504291437,0.00878737192867994,0.37280162375779674,-0.35675983932415417,-0.05144170567535349,-0.004511133173683029,0.012737844400223382,-0.3434051366405558
296,-0.021186533606201492,-0.05186687134798682,0.21412836060115328,-0.3763913662870049,-0.08489977099451784,0.00829520073677503,0.3642008342988553,-0.330399578432117,-0.05150335965343016,-0.004198369523823975,0.012252271000106113,-0.3161682199121009
297,-0.021185840916172614,-0.05512962339140068,0.20898901117867763,-0.33836967691477354,-0.08475712278346713,0.008878492789692168,0.36211586678804697,-0.2837340671932936,-0.05744494766943004,-0.004237796380792553,0.015969571632511535,-0.291690071208888
298,-0.021188686562199008,-0.05662993985435432,0.20774739568143935,-0.3245165559244271,-0.08926265172559686,0.004633605459856496,0.3493121875631588,-0.26947642688606505,-0.05928593949277592,-0.004222534096915015,0.01685406350623179,-0.25977017801295743
299,-0.021179461012089743,-0.059768847500288665,0.20443273275574902,-0.2974491128776691,-0.0886559458336685,0.004229377563188308,0.3443479970822709,-0.2479421382492275,-0.06171147429243015,-0.004406452356097911,0.020915837962013774,-0.24218622330419304
300,-0.021201380189586966,-0.05919752775615803,0.1995309768378608,-0.26838874831256193,-0.09044734991724883,0.00397675746641628,0.33187651935318474,-0.2342797778840016,-0.06742443910626762,-0.0030527325382600262,0.025550751589588454,-0.23271021853773668
301,-0.021198035991736107,-0.059438452772988745,0.19484827411866862,-0.2455977617137823,-0.09333478148678101,-0.0012109300836207417,0.31654042437759267,-0.22548824318518193,-0.0674882842423316,0.00042478203747174225,0.02522581053609482,-0.21902973189254493
302,-0.020789528512715733,-0.05905346850550577,0.19009046768275667,-0.23161440570030345,-0.0952639932312022,-0.004320257956056974,0.3100579165716893,-0.21597782830630388,-0.0764911326337586,1.12305670894737e-05,0.026391632802965203,-0.20773201906420086
303,-0.016488287606032413,-0.0634117355521921,0.18586324913722246,-0.2125659974545158,-0.10046647899034594,-0.005735331838760745,0.3015755871345213,-0.21029425243534744,-0.08063433330529718,-0.00042957688159329477,0.03145318583154727,-0.19049359021051113
304,-0.017407012999016504,-0.06312154721492073,0.17806297671976262,-0.2071821827174355,-0.10509109870663434,-0.010796431271096914,0.28742125135889696,-0.19745351217517035,-0.08052341815402556,0.003444087244265874,0.036460740250393045,-0.1837300198726541
305,-0.014929406047212568,-0.053722126863453463,0.16653988095491756,-0.19406554757855646,-0.10983861848045119,-0.016160286858480286,0.27449094632518073,-0.19170960491666444,-0.08016854309795794,0.004327695984894628,0.03851976440480752,-0.18241479430851715
306,-0.012733113320369568,-0.05085689929314537,0.1636404949505652,-0.19439784633809531,-0.11456663385295182,-0.01630958363181169,0.2682396881738188,-0.18562884432597548,-0.08266796220217822,0.0042429033216440015,0.037671694063246164,-0.17892640475866195
307,-0.00999612959188535,-0.04949293708210418,0.15469325643798698,-0.18889382155218318,-0.11900758185166108,-0.02488278184273651,0.2547862181737805,-0.18658566249517816,-0.08499977291767374,0.004117888057383088,0.042071073827682944,-0.177850976789518
308,-0.0076912566218422995,-0.04441349759128291,0.1525041130789268,-0.18395750661529064,-0.11760912100508436,-0.025461858032130535,0.24409575005510886,-0.18651959475622543,-0.08498710650086473,0.005165321657002288,0.04237761158916232,-0.1779677121088567
309,-0.015866772368188616,-0.03921845539579792,0.1488695611362945,-0.1820445192477081,-0.11337055808874892,-0.029441463879688858,0.22884648950040726,-0.1861586142197175,-0.08125561443653671,0.008859419954789373,0.04716529834877823,-0.1779460011670197
310,-0.02544105318519742,-0.03836594472051298,0.14405528382139993,-0.1818428964229481,-0.09056462486605228,-0.025796523222759698,0.21822927724290117,-0.190626560923372,-0.06829220798886347,0.00868902864284261,0.05203338343294015,-0.17817560000857896
311,-0.030433615924610795,-0.0343777958134806,0.1393029275792136,-0.18594376678499341,-0.07226729305134556,-0.030183028755588356,0.20861739603823115,-0.19061147067955,-0.031592128311093544,0.0062272265607720215,0.055210894988285325,-0.17656549831792803
312,-0.039675203695776796,-0.03388114889500606,0.1349954733580656,-0.1864767886329109,-0.042273232268924,-0.02993884100500143,0.19963156102876528,-0.19075785321613611,-0.010471283138313138,0.0011317561190986823,0.056575680357766875,-0.17340731353740219
313,-0.0522503032134697,-0.03395206688858597,0.1276900043227712,-0.18664454945519512,-0.027538828911754132,-0.02704582982891466,0.17683890394978896,-0.190364010637522,0.034713322581209495,-0.0035618949124277136,0.06217216675480893,-0.17334030534386857
314,-0.06690877157299473,-0.03321977225177174,0.11393638071239731,-0.19179700974546404,0.006682600169809724,-0.025528683015085228,0.17328075777938115,-0.19256406620611477,0.08871597831522823,-0.008264897413201628,0.06410720702269915,-0.17696983958235873
315,-0.08415742641557347,-0.029235346926875627,0.10811815635938926,-0.19493322979301814,0.04020873087418228,-0.02203518279146428,0.15834682839844927,-0.19541168185551855,0.11226076497977092,-0.012844905690565976,0.06014819841110887,-0.17778590390135374
316,-0.0965639950193246,-0.029682124825965217,0.10016469464842478,-0.19670796145780417,0.09768023204565478,-0.017466963648607628,0.14114757815907733,-0.19440813079573288,0.17450039661681238,-0.012678396502725366,0.05537714897592714,-0.1820484237435652
317,-0.10660363688350587,-0.030071451299142835,0.0942687122174022,-0.1991357935377568,0.16953157509364336,-0.008323971418398026,0.13478800900875743,-0.1985093521206101,0.34469399748668733,-0.01247390618414525,0.050770645128798385,-0.18215540808100578
318,-0.12460154916331731,-0.026833430824135092,0.0859117392469691,-0.201954873916912,0.2433481148055601,-0.008113286742957353,0.1322565650625857,-0.1992433374108764,0.4029222663337383,-0.014355444826984854,0.05049615891859941,-0.18223086205559585
319,-0.15231676348438491,-0.025202451200346226,0.07633289329395185,-0.20370846987807767,0.3511318552477131,-0.0037590722548832534,0.11855848512810951,-0.19932385864941607,0.5126862391779464,-0.017795580327267524,0.044990153155375266,-0.18219421394473836
320,-0.17058600083136383,-0.025452340697051046,0.07175728827891918,-0.203128703752113,0.4446067946282216,-0.004375597118446917,0.10298159788193484,-0.20372420160240812,0.5802835386400891,-0.013947740349030228,0.04240559113694059,-0.1822058847245534
321,-0.17957176634024186,-0.025423663271037338,0.06596119841774674,-0.20764994457327,0.5408054884058431,-0.004202548170916333,0.08890255432637945,-0.20325409383671794,0.728257730151881,-0.012528058518720131,0.04025076888466331,-0.18220280190557145
322,-0.19911706947279434,-0.02544310550579431,0.05875886116315783,-0.20755691432972642,0.6485450385756558,-0.004244990078265432,0.08455073449469594,-0.2035285235929167,0.8680874984397711,-0.012733250084886585,0.037666805499000526,-0.1822035097155045
323,-0.21950129610855793,-0.025240392986747656,0.058074793131206594,-0.20765967527356072,0.7092506614115505,-0.004235851947415085,0.07771051797460733,-0.2029106971111481,0.9748594219980443,-0.01271279077833289,0.03860600757680229,-0.18220336987334296
324,-0.22473687673203413,-0.02664933382654748,0.052662350840057395,-0.20759513193476156,0.929959631234856,-0.004237389026738466,0.06539733016895671,-0.20638152294004614,1.0803700544318047,-0.01270241254344902,0.03429407079900473,-0.18220339202792027
325,-0.22972177867597046,-0.030086849649050222,0.04813743036874639,-0.20773963171131227,1.0131415807912356,-0.004237446194107416,0.06180347792712578,-0.20743864948441498,1.174326130770021,-0.012773389459402828,0.03389288046599823,-0.18220339020641407
326,-0.22608092497076704,-0.029663424981928036,0.0433630314647735,-0.2071701880113882,1.0852704695473256,-0.004238264424432515,0.05677202052512884,-0.21149341587077708,1.2317508520094067,-0.012375865708067571,0.03395315527126215,-0.1822033852602491
327,-0.21701716830207612,-0.029261805729247355,0.03877056115425936,-0.21073466497776144,1.1453968511184196,-0.00422591047091704,0.052189676679314456,-0.21185711813340632,1.2842677272527516,-0.014759741143268477,0.03325345312084463,-0.18220342106240148
328,-0.21199459640818857,-0.03294289093717538,0.033935423901249095,-0.21200186708372623,1.1685445694765746,-0.004310002524908369,0.0472021632686194,-0.21188542702024896,1.3348349122225303,-0.017310182652270203,0.028177344054664752,-0.18220322327197827
329,-0.2026962917486659,-0.03426029196333376,0.03372986887603287,-0.21189353986152035,1.221796006055036,-0.003865371634876844,0.0429910463877055,-0.21185594391436718,1.4178190602681588,-0.016872574076873342,0.023222757367678593,-0.1822041450745948
330,-0.19229767684157575,-0.029689248016250412,0.028719184961398216,-0.2119966659395022,1.2640889348884825,-0.0064775406461377825,0.029231873847667955,-0.2118669617102971,1.4492911450564636,-0.01698227843749842,0.020750162904343422,-0.18220040626074985
331,-0.18113566613362,-0.029795203792127613,0.024215199098010398,-0.21642441035088275,1.2815021880654596,-0.008687598677779764,0.024948198464940473,-0.21186361150929087,1.4326235553747926,-0.016919548545556384,0.021725018102047404,-0.1822133952945213
332,-0.1821082269804836,-0.028932596786437104,0.01912080651358543,-0.21598627787392013,1.23282959757131,-0.008829443352075386,0.0196976673362006,-0.21186518194184267,1.3942224108436438,-0.01672335853711274,0.017499482253473718,-0.1821786370255088
333,-0.18453790516899854,-0.024670779542786903,0.016617394372677962,-0.21613410352665088,1.2276380278707577,-0.004702592629809334,0.01688760616575917,-0.2118621648378502,1.359755791822381,-0.012364445172175447,0.017077796320770222,-0.18221059605276851
334,-0.1850695160969612,-0.027412138549055592,0.017054250463881475,-0.21609595126582914,1.1405785104130555,-0.004221419331855619,0.015213490117397005,-0.2118704508859866,1.3238552942963717,-0.012763651554764334,0.012630772104445485,-0.18265216742467671
335,-0.17125357139164454,-0.029765760630806957,0.01681643827658126,-0.2160938844854896,1.0905177593607174,-0.004293006088862416,0.009990840146874654,-0.2118578511172045,1.257825158580008,-0.013016366814996584,0.012277246693493688,-0.18600244662603227
336,-0.1394043057396519,-0.031814994603534104,0.01727145972264918,-0.21613424064847664,1.0478265451512778,-0.0035455113367978664,0.0053313527285310715,-0.21179661508710243,1.1437071036557869,-0.010569949003140545,0.007960261770699925,-0.18162661342328135
337,-0.1191813914143052,-0.040270103469593185,0.012786520625453445,-0.21601406186650235,0.9856968787255567,0.00044949720195319715,0.0007044509684349099,-0.21257716153534445,1.0823959490181116,-0.0061870635124896475,0.008884844351617412,-0.18235220130497742
338,-0.10055483021616016,-0.050099011861502896,0.01251851136111556,-0.2161883330842659,0.9016978781542125,-0.0001294458272242573,-0.004189853761144006,-0.21652868830785696,0.9223185542512172,0.002950059339567988,0.00662332578833769,-0.1821699500876829
339,-0.07298532171811555,-0.05507842258874068,0.008259533847931676,-0.21175679924025695,0.8006257361010877,6.273201542288532e-05,-0.004466161019380039,-0.2160863646678909,0.8495934856485026,0.004104178304246464,0.0014743662855069334,-0.182209821164239
340,-0.023528484396848653,-0.05968152380522197,0.007508643947310079,-0.21108824330450135,0.7268000668325695,-0.00013479641854267699,-0.008734314591575636,-0.21568106137847554,0.764516300206568,0.012924074549639755,-0.0029978443285377733,-0.1822024026982787
341,-0.0026233359510344917,-0.06553198869267622,0.0036416380573060106,-0.2083641630638788,0.6870967955493648,0.00042109941590183324,-0.009252700605661579,-0.2190970364279928,0.6900496679820122,0.026455216482346687,-0.0082542658731905,-0.18220349625876894
342,0.024203323334770436,-0.07236903214939856,0.004822966053416566,-0.21241723018882747,0.5515371828670478,-0.003917456693940495,-0.015046459987422635,-0.22052094326875882,0.5252839966186769,0.030512083293591646,-0.008382944761551934,-0.1822037062068536
343,0.06506525756393386,-0.07485463266738426,0.0013522866529604794,-0.21184706241735435,0.4902961604886876,-0.004231496827435144,-0.01688536813125961,-0.220317364546311,0.42742822637206085,0.03569658262500292,-0.017598324231972697,-0.18220014763649836
344,0.08995080121465121,-0.08565484959504716,0.00020884731883149144,-0.2114342826490699,0.37311246796056385,-0.008975614254526537,-0.01943645361535627,-0.22032904617522228,0.3518617390601934,0.03934604973374054,-0.02215713616743708,-0.18222361803170095
345,0.10332826256413281,-0.09261532306655515,-0.00374252653321406,-0.21531557684948635,0.2252009389032284,-0.01389202803404892,-0.024548908156689413,-0.22048382127494892,0.23123956848221724,0.050217506467934984,-0.02549691509571023,-0.1821019726408844
346,0.12618463220150228,-0.09257415631202878,-0.004181254343110752,-0.2161470933424574,0.2007074830464861,-0.016714969693515793,-0.029142558209823505,-0.21925720590067194,0.07614130703592169,0.05864350149544297,-0.027268108400672682,-0.1826416564111898
347,0.14027869674838964,-0.10101852388351332,-0.008764789666247014,-0.21609052230903938,-0.10959421593766575,-0.02051073108042849,-0.03391163702859674,-0.2159076790040064,-0.2003220517852502,0.06283076433256378,-0.02962552508341746,-0.17926410667522003
348,0.1443060804407945,-0.10168340685201407,-0.013570629331308579,-0.21118022079253895,-0.2621094342709034,-0.027347262420153277,-0.03384356577887109,-0.21445346213564323,-0.28915398557227007,0.067591240309839,-0.03257498482072991,-0.17768193391707174
349,0.14347820981547835,-0.10180664241862658,-0.01704108183269185,-0.2075486212685041,-0.29448384471311667,-0.038647001644311965,-0.03391949028830854,-0.2087231254107497,-0.38575724419830465,0.07211224278397825,-0.03409440067507013,-0.17818268059658587
350,0.13619650993812724,-0.10105198236464466,-0.018424478393391296,-0.20633374925962533,-0.37675806008071655,-0.043311216342170084,-0.033899318288719574,-0.20746741703449403,-0.4487809505052802,0.07265171763070913,-0.03387782671392181,-0.17364347463987612
351,0.13081387316670506,-0.09568554033090701,-0.021639052056129565,-0.2028977223929343,-0.4866848288652144,-0.03831105979524304,-0.033862890038448834,-0.2076480854206425,-0.5031108956891511,0.07658308908268113,-0.03389674017584037,-0.1738458835427126
352,0.12976175374525611,-0.09278703330354482,-0.021076930820157446,-0.2036169791129765,-0.4671006354587984,-0.03809275879975722,-0.03405220779091882,-0.20762670822285292,-0.5256372149174999,0.0769349743983243,-0.03389998171597903,-0.17344898211885595
353,0.12047702007584528,-0.09374511118223365,-0.021238472250634483,-0.20292786623500708,-0.5299658981495989,-0.03360673872992503,-0.03333859583294274,-0.20761942817604648,-0.5468220729837111,0.07148756463160999,-0.03389758904117022,-0.17532565159563754
354,0.11832839876743113,-0.0902095871246936,-0.021089578070643048,-0.20698766780655964,-0.7621993776614047,-0.03398600180141084,-0.037846451558530246,-0.20768435743942873,-0.8441416198253822,0.06761295903545055,-0.03389897400977879,-0.17839312632621168
355,0.11876820223880027,-0.08877955372126242,-0.021341142099996286,-0.20768348811552143,-0.8628993635007957,-0.03401813700919764,-0.03416590167558677,-0.2073005948480035,-0.9621510210807577,0.06448361448794324,-0.03389602984864609,-0.1778353504079863
356,0.11413019251761032,-0.08904704102065708,-0.016856814008053184,-0.20763428367769818,-0.8373659287535822,-0.03273498003304565,-0.03392640335166685,-0.20962077406241605,-0.9107927302193574,0.06337451705057492,-0.033907271419498224,-0.1781213865029523
357,0.11018219973267121,-0.08901665809832941,-0.01663847325346849,-0.20763092132134298,-0.8209459265489947,-0.024207621416897366,-0.03400755765712956,-0.21211274519356327,-0.8936986510787204,0.06348699279367204,-0.03386725922790345,-0.17762269999897037
358,0.10844769567734773,-0.09388923699974015,-0.011280247629780435,-0.20756240914877136,-0.7843262451510788,-0.020598655197896717,-0.03288565012743352,-0.2122299850749292,-0.8629100159588926,0.05983170748668702,-0.03398239411541742,-0.1822034264512755
359,0.09955901467451082,-0.09787056204591739,-0.008055013797132438,-0.2079783052802101,-0.7520916185282845,-0.0216009748127182,-0.029194604316219036,-0.20822407948441762,-0.8352252947621632,0.0694750665709198,-0.03380764765942227,-0.17767729879187844
360,0.09534191866089496,-0.09672356955409665,-0.008984484662499658,-0.20549074035280446,-0.7258090798695849,-0.0171763402280073,-0.029805889825577487,-0.20758675624721853,-0.7916923020014541,0.0734146235135518,-0.03830732193302681,-0.17787470509331704
361,0.09145074572937271,-0.10136133462309192,-0.005819843270702578,-0.20301192575978563,-0.6644746796917667,-0.0170317342490489,-0.029513671257856627,-0.20762859228803104,-0.7084603593344859,0.078412513589989,-0.03821437871561879,-0.17941009765189672
362,0.08015588581338373,-0.10668459300462553,-0.004089557218750988,-0.20356668332120278,-0.6169193752647617,-0.022546010659575264,-0.0300868625457883,-0.20748236382349636,-0.6759563447870502,0.08294286113049382,-0.03695458529311108,-0.18224458849005024
363,0.06893221485545022,-0.1057818553737696,-0.0039319268333243545,-0.20307881923071255,-0.5626038494951074,-0.03022901033370857,-0.025916171330222244,-0.20871076933902494,-0.6093626439697999,0.088232933545088,-0.033438974841480416,-0.18467072752771158
364,0.06374478809817447,-0.10595234263926526,-0.008248281459663769,-0.20753050020086128,-0.5023667301895912,-0.030612430658144844,-0.02539809881476407,-0.21269613761578743,-0.5472535587788951,0.08886095687632364,-0.03400707070652563,-0.18680574341153058
365,0.05894679481635248,-0.10594003273856507,-0.008449246311043825,-0.2075589836649601,-0.4824373399543151,-0.03659916753674601,-0.025408788736838342,-0.20942578982274956,-0.5052612608796607,0.09298788439694293,-0.03387529330773182,-0.1861611968193215
366,0.045639669416984364,-0.10594566516296293,-0.008505425472990073,-0.20782770357863362,-0.4569235790101268,-0.0379184766482142,-0.025444167637278484,-0.20733096373276258,-0.4584547398415837,0.09756813472278804,-0.03390406620296898,-0.19043980405767214
367,0.039697308251127654,-0.10560181524082599,-0.008404162372538108,-0.2064236045730873,-0.39701384675538026,-0.04132215703633914,-0.025339307296681653,-0.20770376549049815,-0.4303042244152267,0.09757016313929709,-0.03389363885074797,-0.19504522752379283
368,0.0268102081566888,-0.10037767433496944,-0.008810244619295582,-0.20292537580904946,-0.33044874887375975,-0.042452339363907236,-0.025833066838222618,-0.2075616654897365,-0.3859876129702068,0.09622578853322074,-0.0338950163793687,-0.19484723968367165
369,0.025621813985744077,-0.09710700768569284,-0.006481700341446957,-0.20356224054395028,-0.31136518132154906,-0.042456502955365696,-0.02297446818930109,-0.20757097081404913,-0.3382895483767609,0.09306527778886259,-0.034010027415429384,-0.19491705980652774
370,0.023400101414924553,-0.09762204993883095,-0.003864113248650052,-0.20311841523924692,-0.27318666308070855,-0.03782487716918367,-0.021315519291282236,-0.20310962392517654,-0.3050371672781354,0.0913248265852117,-0.03299766202624227,-0.19501791937255122
371,0.01768265977503511,-0.09711436276420998,-0.004312573678716698,-0.20419914285379626,-0.2609379858077882,-0.0331167922977854,-0.017850525754955802,-0.20343757548911728,-0.2745626703618002,0.08608627191413014,-0.029116944826184932,-0.19444678805239396
372,0.017280307567834826,-0.10007261273696443,-0.004224311493640955,-0.1955728847925469,-0.2487411005267771,-0.028684357773134928,-0.016768022761637184,-0.20370583577711016,-0.26512226288156426,0.08142577718077032,-0.030184497032482115,-0.19798175202948817
373,0.012795773171580198,-0.10553655626508848,-0.00423959194810201,-0.19491327081171608,-0.23372045767776636,-0.022029482903772112,-0.01693481369948876,-0.2012711891409312,-0.2460369052156391,0.07673785687979151,-0.0270536964356022,-0.1990753741184317
374,0.017030668663646123,-0.10579544775221678,-0.004238529006725567,-0.1899730629505582,-0.20679493374744473,-0.01441376697234107,-0.012813580299647092,-0.19889164561187483,-0.22461672356394355,0.07199513230397045,-0.02502361816470968,-0.2028964501918292
375,0.01673791199725275,-0.11025910927807174,-0.00420903189141324,-0.18639195543763107,-0.19962653669769928,-0.009780666086945044,-0.017669975786014248,-0.19890982218972106,-0.20771753874088258,0.07217664712279055,-0.02587568141776892,-0.20764433971904922
376,0.01788353605652053,-0.11008541949707594,-0.004441677113638938,-0.18505666066631885,-0.181491667054676,-0.008189413872458381,-0.015394047970101679,-0.20260374973126904,-0.1955833489275725,0.07132549197738682,-0.021202451188440215,-0.20847337382874545
377,0.021543745963144047,-0.11019970691550021,-0.0029342587234196696,-0.18217610611906884,-0.17244239293235122,-0.008730480228520228,-0.012428268832984115,-0.2075765126606226,-0.19084281776564674,0.06580266188436364,-0.025615583198869498,-0.21801647239340854
378,0.021475670003667173,-0.11016721588094222,0.0008409014607259681,-0.17966926914136516,-0.16373142144120117,-0.004354796983031485,-0.012316011807027055,-0.20761210259137095,-0.1815130851840242,0.06355292956457162,-0.025469055190256527,-0.22052181538643226
379,0.018736525918375317,-0.11013973668229317,-0.0025554546221598735,-0.17810118112064666,-0.1590996207359443,0.000384648596442697,-0.015894928849707342,-0.20740235275008181,-0.17792439434913307,0.0614243095643547,-0.024310538507009146,-0.2203907777362012
380,0.016651323222103002,-0.11030000273254802,-0.004596392923636287,-0.17445035554354463,-0.15683788586705313,0.00492685070349074,-0.01674604949276834,-0.209233531928339,-0.1769531809817139,0.05590337001752434,-0.020722293292335263,-0.21994846034189355
381,0.0170002125288972,-0.10969965817207387,-0.003915322140194257,-0.1736277319943532,-0.15417058285261787,0.010989626872533926,-0.020982318596098344,-0.21035925095470215,-0.17181742916781867,0.054840229050000126,-0.021297174728583695,-0.22350704048762132
382,0.016943084645628537,-0.11387928764156757,-0.0079480511960307,-0.1736240565542932,-0.15217370174552944,0.019420659565566392,-0.0212438074863549,-0.2074625255034209,-0.1666216854916771,0.055266021725605755,-0.02116544470394039,-0.22797849771719958
383,0.016948968838090772,-0.11429172036571916,-0.012732242650538907,-0.16880258590278777,-0.15288363817829162,0.022527156789157975,-0.026293822500879877,-0.2051500720938906,-0.16546747216687124,0.046007386265760994,-0.021182891156120258,-0.23727432247930963
384,0.0169514703151908,-0.11874263303082412,-0.012653529938845538,-0.16387727937689303,-0.14840327218970698,0.033898383204831746,-0.029915499319953753,-0.19952984400309873,-0.1617178631912351,0.042339118088891854,-0.02120372664184054,-0.23745849136938618
385,0.01693403836498477,-0.1187965217105915,-0.01278806272491081,-0.1609099186832736,-0.14835313986213725,0.042213491414658556,-0.029830936181290776,-0.19928488745807924,-0.16094782078424172,0.04146353543260796,-0.021189348637596153,-0.2426859595262914
386,0.017032985370679512,-0.12534984390491988,-0.01239595790187125,-0.1593937745147497,-0.1482839519321114,0.0421835046693278,-0.02797935773734096,-0.19480335535132176,-0.1609804812449921,0.03616838093642618,-0.020797779403383676,-0.2471234020052807
387,0.016550467250036633,-0.131942770616358,-0.014570127114038399,-0.15374228315084634,-0.1482877044410333,0.04660344056435407,-0.02235738548306443,-0.19482243512907818,-0.16144576850483722,0.03175516388435388,-0.016558008389221036,-0.25255654409979955
388,0.019370782449883106,-0.1320480212745518,-0.017372289530001403,-0.15224602462739606,-0.14843140060210047,0.04582162788323063,-0.021039926220897006,-0.1962241170137367,-0.16674490288103103,0.02626390879442937,-0.01700925428016528,-0.2537091879747769
389,0.021458012479453368,-0.12594747254182165,-0.016746979931495546,-0.15289793004991747,-0.14774569636640456,0.03747088466911174,-0.021128872243960706,-0.1979675375897773,-0.16993063272728876,0.025957361581106203,-0.01720986917179077,-0.2601863111894068
390,0.02123707344402078,-0.12302655534606714,-0.0173518651354336,-0.14838016332781834,-0.15162760967389313,0.03768669698948366,-0.021276802844498406,-0.19438963289055666,-0.16894205736874784,0.01776182155396892,-0.014885138915595458,-0.2664647108028979
391,0.020947674308549512,-0.11621636447005745,-0.013065181222204144,-0.14809515356854222,-0.1493591014380876,0.029518251325822618,-0.01677319717831558,-0.19502847528347417,-0.1724643509504703,0.012650745916987945,-0.009196037115252678,-0.2709650143371222
392,0.025417222530912244,-0.10638420686253626,-0.012710145639264446,-0.1438639972981369,-0.14817794104376333,0.025213095131516733,-0.01695128827566098,-0.1948881559427975,-0.17353861442318333,0.007851677208361064,-0.008719016125484712,-0.27549505748950104
393,0.025361089413693545,-0.09687984423619825,-0.012696546623482286,-0.1429469520194949,-0.148306269247236,0.022577427330469642,-0.017500213645839077,-0.19493551892367325,-0.17756756639860893,0.0033224572292933022,-0.0043992465052499164,-0.2760895446678591
394,0.025441542745137616,-0.08289495387968557,-0.012706034087538984,-0.13965059449890962,-0.14831097010001368,0.02089940738294842,-0.013395494014766921,-0.19491696890297558,-0.17796425809370883,-0.002618343965849994,-0.004160631946719799,-0.279815449558547
395,0.025471818364093582,-0.07510976506913764,-0.012785208716898139,-0.13794378625570244,-0.1483025325109804,0.021378665430958278,-0.007983274320476423,-0.19453209989832532,-0.17798621230784442,-0.01351077514872117,0.0010210756654017955,-0.28146900498439814
396,0.02515157347203773,-0.06876492085510938,-0.012346795960810585,-0.13284273480277062,-0.14830587501909698,0.01685168047785708,-0.006236241755927129,-0.19021603938740417,-0.17795774424190794,-0.016934327913619093,0.004073863217186385,-0.2837756424702297
397,0.027286600703975504,-0.047778334744783,-0.014965080291988965,-0.127718286619927,-0.14830488659370095,0.012026451555411655,-0.0005004850773589954,-0.191122469848273,-0.17796873663375604,-0.020406325540606597,0.007161516394076007,-0.28716570730351176
398,0.03302045573516935,-0.03469615883739424,-0.017629097264253532,-0.1272182573694125,-0.1483050885137861,0.008404763779033248,-0.00013358613821571295,-0.18866251651846802,-0.17796489916546304,-0.020373441470472754,0.015483120363953821,-0.287228787628389
399,0.03353928848061476,-0.02816478656258815,-0.013793837508785194,-0.12287217192657697,-0.14830524031144598,0.00695069107458007,0.0042449474696982376,-0.18595362311293315,-0.17796853679714142,-0.033565841397093114,0.019431792293190468,-0.30007129578987674
400,0.0379987523069504,-0.01836656670308131,-0.009045090579532556,-0.1185673467587267,-0.14830457481246861,0.004630353366969993,0.009029968694736847,-0.18697348706253278,-0.17795797804010324,-0.03393336932956812,0.024815496521378225,-0.300744265278486
401,0.033941397138438294,-0.008785372747881437,-0.004270989914497505,-0.11782932637193419,-0.14830613278826266,-0.0009094889555540139,0.013028785933148367,-0.1826462866172276,-0.17798866163166502,-0.03913149245927812,0.025308728173434082,-0.3013473645956625
402,0.033679161177090244,-0.003834603570228451,-0.0042887364994929145,-0.11424242913709609,-0.14830646502999006,-0.004384879259313367,0.012636447882618487,-0.1822870878512686,-0.17793798317014167,-0.04357594695947687,0.029612382431845104,-0.30627532449159633
403,0.0292549278800432,0.00528835302717832,-0.004166261413617372,-0.11262265636604432,-0.1482729558214941,-0.0076918757179737845,0.012628901182644063,-0.17784452806083914,-0.17774187161594815,-0.04880795689157325,0.03406937635710688,-0.31128554551104676
404,0.02979538574680557,0.009766298082183439,-0.0045374878931950715,-0.10966441373927913,-0.1485366865785835,-0.008654627776166815,0.013158780091227005,-0.1773041565751656,-0.1733070623043567,-0.050917713359300454,0.03382312105114781,-0.31385475860595574
405,0.029605955522227122,0.013080629195899526,-0.0024719819185807534,-0.11061048596600755,-0.1468358019625957,-0.003997788324955101,0.009647736194124503,-0.1737856873410048,-0.1742199448606878,-0.052945576856701794,0.033921527698667936,-0.3136341104447671
406,0.029754427762236524,0.012729350056125677,0.0002915048859299002,-0.10683174012640714,-0.14363385108400412,0.00012173691934229754,0.008304285432902474,-0.17048328486958536,-0.1714933523722107,-0.06182587654596036,0.03389274779576829,-0.3130899858915233
407,0.029331479184962886,0.012276495599314909,0.000359361933549095,-0.10206502932602896,-0.14416742007951897,0.0007894229129547023,0.008491884528459543,-0.16284687773241452,-0.17161114999234078,-0.06767559519135101,0.03389737717158146,-0.3175929955625112
408,0.03256734746187295,0.01595319435881369,-0.003289366388137114,-0.09742987116031397,-0.1440405318855494,0.005687844137620407,0.00847862805468723,-0.15530646631797446,-0.17364968456575136,-0.06783115456571547,0.03390655290406007,-0.31356436516712044
409,0.037853551913110045,0.0170846098435597,-0.004434038842916774,-0.09664332275397156,-0.14409483781526886,0.012476090096494984,0.00843711792684103,-0.1489739814149128,-0.17719708319837502,-0.07269427601738973,0.0338727507766951,-0.3092574300980471
410,0.038104005927113854,0.016939747179414343,-0.004159855007481084,-0.08700652024121196,-0.14402959484174035,0.020713789677849752,0.008721627015347407,-0.1444854331298243,-0.17799089476127455,-0.0772569612269597,0.03394476726747471,-0.3084848743131685
411,0.042890575201585755,0.01694283322116886,-0.008660258056578064,-0.08507084743873061,-0.1439029122494176,0.018125496794605664,0.006926374801914597,-0.13973449999906679,-0.17788666399710928,-0.08245098043015772,0.034022894575703594,-0.30484107473137034
412,0.04616992474360783,0.016985216693780163,-0.00838091107249927,-0.08132614631640393,-0.13950065377235363,0.016706513480712743,0.0038145334273833333,-0.1342874933019202,-0.17340860871271643,-0.08467063073840418,0.03845450639647779,-0.30363761707884496
413,0.042055181722549066,0.016733092229801693,-0.00850417036654102,-0.07049989922246895,-0.13992918669021406,0.01707296374816777,0.004319733208078339,-0.1268693699961332,-0.17391100789054328,-0.08729293682480592,0.038020766564214374,-0.2977117877441705
414,0.04118605060944464,0.01832555747563314,-0.008473122784508465,-0.06465494765748482,-0.1398876101482758,0.01255330201070013,0.004258119219505432,-0.12411619540902308,-0.17334118482700914,-0.08936253537013997,0.0381678337060695,-0.2968910658677121
415,0.03558902331346239,0.023382926209448658,-0.00844539342440949,-0.059671165059526306,-0.13943724024375384,0.012805060355011257,0.004134907536015502,-0.11817795828710359,-0.17590205883697463,-0.0886304282764553,0.03812988868013697,-0.29284577776445925
416,0.03316973232392095,0.02839779861058562,-0.00859662648884905,-0.0593919365726436,-0.14246279034568968,0.012665790160630262,0.00435896387058742,-0.11607966141328967,-0.17827178295223922,-0.09310971834320099,0.03812792686464951,-0.2924466006350844
417,0.0373335249658812,0.029964519562465184,-0.008055468777229964,-0.054876335717122096,-0.14471795764863965,0.01279813262951055,4.813489839112649e-05,-0.11417400723664108,-0.17801458199129358,-0.09316747947192643,0.03816723096909885,-0.2879870537765724
418,0.037952918950320005,0.029327788279783072,-0.012214241018578268,-0.05536893010424727,-0.140267597132242,0.012366587439605127,0.004737707748736811,-0.11435746579320921,-0.17769484595618623,-0.09329525965964053,0.038052922316725725,-0.28767426899314585
419,0.042248060967470295,0.03380864475237913,-0.01274123714258041,-0.05380129242574968,-0.13980953901400048,0.015144757843068405,0.0038024261608273166,-0.11445047311806689,-0.18215992863506095,-0.09290740337370129,0.038195517085987035,-0.2824640786151193
420,0.04232895530990409,0.03391743905552115,-0.01270890980066773,-0.05077550219391075,-0.13979840323805426,0.0201854381218746,0.0060226146110080175,-0.11008237268795462,-0.18210137236765625,-0.09508198041795639,0.03376097565515593,-0.27757181591305313
421,0.042368322713413085,0.033222108479723185,-0.012862398936070557,-0.04867521570171701,-0.14001636574876708,0.024815679904300822,0.008820035368644785,-0.10891205871538692,-0.18257704041714704,-0.09749655351384186,0.03325120648759997,-0.2748925665425848
422,0.042557271677269165,0.029489878924831348,-0.011627188661312552,-0.046152922433217204,-0.13861383578394074,0.029585088687590418,0.008580951040685302,-0.09922852798964439,-0.17984045162127887,-0.09998658943956021,0.029172212226376584,-0.2762882769970902
423,0.041124587653006424,0.028088553067783822,-0.0080196871047926,-0.04705330269520066,-0.13515000580103995,0.03462596516491615,0.007871540021594025,-0.09815100421816529,-0.1708418064588764,-0.10499351815296247,0.029819946758448082,-0.26861741802019656
424,0.035558486533184275,0.025013748397528908,-0.00857952748325928,-0.04276742971300517,-0.13566857186332684,0.04303586105306027,0.012864191711432334,-0.09211721110964423,-0.16964002547516085,-0.10992281326843087,0.02950125991744487,-0.26297511516576755
425,0.033635005942952836,0.025394250335362856,-0.00848236561971827,-0.04237128952085251,-0.13569220149434813,0.04217300886535624,0.004241558850741111,-0.08964389072572779,-0.1668978406856951,-0.11015816892146475,0.030149791532340143,-0.2583017898331383
426,0.03397786490014909,0.025825505192876685,-0.008365072425787658,-0.04170481564014988,-0.1352044334541428,0.04235981828819606,0.00399944259141898,-0.07850398039444201,-0.16137907223336792,-0.11018814576385186,0.026027214492474877,-0.2534128312548235
427,0.03380414408397891,0.021618377032142404,-0.008797038371382368,-0.03243916652520155,-0.13947491011625418,0.04266453910631679,-0.00025252006583424165,-0.07213983861414058,-0.16112646190913077,-0.11014832472501765,0.025570128066187015,-0.24983454963727875
428,0.03403004183189519,0.02118471416216683,-0.004394371904926761,-0.02842285926329219,-0.13982879267408074,0.039998151340891935,-0.0012122229068913413,-0.06735485452494765,-0.15662001590899782,-0.1102516634676684,0.021132123519089815,-0.23756196093252993
429,0.029525473413512113,0.021436782294629926,-0.004273880182612009,-0.023058272074963644,-0.13984699177390392,0.034258284820284673,-0.004716534762440314,-0.05821579599704742,-0.1570129614458716,-0.10979796478181002,0.020668426173994624,-0.22069976776234984
430,0.029740939637128115,0.025799682624367604,-0.004213102300969242,-0.021140130375113895,-0.13983676703128448,0.03440810376744546,-0.004127686007863885,-0.054114318267495735,-0.1557444585503944,-0.1116709374306376,0.017407978278906503,-0.21800976383091653
431,0.02967864708372291,0.02528103578443948,-0.004250367975738491,-0.01895182227569427,-0.13975419250295185,0.021174621296128845,-0.004257052595041637,-0.0478449091462915,-0.1514565147296526,-0.10006005614765567,0.022123439603737832,-0.21269195197085314
432,0.029419180080200242,0.02556245222296578,-0.004209819295240047,-0.01002062415087463,-0.14020407939548335,0.0013284842163300001,-0.004240631656221783,-0.036879692966575714,-0.1567742860146546,-0.09576486932539285,0.018922316943353914,-0.20842511640149172
433,0.03130362761624155,0.024956897612083258,-0.004351265834842485,-0.00432465954671026,-0.1374615616099288,-0.023865449587551036,-0.0042244964300458465,-0.03410699108907367,-0.16461758508102636,-0.06028581378579227,0.01666452254679012,-0.199143500584384
434,0.03699461937623738,0.02834049447325944,-0.0037808567151321536,-0.0041606684126941915,-0.13485518754688444,-0.03655998826073437,-0.004209222603776477,-0.027821347039881778,-0.16500725145566236,-0.04990954110811111,0.01689514805174812,-0.1937888871437074
435,0.03797625371473058,0.029647376018469104,-0.007399074979437311,0.0005976007467289515,-0.13922084070756904,-0.06641983929761117,-0.004742657081640343,-0.017624634015019767,-0.16904015608728423,-0.018010511239723002,0.01724738867550748,-0.17948099953327643
436,0.04149992162892591,0.030215447608368664,-0.008629295341977306,0.00628224116875291,-0.13984077588604626,-0.08302941262154218,-0.008897829745264534,-0.012666740610887562,-0.17382598984982012,0.022929655178315054,0.012810217074599544,-0.1718830644175567
437,0.04629762664232361,0.021257904848178362,-0.008460433894334285,0.015072858022802133,-0.13974248761155494,-0.1062678422589662,-0.00835216525841093,-0.007753701101410115,-0.18259409020043973,0.0674668749724887,0.01276353116229568,-0.16801529273787913
438,0.050901081977928815,0.020740360308812992,-0.008472490627101394,0.017169359017993623,-0.13529594537784137,-0.15925189540914578,-0.008505219232262712,-0.004369776822085482,-0.18292029930718945,0.13910382527027407,0.01268295471471476,-0.1596640095383434
439,0.05128890829613294,0.011619820332424546,-0.00847640069814707,0.01690044863867321,-0.1356433946959698,-0.2049094027874317,-0.008467809213970601,-0.0014016926318573585,-0.18697616175439954,0.2138303283556165,0.012735712033019705,-0.15487466727975788
440,0.055530601061335186,0.005268893204353897,-0.008472431247350715,0.01695893394312133,-0.13590431265046996,-0.2381677507407759,-0.008475899382493194,0.005232851042990989,-0.18621905659202456,0.33009130264300235,0.012633986699539633,-0.13755362286437922
441,0.05494841835133634,-0.009892848632998169,-0.008483021865237058,0.016946162698058112,-0.13352062109703572,-0.28518698993290675,-0.00847426502100405,0.00359438958720356,-0.18683925410713517,0.44650594264093535,0.01303817857102532,-0.13556857841204428
442,0.05514915545030166,-0.0247628094176944,-0.008436629204938323,0.01695123738797716,-0.1310311342850182,-0.3284337022328147,-0.008474739018432535,0.007470584722663489,-0.18350968067172005,0.5054344656269089,0.010224335806679715,-0.1310282181547257
443,0.05494903877968893,-0.05020706713386955,-0.008629173460962437,0.01696549087951423,-0.13130346543979488,-0.38353091994499366,-0.00847581223312896,0.008683730772312829,-0.17867518646806912,0.5987059397014403,0.004802614950343679,-0.12507661267823814
444,0.055548610251970144,-0.05525071317377232,-0.007917115504001603,0.0167778475794785,-0.1316891430083823,-0.44834748393796386,-0.008461638545648166,0.008384500525462846,-0.17377695282908637,0.7179352555965929,0.004193670572721938,-0.11084420057309533
445,0.0514315854384844,-0.10678823740099513,-0.012413818770399158,0.018133708853878994,-0.1272440232957969,-0.4922290905062322,-0.008554948794748345,0.012901913024179066,-0.17345507870976662,0.8900500969054236,0.0042481689599976925,-0.10402975940475713
446,0.05091648424691951,-0.16491743658237873,-0.008779098597158442,0.021538085710667662,-0.12702077354176025,-0.5351746332996635,-0.00807059718091372,0.012663029186409942,-0.16959917878691022,1.023101324817969,0.0037955025002410175,-0.0978437771294764
447,0.04643722242337864,-0.20723273541287549,-0.008500897976095339,0.021520923079953156,-0.12192015684055169,-0.5639867521953138,-0.010890460177898503,0.012445381085789506,-0.1661420230766725,1.0766040455559014,-0.00035608924081252983,-0.0839166760818384
448,0.04224287569898414,-0.2501770925903939,-0.008448159532109718,0.018336084880964887,-0.11825591793039607,-0.602622349063602,-0.012574649148568037,0.014543486501962608,-0.15356289830438546,1.1315314578633695,-0.00019541111421131645,-0.07703496822703025
449,0.041841295677857965,-0.29930879099811947,-0.008484436023972227,0.016762574710632045,-0.11912388258738958,-0.6586869301437209,-0.016057499330167556,0.01733993661993555,-0.15247414549745453,1.185606509600933,0.001930643369067122,-0.06862827002890766
450,0.03582341741663614,-0.33622873545867854,-0.008472539641150497,0.016907322932307865,-0.11628180422582944,-0.6906980129795344,-0.01703744446635251,0.016868079702370878,-0.152556077765891,1.240236823781175,0.00494036754586753,-0.059231542812153794
451,0.035926527645765885,-0.3670928997430932,-0.008470966899761753,0.01695758160101976,-0.11453264200607349,-0.7168468422173682,-0.016950776983359946,0.016970194093890268,-0.15254014301511007,1.279434311408,0.0014063027755062938,-0.05830437151857048
452,0.036195156004977615,-0.4301717675878855,-0.008492495419887893,0.012471733811803363,-0.11115026037365362,-0.7374655314035885,-0.017298940050139724,0.01693227945535612,-0.15254260479107637,1.3158108178284005,-0.003794486059253931,-0.050261458624799304
453,0.03307427038676438,-0.4786494992028184,-0.00840830553239617,0.01276402813294458,-0.11002604200295889,-0.7552304256045358,-0.0215848772785036,0.01691169971179856,-0.15254244093398375,1.2852733942351533,-0.004295446675957512,-0.04884481762000942
454,0.03750037707216244,-0.49321954651236455,-0.008679745876763805,0.012986574932544829,-0.11018810608500938,-0.782152702193472,-0.021047816897297993,0.01758501846045364,-0.15254163505232035,1.2687824177358433,-0.0044508083736256,-0.03511696905581627
455,0.03818865056361342,-0.533925040105157,-0.008039676255209733,0.010843337494937702,-0.11045817990172245,-0.7941992299984564,-0.021297300487832602,0.02084547939371065,-0.15254729540902648,1.2221309461051646,-0.008866253889943422,-0.026401300075147238
456,0.038125450831709325,-0.5572446063003101,-0.01702699592784507,0.007960953110196282,-0.11483079050232495,-0.7839128412432589,-0.020848447304500896,0.014654054035314314,-0.15251649284206203,1.1582861799867301,-0.008075861428000925,-0.022279206934025405
457,0.03854401448455104,-0.5804879376516833,-0.01724193621675919,0.009030001822012948,-0.11398601452436283,-0.7424535057304071,-0.023785552022429435,0.012898370659829001,-0.1526586423526737,1.0894612646430166,-0.010246780786503751,-0.01743347191866885
458,0.0427602357168956,-0.588914950315083,-0.021446328608945374,0.004804565542919161,-0.11626914036483675,-0.7203284577884642,-0.029154502047433167,0.009864265189256328,-0.1520864450033404,0.9741564342597486,-0.01302511906743424,-0.012695423744393005
459,0.042339075429591075,-0.5813524891796401,-0.022324676990444492,0.0043717121083960316,-0.11892154205428546,-0.6367983521933007,-0.029705058066059047,0.008600338613837568,-0.15589442740402615,0.9318193656315887,-0.01295183501066469,-0.007866846739781372
460,0.04198781631322149,-0.5691631076191536,-0.02629972474202496,-7.253273118719593e-05,-0.11898279467062893,-0.6061383339107368,-0.02965821823657215,0.004786743463653469,-0.1568856002455705,0.890010805472834,-0.009735073003366616,-0.003914782038091699
461,0.044880618914957045,-0.5559566373349786,-0.022885826563108193,-0.0003069069735507326,-0.11530408890256763,-0.5275273377195614,-0.029792500673709258,3.526412242262902e-05,-0.15677851626971812,0.7987786309565331,-0.004429102035169505,-0.004340132786771856
462,0.04666227673630796,-0.533541749757507,-0.020826526671388686,-0.005481850911177299,-0.11408656024175132,-0.49613597212958666,-0.028635130748216005,-0.008883715634916764,-0.15675290442216686,0.713954983840535,-0.00422631745702182,-0.0041829272462730405
463,0.047341605431721466,-0.5189248018025949,-0.02150551781300456,-0.010050244540220266,-0.11866809740044118,-0.41747572105664005,-0.025214890699130917,-0.008683610195189482,-0.15696244155391617,0.6143266723637214,0.00022561789981817405,-0.004364314227666775
464,0.03875497445589084,-0.4826699953983864,-0.017523440826016565,-0.014823054760566256,-0.11855006722794294,-0.31967857293965785,-0.023887189414967654,-0.016111127954749827,-0.15556142193982217,0.4870050413505294,0.0003339161524266921,-0.0038106219755770438
465,0.038133005102694545,-0.4464775505152643,-0.012706157584863273,-0.019526243555252783,-0.11888685463621758,-0.2255102273826575,-0.018050530869645365,-0.02144972064653266,-0.15082983765527622,0.4029934750901262,0.00744541511604052,-0.00795039935281567
466,0.03324739844028998,-0.4195375554126524,-0.01237301248491541,-0.024296881230656063,-0.11724402297804563,-0.11570266883388564,-0.017075439181192427,-0.02388085750890465,-0.1433647525647732,0.3547209158527092,0.01432695752352345,-0.008508232146546342
467,0.02940058904367738,-0.36256459014174464,-0.008253804376443607,-0.02889780903119896,-0.11396862632217929,-0.06032906192248707,-0.013607538214678657,-0.024699975000110848,-0.13611457589869314,0.2364813839343301,0.02435442536546434,-0.008562437559226038
468,0.029686600493179352,-0.32521381760219054,-0.007366575366605744,-0.03383102402284798,-0.11450846686461698,0.05723666566904399,-0.008536019994569795,-0.03313121617826091,-0.13577630093140064,0.17394921008713654,0.033669466034037275,-0.007698964581832135
469,0.029917870561792872,-0.26953931946400395,-0.0034456203952625028,-0.0340954397739242,-0.11438080429927698,0.13868653004830503,-0.008295846397660496,-0.02975606829431326,-0.1316083703359736,0.0635308115230344,0.03360130109563072,-0.0040890585176896884
470,0.027764181122870803,-0.16363114682922508,-0.006384578712128403,-0.038331143475721634,-0.1144282423545308,0.21766300964070504,-0.0038115522151725835,-0.03407102432331743,-0.12685219478787496,-0.13406204337160962,0.03794408821514801,-0.002510254560252618
471,0.02205519439285332,-0.09887512121700982,-0.011322171978555975,-0.0392366428566091,-0.11437284612059974,0.254805607770984,-0.00470317931636984,-0.034461624240153844,-0.12191437607146102,-0.26169233788229623,0.03805037929888438,0.00040597400214344734
472,0.021479799166433146,0.0017061654452786151,-0.01598759920881855,-0.042493567082443486,-0.11432435898113427,0.31924273999630076,-0.002171215276181304,-0.038319215721566754,-0.11849975127919135,-0.36078969426532964,0.038789580965281484,-5.0894338672514164e-05
473,0.017223471980147224,0.04308113530115973,-0.02066620604491087,-0.04450647436658332,-0.10931543087072058,0.39975379714530695,-0.0016571154093980283,-0.03986957981582403,-0.11738434082715911,-0.4621541734215417,0.042549223492928244,-8.333458707737766e-05
474,0.016980450413881493,0.10350984645972192,-0.02953309388438111,-0.047087692028066536,-0.10581404516073287,0.4508610886366586,-0.006680554360970512,-0.0423049783993289,-0.11156317996230708,-0.5524185712585212,0.043833102652649135,0.00017361399596908084
475,0.007724287801554787,0.13934342932513302,-0.047185529521309895,-0.04611741994920759,-0.10476380551940691,0.5255406511539282,-0.015075695125429901,-0.04542469441247858,-0.11022349547710995,-0.4699605847493882,0.04739708291648279,-0.0043510911437403925
476,0.0037006032220673105,0.22613591511674386,-0.04825816597251152,-0.050541328637748205,-0.09944147730674523,0.5188004793819347,-0.02076087920232107,-0.046163820490532304,-0.10729401125678119,-0.780612846298166,0.04405475156181767,-0.004141379073688762
477,-0.002868621768913153,0.3062905349474661,-0.062419195724538454,-0.050835774476652634,-0.09501024381190414,0.5083373010683395,-0.025402812132812518,-0.0542320167221072,-0.09840195034708646,-0.8399510494893792,0.039139030382061075,-0.004324735695775243
478,-0.009293846553620477,0.31375783955009773,-0.07340463953514328,-0.05527795315552025,-0.08970624104825117,0.49497670582714304,-0.03046451557534524,-0.05933022669556018,-0.08888743707009135,-0.8782689949888739,0.03441081769248959,-0.003934728978333409
479,-0.00818183111569037,0.3272733662968539,-0.08320442196467862,-0.05555912938483798,-0.0891314837649,0.46867717302831136,-0.03950728378562589,-0.059781741888035714,-0.08919390924962681,-0.9029858855524797,0.029700976852699217,-0.0061660930546820905
480,-0.008906566567033616,0.3483940055792834,-0.089894871915026,-0.06122820885659132,-0.08495795064325909,0.45886476261644665,-0.04354892135541006,-0.0638008774391442,-0.08820800869688183,-0.8680124005492119,0.025330093680824263,-0.011192565103409142
481,-0.0053099376785679464,0.34877464586321927,-0.09954946708655138,-0.06345346317125819,-0.08016249710517306,0.4283939194812753,-0.0496629789700782,-0.06470536818862095,-0.08277838472963084,-0.8206633443713288,0.024655910544117157,-0.016233661067464253
482,-0.0008089678310114362,0.3301901640521963,-0.1095261201140773,-0.06604759715005226,-0.07615164397657341,0.4049174697892604,-0.06284288297277517,-0.0699567586642064,-0.0801761500543153,-0.7942027943649722,0.02095343878038412,-0.01708951738573681
483,0.00832958161482297,0.32013357281820665,-0.11016655892582873,-0.06777289470017372,-0.07522823497849998,0.38820707771746743,-0.07113742901034262,-0.07496009641997782,-0.08064673673209813,-0.7467769590384528,0.01972128280614522,-0.01696686802508234
484,0.013069834516965992,0.301566419885221,-0.11512863164981915,-0.07092670262251055,-0.07155280094095849,0.34678546501046437,-0.07555193175645829,-0.07657827260208688,-0.08025725054109352,-0.7098714545029159,0.01436565032755796,-0.021508422987765702
485,0.017450033509177832,0.27616982800643947,-0.12400515215510627,-0.07608865164370804,-0.0721526362660772,0.33840765800257633,-0.07976212865637158,-0.07594595215474252,-0.08113231456036236,-0.6230430819567006,0.009912448456343915,-0.020635229983741066
486,0.015611039925507397,0.2576275839425169,-0.1286206232711702,-0.07625406465663284,-0.0719998870617951,0.30273157930486166,-0.09348989583070916,-0.0804513928535745,-0.07213200655912586,-0.5934895657997002,0.004687610078322086,-0.02411003171503638
487,0.012565672693905253,0.23004430893584804,-0.13134081102342868,-0.07631798214345921,-0.07206901561372045,0.25218586998120734,-0.09850908993526536,-0.08053652985625147,-0.07162823069481006,-0.5222907861535919,0.004317383721651278,-0.03062976256178406
488,0.010975362618607296,0.20064801170171334,-0.13363881927346663,-0.07604413856453135,-0.07195670890037868,0.24947971307706376,-0.10672697634302881,-0.07971411480741657,-0.06197203225104354,-0.4827538057844644,-0.00024264334085759948,-0.029012481346163087
489,0.005402792896274943,0.1919610497870579,-0.13547885181380281,-0.07768806993133753,-0.07207145258862464,0.23638437193886294,-0.1057890202528345,-0.07613404743299507,-0.05896501710136111,-0.44367981145046054,-0.004466722649890835,-0.032927199476868264
490,0.0020336724493863426,0.18382045285155307,-0.1388711891530197,-0.08138179384676536,-0.0676305244407212,0.20053016175377875,-0.10556362100277629,-0.07442418319349856,-0.04754564454838318,-0.3945639849839067,-0.004154824710337349,-0.03399699628803962
491,-0.011476139439653837,0.1520006151678836,-0.13987402399754872,-0.07766474236032674,-0.06734108215567443,0.1832395852686119,-0.1086008251811377,-0.07194619369209565,-0.034117044475373504,-0.3655259345514254,-0.004260657209689799,-0.0339205032502751
492,-0.012697801118196177,0.1456690160515557,-0.13991876267110157,-0.07635281833581054,-0.06172413210472613,0.16640182668405526,-0.11034284488401126,-0.06952861778517543,-0.03425557237704322,-0.33398561467261323,-0.004232050147202744,-0.034237413103962784
493,-0.01716303273660568,0.1197172599624864,-0.13551591954370268,-0.07292198883837987,-0.059349429448630295,0.15200069754214787,-0.11035925225060875,-0.06391893732522752,-0.030568442500599573,-0.2963116852209871,-0.004236354788424172,-0.03774353442922586
494,-0.016836457887183093,0.11640887152094649,-0.13458568821466477,-0.06789969471941099,-0.0571840423169644,0.13723453828477206,-0.10618858790496935,-0.06370594000539728,-0.02572933879485173,-0.28850475326809966,-0.004244465639344351,-0.03356300831265625
495,-0.016985882399717583,0.10627876675500991,-0.12501874087789794,-0.06788773606599045,-0.05272688303201361,0.11848520445451988,-0.1016346410818555,-0.059269699922035034,-0.021066328231417675,-0.24967584073381202,-0.004218204035446135,-0.032512150569509346
496,-0.016943787126446164,0.0938691319961908,-0.12303936796533183,-0.06709851357280697,-0.043643547533311254,0.10822711915300226,-0.10107971341423633,-0.05825958949844069,-0.021524427582971125,-0.23842480707055552,-0.00425069813563953,-0.0271128590496752
497,-0.016929001101269082,0.08502936725806484,-0.12076058022578212,-0.06340041019070392,-0.042427430121082195,0.1019805107072454,-0.09729010452449531,-0.049943369913850635,-0.01918689341482665,-0.2219962442829277,-0.004514435394122315,-0.02262968756890499
498,-0.0170381723896475,0.0827036209469904,-0.11820329244873345,-0.061981665584751156,-0.03807025931742998,0.09375439962519865,-0.09578465788955191,-0.05110040143594616,-0.010413270927973575,-0.20971687291424254,-0.009045473923835924,-0.01746834377755918
499,-0.01664020110884236,0.060431110386376496,-0.11901438180745082,-0.05888632485786302,-0.03875695953088865,0.09594980346440567,-0.09323648992619665,-0.05078645617248523,-0.006460251283963044,-0.20257393957131284,-0.007072925888906178,-0.016919478164766
500,-0.020351820109987002,0.055097759549343275,-0.1152474114043005,-0.05940598854018191,-0.04185250369044827,0.10124237657981834,-0.09040702205667345,-0.050859698782064165,-0.001103953735885645,-0.20042445814910323,-0.0038220151710085136,-0.01698949984645026
501,-0.02532534024990363,0.05531757368221054,-0.11024663684511524,-0.059334901879316546,-0.03756917996754443,0.10182599298298842,-0.08896568498645772,-0.05084725801705543,0.0001535616870079131,-0.19084366813059533,-0.004336081546448265,-0.016241765287798873
502,-0.025394934883776494,0.053204331293804315,-0.11006430865375785,-0.05925203077487708,-0.03827372273368879,0.10257926109492954,-0.08563079526568755,-0.050842956052604235,-1.7825571426795706e-06,-0.19076119258663216,-0.0042093154906255505,-0.013341547936666065
503,-0.02543027303106167,0.04488419051249852,-0.10496233148324395,-0.059343620168252086,-0.0381346628928537,0.12005916658728219,-0.07632932064858537,-0.050846369359247995,3.831095194336097e-06,-0.19064812117252236,-0.0042665375218570705,-0.017632102115552935
504,-0.025488276979721756,0.037892143210144204,-0.10156843296187866,-0.054871451351665435,-0.038026367408150914,0.11809952608140954,-0.0718825997613468,-0.05095296325315931,-0.0003988629526690295,-0.19060840755100963,-0.004185126158100398,-0.016340353377199402
505,-0.025063080659446624,0.03368412821701089,-0.10058487371385719,-0.0549888272339096,-0.03847564398140589,0.11914822042020341,-0.0722826377098135,-0.04995918637023192,-0.004661711752142234,-0.19108963236457754,-0.004150634686829413,-0.01995110955377127
506,-0.02758261581458192,0.030851879157447668,-0.09475089272970234,-0.05637097553328087,-0.03410825272908961,0.11634647878669131,-0.07074334676146214,-0.046154024906052575,-0.004020841403853836,-0.18817345519952547,0.0003363622050634917,-0.02100053507878243
507,-0.029891093436094876,0.029491664765370542,-0.09349202335363498,-0.059777505745008536,-0.033958491314954306,0.11412075022892504,-0.06713422356299505,-0.04672639457663341,-0.004709438890502737,-0.18659125654837982,-0.0003547024458569176,-0.025030886349331365
508,-0.030022529356181687,0.029674969371253062,-0.08983560577805264,-0.05920829240471846,-0.03344246243955719,0.11434799843843778,-0.0688349430109927,-0.04658428276098965,-0.0015045939852061131,-0.18299321306311897,0.0015645436970635831,-0.025411075869992198
509,-0.026005983127427214,0.029663819071634585,-0.08951382585980913,-0.05937527099881057,-0.028413047894383012,0.11469578848131634,-0.06160683475207968,-0.04661523028251247,-9.364200460852375e-05,-0.1821364456542719,0.0046555580666403935,-0.025832376847353046
510,-0.02537622196038901,0.029659853319536852,-0.08083074770760984,-0.05922008122826957,-0.023766758333297017,0.11020618187763682,-0.05936167207915728,-0.046609017581335864,0.0034386515350869175,-0.182216691048608,0.0041450686242727715,-0.030289504861026186
511,-0.02541467555719904,0.0296568028444967,-0.0804221576373683,-0.059519348850170094,-0.01915228904186061,0.10992949062957771,-0.055331168776316865,-0.04661072793822186,0.008287148405208772,-0.18174208140494297,0.004256089119737775,-0.02807179215619304
512,-0.025429789515507013,0.029686214013266217,-0.07601448109288486,-0.05500879534544582,-0.0138772245126617,0.10552911969902318,-0.05502429420719678,-0.04661477176310764,0.012814177530330246,-0.17756054899272014,0.004230478998124787,-0.025023190057193938
513,-0.025422771582094186,0.02954672123285529,-0.0755936180742047,-0.055173419828522065,-0.012820745984137374,0.10605499259735143,-0.05052531885627578,-0.0465628634079096,0.013151646848574523,-0.17800872995256953,0.0042419487830285384,-0.025511810129073356
514,-0.02541770766160114,0.0301177664214663,-0.07029160296874537,-0.054990947400551105,-0.009334972893613876,0.10592744271780741,-0.050970045430443145,-0.04690149293953984,0.018627258718273407,-0.17830530587807325,0.004287351888266006,-0.025407818909802985
515,-0.02545384202168347,0.02644450518205489,-0.06575769125959913,-0.055436740295718975,-0.004285963851556173,0.10581256373701103,-0.05080539657695998,-0.04480719449856687,0.02160354990747147,-0.1755084334894433,0.0037101431912557755,-0.025424482900413513
516,-0.025301211318801874,0.02528293924506402,-0.06101404090798862,-0.05300427141248611,-0.004019302780839394,0.10641362385188938,-0.05088663361940089,-0.04197397684960267,0.020702173493866563,-0.17109011702193375,-0.0016299009889373316,-0.025425102899730146
517,-0.025861586533798265,0.02543418259446784,-0.05632118667929828,-0.050514479296244946,0.00019762532623698796,0.10238549667466615,-0.05072321884785964,-0.042474883699068454,0.024038912362170727,-0.16194748236784764,-0.004751957370626251,-0.025443177743005755
518,-0.0218053400988514,0.025427297354398824,-0.05161718764059165,-0.05083367036101081,0.0011010437485818102,0.10183530951488941,-0.05127748352527437,-0.04229075376947326,0.02605451791325643,-0.16095309244425426,-0.0033621625886303816,-0.025236848280658492
519,-0.021136901614478176,0.02541409812457931,-0.04691576933451765,-0.05106729338202177,0.004454002577417055,0.09743970334593717,-0.04715992788090671,-0.04251070130080855,0.021275549587991972,-0.16081015330693654,-0.00978493462266771,-0.026700073675513473
520,-0.021198628993425086,0.025474786805884116,-0.04221401683301797,-0.046877841741108886,0.005951059413328155,0.09771014563807191,-0.04657232555966828,-0.03794084679383669,0.02560668603106131,-0.15567385653287955,-0.016275098146501257,-0.03012996370399739
521,-0.020866207980887713,0.025164844034983872,-0.037501776021046,-0.04231226868747466,0.011777312874561342,0.09592096129145919,-0.04659483135648928,-0.033947071609071136,0.030246204614653528,-0.15250391126292598,-0.020727542862216404,-0.029460338012109604
522,-0.015351555145220633,0.027142419294193955,-0.03287530797009552,-0.04178054498097992,0.01254422253926622,0.08693751128497791,-0.04665996859023228,-0.03187978246604938,0.03523906429728328,-0.15082770647697757,-0.025487238066044516,-0.030041036526944603
523,-0.013835947856509939,0.03282539218757823,-0.027754887949324944,-0.03788700747048162,0.01634560547219419,0.08310690634567332,-0.04633498232983594,-0.02488710308682826,0.038613600960426056,-0.1479050738554529,-0.030669230756384887,-0.026329199636354113
524,-0.017471962245217364,0.03375770400376611,-0.025487123873175817,-0.03687941155265461,0.021158476554024794,0.07733020911180986,-0.04829551474030584,-0.02327552235556953,0.03749506798359128,-0.14833173553465925,-0.039674956517834384,-0.021518438538453876
525,-0.016825963896145952,0.037316237370199797,-0.02297745272152908,-0.031506572357882394,0.02573027509694035,0.07874098446039014,-0.05125998442770803,-0.021616131778913587,0.0414002698366755,-0.14847349809693794,-0.04349527627672314,-0.01689384283701768
526,-0.01698751603101075,0.04225890218905352,-0.020807366621316704,-0.027093767345704692,0.024345005433654608,0.08397535592258269,-0.050751605650108694,-0.014939767724009158,0.03919154554726145,-0.14792592122038165,-0.050669070178377254,-0.01637132874373447
527,-0.016901256736931776,0.04210808091376232,-0.021492189721383975,-0.021754350733782547,0.022075943142550434,0.0886210435704678,-0.05089162762491218,-0.008887036904032858,0.038207726716334475,-0.15695805798741727,-0.05831624006118786,-0.01272580464916788
528,-0.0170384248892114,0.03800113539397083,-0.01741423762452522,-0.02142355686348852,0.025980966455402647,0.09335016377383128,-0.05077496168005834,-0.004291061965922952,0.03396139348272628,-0.16162808623322192,-0.05958110145982491,-0.009791339330325251
529,-0.012506466865071812,0.036914378180856314,-0.012684695323866806,-0.016959226258098183,0.025296325593873903,0.10416074348277334,-0.05087442983931513,0.00045546342523874675,0.029314265632755007,-0.1655742980985792,-0.05895394429667431,-0.0014359953663390767
530,-0.0038087198770294056,0.034489620070661545,-0.012299542939471124,-0.016118934724232366,0.025441639603637066,0.1196394216182968,-0.04635424453976524,0.005142176225810546,0.023647810162247793,-0.16562770998849924,-0.06345916835929029,0.0025495528036421833
531,-0.003933249116406067,0.027474446591738234,-0.008262760414069993,-0.0022206878591870655,0.025445516853480763,0.12117260868707351,-0.04691069150174997,0.01027402203650875,0.015008297715726902,-0.1762350460876596,-0.0637411251882027,0.00784233882615295
532,0.003043249575107322,0.019729239661573524,-0.007232019660781596,-0.00016788351430785205,0.025369967711509307,0.1280367367480265,-0.045276072258603785,0.012653001229213074,0.010973340439463164,-0.18316061650952356,-0.06801203022549016,0.008526585610477734
533,0.010863406877063317,0.02456243111461258,-0.0036460833812355935,0.0015606327567288208,0.025357890156626484,0.1271362364171325,-0.04190674270802799,0.015173182395123325,0.005491711967802543,-0.1820108600449516,-0.06881077349170868,0.00846797677254429
534,0.014952644267703506,0.025818085193770372,-0.004831562473861626,0.006624889097466889,0.02086647237398292,0.12479353899348837,-0.04259738506167963,0.017235847438909154,0.004466938516078323,-0.18226627443400714,-0.07262074409026473,0.008896279748028224
535,0.020213502867335194,0.02127048202900057,-0.0010782588485004684,0.011705377898373072,0.021528549303829938,0.1157059585975242,-0.041896549976929355,0.016905721629740116,0.0006358781401885846,-0.1821632997991191,-0.07148433740120037,0.013127181569246438
536,0.021331777278515634,0.021215911665591194,-0.0001935281536203327,0.012831253661600955,0.019685575307367725,0.110388550176684,-0.04592741494319352,0.016951672632170425,-4.776091475698174e-05,-0.1817655506907704,-0.0749071160432124,0.012582543147218524
537,0.021164552297038876,0.021335823139128136,0.003913432856092082,0.012750482181175833,0.01655334486922297,0.10571521176946216,-0.046627716917899464,0.016945531698174397,-1.12436431772571e-05,-0.17220226237697117,-0.07658592037256093,0.012772949980687268
538,0.02118302057108137,0.020013804365366046,0.0042288603633592265,0.012787297121915607,0.016922778193931225,0.10083817088078036,-0.04653902348341351,0.01700280831872291,7.027166399396483e-06,-0.16979164804761207,-0.07598519706065529,0.012583319738062862
539,0.021315494752694814,0.016593294452620845,0.0042299280089714815,0.01724440360520474,0.01736582075573579,0.0974217028600983,-0.04206462921450342,0.016600290943625,-2.495146095776254e-06,-0.1663258793545515,-0.08051901542731293,0.013134682394941661
540,0.02015982649918835,0.016621348439407067,0.004437976740780032,0.016836954292274785,0.013308625142265749,0.09570851896070358,-0.04254835109799556,0.01904221913628254,1.1700801306555937e-06,-0.15782909676201715,-0.08083397866115541,0.008970108497656252
541,0.017746949469964992,0.019739857824954982,0.0029057962340252996,0.016982076548269425,0.012664737567426207,0.09449220737468544,-0.04200652706863238,0.019277573565151123,-2.3924153685247615e-06,-0.15661913528450147,-0.0851664461708142,0.008448332346747224
542,0.02214925165561014,0.021415348818913094,-0.00044835860870074475,0.01694083287527773,0.012703937515384187,0.10063954915751168,-0.04440937223964325,0.01655196034253364,8.57919446669121e-06,-0.15687704563250554,-0.08467768217768451,0.008384236339643315
543,0.018632175923995277,0.021155040298780584,0.00011352489858918484,0.016950964798079688,0.012696830635937458,0.10177928437190298,-0.04709844061797928,0.01701734529823989,-2.7392824898728925e-05,-0.1566227274872342,-0.08448464625413371,0.009231657126550413
544,0.01667684401960568,0.021187628493267715,-5.4712578514065585e-05,0.01694895222384333,0.012850042734033128,0.10445800139694228,-0.046077982408148796,0.01694105351355645,6.041466441835346e-05,-0.16115294448432516,-0.08682482491952834,0.013160566681645468
545,0.016988821119738665,0.021186116264104184,0.00010947580081625035,0.016948764793229442,0.011718356577463715,0.11837076155404187,-0.05039084802142933,0.016948651342251733,4.3328489362283425e-05,-0.16550589948988442,-0.09247645044421747,0.012593252478021023
546,0.0169631301701519,0.02119877255101665,-0.00024780242237019035,0.016949774211504433,0.004157667302363811,0.11874138676496261,-0.050755630094483806,0.016957932387686267,0.004552007039715755,-0.1649166873723378,-0.09305853257335418,0.012738975601432948
547,0.016948502377779687,0.021109686573400368,0.004235289316245,0.016952764798874396,-0.003466558906202854,0.12331735761051572,-0.055213949312403705,0.01688687737566894,0.003889702449026725,-0.1668886158111261,-0.09717176820036356,0.012707091134509572
548,0.01655597906849507,0.02156649914931467,0.00426362402437222,0.016907524969993953,-0.00392228620830963,0.12266564546104082,-0.055435908541416466,0.017289935764076794,0.005789269716056373,-0.16948045692459113,-0.10197805214242185,0.012710860608753202
549,0.01272909083375828,0.01888195003873238,0.003488146714611172,0.017214331457332536,-0.008045034740803814,0.123294174950678,-0.060965988944526386,0.014864179710615716,0.008773012784526926,-0.172119420262939,-0.10603993947956898,0.012714931408819153
550,0.01022801975907221,0.016625888196350046,-0.0004601588928829671,0.015304254746399296,-0.008438138605885123,0.12060282919353009,-0.06361644364254065,0.012361881038894747,0.00887590363097446,-0.17387144107888533,-0.10701545428841601,0.012723106881888517
551,0.0035839813926681436,0.017014735403564865,0.00012991189314067063,0.012174370484949017,-0.013126369042344233,0.11832048181403026,-0.06527358519905752,0.012771486243089242,0.005121678344230694,-0.17401324653745198,-0.11025801921370201,0.012557415463339045
552,0.002578403319984846,0.016922237503424267,-6.000231672832695e-05,0.013288225725817709,-0.017775893440936247,0.11870202997599226,-0.07103284769651196,0.012718608180837273,0.004449132118766333,-0.16957020100439132,-0.11240830492035855,0.013839446610966916
553,-0.0033766145279422867,0.01695941686589283,0.00012332047677326234,0.009234148807260721,-0.022464616995721862,0.11863777886391057,-0.0719480437513696,0.01269746242782596,5.3201373728656645e-05,-0.1693543265619264,-0.11432818017651902,0.017305832979251947
554,-0.0039870206535750075,0.017251688694677147,-0.00038519996726658966,0.00864103330409088,-0.02753794884080327,0.11864346199174415,-0.07543158667228589,0.01250905266462688,-0.0004392774965094073,-0.16414804969880015,-0.11762405148075092,0.01727173128152378
555,-0.008053694562215406,0.021577739771138388,0.0038064147167060267,0.004274473005692104,-0.029978402440213815,0.11862108132710156,-0.08054457376762172,0.007363824470011418,-0.009808785781557472,-0.16069949081856177,-0.11895980720013827,0.014128047870605417
556,-0.008487845193041216,0.020981161339890593,0.004264901022394851,0.004286685149449853,-0.02959473274212946,0.11884763437137678,-0.07131518953611041,0.0038974570508593077,-0.01416284653858089,-0.16109536411715866,-0.11444168352248102,0.01239997578181108
557,-0.008575508913680766,0.021635074329846495,0.004801986612468882,0.004346866422851414,-0.029672108373963817,0.11730191908844047,-0.059145050346183524,0.004376103826400362,-0.017450812472994046,-0.1610283320020902,-0.10982396782600225,0.012968362692944917
558,-0.0076950789193518795,0.01870129625628997,0.013899748488867074,0.003279160372382232,-0.02966094305406105,0.11434819897260251,-0.04014678070985537,0.0039993087217076746,-0.016398487664331243,-0.16090292134311962,-0.0962781539407224,0.008437605234575304
559,-0.004082971391800431,0.0171257466448092,0.01903165158825393,-0.002422621245879705,-0.02966105901493155,0.11212757306437972,-0.030356836233228206,0.005045066060276008,-0.02003279764487488,-0.16138511463820873,-0.07251617120043126,0.008631590905579774
560,-0.002613068839292014,0.013478300556169344,0.029959518600873484,-0.004039494194435564,-0.029633362961558902,0.10984216754038773,0.011108597209667124,-0.002621698059858728,-0.021254448049219832,-0.15707632668665467,-0.05736700736454394,0.007745864600395724
561,0.00043552588322562765,0.012880660560183185,0.04907946103564353,-0.007295219601821132,-0.02988324713571961,0.11022614712606998,0.05883023825126893,-0.008191686580322084,-0.021356474639649296,-0.1568177696215268,0.004536074874294549,0.002294186282317001
562,-9.265327955627174e-05,0.008486644172560044,0.0723294209000935,-0.008302264103850855,-0.02822675459020689,0.11016265841112782,0.1641799958325149,-0.012808339012369802,-0.016862493478612028,-0.15628168454524688,0.09521526513954796,-0.00030564172597884664
563,1.4903985537283716e-05,0.008182120194595726,0.10268918480582749,-0.012397388152852433,-0.02538360804089881,0.11016934435106884,0.25146917002245794,-0.012625824127734211,-0.01663029385916021,-0.15214659154337082,0.18933856561801382,2.7584680958477877e-05
564,3.4632073041714458e-06,0.004032553498256187,0.13263235407109977,-0.012674865522034432,-0.02304064413618146,0.11017184272482637,0.31340191394816813,-0.012808317650581713,-0.011187344594786272,-0.15257703700213276,0.3781493760993983,0.00013077805593307953
565,-5.098189772181162e-06,0.00300114253748616,0.15611214523289338,-0.013193435547129987,-0.02088172388399337,0.1101541136731971,0.523959421205306,-0.012341165351275593,-0.008150380687314126,-0.1529040237682139,0.5250362683360694,-0.00037741320064070094
566,-7.211669239633124e-05,-8.965839953736923e-05,0.18886303070685023,-0.01735631627128443,-0.02122994588107063,0.11025480262000728,0.6382844016616609,-0.01493871196861367,-0.00855147699536058,-0.1499902578803005,1.032666604181692,0.004231531160650224
567,0.0007142337499006089,-0.0022816117851346776,0.2302170532110928,-0.016827129182558312,-0.021195070995038843,0.10976596525470676,0.955270424055629,-0.017277247886098246,-0.008466539010518056,-0.14760630110101944,1.0895425949650936,-0.00026573732863577375
568,0.004406468381104246,-0.00455763877246157,0.27904811183699685,-0.016989746699953106,-0.021209625319694204,0.11266298775222046,1.0086610456903484,-0.01689100654793316,-0.008448552229197053,-0.15216234877602552,1.2195107500874527,7.81196649288182e-05
569,0.0057701125373273545,-0.0042076771682201435,0.3088485938950134,-0.01690089254553568,-0.020706401963222473,0.11471681224629793,1.1592754428394019,-0.016956257384180547,-0.008543924159352855,-0.15248386308352319,1.3491160216274485,0.00026570559183706946
570,0.009035366687068147,-0.004180199500525534,0.3626372988032877,-0.017097190410997953,-0.016529237079477548,0.11428139921761198,1.2474416968541557,-0.01694914220709332,-0.0084702882961318,-0.15699358481147827,1.6365801369123705,-0.0018813715121775195
571,0.007920979043745611,-0.00422870876077901,0.40275897346777567,-0.01653168089641148,-0.017077684517292465,0.11456615450402763,1.2911891980195551,-0.016952608858210073,-0.012966976031577334,-0.15663913062146653,1.9410807673860941,-0.0046198507734959956
572,0.011779905644115459,0.0002549651900442262,0.4188341722107996,-0.021160501273758174,-0.016890197015662786,0.1100276243912211,1.425453637692079,-0.016918450351054614,-0.012602877926255179,-0.15702402396926615,2.011008137389423,-0.004162446847534387
573,0.012831742851535329,-0.00013497979138537116,0.4562105437707104,-0.016755028752223327,-0.017069530887253156,0.10520062901540081,1.3776876655386259,-0.017124026996024517,-0.012752509967069248,-0.1553752361857203,1.9881839188018517,-0.004247287254649094
574,0.012711024759915899,0.00019914760575726165,0.4826384525266653,-0.017110294284999994,-0.01654725484928721,0.10161191231665223,1.3133736053423404,-0.01612201755296023,-0.012665886091085739,-0.149633068327638,1.9299463987433332,-0.0042392773622043686
575,0.012764795742788554,-0.0008043902438078282,0.4872579297791987,-0.016620104160742544,-0.020533404719961332,0.10021702122304786,1.1652248268678935,-0.022138900435361337,-0.012868466057322713,-0.14852589100084565,1.9149025747315906,-0.004248682531210412
576,0.01209829495403318,0.0048735050026361025,0.48115797036805935,-0.018727886725079263,-0.021356854463192552,0.09742045784719716,1.0433957772807079,-0.02592369645348964,-0.012161702539868693,-0.14486620972885272,1.8481232690638774,-0.004083531238169836
577,0.00802913690013586,0.009077696093649994,0.45786609428562614,-0.021127099051246497,-0.016811164014198847,0.09493867406343243,0.9838177504696043,-0.025411709668820434,-0.016714504446588483,-0.1439305484367839,1.7486578250083618,-0.00535664535621872
578,0.008643830746488609,0.00834552447680075,0.4265358537041395,-0.02403578116405063,-0.01703658456298688,0.09296015608130442,0.9103713716879289,-0.025341326753730332,-0.012885431527286464,-0.14398023962010664,1.6102721518179535,-0.008930431783465254
579,0.00823579154775638,0.008546583737738925,0.3787451647512402,-0.025226445186041058,-0.01690098024009018,0.09320004139828215,0.7963105474244652,-0.030034308283173553,-0.012769961234626367,-0.13967002554927024,1.5453398086560854,-0.008357423243435242
580,0.009307711904009875,0.00850787469192732,0.33123379524204766,-0.029276449772367673,-0.01705521956313966,0.09331868861583699,0.6224310145876428,-0.034325787887787965,-0.012676126153426477,-0.13892367679252152,1.4278595101727722,-0.008529133706759999
581,0.0023217399617543977,0.012974592250897893,0.3025073239424513,-0.029635313926866826,-0.016512393555878347,0.08867796857090607,0.5899713503747,-0.03263852885718511,-0.012742763198007425,-0.13535758324533756,1.329187125896193,-0.00836813693864362
582,-0.0036309843476095317,0.012620075938243795,0.27617326317021845,-0.034197556290257766,-0.019733111852740983,0.0846599165647799,0.41343477121238,-0.029145026038244044,-0.012608137238879904,-0.13403118781883575,1.1356693138410099,-0.008701814470377022
583,-0.008376125176190954,0.012659077971894367,0.17824041772938062,-0.03324162441730294,-0.021414465518373962,0.08372103402693186,0.27521257572537156,-0.030145370151720224,-0.013149422021510074,-0.12828853869957355,1.0431667500618045,-0.004192181268007996
584,-0.008614074090027346,0.013106537598020773,0.10127098819259761,-0.027820448120845824,-0.021156183659970754,0.08029773311762388,0.11967199640856449,-0.026926693187306443,-0.009796137122838782,-0.1269374380875463,0.9019524945526795,-0.004433953923683207
585,-0.013030056570915596,0.010235522142835235,-0.027160493342910444,-0.025766637282073897,-0.021186849679940258,0.07885948541107671,-0.17531019109966117,-0.02242737889493052,-0.008180814501021837,-0.12716489990855068,0.8429829873422955,-0.003233095826858954
586,-0.012789565883735815,0.008176035578283742,-0.15357634465303485,-0.021118083489592303,-0.021173163927576684,0.07330418384193814,-0.3084203957755189,-0.013397872725427539,-0.00871022765985053,-0.12709615224832868,0.7286080793829223,0.0002679428007478625
587,-0.011467797889261284,0.008550355256261565,-0.22094423063072932,-0.013291158066980722,-0.021317219247543148,0.07141215218908853,-0.4075970267006518,-0.008382865471080391,-0.004176528539178698,-0.12685274205203248,0.5573959769912984,0.0012375669735048315
588,-0.0062745741823694145,0.008412430084307483,-0.2873807005989884,-0.01282171978762403,-0.020264380775206998,0.0758809886583455,-0.5670495472156784,-0.003554905448168974,-0.0041815273819642475,-0.12251148855738671,0.4053975179626398,0.009614528794743598
589,-0.001681399669785661,0.008415277031421762,-0.36201656599497833,-0.009152147844786178,-0.014591564789931084,0.07620677083975938,-0.812483776134808,0.0008036692763385493,-0.005253292181390003,-0.12299521959558203,0.29069440213199277,0.01616123395901035
590,0.0030022621038999866,0.003988482654665358,-0.48355767744860917,0.000144716164316134,-0.012899023062805067,0.08070582455206024,-0.9728618731343979,0.0077853031002140085,-0.008590972663030766,-0.12287929709366795,0.19163223896249662,0.020270613759485804
591,0.007836208109066595,0.004124364314760343,-0.5770563438895235,0.0048643802793420215,-0.009721496298030867,0.0803707068699236,-1.089673620969222,0.01302021499108608,-0.010495025068684905,-0.12275980880292783,-0.014541328989404521,0.029485984279780712
592,0.012262331949256779,0.005614697829966868,-0.6457568210733156,0.00866331711984584,-0.008653191582969484,0.08076071200039035,-1.1678554042973932,0.015363713463541463,-0.013082277228653594,-0.12336283759389552,-0.09087313885616292,0.034007445743158914
593,0.02142677821837639,0.008928031465822758,-0.6658081655185554,0.009482272893923204,-0.00459696574583943,0.07909409948187292,-1.206263348666671,0.01691661199863548,-0.01263745447575454,-0.11926831595732079,-0.25975486566126776,0.0338954373408936
594,0.026889502183109364,0.008348119841612317,-0.6717504192095625,0.015287891554402664,-0.004243288607944963,0.0738802620626553,-1.2559856126864468,0.020389206944772708,-0.01273880424152497,-0.11878624987402782,-0.3853032392926484,0.0336123474647481
595,0.03268216556163565,0.008582201420310655,-0.6495549657324565,0.016883746897100534,-0.004224403479865964,0.06951046796400567,-1.2485482404102881,0.02539896651375791,-0.012700046533298773,-0.114344986581621,-0.5000238931807365,0.03576914811689716
596,0.02452058343379191,0.008206427802010427,-0.6250829892546875,0.019595341206294983,-0.004188137238318267,0.06392278688258196,-1.2098918172092188,0.02568748975433522,-0.012441841364903101,-0.11414671974586964,-0.6542672553612549,0.03863643300639952
597,0.02414656848377362,0.012270753747363665,-0.5868714536044228,0.025093554542278008,-0.004556401446227973,0.06430233942355709,-1.1827555975024255,0.030119492224513295,-0.007663710530317849,-0.10867458657372063,-0.7697831308805605,0.03761969914196871
598,0.017959187300064045,0.017006057867779194,-0.5503750758459542,0.02531746666118673,-0.002289707113831573,0.05094610678068226,-1.086254307515244,0.02922437274640051,-0.0014872378088804815,-0.10597372044590953,-0.889694742087397,0.04175787782279517
599,0.017522605021867345,0.016859813683568956,-0.49835930305842485,0.029799820600160953,0.0003761911381845862,0.05072318931163449,-0.9973970306072703,0.03159697945315143,0.006542621563197355,-0.10380935737960091,-0.9541027566367791,0.04242131997510606
600,0.010152066158913502,0.01719699840193655,-0.4349413417447407,0.029731189924808558,-7.439320333656451e-05,0.046092300402471156,-0.9547442419965879,0.034292930858697175,0.011175448610167157,-0.10169550869554708,-0.9919104680456893,0.042382955884422514
601,0.00434096136167028,0.015514669474482585,-0.414111961906857,0.028521245807212475,1.0324975589349274e-05,0.04706384351364355,-0.8580047049660838,0.033738747589401256,0.012948722739665032,-0.09882070518388379,-1.0206537097998554,0.04236343580685227
602,0.0042406057722238,0.012158246876163143,-0.34180298562213607,0.02534454020370397,2.184404781192666e-06,0.04471559807622701,-0.7807318610142875,0.03416497017698116,0.012682857372866752,-0.09387222962355783,-1.0277835365948307,0.04239467527518632
603,0.004349376966063385,0.01330022968452626,-0.31578293138535124,0.023226652367735672,7.583052878072937e-06,0.0421039417618201,-0.6852558299715442,0.030008809136441997,0.012700916220365049,-0.08905550569627,-1.011190015204435,0.042271924684637315
604,0.0033198654577589006,0.009459606193499392,-0.25314211902427325,0.021164261745431782,-0.00012940865762132813,0.04201889701552625,-0.6011320497899703,0.025328804375548655,0.012658481814364414,-0.08906319847680937,-0.9572687783658356,0.04281426658402603
605,-0.0004523079088026555,0.008690346624345978,-0.22581181777391504,0.018329638837477867,0.0009733151248146551,0.04577126623627984,-0.5145174178274966,0.025457055451376605,0.013454742148390647,-0.08857187047356305,-0.9382374109067853,0.03947632324069325
606,9.610641648438496e-05,0.004427310903708341,-0.1932105074025843,0.013023182208186516,0.0047919189477218785,0.04682026716010593,-0.44205128758524653,0.025616523954644158,0.016277751823225727,-0.0820286383091182,-0.8579661170513768,0.037928086814645226
607,6.245093640002442e-05,0.004152914963877606,-0.16156035878199887,0.012701863195025616,0.003677100209417014,0.04229802744138567,-0.348548832722637,0.02402049480679733,0.012135601926519721,-0.07405498180951477,-0.8241716578059073,0.038175577695932716
608,-0.00032190335430763446,-0.00029431076293557414,-0.11897771829469776,0.012683215516393637,0.007019970244071944,0.03303968335281937,-0.31565825184442486,0.018938347168401135,0.012850686266802308,-0.06944873470643032,-0.7320890719355443,0.03815115905020206
609,0.003176994201977071,-0.00011823725975308855,-0.09322993424633665,0.012871446846969038,0.008416501176168866,0.02940549677056502,-0.2807116297765365,0.01385276108183874,0.012682773642371335,-0.06741688746440883,-0.662078221680378,0.03764934827043627
610,0.008255208413022703,0.001461805080037796,-0.06585251470020266,0.01165143153686186,0.011795218743578964,0.029960651186522542,-0.22507787885598732,0.012539547802974263,0.0127169221773441,-0.0682270356230231,-0.5744053886541763,0.03371631057459085
611,0.008450807106581389,0.004676025396935647,-0.04203946978233263,0.006611740397609149,0.016887225589168834,0.028108939019570935,-0.17504335775795157,0.012744460107169323,0.012711264281861076,-0.0637990116641873,-0.5229845223422018,0.03250734957627166
612,0.00889746127698552,0.004146985688779494,-0.022794659879493365,0.0014194284025429752,0.01713754871341924,0.022528442557868518,-0.14485825293499274,0.012716934705581545,0.012711854159664955,-0.06353520593534887,-0.4660143149551075,0.029190501966629187
613,0.013171008529330406,0.0042252756128653935,-0.00029748612591515034,0.00020211259205176802,0.021402378151542372,0.021013292178187887,-0.11044537147707345,0.012405351128136444,0.01271185535028597,-0.05815831067444571,-0.434036636571781,0.02981503351144922
614,0.012250094779790595,0.004325963182996354,0.011551090130727217,-0.003431755123309183,0.02212033605628491,0.02111702892399605,-0.09682839310683808,0.0071627267223315465,0.012712184625145747,-0.049157405143031845,-0.36680822760412957,0.02945609313019624
615,0.01475931198008158,0.004081561151419964,0.020847873448209035,-0.004366690289027323,0.026283854206361427,0.021382371348746616,-0.07018883305153234,0.003904782359527333,0.012710011358373196,-0.04631509676359606,-0.3367252117766432,0.0328347192973525
616,0.016876036303463963,0.008588662463173238,0.030019848847541764,-0.004286224230715891,0.023050061121959405,0.016888658598270115,-0.046155585193946344,0.004314072443603024,0.012720532783841524,-0.0468912123007313,-0.3005453694608927,0.04228664470282886
617,0.01986353504235861,0.008427205756666667,0.04046425918240749,-0.009069367703826664,0.020892010189283886,0.01655378033570461,-0.0240341790293872,0.004251250878832141,0.012676587480025136,-0.044721412267287854,-0.2564202939771626,0.04257283959026912
618,0.02138481296261045,0.008252247212692507,0.04229413927788699,-0.013993049531455014,0.021214230676941996,0.012189281904293015,-0.019632564010319983,0.004126181122393528,0.012835342272031515,-0.03592179018146108,-0.25086224835162924,0.04709916676247654
619,0.021175288411468866,0.010031680574543103,0.046250346549307035,-0.016982586214673096,0.021247000764655462,0.01323525012106057,-0.010243305862463147,0.004550167924978982,0.012374354012330339,-0.03025007930096418,-0.22716060465344706,0.046151172546604134
620,0.021189862660635567,0.013022666106902605,0.046605094993233155,-0.018874376136210104,0.02114992193117173,0.010384628513747381,-0.008701842219551932,0.00010521268528978535,0.016870594573510023,-0.02547548988419386,-0.2147140471339427,0.04861778972591833
621,0.02088733765375201,0.013095975217658764,0.046630194839981556,-0.02159509747603983,0.025734896095876994,0.009069176022574423,-0.005877657487540802,5.211034948940611e-05,0.017166345116644784,-0.02520467531861089,-0.19980875580485466,0.05098247138504095
622,0.015967609704367374,0.009460704773508214,0.046602842887333594,-0.021028204688220767,0.024509932111270782,0.002081151619459059,-0.004114783982818807,-3.573845871018339e-05,0.02141135184500341,-0.020741128227611025,-0.18825795686051347,0.053074471980536476
623,0.010985735158397479,0.008559669504124977,0.04660673243976175,-0.02143826812731233,0.021091464629388965,4.512255563004922e-05,-0.00384682887403333,6.520120990548904e-05,0.02223901324725496,-0.021612296294985504,-0.18319884353553845,0.06224858144832847
624,0.008535129227928411,0.004559980618152744,0.04663831344480382,-0.01726604190450497,0.019360430297490724,-0.0040788106396042224,-0.008452009195717477,-0.0002825021514424871,0.02619508136893715,-0.01932044972550047,-0.1741480563406622,0.06754709102299257
625,0.006055644202628856,-5.316804064860295e-05,0.04648818029866661,-0.012646839459579822,0.016978553866429935,-0.004345966659759105,-0.004107768817726968,0.001943649436700271,0.02333345776734229,-0.016597995886599486,-0.1692472803465113,0.07212072293844868
626,0.004329520871247957,-0.0005057713150171989,0.047070609034040964,-0.012287152624493378,0.014071387697609175,-0.009034577790001917,-0.0037242451051831826,0.007623711637829987,0.017950829965708768,-0.016906827046709202,-0.16496049179306163,0.0724444615695263
627,0.000976648901021316,-0.004688606414700497,0.043152792886969035,-0.0072849818186265765,0.012505551123148636,-0.006950632220478771,0.00021561125035318381,0.008317034887531296,0.016709286574521608,-0.017309077684918177,-0.16536423587315469,0.07767775150910124
628,-0.0003712120901732644,-0.004115911565357379,0.04234308331300059,-0.001805120745892599,0.01273547472157617,-0.0057886701471064495,0.0014788934206745009,0.012293585047093386,0.01716460894537602,-0.012983848195744666,-0.165180108711965,0.0821835355979494
629,0.004224836421979147,-0.004236914217302235,0.04235713774624945,-0.0023355774777047917,0.012712692986651813,-0.0068128699365594255,0.004800134185637261,0.01709225233972385,0.012643036185940749,-0.012732325282295785,-0.16546450661101877,0.08736336444622275
630,0.004437029152553238,-0.004359094013826388,0.04684621463775861,-0.001765407047482363,0.012710181335427766,-0.003815370684857884,0.0036925852229665983,0.02196892241919057,0.01237334905525721,-0.012687688518951305,-0.1633360856090964,0.08933907616790301
631,0.009479576508934136,-0.0037905311871618726,0.04649273840746076,-1.7051963174899128e-05,0.012713671982117784,-0.004207836083092483,0.007548282017291997,0.025701467193236432,0.007235257893276479,-0.012737462286647731,-0.15407213289578367,0.08858411911407903
632,0.014062575117279413,-0.008003298206746078,0.046721892538762175,0.0035169005182935755,0.012705042177360206,-0.004532005699643054,0.008657680640619225,0.02563337720372952,0.0023425249651415963,-0.01261581334578691,-0.1523482822172138,0.0928538279775182
633,0.018708158285996868,-0.008425513619969627,0.046217962092542884,0.008404655524828667,0.012743011394694822,-8.99978536695943e-05,0.008422666188727437,0.023492936675241632,-0.00045214318245020215,-0.013140611139110442,-0.15254787629809852,0.09314635563566376
634,0.023832884422381084,-0.013069855969636697,0.04893303760548398,0.013336972021916494,0.01258363735792345,1.4581010022014075e-05,0.013005412470735153,0.018846475664334995,0.0005199618008079122,-0.009997443699910163,-0.15280794726558983,0.08876558441716262
635,0.025667087837106712,-0.017206261095978618,0.051197837685272106,0.01577150265291639,0.013174426518707982,-0.0006487554052007125,0.011833562594304766,0.010563117055910681,-0.0033179514229770843,-0.008263860610410095,-0.15798312969586734,0.08861812311717153
636,0.025406318919439647,-0.01677475518453983,0.05068381479849187,0.007406560526493772,0.00903560028515992,-0.00467573391684255,0.008269935862235346,0.004362056224618226,-0.004418398549054885,-0.008428100635134356,-0.1613576573891621,0.08110482309597027
637,0.025358247322584418,-0.017438821811035198,0.051123214308587114,0.009106874342223435,0.008540331964359084,-0.004180424974264974,0.00718140668372282,0.004263801039587279,-0.004211841039983034,-0.008546523659792032,-0.16089374292832354,0.07599183879211918
638,0.02547239260826433,-0.014296203687350354,0.04666679388961622,0.006115975227368391,0.003986666928740019,-0.003975604419259829,0.0012971159785279635,-0.005671625986446233,-0.008687829991516058,-0.004031470192681737,-0.16118817935856466,0.0725996504550237
639,0.020958490446888432,-0.015232376462618831,0.04673906485062016,0.002271659894803436,-0.0002653393067001147,-0.006509037371865173,0.00023499613333772878,-0.018880780291371645,-0.008579110854402477,-0.004351255777291798,-0.1604614510887024,0.05488926142400777
640,0.021476852377762246,-0.016840768676464356,0.04588469958875219,-0.0103938156160784,0.00033745714881561575,-0.012464511413742472,-0.0034475839519420718,-0.020561163698111794,-0.007127343569160102,-0.004124782755801147,-0.16493148232079374,0.04313596984281833
641,0.0198862213640637,-0.02062006301809915,0.04193733536833024,-0.016482477824991695,-0.0016157382110249226,-0.008964177951899788,-0.004321780458960615,-0.0261785613253355,-0.0038202870274683604,-0.004639850167748985,-0.16133698560818588,0.0381873403181132
642,0.01690726737270191,-0.021245716443129534,0.04249149185570597,-0.02555529045371629,-0.004540852681711356,-0.008460072931666045,-0.004240751502392607,-0.04026099052892152,-0.004210510157504482,-0.0018096470398824129,-0.161199333055009,0.03290924714886296
643,0.01467672735077655,-0.02143347546109616,0.04234626929509921,-0.029995847123580523,-0.004602537878173953,-0.008216647996020888,-0.004231633328209952,-0.04222984364926894,-0.004677273355416036,0.00026337977079179346,-0.16536766699667924,0.01869436515578218
644,0.012805291805420616,-0.025647254791917713,0.04237033592652474,-0.03610956139184434,-0.0010084689077361824,-0.0030919179243065055,-0.00423953287650276,-0.0460434059634799,-0.000529251610892094,5.073480603789862e-05,-0.1664512761940025,0.010976111400456633
645,0.009491951917738587,-0.026166450325228928,0.04240134077626254,-0.042947009182037095,0.0001331115267432263,0.000332243919550264,-0.004236505318816868,-0.04654932901536099,-5.237059789476618e-05,-0.00019521568206432418,-0.16837503828745165,0.006939411022681989
646,0.00825980590950753,-0.03181667046016014,0.042294586200683285,-0.043711979634420445,-6.169036423400742e-06,-8.648076846530907e-05,-0.004238019178163168,-0.051154619515789236,0.004607604825064902,0.0043151653624020694,-0.16471629437762855,-0.0006130437159398863
647,0.00856862628407374,-0.03419592104202002,0.04245418854753977,-0.04982557644802992,1.287584106125053e-05,1.2103214602738418e-05,-0.0042349480507276474,-0.05598577789052486,0.00859360031169742,0.004155895590664043,-0.1653679380931819,-0.008050252417369997
648,0.004120837757273059,-0.03382570674400794,0.03795401965519644,-0.05026403726484241,-0.00016694837460060557,2.8200919715351838e-05,-0.004245522102730778,-0.05955422565947142,0.009338182900722837,0.004267757961109889,-0.16524138358620158,-0.00791612654009252
649,0.0036958120766823017,-0.033939866428362275,0.03823099273748733,-0.05780081881102146,0.0011637296752613161,-0.00010205141971777033,-0.004213445404893163,-0.06018013920169716,0.014568589008907345,0.00422846412233709,-0.16523560917044122,-0.01653792732201238
650,-0.0005441767465475174,-0.03381817141710085,0.03809893990725021,-0.06341358656456622,0.004690773856609262,0.0002267509793530151,-0.004275383345806325,-0.06872816668541912,0.019450843725122454,0.004239447999852471,-0.16526822523422435,-0.02162211898716515
651,0.0005043122953154306,-0.033973934380297506,0.038170171346997205,-0.0682473693981204,0.004127977847130485,-0.004270263674104645,-0.004396269647708781,-0.07224286840710552,0.021880420186979246,0.004236979345157825,-0.16557390695421279,-0.030347137776122905
652,-0.0022641714414752654,-0.02947007596352125,0.03801955546775861,-0.07675093093884826,0.004261064485620099,-0.004193945159981075,-0.00884706671137909,-0.0749901258309567,0.01771615822885584,0.004236785206311499,-0.16973133575345362,-0.02922152656101263
653,-0.004448178430044216,-0.029757721133532693,0.03858401493037045,-0.07686531988620915,0.004230934435359738,-0.004047547222871464,-0.00809708100229872,-0.08034031155191755,0.016808166300634822,0.004238845166764642,-0.17036127209781443,-0.03114861792052918
654,-0.0045964762938440675,-0.02962922920781912,0.03490581138991287,-0.08272408623270466,0.004243262169277536,-0.005630989464184728,-0.01013139101872109,-0.08054478881567909,0.016889676680848287,0.004235883453938766,-0.17603898286269562,-0.03630247894517208
655,-0.0005208681803535852,-0.02966970997152598,0.03368117990292509,-0.08469761958646246,0.00423564141070765,-0.008885705990547386,-0.013129551748723847,-0.08529631120031371,0.012515227871866336,0.004217310242014791,-0.17836249271442423,-0.040802102648110336
656,3.086174788257323e-05,-0.029659028763158415,0.03401884042161544,-0.08708538782311534,0.0041421315158039805,-0.008501901908019154,-0.012590289895466443,-0.09094527590364268,0.01211121796490961,0.004426190157011772,-0.17746364044201232,-0.04609888345903982
657,-1.690099843216604e-05,-0.029661003989405195,0.029508800366980708,-0.09223982604763196,0.0050810413083997065,-0.008026970963397459,-0.012840631877074434,-0.09979163544026287,0.00645779577262739,0.002957564400871062,-0.18150947435808393,-0.04645435045590559
658,0.00033017083747852773,-0.02966248413737021,0.029749958710456572,-0.09678466207471505,0.008600655173520304,-0.012122767470510503,-0.01241834506658062,-0.10191539349374384,0.004021922015019908,-0.00034282437699516445,-0.18227159097456688,-0.050910723383852094
659,0.006498246069157788,-0.029657065291891258,0.02962910367233629,-0.10166142142195933,0.010310915983554382,-0.01262905677124374,-0.0168900766607077,-0.10164662916353963,0.003944034060314068,-0.00034421603991423186,-0.1822110376593316,-0.05076389533803326
660,0.01534998461469398,-0.02966387021546126,0.029676985122366332,-0.10193773632950516,0.012756854809311878,-0.017122302273584928,-0.016954246133250413,-0.10170400988047576,0.007147603003766117,0.0029727398469537336,-0.1821636805045039,-0.05087936637120756
661,0.015483062664490635,-0.02971599734874074,0.029625975513101862,-0.10632889696405619,0.015329762012828468,-0.021890135059315897,-0.016375628386401313,-0.101693288825058,0.012125338419445427,0.004423465068721828,-0.1824441267408713,-0.05083817392393662
662,0.009565586787536159,-0.029126353895832176,0.029792664078961206,-0.10580369169341387,0.020184122306040282,-0.025829427863636793,-0.01132338732219064,-0.1016952927687113,0.01683369478051451,0.004217125646868481,-0.18068815630188098,-0.05084976629245142
663,0.0085187577755636,-0.023784955605727215,0.029201217422456936,-0.10597375431005511,0.02857607001618646,-0.024976203401178187,-0.006223878593743709,-0.10170003026951058,0.021543015645585945,0.0042341319396263155,-0.17742671990709602,-0.05084695790148489
664,0.005427224345927211,-0.02075525674671867,0.03342106161020772,-0.1058920886100035,0.042583699410387345,-0.027545125968346195,-0.004398913969558041,-0.1016475510277262,0.026699963146210256,0.004271297571940341,-0.1785154240104235,-0.05084754817355462
665,-0.00030512202627687186,-0.021700189292481156,0.03380379330693424,-0.10605460484998673,0.046634280646552326,-0.029916762603006294,-0.0012289185843000752,-0.10197749390901137,0.038288442321574113,0.004007400015567749,-0.17469830149942725,-0.05084744704271507
666,0.013086438022292835,-0.01833159099087512,0.03827222618413241,-0.10554952762565119,0.047145075949194086,-0.029934417681158176,-0.0001799862144664221,-0.09992710286973454,0.04949909285743947,0.0057061523293006206,-0.17359667854617186,-0.050847457092636356
667,0.012874684021835978,-0.016638862323861067,0.038043333485141266,-0.10985720465599423,0.053634093754847595,-0.02625935814444229,0.0039058842909949053,-0.09663202379355998,0.05142318888665489,0.009240589327895546,-0.17374145078050657,-0.050847433213648825
668,0.018251155415032437,-0.017223144762670662,0.03816868527223898,-0.11015884565256578,0.06374258044150881,-0.02141193713369419,0.004228841347652934,-0.10054687234052781,0.047775749007427,0.006010022685788015,-0.17380634087254707,-0.050847674840490596
669,0.022933083153408314,-0.01275267684803898,0.0381244210043041,-0.11018869173246484,0.07076570596120613,-0.01671825289766844,0.004147171348119344,-0.10195400855156812,0.04644501637863659,0.0011440526763089201,-0.17297258728551865,-0.05084619014091591
670,0.026674745601466876,-0.013084736029705423,0.03814591768290295,-0.11016608645451283,0.0743619468521101,-0.011707269094142995,0.005128791147915374,-0.10149998605096808,0.04662435234052722,-0.003789581875972517,-0.1693387833426608,-0.050853550992384706
671,0.0374408246517087,-0.017288060830272473,0.03810293947192686,-0.11014727543276526,0.08395452476716679,-0.009124964970255329,0.008907526343602434,-0.10601553754382466,0.04660968994794248,-0.004309328324876462,-0.1678080503942723,-0.0508220417435555
672,0.04591326995614691,-0.016917150942302284,0.03825021473709689,-0.11028373513757071,0.08437612324691027,-0.0023737059595959303,0.008476227702317,-0.10632989957863272,0.04664816279164229,-0.00508030826197475,-0.16486235275467181,-0.050939026006748024
673,0.05000004410932331,-0.01659055561878288,0.03779765499894934,-0.10969768230936468,0.09782004826046452,0.012044902755894992,0.008011162063706417,-0.11125812430654478,0.04634443581201438,-0.01811914811299839,-0.16522056598126358,-0.05058343599420838
674,0.05479244763988808,-0.019305386467560887,0.04214983521650976,-0.11335880464855613,0.09775515093797627,0.014977994463458438,0.011723365068980095,-0.11764633738480258,0.04827992029390172,-0.016291311795599277,-0.1656203362577102,-0.05481210479222668
675,0.059484681084364076,-0.021490486789997054,0.042317027253639034,-0.11438600666838655,0.10217402253638759,0.020475206019822716,0.012503413140963829,-0.12591875118707563,0.05115228990335296,-0.018879329646038064,-0.16131968433065666,-0.05956434473580418
676,0.06426288778687676,-0.021158936747732966,0.04287909710334074,-0.11817594846130576,0.10180128924947113,0.02127683072730973,0.016790113277003603,-0.12709304042189531,0.05118039128450571,-0.021562408340725613,-0.16103093817868872,-0.06465622577453743
677,0.06831682575762907,-0.02112749571713131,0.0470782482342703,-0.1274571075616481,0.1000190478601988,0.02118182339487748,0.01706338136496387,-0.12960785862405705,0.04759797131929562,-0.021079936440755075,-0.16099633259930898,-0.07610712630099056
678,0.06647363998865295,-0.021194784233479386,0.04617839790562493,-0.13205180456823093,0.09425241686754618,0.021183522619622808,0.02158285657212047,-0.1393212248686252,0.046235236831746705,-0.021297835157549048,-0.16102493924297118,-0.087272931247842
679,0.06158555029630738,-0.016684283702932182,0.048538031610177085,-0.1363944292252913,0.09344242880663083,0.021190247272190564,0.020787738922421677,-0.13983733219761788,0.05085021259026544,-0.020988221969182517,-0.1610147073790479,-0.09136046211587409
680,0.05636007442535024,-0.017254948353562238,0.051666473909930934,-0.14373443151896367,0.08955324453647472,0.02117109105844691,0.022911290618899027,-0.14879235437818525,0.05119147980542964,-0.02550540228971735,-0.16101696987437,-0.0951182547458628
681,0.05532955664734981,-0.015602844756838648,0.04768799650999125,-0.13227393937426113,0.08889351899954341,0.021260753535654455,0.025496115571164667,-0.14068927935914857,0.055345296340397865,-0.025333200995621103,-0.1610191656523789,-0.1079112834068478
682,0.05147619913833252,-0.012357899377256811,0.04645832240355668,-0.10834987454154311,0.0935751164950412,0.020863869918339085,0.02772137309876436,-0.13072999403901592,0.056111531467542095,-0.025517870082929484,-0.16100871438665462,-0.11379098978559199
683,0.05093063701407588,-0.012455588288962984,0.04661241779626203,-0.0809953118953619,0.0985178091098201,0.023593710833646277,0.032927910679295916,-0.11443796704040249,0.06150799817540595,-0.02507370101395327,-0.16103997431743233,-0.1274393992381215
684,0.046482528659688466,-0.015310436156613526,0.04659048783126846,-0.06309769476486231,0.10146215428235208,0.029033513383154352,0.03741181899117905,-0.08409610276566871,0.06593480884248416,-0.027519720844725985,-0.16098716536804752,-0.13635558053355923
685,0.041735572057436554,-0.020232363091147513,0.04707554935762036,0.06022682014947901,0.10517899146598532,0.02971334562122361,0.042367363841689015,-0.03017990175020018,0.07130414005479191,-0.0301609893516101,-0.16080059695945206,-0.14077996458668854
686,0.03773979842085052,-0.025133916009748375,0.05109339136562637,0.21387289569873913,0.1106708561413862,0.02966674715005891,0.043127544978830916,0.28639910100801336,0.07180523149744829,-0.029065047450553508,-0.15642257577472407,-0.14616773151078305
687,0.03858945629588719,-0.025415934085899483,0.05180215752839027,0.34600731737495666,0.11244066509460907,0.03005859909629035,0.056618690001516196,0.38990193405583895,0.07615832787211223,-0.03372907290596799,-0.15691298606794438,-0.13335179061334773
688,0.036025534908733496,-0.025859733267061407,0.057509022892393395,0.6132248158462842,0.11802075330779387,0.03366491916450935,0.061648019293921844,0.9022276875356442,0.07638683796410736,-0.029754656181139066,-0.15667301190236077,-0.11863906024531728
689,0.03410604895594597,-0.0296408406542239,0.05956127367302672,1.049019497668485,0.11879614861125923,0.028009832440972195,0.07017665782665579,0.9300881203615452,0.08158517530285045,-0.029731398797856894,-0.15711089063760422,-0.08672826430256597
690,0.030472234025313204,-0.02216849993803429,0.05938382588868144,1.0150993458910231,0.1186412377209142,0.02370004010095156,0.07421251983675367,1.0281746749750649,0.08498574936655696,-0.0296266576452895,-0.15434178612260338,0.011969180848534268
691,0.033078744062576285,-0.016239212603271887,0.058966279334469976,1.2852156233634286,0.12276540802200228,0.018323963129559133,0.07925632919697848,0.9844217540308434,0.08504574711497674,-0.02967348317764627,-0.14890721952077118,0.243232124884234
692,0.03378297324847028,-0.017000521692551444,0.06324317206978039,1.7712633507632596,0.11814425237689748,0.017165521812376232,0.08339338852324345,0.8710071596406109,0.0823848554405312,-0.029650534238477202,-0.14825052550577758,0.3608800868363273
693,0.03817459571000229,-0.01736216242055822,0.06353892201370251,1.927192447769012,0.1188064846148003,0.013501382166555349,0.09255572857338536,0.871607379051286,0.08020345825285173,-0.02969395018358428,-0.148307823960507,0.44016490083558446
694,0.03805838246202319,-0.013457335665170165,0.0640044872834651,1.9232749305515817,0.11856157022260326,0.012626144796570538,0.09755457100639829,1.4617730635342974,0.08055870683720696,-0.02954092059814849,-0.1480218908170702,0.604162367904558
695,0.038165961581757495,-0.0126311102776979,0.06796061803726164,1.8693641026824646,0.11883052274473498,0.01270878836573026,0.1120962377760115,1.7323914272805465,0.08050424074740717,-0.030030620519521996,-0.14272984896593616,0.7029399354708241
696,0.03813085911790745,-0.01270933618270346,0.06910848873456588,1.844727588830076,0.11798975675595633,0.012719556004172478,0.12455537727404631,1.7150221117177926,0.0805097373944694,-0.02568332501272665,-0.1398191767454989,0.7195834963950063
697,0.038115385455183635,-0.012709363092322257,0.07208893128912666,1.7796779181671225,0.12282021632909791,0.01269356754078468,0.12815573802734176,1.65554652489174,0.08047340050275446,-0.025446029768133257,-0.13794934986707286,0.6721029251424683
698,0.03823052487128169,-0.012767973249158415,0.07444677694840672,1.714566855232133,0.11519016501176885,0.012801467179188097,0.1352972055248915,1.5891098731419069,0.08076101214158604,-0.02540183234198766,-0.13510098058411343,0.8083267544621606
699,0.03777862878259087,-0.012389759001937702,0.07623816324483586,1.609353194159669,0.11013934094780804,0.012294438640751021,0.1439689751116246,1.539078805967853,0.07890703548167154,-0.025431549254513762,-0.13604444473373428,0.9672942292009279
700,0.04129878870306977,-0.014652396032086751,0.07937819509549013,1.5345585399815895,0.11021119216825834,0.015280104476549958,0.16054747981188766,1.4508131926245682,0.07604145621703251,-0.02542314396437711,-0.13211300489929576,1.3088679624930775
701,0.04615177956258028,-0.01729396421763278,0.08429333288719044,1.4548763774252897,0.11008284970454846,0.017110631438652987,0.1723754746664916,1.3762395829007519,0.07455718760091558,-0.02541625703077913,-0.12749598599375966,1.5526895075110458
702,0.050850341377866884,-0.017002553449109288,0.08898591155003993,1.380122961668916,0.1105763438809581,0.017252404004085876,0.18187164618189966,1.2742343654666557,0.06509239579450217,-0.025455733977902337,-0.11825690251686692,1.5989197898729717
703,0.05588008502697522,-0.01656006877668564,0.09403614257701559,1.3070227861966155,0.10782011825000067,0.012955798672619204,0.18705874487455065,1.1614831923337015,0.06358444746535809,-0.025313724985825407,-0.11364014465298701,1.5400224095101278
704,0.06505019802095525,-0.0209819612296677,0.10301891131857327,1.1465435358449863,0.1076826612459596,0.012766929945720745,0.20516865601866024,1.0561905201657436,0.059405001809774344,-0.02571294059619131,-0.10973129464186755,1.5024146492027264
705,0.06794829868098935,-0.02125385586557788,0.1071886761711234,1.043813031797678,0.11388604976857285,0.012195195250547847,0.20796184330896567,0.98069390846905,0.05467761638292466,-0.02126325834189096,-0.11059063458967827,1.466702150564922
706,0.06849218198571343,-0.0252530566570344,0.11216241164465295,0.908156034712268,0.11389113919321564,0.007983049604771896,0.21678422056672433,0.8722123449441981,0.04980834459835208,-0.021322103349697946,-0.10812530130196134,1.411750151629034
707,0.07906178698798705,-0.020901110256630374,0.1163081890947058,0.8337416964532183,0.12248298981117851,0.00900672592091576,0.22841667477547867,0.7847519623798436,0.04567015658815712,-0.02038035634282511,-0.10357181932196484,1.3703431172566816
708,0.0886295007571261,-0.019826205827017433,0.1242366655323217,0.7436203359533211,0.12244407701576367,0.00605440935980493,0.24421619651377163,0.642401723215021,0.03756682340771806,-0.01674336232949076,-0.095194997919875,1.2690922797488433
709,0.08861388164678938,-0.01691119540615965,0.1309239420482905,0.6746409342120699,0.11381660126826545,0.0051198232402949115,0.2534763368855634,0.5336455485230078,0.03659963541206582,-0.015540664103453042,-0.08919848279122812,1.172894696017958
710,0.09289371940438514,-0.014396873847449398,0.13134334018895266,0.49956708679049056,0.11429245438738836,-0.004785379235717998,0.26402133079113504,0.4252672289894257,0.03254387808152054,-0.010185645540541084,-0.08897916720695716,0.9821236954255163
711,0.09319729975645488,-0.012867064216287187,0.1354709098669867,0.3289017082745573,0.10491612450947949,-0.012747124979943432,0.28786297443770303,0.3088338435207157,0.026389763423508142,-0.005731066429600072,-0.08881395311155899,0.9170105463386753
712,0.0976780541222822,-0.00914710952463691,0.1491423805656989,0.2604215951656868,0.0949620491949214,-0.012500089738702156,0.2886137776791472,0.22051614636008524,0.017237190772401618,-0.00048826978154634364,-0.08266425068427641,0.8271853753417573
713,0.09748331711523471,-0.008487761231134325,0.1532409201063653,0.17220879774845893,0.08770184975858197,-0.02167740794348348,0.30314664212996123,0.09227519734097007,0.016765286737622082,-8.845852178282964e-05,-0.07579693241208992,0.7316341818109637
714,0.09657575584342062,-0.003961657672684436,0.15810375071020655,0.06240576314776892,0.08211083052646043,-0.02546474264841882,0.3121937863821767,-0.11013242257291218,0.006619431156278098,0.0044231818986715625,-0.0745635788377304,0.5471704355866038
715,0.0909408463957604,0.004618673593763273,0.16320649809629265,-0.19979235286067232,0.0694179048119676,-0.026210114865687032,0.3193194670771943,-0.25091954203447087,-0.0012583768124904346,0.00868531204409987,-0.07154615951348103,0.4649394362287362
716,0.08897185739031928,0.005002808774825806,0.16515786205261096,-0.350359511688615,0.059610612194881646,-0.03169082248708141,0.32879563179068966,-0.3720189897690839,-0.0076457410409315725,0.00845770825975125,-0.07234873890786124,0.34849038108711655
717,0.08681185558479884,0.008907945401838336,0.1679457779442222,-0.41615622241885586,0.040913957396310256,-0.034532743602171186,0.34019144369117116,-0.47242070820552695,-0.015278573024528239,0.00815326071668458,-0.06905884083095397,0.2849111370065689
718,0.08065586912153822,0.008709312951542354,0.17182427476883025,-0.5348669588261674,0.02758867342962258,-0.03146480240444886,0.35361997744342805,-0.5611812173005827,-0.02011183967419101,0.010581054473047875,-0.05982440447651537,0.153500063366111
719,0.0817385717883903,0.006128620953280611,0.18528367683491645,-0.5990316591145668,0.019697748637313776,-0.026350577448040372,0.35966356289086104,-0.7292035732908237,-0.020969666188590416,0.013170209120614413,-0.05492682269819697,0.030998310742958557
720,0.05975530476357649,0.0017449349274340565,0.18642973355134498,-0.7347819002293094,0.014032334372987959,-0.02211635685933809,0.3687229177066022,-0.8952372279720979,-0.025066295086015714,0.01226116927735038,-0.04999115976355431,-0.062297648456525224
721,0.05003028902958302,-0.00740746686114313,0.19092294913724556,-0.8971233800488388,0.0016280615441356889,-0.012889934741837857,0.37314616514431476,-0.9663786684546575,-0.02541532342921204,0.01640656226545587,-0.046480108276840196,-0.20222018627466273
722,0.03622771529863455,-0.008441783940306261,0.190469408495208,-0.9540103645358122,-0.011149556015733501,-0.007838466640263173,0.37971990152941115,-0.9879668044677543,-0.025417224641948802,0.01703467779367062,-0.04538362464353775,-0.26164336408662575
723,0.025954294025823874,-0.012912844756685266,0.19139194739181795,-1.013121061814541,-0.012035153471360555,0.0005373827414561775,0.3935534231551763,-1.0365737033511875,-0.025625753133846067,0.012572895923120612,-0.040073341491777346,-0.3395970631526791
724,0.013522296082057125,-0.017676564988744464,0.19837275707282728,-1.0467685358298116,-0.023855638892090608,0.0007679093375857874,0.4009563928082192,-1.032443981949921,-0.024048500253952897,0.012237970393899865,-0.03552543455473159,-0.374043491095857
725,0.001028291904115547,-0.02150612051073693,0.20631219259372413,-1.081021387590061,-0.033908219646358595,0.006110608654427566,0.40227887162101417,-1.0019213333578199,-0.0203105632179788,0.00680130578731312,-0.03059318735738579,-0.33410350278535117
726,-0.004329189575175975,-0.021210165259649385,0.2079344226668629,-1.01609440262396,-0.034646860589103504,0.011102879516044856,0.4058001280276982,-0.9725553956978753,-0.0240379265856341,0.003525550067833699,-0.026335583629763917,-0.4101890782303978
727,-0.010260040848937254,-0.020648433602383026,0.20715589254035072,-0.9622937526301594,-0.042772892768864125,0.012854866480983848,0.40635871072791707,-0.9128258394927952,-0.025313994431601542,0.0067396783285095605,-0.017043620172488467,-0.5723840674463136
728,-0.01668278563668304,-0.024382673944295788,0.21143987454055088,-0.9599508588756888,-0.044918598731552316,0.013043087425109791,0.4146569190357828,-0.8740416347757535,-0.028887875906532166,0.008784523755838781,-0.01713090875229915,-0.6178978436104091
729,-0.017028291566350853,-0.022093335939897617,0.2118255294479655,-0.8868627134344275,-0.051576360825203754,0.008912731337165402,0.41947759004709834,-0.8190686410475462,-0.03375060866277958,0.008328954502752924,-0.01618452713522387,-0.5914152931336403
730,-0.012313331397231243,-0.024640491179021725,0.21651683397629365,-0.8410025018191675,-0.052364121318782625,0.00845944839956667,0.4204389160596725,-0.7775878395713809,-0.038362442079263426,0.008674714263969964,-0.011839209159677375,-0.5713733638426144
731,-0.00839328304036633,-0.025481121390483717,0.2204164288918086,-0.785837807850674,-0.061074886447538175,0.013267325850149168,0.42968576368051264,-0.6781549960408536,-0.044687268471145014,0.004156320075845645,-0.0028363542086640593,-0.5679173559884737
732,-0.007367733777613262,-0.025404280273617498,0.22141477799268441,-0.7128014562938801,-0.06748666107907628,0.017294286627334014,0.4336957963115182,-0.629712987213768,-0.05730155616382099,0.0042134236804818,0.007296004056372018,-0.5165443437780433
733,-0.004223699234531273,-0.02585821292914624,0.22476224368665895,-0.6409471993404654,-0.06770236907884682,0.016551875110832517,0.43874700944906825,-0.551147768644137,-0.061235523482762615,0.00503143699285054,0.011646882630467283,-0.49987636262662793
734,-0.0017213611395102179,-0.0308435171403439,0.226323596538753,-0.5913932675712931,-0.07224490669508891,0.01883144778433717,0.4428757192770126,-0.4815467038008693,-0.06407436756486465,0.01013569671539094,0.012623491948025397,-0.4837522020144717
735,-0.0024678316722557244,-0.03587768582616835,0.23141240605256438,-0.52307253800494,-0.07632680519062615,0.02159472472112698,0.45127284712443433,-0.43136713755081146,-0.06291978690581126,0.015217851328525933,0.016458197602168576,-0.43944719209305866
736,-0.004131560292753715,-0.03805129061627747,0.23657484484107713,-0.4427321506164795,-0.07741702521454195,0.02101392427395961,0.45728733468295535,-0.3841740234102752,-0.06748123752600806,0.017011997214312694,0.02119665821541937,-0.3900825301014816
737,-0.007885233655909166,-0.04073686434484775,0.23708135262004593,-0.37380677317646005,-0.0794627539271248,0.02149494651511255,0.45771903831147764,-0.3610948139717115,-0.06386268575382291,0.019348809737899167,0.022116959697027597,-0.3651266670668718
738,-0.008524078926930592,-0.04260251332933718,0.24137065642411193,-0.3687070517166123,-0.07573257277882234,0.017421391406318727,0.4532604790909561,-0.3375433058440199,-0.0635932083325287,0.028844964538360933,0.030594924483404444,-0.3339720616746635
739,-0.00852064329264511,-0.04244274810857118,0.24148836734163265,-0.3423482759338309,-0.07635111736902374,0.012643442179895204,0.45286940120309455,-0.2975240400688196,-0.0635310058635381,0.029702852242935573,0.02905900171585327,-0.3178030118014816
740,-0.008035300957663792,-0.04220999168808641,0.2415085150696612,-0.2909253002637917,-0.07639415004562443,0.007796799566401959,0.4480135389416466,-0.2819327670002602,-0.06356626729967275,0.029880228038413285,0.03185650364537808,-0.28740195614459896
741,-0.002821262424081764,-0.046580418278893185,0.24178719297409892,-0.2721446819878231,-0.07586577678343723,0.0041352862279486185,0.44116534361812315,-0.2459472912029741,-0.06357479840969843,0.03519605639677228,0.034198987472466684,-0.2629772789608256
742,0.0006134061059890037,-0.041947656268316424,0.23988371328855077,-0.2425546061748135,-0.08049040587361046,0.0029376099267758838,0.43448745918816084,-0.22916391103011957,-0.06347709321603036,0.03721519461364598,0.03394913931736467,-0.22712029906124137
743,-0.0018597486406344275,-0.04253971727323077,0.23722568588924262,-0.23044687817173087,-0.07608329142635668,-0.000572791604517834,0.4240960896741654,-0.2088217754922545,-0.06388477079152312,0.03324892802381264,0.033604784630032185,-0.22132509244896703
744,-0.006859537176598923,-0.042228604957010474,0.23496904202336896,-0.213124830881289,-0.07621742069325793,0.0005595325514887229,0.4123466053741715,-0.1880334708810838,-0.06064520591805055,0.03450660521680338,0.03804694381757769,-0.1972995398646451
745,-0.011535437466622464,-0.04284319865627675,0.23036148832615447,-0.1917765054764585,-0.07742608213993799,-0.0031161555067687682,0.4071774480772933,-0.1829467734124019,-0.05531356099292043,0.03073421514849578,0.038083829313010804,-0.18695900844390617
746,-0.016124915885053378,-0.03953811555241533,0.22169518050142234,-0.18642155423973297,-0.08061158724292143,-0.004398802843971546,0.4025018684300356,-0.1737647941856496,-0.05509589040410961,0.02987320802645714,0.03814924413058886,-0.17601123452321932
747,-0.021075565819520893,-0.03831697471873207,0.21627778396780453,-0.18135329235042238,-0.08260926460573546,-0.004222043639491158,0.3922028790063455,-0.16874503973515437,-0.05051667668095675,0.025655188891489607,0.03820575734461593,-0.17495985266396405
748,-0.02128637835714964,-0.03445247312923962,0.21152404925882062,-0.17146896235918652,-0.08522004463852469,-0.004235516270228475,0.3741127790762902,-0.15938196407260255,-0.051588377068183366,0.02537581865294646,0.037748417479441874,-0.1593746256774934
749,-0.025898669313295417,-0.033869633953023316,0.20243085381873818,-0.16339913929130315,-0.08427747595874117,-0.004236442588165678,0.36719004766629454,-0.15685821906552855,-0.056893939658253984,0.02034442332584461,0.04052623217144358,-0.15262326794265607
750,-0.0242633337783152,-0.03394225136244178,0.19807097745582739,-0.15920151223256462,-0.08855493874464217,-0.0042532290419987455,0.36122430869521677,-0.15493853789872378,-0.05964933370193257,0.016651761300842293,0.042652483250363644,-0.14796688166904096
751,-0.021060537779341953,-0.0332607262601302,0.19364018661298615,-0.15392988625617599,-0.08900161257408404,-0.0041500440296311294,0.3483252938095719,-0.1518449355320665,-0.059257875878677896,0.017008974385412604,0.04239421690661694,-0.14319105943591656
752,-0.01945785529878104,-0.029418680327185334,0.18655740139602475,-0.15231224705591445,-0.0891651199618517,-0.004635223714958176,0.3371316589884295,-0.1552619201561749,-0.06081784127186223,0.017051235473587497,0.04222416154308926,-0.1391648671894698
753,-0.014819165143930767,-0.028505078280489402,0.1794310027331587,-0.15262656363151023,-0.09488504366948622,-0.001677825282603137,0.32758357832788254,-0.160753422575644,-0.07811389869365114,0.016461967662416595,0.046726645377054336,-0.1418116544889263
754,-0.006497051932936792,-0.02280172517620913,0.1746384436513826,-0.1524507077321083,-0.10384146947868714,0.0006142163984110178,0.3189044774558945,-0.16079815520045987,-0.08459993278704728,0.020352999057535442,0.05093339841295726,-0.14399334071045425
755,-0.0033018146099763343,-0.02085515870321826,0.17379534468915353,-0.15712089370453292,-0.10568586371547989,-0.00353489259699158,0.2959603411014923,-0.16983966399071548,-0.08902670371039725,0.020995333397735738,0.05174477105935102,-0.14696173141825977
756,-0.012161473069998463,-0.021537740284962373,0.17000697527194086,-0.16635063903719285,-0.10867700565839712,-0.008179707085576261,0.2924403323732839,-0.1691188640920817,-0.09026721199998186,0.025369753815276334,0.05532442958063227,-0.14849627385320635
757,-0.017107581801399253,-0.01773585785652223,0.16070082225364493,-0.16970811248695483,-0.10769039408536499,-0.01756296760718778,0.2922940888452324,-0.17080947279853723,-0.08856550066648308,0.025645561789698623,0.05657144496716868,-0.14829811518868333
758,-0.0210742752964198,-0.012786191485605235,0.15169970272835326,-0.16949368161968303,-0.10312198431289968,-0.026459947108925387,0.2815339632177503,-0.17375468156215862,-0.07624073651395434,0.03015587172220275,0.06248032458049459,-0.14832647956341652
759,-0.023865079033004978,-0.01273511503506612,0.14741064130073575,-0.1692024258404351,-0.09347463260257169,-0.030489104626399578,0.2683232354458009,-0.1760906450421318,-0.049304022170377305,0.028865851548313858,0.06327991675315393,-0.14783388712815035
760,-0.035535051016091085,-0.012814114610290342,0.14199973997260432,-0.17172149740591228,-0.08862632844040841,-0.02611721090901062,0.26044140253355336,-0.17784055163006354,-0.020331923917631018,0.021246235323339743,0.06731590256571354,-0.1433897421345297
761,-0.045548320450816825,-0.011857046020198618,0.1406274694806091,-0.17735512327357095,-0.04244964163666936,-0.021170817777612566,0.24100087533132158,-0.18138891761465187,0.0054568906924140235,0.016495971766586653,0.06772270408154454,-0.14578426812215445
762,-0.061491138897328185,-0.006308495880268979,0.1327217808032947,-0.1777402988660835,-0.02746826248346119,-0.016086617404340392,0.23015741428488962,-0.18227233894458458,0.042374872835195074,0.014902221621486559,0.072217544998848,-0.1486606973019432
763,-0.08647182302744084,-0.004061388369344613,0.12339807432181779,-0.18212556225747412,0.011460380233883505,-0.009523669691516962,0.216474714337601,-0.1821899178463634,0.1119026147882195,0.005613326433574705,0.0719432487654616,-0.14835294075117564
764,-0.0992320277431841,-0.0038117390808297255,0.12004913043100356,-0.18235516731889004,0.05733243883162698,-0.0014326065799244985,0.2069835550391039,-0.1826953233925357,0.21408046014762594,0.0004882121693404206,0.071994166339562,-0.1478816312123145
765,-0.12521376168240347,-0.007658640608913775,0.11061844467690825,-0.18733676109320818,0.12974907132371474,0.008350130410541822,0.19739662709171496,-0.18662317659455874,0.30331728825434134,-0.008698138355546128,0.07239645236684554,-0.1522046645656389
766,-0.14023344094430673,-0.008291353425269814,0.11016413811920768,-0.1922781838436589,0.1920574065533697,0.013631645772915918,0.18829497533515216,-0.18784768800058088,0.3653918812306403,-0.013757652005589083,0.06974631814088221,-0.15253003231032658
767,-0.16739907449791958,-0.012643102686105107,0.10487398563964598,-0.19489560735306402,0.3241190688365887,0.02650345272920852,0.17690233598365157,-0.1911064755556322,0.4800058465448084,-0.0229943198458917,0.06736261180581996,-0.15704510223590154
768,-0.17593389050450214,-0.0128413879123636,0.09599529526805696,-0.1971774080552824,0.40715308942954215,0.024873203595937098,0.16403233050696583,-0.19069140835810375,0.5556003863190797,-0.025630528265422295,0.06823718488217213,-0.1566702358875485
769,-0.19162278540265715,-0.018073771354220277,0.09227135969387625,-0.199452272269041,0.5003926411360057,0.026893838813842805,0.15842048989357327,-0.19030891654742135,0.7153883300741386,-0.02546526335670483,0.06391014333957928,-0.15678521399336987
770,-0.2021430467746221,-0.02121764460072895,0.0846088656242656,-0.19919243620378158,0.6295365649686059,0.03237042342137991,0.15038577796025115,-0.19436003791193937,0.8013024142856713,-0.025046041736553247,0.06356953228071767,-0.1569106187545587
771,-0.21971203583656068,-0.022830290274056912,0.08051149940432102,-0.1989354421772517,0.731732452140901,0.03413368050007478,0.14076965490452645,-0.1949968165127261,0.9161267686569169,-0.028482470784327706,0.06321974101233153,-0.1562041604818889
772,-0.2343841448608431,-0.02582886342883895,0.0754623377985474,-0.20340887317365663,0.8446851766435287,0.033856921296102724,0.1313157687265144,-0.1905541351919604,1.0743625674613897,-0.030372983302472092,0.058234628720907886,-0.16037542926275442
773,-0.22295262156522203,-0.02542233460147352,0.06492085983398103,-0.2029344110764009,0.9967452506034298,0.03390293420661975,0.12707202882166369,-0.1900235218062255,1.1489552128601406,-0.02129893708099784,0.053503805391993293,-0.15748103336124541
774,-0.21608073965026356,-0.025140908781082185,0.05975979128854428,-0.19876509115131796,1.0683835928396754,0.03389835067188232,0.11842629141045079,-0.18587666076078918,1.1837326936263537,-0.021142511633962875,0.04922369249259857,-0.1567377515155977
775,-0.2160698366387028,-0.028965848418303776,0.05507162381039125,-0.1993529932820585,1.1222643857188477,0.03390988199059015,0.09849670156417831,-0.18696800862098836,1.2417089687999274,-0.015156810694307486,0.0415843992732072,-0.15678431598998874
776,-0.20643453443369336,-0.03385731879483829,0.05484564478758156,-0.19870986914283337,1.1672084934115994,0.03380166449687611,0.09546176596935232,-0.1839245018317402,1.3237868222351157,-0.006687660428348124,0.03463772352295313,-0.156566088898688
777,-0.19791872649153344,-0.03377416656138393,0.04976536299220139,-0.20171133544704054,1.2064829006302553,0.03445217445210061,0.09350845222769934,-0.18193566360156413,1.3360317538048267,-0.0023356345912033043,0.03347822596629914,-0.15829552145674308
778,-0.18368150630489957,-0.034692432836631995,0.04528173733329166,-0.2035796174686733,1.2400207453331715,0.030459981798744755,0.08791619740454899,-0.1822218073001247,1.4092649892583613,0.0019561176040629054,0.03798104726887798,-0.15957116173993677
779,-0.16560429381895952,-0.03826923088142952,0.040151575104196376,-0.20360350187263127,1.266646735405763,0.02255982130068812,0.07751347169057395,-0.18224313121915428,1.3970430540986152,0.010214003158432978,0.038128781619464515,-0.15672942937614723
780,-0.16531500406944938,-0.03986060414493211,0.03786153621032305,-0.19954425248708257,1.235870894961168,0.018405191059477962,0.07227324450689959,-0.18234894904309257,1.372333684841226,0.016089644286375975,0.03776041901516855,-0.1538936007050226
781,-0.16533874476461588,-0.0424773027357324,0.03807268002051897,-0.19483942509564892,1.2067873192416598,0.013574314713846278,0.06753097989457917,-0.18678331966543318,1.3436608898043656,0.024491887600111856,0.03201979921642227,-0.15236879545905657
782,-0.1629465887932233,-0.04471482959651955,0.03853484281483637,-0.1949400764469039,1.1818933189699592,0.008873504317251908,0.05759234353221732,-0.18625297587838333,1.2756738670137353,0.03855505099611407,0.03126652912248907,-0.15251135426634
783,-0.14646890124759168,-0.05020986443598949,0.0342158045857455,-0.1951431939847296,1.1313627353737978,0.004152768162064401,0.05091747495415869,-0.18684127749013743,1.223718069059779,0.04744224302024935,0.03260513755094441,-0.15244640787483324
784,-0.12714933150098856,-0.05097528468581525,0.03390396226557757,-0.19335446030650696,1.0611089116827117,-0.0005725795405965359,0.046489056498476705,-0.18417577514520764,1.1323116698455025,0.05187740052774987,0.026262827841035025,-0.14794526055042873
785,-0.11510449636156908,-0.050826238196332384,0.029062085489301583,-0.19025355915633982,0.9659243632384367,-0.005242096802820048,0.035568328254582976,-0.18188183048686593,1.0278990945793736,0.05708233149910607,0.02573089362318771,-0.1487395940110096
786,-0.07226698272764048,-0.055570599137561905,0.02531652918094229,-0.19076801003303942,0.9157510659464965,-0.01024272711802584,0.028275627509508922,-0.18226041206836893,0.9756519157132275,0.05942934369496035,0.021487843043018647,-0.1463156946042299
787,-0.06957744686756366,-0.06015647519375853,0.024414321837265236,-0.190670831030026,0.83567983929014,-0.013159505273787104,0.025427615756532275,-0.18219491615549874,0.8833002915596382,0.06116442503403743,0.021202256318613562,-0.14585492737560704
788,-0.04136941523740558,-0.06526686594845378,0.01959404200491262,-0.19065274745412422,0.7661606833174718,-0.012210008130955831,0.02160257572723981,-0.18220300682222298,0.7919619462605624,0.07009663393853882,0.011566207138708004,-0.1487257081511521
789,-0.0026055760243266324,-0.06775728294141212,0.012430506754243655,-0.19070739669665132,0.6747153889503331,-0.015722038424954426,0.0213140593603035,-0.18223934941997022,0.6761225221920215,0.07570258711103732,0.0030065007541921333,-0.14822804567333484
790,0.014438463903048378,-0.07009503215205362,0.0050247610255681145,-0.19098914046719828,0.5792878266988136,-0.017440552784155818,0.012144789133106914,-0.1819234059645716,0.5537061380462062,0.08047701817955455,-0.0013754240746970971,-0.14831969247490404
791,0.03121359952862342,-0.07232718382013813,0.004126710092901654,-0.19459637745429298,0.4914470957751356,-0.012940165226782768,0.007584925992315534,-0.18397305112717247,0.45915308765060797,0.08085672780212524,-0.006268892987118772,-0.1483042472114903
792,0.06815617228024523,-0.07208338353049284,0.004252182450413239,-0.19010858359227295,0.430826035781099,-0.01282752007707806,0.004130840649883558,-0.18484635644748476,0.3791226556026854,0.08420539143103158,-0.010717617470788145,-0.14820731725885788
793,0.09291096693623764,-0.07178952997456342,0.004236803580946652,-0.1908587314334429,0.3139801326624057,-0.017804030384983013,0.002591920080766767,-0.1817462735998613,0.27446388315609643,0.08119667932298796,-0.016422447383549806,-0.14915875529288508
794,0.11153145705808108,-0.07626917452661675,0.004236703556968272,-0.19052318344556654,0.2201904319581452,-0.02125351731224376,-0.00043001367994753543,-0.18229008938313912,0.16695021127133905,0.08544964381955163,-0.013579483207412505,-0.15299595979978176
795,0.12507528434052279,-0.07629790020666968,0.004237799156968937,-0.19113659247676562,0.1273705264001046,-0.022662778291394473,9.828295179047851e-05,-0.18219107640955057,-0.019673286507254813,0.08416492851784178,-0.012478562282843789,-0.15243381133670952
796,0.132069767509878,-0.07550469769896222,0.004235730522190692,-0.18726181708667913,-0.13843722151640672,-0.025761654621135225,-4.429161738422271e-05,-0.18220373103520265,-0.2481321928771903,0.08776621930014909,-0.01705309791061966,-0.15253413425031712
797,0.13078137693681585,-0.07155604143507015,0.00424457101623129,-0.1863296687577785,-0.24961720480086386,-0.025772806830899914,6.860053079304243e-05,-0.18220006074421635,-0.3476402976222489,0.08925109349226137,-0.01690815737286159,-0.15265918434003667
798,0.13377773201790677,-0.07223903995359973,0.004205746296295092,-0.18643775002924196,-0.34707111175836725,-0.022258171613098943,8.785161512679409e-06,-0.18224112605752027,-0.41020616878953337,0.08878176997522004,-0.016720246594645237,-0.1522033195564767
799,0.13549849479870077,-0.07165330978905707,0.0043594110348464795,-0.18682357725077606,-0.3937239466759635,-0.020964444288557003,0.004473922283372221,-0.18196950405779036,-0.481621377257876,0.0933171381609021,-0.018551736852760126,-0.156675628600778
800,0.13871850620550621,-0.07464187610903539,0.003825929777102848,-0.19107879161883443,-0.5364602672281559,-0.021304294213203952,0.004285137597777086,-0.18372030802889322,-0.5057249744629143,0.09306890035359947,-0.02160489424012568,-0.15689816890047859
801,0.14032725080684474,-0.07965415986524646,0.008015372782479251,-0.19053409582547923,-0.6677818061396303,-0.016737892369487993,0.0032166562273777894,-0.18878088419304906,-0.4586621872904937,0.09381627116938117,-0.021102420154545724,-0.16213522549778206
802,0.13559493185595925,-0.08425106835256627,0.008497579989254794,-0.19081733166982667,-0.7833502974717061,-0.01769081256014895,-0.0023896716286533827,-0.19388571255527726,-0.6038803041199722,0.10080289404395153,-0.021181254190588632,-0.1653082481778444
803,0.13473843063443558,-0.08899969504928129,0.008487899806379384,-0.1902216684993798,-0.8166335685652908,-0.02137527336012302,-0.004511293501311387,-0.19503042782994753,-0.9028253989429499,0.10836411541813806,-0.021239498483438753,-0.16684067006686662
804,0.11653898162466411,-0.08892861052137488,0.008467122099747279,-0.19373759906364152,-0.8477362101957913,-0.022469064252575117,-0.004182363796220348,-0.1949648559529372,-0.9191620305996225,0.11322029172335625,-0.021152936716010495,-0.1704722234966125
805,0.10539023885169718,-0.08900544634115291,0.008480690373533377,-0.1951272609724874,-0.8221424596276254,-0.027623166536801733,-0.00424736211120985,-0.19502708937091653,-0.9107340707041343,0.11418455249761945,-0.025956547857328024,-0.16596861857872092
806,0.09042340500931692,-0.08897620273547441,0.008454650521293577,-0.1948180924210466,-0.805548924620274,-0.03281294777162518,-0.004234057597095738,-0.19905216301997672,-0.8702407180036394,0.11817955592246605,-0.02993746176263137,-0.16861771547824345
807,0.08528207688481892,-0.08898484837242586,0.008559699904375703,-0.19471027445824593,-0.7704880308536902,-0.0336558151173841,-0.004231211892989901,-0.1936156377941269,-0.8329966729083768,0.11864950533721746,-0.02959601694502636,-0.16957005723319474
808,0.07492897582757628,-0.08898262418681462,0.008140905358022602,-0.18529242563412332,-0.7113958861398741,-0.03769830994982852,-0.00433362157156273,-0.18878813641998907,-0.8034809943479647,0.1184300922725216,-0.02957040249129411,-0.16949007398700625
809,0.06621036980409266,-0.08898317164283824,0.011319195160772661,-0.18201828198362652,-0.6881702562166117,-0.03812380737835067,-0.003494338175587909,-0.18615625545867348,-0.7381762589089593,0.11334006303387839,-0.03013831331660682,-0.16966027851661053
810,0.052707939213158035,-0.0889829249566641,0.01657920431185436,-0.18219146273099024,-0.6515698212298578,-0.03763761970876519,0.0021126829084132884,-0.18627034550370808,-0.6800406269929912,0.10919777243035647,-0.026522182777857083,-0.16818166234134907
811,0.04262823089966619,-0.08898329175085894,0.01696524277560487,-0.1825017353829712,-0.6113319115089976,-0.028519855773420127,0.004091465607896403,-0.18725282545835503,-0.6718853185137774,0.10164641094652728,-0.025611778850845285,-0.1665114703714308
812,0.037922935906444764,-0.0889832434602579,0.016900930373395583,-0.17996115542877028,-0.5608053801964981,-0.023034805130068177,0.0069906697366324665,-0.17882420283849557,-0.5739948003660427,0.09757618484856609,-0.021456758697414893,-0.16955201911963558
813,0.03260485166148794,-0.08897674046404673,0.017586467476059457,-0.1744779477623162,-0.5075235470189504,-0.01449662787040157,0.008316490167150565,-0.1779479130470264,-0.5385423820417748,0.09189114931372912,-0.02121332131804178,-0.17231360036953947
814,0.023365264909837227,-0.08903010256067403,0.021359645841039915,-0.1736273126277038,-0.4430118262812753,-0.011110449261239703,0.01214687330143379,-0.17795757951573193,-0.4846075105601633,0.08534614370312035,-0.02112782372118442,-0.1735312425494544
815,0.02229078629666388,-0.0887232802118307,0.02266408794259028,-0.17374036259689174,-0.42341460843442813,-0.002211845146421604,0.01276740422922511,-0.17776317161946986,-0.479317338601044,0.08086659031017394,-0.02143998361515251,-0.17762138876806197
816,0.027592055758972427,-0.09063009627057608,0.025868713038633116,-0.17378874665488417,-0.3765745170691776,-0.0002631338030942439,0.012968371707534558,-0.1793996741915421,-0.42264945207682997,0.07610931756007554,-0.01963649464311693,-0.1779627269941393
817,0.03271574394894735,-0.0956484033702001,0.02535777855338146,-0.17311421672542043,-0.35388821980873214,0.007320411891375394,0.017256680973902063,-0.18223947672653304,-0.37387796636453086,0.07139617313618463,-0.016525005611862736,-0.18237239997946741
818,0.03367676173044405,-0.10072138420603573,0.025322362313483754,-0.1686829096853457,-0.32622929281939705,0.016942279995288075,0.01711040380121856,-0.1846391179756236,-0.3595518711712522,0.06645779500153942,-0.017041871146536578,-0.1830120220862376
819,0.03754069221379873,-0.10181120411478391,0.025764351780690597,-0.17176184384909174,-0.2929778565734486,0.02613659116730738,0.015269034447235591,-0.18673272405505492,-0.31722504399904855,0.0631038988261202,-0.016931880238108984,-0.18658472891119937
820,0.03818904339159995,-0.10173203023239863,0.021324436667846818,-0.17166104285087996,-0.269729306089741,0.030290445537187193,0.012175294711811665,-0.1863952815220442,-0.28331053531938233,0.06407867050607031,-0.01695158629326391,-0.18841720298295572
821,0.038175406814923006,-0.10176437137292407,0.021105893120572383,-0.1695769285143888,-0.24157788401927496,0.0369216225587584,0.013277446281572165,-0.18644499521659766,-0.259688024606989,0.0607910056258142,-0.01694903626402192,-0.19069951704729463
822,0.03773219963313183,-0.10625112925225151,0.016060801715660954,-0.16606337705720556,-0.21702088234446112,0.04326608462958601,0.009201583003097098,-0.18644517965498236,-0.24087853465414222,0.05909526751970493,-0.016949105576405808,-0.19348061910048409
823,0.032389496997813134,-0.10559900676767656,0.012358943797214389,-0.16535132225967902,-0.18769456978207336,0.04174789449361555,0.00857642921875663,-0.18639461562758658,-0.230782252190899,0.05934764077681338,-0.016948934102333498,-0.19841925221925502
824,0.029676739159847337,-0.10737548361309075,0.013053273157588169,-0.16101308558495103,-0.18546396480478416,0.045387180075916474,0.004233257834234569,-0.18673505973702412,-0.21004096449538992,0.05932465184605488,-0.016950682699175153,-0.2033236402138898
825,0.027651462711928695,-0.11071045233648726,0.011033475896688783,-0.1562123759735911,-0.1809002526552755,0.04688656101677144,-0.0004523124192623806,-0.18462717471942486,-0.19660623107272776,0.05940006183289878,-0.01694154319053763,-0.20360267019497996
826,0.025099046198348803,-0.10961058322074467,0.0054837565995048436,-0.15236707350474338,-0.1706836103550655,0.04638302305713589,-0.005390600841516488,-0.182239968703258,-0.17637094871305398,0.058570166999499115,-0.016981833205099016,-0.20788737824036327
827,0.02530535296127437,-0.11330189148217806,0.004074308964969301,-0.1516369177288499,-0.16164919368647426,0.05090437853530718,-0.008829870912062578,-0.1793946371526378,-0.16335586536056063,0.05456840208963118,-0.016826319537962254,-0.2084224825881024
828,0.02832747208537751,-0.11449615912332828,0.004176482371810816,-0.14571956863713414,-0.1580910714309986,0.05077031286326873,-0.008383360061900871,-0.1777430876753779,-0.1659296689491921,0.05551983040651926,-0.017335347724163442,-0.2142460700012589
829,0.037826534634781334,-0.11453411240653712,0.00439793787493689,-0.14458873763396365,-0.1489369232987781,0.05089363908021087,-0.008489496979745785,-0.17800747424869356,-0.16135361281758145,0.05294334481984489,-0.01299272108073744,-0.2160262235877146
830,0.03821416475065187,-0.11000484208594936,-0.00010246472870466195,-0.13841218963285432,-0.1439831955544104,0.05074498582280471,-0.008493589022185576,-0.17797815355009405,-0.16105709264000545,0.04791614214675323,-0.0127115841388783,-0.21869344801314355
831,0.0425840623341053,-0.1053070688777368,8.23817521882799e-05,-0.1317614843780296,-0.1388674311331144,0.05128624232458159,-0.008405079080835353,-0.17752657940212202,-0.1659581549453309,0.043117627281572556,-0.01312073153806768,-0.22377730285831887
832,0.04322295910639604,-0.1007511955160623,-3.1367584077396406e-05,-0.13116113678045713,-0.1371491227621624,0.04818116573794494,-0.00860599509454405,-0.17331519574599655,-0.16978647741211292,0.03864688198944637,-0.01754510603170682,-0.22846523556886222
833,0.04701460231381021,-0.09482164183985338,1.5180358496645215e-05,-0.13571596845367498,-0.14514826110110934,0.046677292738294816,-0.004030422944215178,-0.17385100574652113,-0.1694844004582665,0.029388589286180242,-0.015665257832220066,-0.2332095830236689
834,0.04689279824103477,-0.08413959530500811,-3.147328163220994e-05,-0.1350012092809384,-0.1434758051329747,0.04333535709844311,0.00021949484656866186,-0.17369803802130587,-0.16912297516779506,0.02497416018853514,-0.010310529171014453,-0.23814283881150822
835,0.04410117492848881,-0.07907068431918879,0.00011998892083076285,-0.13096091232772755,-0.14641022528479813,0.03836830734770133,-3.124043296560746e-05,-0.17373554632062377,-0.1720383168889607,0.019002529397177493,-0.007953153172397752,-0.24141108981774262
836,0.04199615610108258,-0.06399934997161144,-0.00043225934776999785,-0.13147124819974285,-0.15128773601830964,0.03357989994008752,-0.0002517386625615202,-0.17372767331044447,-0.1743994076716232,0.010417626706007087,-0.009413744048794869,-0.24436337792621118
837,0.04270674056365161,-0.05519682493522888,0.003548835475130237,-0.13132101730125306,-0.1563108660350643,0.024296880009926247,0.0017767778066533045,-0.17372866007532012,-0.1699533014327437,0.007256404618606702,-0.0009817709683618853,-0.25284136547288366
838,0.03851787467168704,-0.05148099540347312,0.004354329561654914,-0.13138805887572963,-0.15681743325448835,0.021141807706412583,0.006910888453588157,-0.173729119908083,-0.1694697856101414,-0.003837392063151849,-3.988296751360025e-05,-0.2564097545189332
839,0.03376618716174651,-0.037657629173156716,0.0043217026268620165,-0.13126499920693274,-0.15680004200542116,0.020069559651897707,0.011579056272832419,-0.1737329080224979,-0.16947277732536833,-0.012477047644990271,0.004447786625490656,-0.2650020864993976
840,0.029439458849959764,-0.02825336773722368,0.008747443602035422,-0.13160158374860323,-0.15662367583430076,0.014281034368326107,0.01622896046561482,-0.17368950058619223,-0.1695480834477572,-0.012592960024697808,0.0039960956708247845,-0.2709819328268229
841,0.029687742353901106,-0.02023786272084555,0.008427142460224794,-0.12730856207992744,-0.15785926552456975,0.012882831081711711,0.02109967260413297,-0.17396558306312548,-0.16918911401807338,-0.016805771425217303,0.00521989112825135,-0.2711861372370638
842,0.029967517601462667,-0.012062936746229772,0.008180077401995648,-0.12256917814084994,-0.16149825702761503,0.009650342354863485,0.021166260352447556,-0.17218867181654546,-0.17134391048453707,-0.026053246302869433,0.010393026970680052,-0.27119629233714104
843,0.027686337035370066,-0.003341953519475734,0.010418995204104563,-0.11782758198133256,-0.16078914793607363,0.008013107366336708,0.021024924409894476,-0.1670091918646774,-0.1741168420856151,-0.03043993446691328,0.014833471220425406,-0.2711823342715763
844,0.025164347451384864,-0.002245792448291552,0.013090713244658006,-0.11311076172125326,-0.16149763251380203,0.012592060550461118,0.022426896744502187,-0.16237448197840795,-0.17364509348710558,-0.03558324785451283,0.020319748591153125,-0.2711876884877581
845,0.025055492620610253,0.0031750802012443183,0.01264228605777092,-0.10837347108672561,-0.15770953805870802,0.012671089334173368,0.025500460285526143,-0.1575808252515363,-0.17376065774947985,-0.03848646088718086,0.020635717729379006,-0.27118608365834074
846,0.028932252869376254,0.007630522619320791,0.012700260910978261,-0.10368931135500967,-0.15666046573718576,0.012737779730601475,0.027619809087024327,-0.15290900706679617,-0.17369199161578625,-0.038023870718189925,0.028795136398625965,-0.27118667742215574
847,0.029739196105213157,0.012617042859377802,0.012763592331607069,-0.09880182371220232,-0.15678469672258855,0.012686037525422238,0.030002137417259572,-0.14823695211273902,-0.17363560291108546,-0.038270836663279795,0.033936241752768395,-0.27118584212005004
848,0.029663351166574266,0.012856808983676875,0.01275074600883781,-0.0946227643465473,-0.1567821793356418,0.0128054871437739,0.029600623517222046,-0.1480900701821109,-0.16865128908932717,-0.037771033502062124,0.03815826589508399,-0.2711880522803721
849,0.029676057225089043,0.01703304145519883,0.017320998024764868,-0.08556353346603365,-0.1567906024357032,0.012307788916481197,0.02966891311388633,-0.14163227125128433,-0.16474790042385212,-0.04213809063073725,0.039806952888318745,-0.27118461086367646
850,0.029511063636444252,0.018709927580039858,0.01599995360490185,-0.08051727175168887,-0.156703239711342,0.015382751412521468,0.029660971001833663,-0.13382989044512647,-0.16661572532690713,-0.042346524609825936,0.04752495744287095,-0.271168999767682
851,0.03067703605856038,0.02756396907893144,0.01226820345665156,-0.07093371399201412,-0.15715939849491237,0.017606033830070856,0.029653825347810556,-0.12704633756014921,-0.1720676930002251,-0.042387773333730755,0.04648877130902981,-0.2713637186573159
852,0.03631524196183039,0.03205405275310439,0.01292954132154586,-0.06223848157575486,-0.15444992655133388,0.013070593919691335,0.029716520037114332,-0.11976759009031542,-0.17412307591809992,-0.04241785401910769,0.04617174114950381,-0.2699588726118451
853,0.03806701027849482,0.033873972534170294,0.012236350706933349,-0.058343948103013854,-0.15214339087557838,0.012734742396981575,0.029345674180604447,-0.11566257366803871,-0.17319270824248056,-0.04209433474401513,0.04987705360986978,-0.266423573805327
854,0.04068622890394171,0.036619716937926525,0.01568860680832944,-0.05082283004429148,-0.1528818167705989,0.007908850715662006,0.03157701221811426,-0.11026186796863145,-0.17779305691907063,-0.04420530007435491,0.05061526372823487,-0.26738456964614105
855,0.04576586571200865,0.04197596297665927,0.017143012139112047,-0.046176927186087575,-0.14888759281019953,0.0045358366224984605,0.03427933549847875,-0.11018733453654397,-0.17794840301660353,-0.04934500185588867,0.05498373740104393,-0.26435377300505986
856,0.050331985016424836,0.04239967276717927,0.016925361617130465,-0.04446654400697693,-0.14405861377751106,0.010085375733595725,0.03381925539199069,-0.09666164434844952,-0.19142834310589107,-0.05399622661596378,0.05541468264072701,-0.25901691188198667
857,0.05508932510802856,0.04237118659559856,0.016949027626064615,-0.03540906970554741,-0.14409167183932445,0.014120289358586254,0.03391948308164384,-0.09795868312576579,-0.19057836320219423,-0.05874703568648368,0.0641213912562552,-0.2583808803848863
858,0.05512488684972509,0.042477065675344816,0.01695079254857627,-0.02980707858857819,-0.14425907446650663,0.021598489148899915,0.033880322391127905,-0.09618542094779156,-0.1892807395254706,-0.0634812569538989,0.06437361821387903,-0.25834936975660394
859,0.0543309771692082,0.04157750853665241,0.01694558741811835,-0.029703183699072194,-0.1426991395137213,0.028654393432029635,0.03386348302880566,-0.09126087286216741,-0.1864228801733207,-0.06821767492451736,0.06861624275104816,-0.253878877474391
860,0.050303593620414595,0.03600084892196763,0.016966553934369785,-0.029121142405960265,-0.13941646742453312,0.03248960445337569,0.03452921292787034,-0.08599038719171147,-0.183821931259254,-0.0729492713358408,0.06573177807734387,-0.2546299860575097
861,0.051383764873682444,0.03391102794106327,0.016866291441589878,-0.02518314426383625,-0.13981038684643612,0.041563287557436726,0.03758508947615961,-0.08500292176336041,-0.18240125854913272,-0.07771299040239872,0.060872636807305605,-0.25246637691064305
862,0.04834757509277349,0.031677836880893186,0.017301490846022127,-0.02436215801376094,-0.14025601505799987,0.0466167386562917,0.033239391687694464,-0.08101190720117733,-0.1784429399769382,-0.08231018462827765,0.05580470596039988,-0.25006315429749154
863,0.04667584906354227,0.026237792998494346,0.014393763678555018,-0.018615782369524766,-0.13626208085773533,0.05106298905786995,0.034406898479044566,-0.0805945457515701,-0.178101828918258,-0.08764727183468582,0.05495017223542438,-0.2471315010191183
864,0.04351992453127662,0.025102544555000505,0.009410574811152551,-0.01673285909681138,-0.13554249675477792,0.050756580942146586,0.03143275914996337,-0.07613615310490277,-0.16872904426047752,-0.08872971769143051,0.05509353986830235,-0.24595531024316972
865,0.03872509429004272,0.02943598283923399,0.004736839011107036,-0.016876585089073637,-0.13561413640630876,0.05087543008099004,0.02693332015908266,-0.07583244392374681,-0.16030238977159908,-0.09261152021867484,0.05029013060391344,-0.2418775057498506
866,0.03389981148139757,0.03399654673107786,4.9944409909553954e-05,-0.017272983617457896,-0.1350937402175262,0.05084006319691111,0.018209900594604214,-0.07068898536532446,-0.1532423874961,-0.09309297044289828,0.04590846458812895,-0.2415216952345854
867,0.03304109038506475,0.03412351355314468,-0.004406809695511767,-0.012811985517587195,-0.1309971737520819,0.05084940585790794,0.012775912616028671,-0.0655293516284775,-0.1409668688297755,-0.09753641708145146,0.03928591002538031,-0.23658466617030421
868,0.01983954704084142,0.04087445140453135,-0.004212318281591402,-0.012598658797979617,-0.1311339132427732,0.05084619287464186,0.012751782946051947,-0.06402508861955501,-0.13997991911882096,-0.09789154720309566,0.03311058844743044,-0.2329416439131959
869,0.022838011313764676,0.04712237581449865,-0.003943806151635586,-0.007409371302394826,-0.13341167744344296,0.050850359157243286,0.012530583716346725,-0.05812381855478879,-0.13892394115540116,-0.10219203985533451,0.03407823075705813,-0.2319240162390005
870,0.02549757597255337,0.04820174893148472,-0.006120452844703555,-0.004122303405606163,-0.1359468443752126,0.050841610700756525,0.013882232680261628,-0.051405910462363674,-0.14687123465855265,-0.10137561361571766,0.03386274038494054,-0.22680699045496952
871,0.02719993985296448,0.05395758831864178,-0.008322872374782297,-0.0030043417639977754,-0.13555466200605973,0.05084001558529287,0.01737434776720418,-0.0472453331324805,-0.14830081094021869,-0.10257343321200674,0.03390394107770709,-0.2214059132861478
872,0.032875009256058144,0.055360520470698754,-0.011683299867143272,0.0028132298872457556,-0.13551702884871178,0.051024205791557344,0.01695796566405492,-0.037962456345555305,-0.15268617108945096,-0.09623264865908383,0.03389779943427169,-0.22110862479268228
873,0.03397443342567552,0.05476266267127888,-0.009620121228705442,0.004110682658862316,-0.1357128059665852,0.0494340268815871,0.016519888815606888,-0.03337118441446876,-0.15707876150069974,-0.09254188481064961,0.033898223094385574,-0.21007090927572103
874,0.036848524456937246,0.05922771943273891,-0.008255686077862527,0.007266446003470303,-0.13119884532421952,0.038686363273713276,0.020328496293100403,-0.028445927864699756,-0.1643735563066739,-0.09110348736511029,0.0338984158863262,-0.1952355079668538
875,0.050667210317229615,0.059272398442527574,-0.008539218523949756,0.012247254474320441,-0.1314483519554221,0.03217291010467262,0.021305723272991284,-0.02416378482780302,-0.17455917342594027,-0.06388596828965117,0.03389792848001724,-0.19065315423849852
876,0.05063771738904713,0.059359634180338135,-0.004023258391137077,0.016929739164060785,-0.13132444819732042,0.022985415847611608,0.021182797701304854,-0.016884415564713498,-0.17596574559767053,-0.04826399143332385,0.03390016928755182,-0.19012573577295788
877,0.05155154103165055,0.05923791753987502,-0.0045189016768818506,0.021378956889629555,-0.13136470574983203,0.005545609316544019,0.020829410873241628,-0.009878807298269293,-0.17567987764791304,-0.011631379627433477,0.03388997386674464,-0.18508805170326015
878,0.055800135032469576,0.0597039341957519,-0.002963147016456611,0.021093483993056508,-0.13135375557705378,-0.01537046762107247,0.016558512471032294,-0.0048966541568441395,-0.17332822388195895,0.015516023743709115,0.0339310735400468,-0.1793377644144606
879,0.05319588616386879,0.05703816019257608,7.268537433257119e-05,0.021272075437090074,-0.13135655911957522,-0.01994799467324119,0.017069944328540154,-0.004574645582195127,-0.1740020540443061,0.04583795473796857,0.0337879331374318,-0.16588348904762115
880,0.05079741599137175,0.05487269626052828,0.0021343446084752843,0.020891876995717464,-0.13135528011021647,-0.06106693042324163,0.016917471385913367,0.004029768385629684,-0.16958471252953172,0.09625288335184826,0.03417898555330533,-0.15827356785291744
881,0.04854403881866983,0.052954753343620355,0.00460286816027103,0.023190881758979983,-0.13135739192069534,-0.08817229296663676,0.016956466477548497,0.013279343931020888,-0.16480167883853897,0.22780544313390394,0.029707495631734863,-0.14704614208613634
882,0.04325182758452883,0.03959821254317691,0.0041406402557328135,0.028845020982367884,-0.1313550052152266,-0.11980404929210588,0.016947668627963593,0.0178069871122699,-0.16047055619516373,0.3369568217261588,0.029721398871165094,-0.13202281746562128
883,0.03913443846120213,0.030020194788917518,0.004327411261308314,0.02949683075170628,-0.1313346685496097,-0.17414540748896434,0.016949438922789228,0.022641186707183694,-0.1527572389522874,0.35780733822532007,0.029630782993713706,-0.12219930293820376
884,0.0298325952373058,0.006778255108361759,0.004145374169806606,0.03349820943062685,-0.13154545733646533,-0.2153922856950642,0.016949039249883353,0.027347043852030784,-0.1410208838798496,0.5117619663481504,0.029685365400078777,-0.10487161863557896
885,0.029639157915840573,-0.01252421870676967,0.008643112063268137,0.03829266712624161,-0.13009147962754203,-0.2473912886696189,0.016948983186223825,0.032139432260866345,-0.13933714655466048,0.5550055481991889,0.029582774428902704,-0.10545448261480296
886,0.03074025340525602,-0.034569342223234246,0.008428692501126938,0.04260914699612694,-0.12669978037785765,-0.3284912018458234,0.016952288739932483,0.03672042823255227,-0.14272595933462173,0.8590380777764731,0.029982727765221654,-0.0999321594019567
887,0.03997283528876833,-0.04764727181364444,0.008212979767723401,0.04234289454666579,-0.1270962581297229,-0.35597952230313756,0.01692719439712859,0.04196097947056751,-0.14711394229506397,1.2552914138299947,0.02711494998109302,-0.09391790173518809
888,0.043669150463872805,-0.09100335319636593,0.010223200461418676,0.04207227426995457,-0.127578947727824,-0.41733670705509646,0.017066571885689528,0.04225408338455493,-0.15645188665690857,1.215713968977546,0.021604077782763322,-0.08022023898294713
889,0.05053224976400612,-0.11544395969683291,0.012586336670102985,0.04437579116917283,-0.12355588771030483,-0.4466837926031638,0.016412030961805678,0.046737452430146285,-0.1568097943798138,0.8809593714543456,0.021328219197152994,-0.07272120469517956
890,0.06092330146875871,-0.17401553125060834,0.015800490027438507,0.047299497976145896,-0.1230171100974702,-0.48508756421391214,0.02007443783572121,0.04666576333125859,-0.16229864185392198,0.8159566500783417,0.016856901020986286,-0.06818915393919299
891,0.0663499642799501,-0.22474593492148054,0.013971849034557424,0.043757435686739905,-0.11860609981207702,-0.5252796584015289,0.018216430718837114,0.045544860712589806,-0.17224175611884004,0.9214906131815549,0.017010937236511304,-0.06350496130967674
892,0.07522925716920509,-0.266389573974478,0.012528791391048677,0.03854033524929775,-0.11890682139489238,-0.5681772540206619,0.01679607422152203,0.041875322221633544,-0.18000167966080363,1.0730236122574761,0.01709180487948307,-0.04984496653790355
893,0.08007568736199344,-0.2996810144477525,0.012733353155704553,0.03811064028170758,-0.11708286885437762,-0.6032030037082141,0.016931928680304555,0.042634116710483845,-0.184600276180314,1.2980925475570748,0.015784457520433542,-0.045187905227467524
894,0.09364232180995584,-0.34405801680172887,0.012762231023578138,0.03813050963250701,-0.10786467352013451,-0.6521799227854318,0.01674344731215864,0.04177243348477173,-0.1871581389712416,1.3406494032279237,0.010029828068423214,-0.034208469303237274
895,0.09294346911195359,-0.3963610705526254,0.012145978744885691,0.03809735408140417,-0.10572607599772302,-0.7035428317550386,0.012313169743891267,0.04618375767819199,-0.18300803033440532,1.3079428397230004,0.008711510899700431,-0.029662672951025017
896,0.09344761562967899,-0.4358407901714413,0.00795254643229294,0.038405286580384904,-0.10597912992469875,-0.7271697771876764,0.013109032894903675,0.04281261674967018,-0.18206358861765287,1.283342660747191,0.005145322395299924,-0.025301693151191202
897,0.09222983817622343,-0.46411793786924793,0.009070979973483528,0.03645816668119779,-0.10592305932565195,-0.7413520431066902,0.010966716014017695,0.0423784379742898,-0.1821844248317382,1.2553724848917749,0.004404551647427467,-0.014646770194979097
898,0.08478667621259124,-0.5005472573231624,0.005785573902961237,0.033371188928210255,-0.105933207708683,-0.7515660742188589,0.008106563424643264,0.04246130175410316,-0.17739760215310368,1.234075157096161,8.986857019885981e-05,-0.008813339733387495
899,0.07710689948540597,-0.5146751145057316,0.007017796284819664,0.034443611608074874,-0.105932939793251,-0.7746500353719492,0.008435041708497616,0.04144328477638743,-0.17246162671896031,1.1508406866520613,5.745999580085656e-05,-0.008440401386947717
900,0.0765711409943077,-0.5356913841873477,0.005583946257131314,0.030489018903370975,-0.10593452510335151,-0.7779206747875574,0.008868672561124696,0.03790287527874679,-0.15896903043864694,1.089367363484367,-2.6105702489678097e-05,-0.008250806389256262
901,0.07261832528789755,-0.5507641722172395,0.004127582735353638,0.029592729816004686,-0.10589581222648123,-0.7427966298090589,0.004610717133675336,0.03670954397672782,-0.14465065149268447,1.0015751794041132,-6.190662841958828e-06,-0.003339949483845629
902,0.07201381258795238,-0.5646190937784438,0.0041034935541421815,0.029654409736792686,-0.10617974357233523,-0.7005144786237415,0.004237154494600465,0.030535239806195054,-0.14440691306932388,0.9474227960618126,7.374417708024667e-05,0.0016781450247031194
903,0.06725556787152327,-0.5591305943507573,0.008586178201770402,0.02907364819971581,-0.10438268250930738,-0.6701853348266957,0.004563021216010931,0.0306735391007195,-0.14120441275989404,0.8629569940012588,-0.0003264089279505642,0.004193970541510511
904,0.05416493425568382,-0.5324363136976138,0.008524646240059693,0.019562183661862402,-0.10126110918504393,-0.6228929451485978,0.008877871447637225,0.018802149475233575,-0.1362276502785413,0.8078844245956353,0.0025120337404474866,0.006637105348165123
905,0.055816249929786475,-0.5200487195228097,0.007513969898294521,0.016970278820580255,-0.1018216012696992,-0.5792887709284544,0.008321009086050553,0.012799004794432998,-0.1315183811343234,0.7250176718633492,0.007922658548373747,0.008667610746227974
906,0.05231578242074058,-0.5063558977876851,0.003771476166908206,0.015498568590321915,-0.10156266660817692,-0.48275894706087763,0.008650801052131686,0.008027098505102068,-0.12678641282383674,0.6097763724135077,0.008520362361983079,0.008759364864505901
907,0.043746436897977956,-0.48489673947517836,0.004355240043673021,0.009904488439898208,-0.10201257571880352,-0.4193730716661796,0.007862460611029276,0.004151333757875911,-0.12189762376946153,0.5357285503424721,0.008465710500372443,0.004507219644348786
908,0.04207667644315786,-0.44528138480481283,0.004210925870043721,0.008052791201354171,-0.09757518431372222,-0.3435816655931578,0.01206991628009882,0.003035024505014547,-0.11823348677653794,0.3953004855404464,0.008798306793948782,0.004406905942123332
909,0.04284484773536215,-0.40245488962449394,0.004241474521623647,0.009161998140093065,-0.0974882773408945,-0.3040480614564768,0.00897997057208903,-0.000195189269231485,-0.11902457800415094,0.3477420503406747,0.014137975753362553,0.008767715005720324
910,0.03876319499609217,-0.3601068624100964,0.004239697440902723,0.0006672281029557886,-0.09759475927181611,-0.1966345592437172,0.012371594847324786,-0.0018196569459216342,-0.11665728506246381,0.27012594975269616,0.016917743996055588,0.008442282980009102
911,0.03807627718231606,-0.3064805600658091,0.004231266391234533,-0.004337465844563908,-0.09633689518074506,-0.08818328504127165,0.012688438169654757,-0.007677566973229434,-0.11112202810457197,0.12402866300017067,0.019050192533233822,0.008111202195965823
912,0.0381289059099372,-0.23981237804051567,0.0042242672392929234,-0.009253666158758639,-0.09266207331976907,-0.02569241445587167,0.012639661553992388,-0.008207383123111119,-0.1100361627502974,0.041942975470668706,0.021087953363927603,0.010841612277286283
913,0.03814750240806672,-0.1763998539957479,0.0044630419166576995,-0.012799557334845776,-0.09377820072396098,0.040205006730715996,0.013491023761226623,-0.012495739950720834,-0.11018352455097435,-0.12758661242813632,0.024380024220786025,0.01258100136051854
914,0.03809017007465111,-0.11592427467545752,0.0025300024191476224,-0.014099683923103828,-0.09032669586721295,0.11405551163048117,0.01858446810064084,-0.0127875583973071,-0.11017222840115211,-0.2646442614233369,0.025408784657374457,0.016056409445019737
915,0.038368286101658135,-0.024086335418415435,-0.006219748441167585,-0.017525126069046305,-0.08887791762435032,0.16201940560485115,0.02353336211167618,-0.017310732078248743,-0.11014178924786769,-0.3491513330005248,0.02933815072618241,0.01705072722858458
916,0.03661175583685176,0.06129671444938452,-0.01086673947369242,-0.01635214705099572,-0.08874301186475733,0.21149297710155093,0.025900081149984096,-0.016647426862607576,-0.11035456732012244,-0.507942235049905,0.038595703738148156,0.016951198779151883
917,0.030771403358621323,0.12803664847523827,-0.012212993680819425,-0.0203105917934666,-0.09318902889512896,0.29000495793148695,0.024701566405897168,-0.018190572962025545,-0.10893070650741976,-0.5515029927839906,0.04327453857917817,0.016914872423619807
918,0.0302449818846875,0.18734670897568462,-0.01848025815639593,-0.02093243344464988,-0.09315594184632826,0.3671990513419154,0.029792867114615675,-0.02390629865521542,-0.10335046936534097,-0.4599348535677495,0.04670663304024015,0.01717363303310894
919,0.022886739491767796,0.22940419859939265,-0.024650538952825124,-0.025374369159380652,-0.09326222811739682,0.4105317479086454,0.021457865272754,-0.02517933026963234,-0.10136241021261107,-0.5153564130271631,0.04825127223189635,0.015500612036424458
920,0.01721400320623779,0.3035755681040054,-0.032821435930692304,-0.026009275637066266,-0.09313155196377734,0.45134084900833005,0.02106578359754553,-0.02882884130758961,-0.10203106624491207,-0.632231232199019,0.05127438312241707,0.012198442666567548
921,0.012593931167674054,0.3469404370607868,-0.046787256117658146,-0.039050551120104235,-0.09360957105764772,0.48846065429714514,0.01669644635538214,-0.029482022260810852,-0.09816272257981541,-0.7563334193988823,0.050758591251759924,0.013141137276602235
922,0.008374201878579676,0.3737853580316132,-0.05170987184789268,-0.0388914370887732,-0.0908295084430097,0.49499696778359603,0.016006635483589906,-0.03387733082554937,-0.0932324610821427,-0.8821865918553985,0.05086280655457619,0.00989231768857843
923,0.007680119248930107,0.3642066585605204,-0.06079425833768322,-0.04302713829254231,-0.08855634965580735,0.500129727278576,0.011620060946443567,-0.034197576003021035,-0.09290215761514156,-0.8325487899603758,0.05084571422456182,0.004611438812485596
924,0.003756213632359465,0.3429588328408215,-0.06495197746129791,-0.041799969884410024,-0.08943873306589123,0.4863190268785288,0.0014854438685348622,-0.038372977481937895,-0.0887295109755011,-0.8011135429031859,0.05084745215173924,0.00421986637637191
925,0.004368564670576363,0.3337473074410991,-0.06959815323171505,-0.04523887966880051,-0.08497488880332947,0.46903007339819797,-0.006708158738647085,-0.03926563560794781,-0.08799856810121105,-0.770512318292244,0.05084576011805474,0.004226516867075603
926,0.004182045504851056,0.31769914616609723,-0.07601703664984405,-0.046821858046955815,-0.08470275790261604,0.46395154446104636,-0.01834926842080797,-0.04336153225109803,-0.0826152282519678,-0.7295100951454249,0.05086129290770685,0.004242691564152166
927,0.004340276525174958,0.29420224775907583,-0.08968847010656827,-0.046582763203629876,-0.08029154032955697,0.4342404844088817,-0.025051509103972747,-0.03927033435470484,-0.0781462299740539,-0.6835973475873347,0.05077021345581686,0.004235160409911236
928,0.0039311859001487145,0.2751106668912946,-0.09692270476134071,-0.0466106183191812,-0.07994406919924629,0.3999553165099838,-0.029643293887723604,-0.040972213093383385,-0.07292865952077084,-0.6511536306936642,0.0512097772226699,0.004239786902803421
929,0.008002868270305458,0.25621798678075225,-0.10116793823663595,-0.0466112336815641,-0.07434989488214573,0.36876955886043006,-0.02986653162949803,-0.04267872057037692,-0.0719131081937665,-0.5681828661622258,0.048470792468920484,0.004228507151728719
930,0.012758715060000847,0.24547849960806029,-0.10594384548829983,-0.04661067397293455,-0.07168541503297986,0.34193755871200626,-0.03494890977166289,-0.042187661495828165,-0.07204422648967103,-0.49721474406440774,0.04407004240717661,0.004269218734269756
931,0.01704807025455528,0.23172920600586,-0.10628820358607075,-0.04660438974825365,-0.07226097852305906,0.32637991580736897,-0.03951552870531122,-0.04656866710397508,-0.07204279755924507,-0.482455639661275,0.03495339570603154,0.004141748297378246
932,0.017746441021406285,0.19437043748319652,-0.11038023253674545,-0.04663874848203719,-0.06996481853050314,0.2850880195335417,-0.04436852771626889,-0.04194516763926133,-0.07195406493333956,-0.4448917337799144,0.03382547301770924,0.004404148228137594
933,0.021325992024151863,0.1845573684393051,-0.11135823118411255,-0.04648944722296695,-0.057481399232153896,0.2654848286245904,-0.04871838808544692,-0.042447806527037564,-0.07253652635686014,-0.3879050790798329,0.03390509312725839,-0.00012212408897476203
934,0.023056733447921217,0.1688394320611664,-0.11491739792858797,-0.047056790469526856,-0.046813650418299387,0.23755574472961144,-0.05618283902327919,-0.04270929125800245,-0.06884497131106215,-0.3588071076521227,0.03357275259005041,8.883298992192338e-05
935,0.02526860124433087,0.14307746952889425,-0.11416507270825157,-0.04307894725504967,-0.04650639889197588,0.22856896640924435,-0.06681274146006075,-0.0400598202171282,-0.06090610363413119,-0.30373812527892985,0.02724472560227102,-3.126840433938295e-05
936,0.02876363691370236,0.1316796592289596,-0.11491389454532669,-0.042302315520542456,-0.0420301294421397,0.21456881513664475,-0.06768945350404806,-0.03781377144963524,-0.05613619666128181,-0.2951320075344877,0.018745801772863033,8.712755068473143e-06
937,0.026331042166196705,0.12686391247896747,-0.11085477177213915,-0.04236717767234776,-0.0424253451591956,0.19303560166184022,-0.07209225838825323,-0.038216741347368605,-0.05532912881281394,-0.2661827685044465,0.016611633227799055,-1.94883815580519e-06
938,0.02554522805326452,0.11284707077262551,-0.11032376666520263,-0.042387479836668344,-0.042718872407638185,0.16623318567271891,-0.07245327497576656,-0.03806913016958718,-0.051115113440887046,-0.24088333435984186,0.017450798349467018,-1.8440113400730647e-07
939,0.021196377136670667,0.10404328162543758,-0.10594130658729713,-0.042307325308178864,-0.04010986229681793,0.15342911729221953,-0.07648758302582205,-0.038084337034223634,-0.050804520415039175,-0.23079115101491424,0.013560276780410035,1.9581982140167355e-06
940,0.021325284323510295,0.09372115409470469,-0.10597608023204208,-0.04271527889764124,-0.03824673339364363,0.137787499261184,-0.07762863454452207,-0.03361126370973763,-0.04647984179451036,-0.20282909397590515,0.01261187785670829,-4.624386349203011e-06
941,0.020541541888515005,0.08869646769470942,-0.10609746283372819,-0.040302073921687075,-0.03493616061290729,0.12723904598307476,-0.08100484571773008,-0.03401424014936357,-0.04526223883505639,-0.1887301687353581,0.012712480158235584,-2.0392768861528106e-06
942,0.015488829581522269,0.08666657102333952,-0.10467512939913802,-0.03778698638228617,-0.03376234624274359,0.11805486569306482,-0.08027375987178194,-0.03384095289478701,-0.034428122572236125,-0.17127183472672328,0.012716755626392589,0.00011060524233931415
943,0.010860433758711563,0.08266101798322577,-0.10126305170247114,-0.038173172407160026,-0.033904054727839555,0.11330661786278788,-0.08099100106667935,-0.03402003148425432,-0.02737269888111417,-0.16532339628834514,0.012708483453144738,-0.0009150931562392705
944,0.006282133048382093,0.06962070785737282,-0.10171514041816822,-0.03821221950814483,-0.033883834960685644,0.11071564139036114,-0.07672931516648011,-0.03343967194629066,-0.022510062096621736,-0.15614261760153647,0.012720242649264671,-0.004702142427143264
945,0.0009932590823860928,0.06762336916737062,-0.10200597287598397,-0.03801598142251236,-0.03407903021167001,0.10465564906129395,-0.07636014255063682,-0.037151522960347336,-0.021015875088332713,-0.15098709798136153,0.012674740324654708,-0.004083699799923863
946,0.00020130376426591694,0.0677703198937022,-0.09870597229256492,-0.04253157232934207,-0.032654862924964355,0.09706751912782642,-0.07190260551746006,-0.038261182714708006,-0.021129638665459145,-0.1418962104441027,0.012865890735938685,-0.004417764909120867
947,-0.0037328157332968135,0.06794206485552103,-0.09353261438353769,-0.04228078071556938,-0.029513052848952455,0.09210703898166905,-0.07167081264086432,-0.038130460045807064,-0.021258981156250682,-0.13960830462578064,0.01215288309366451,-0.00369472031400115
948,-0.004294614552579988,0.06682272245649291,-0.0932034966977104,-0.04239917519850137,-0.027783879358498298,0.08569136618175331,-0.06619299085361648,-0.03813686127238749,-0.0167997617058689,-0.13988754013900415,0.016662294741460335,-0.008285462619369618
949,0.00011998240752016078,0.0631301664844586,-0.0929963373379618,-0.04239089403180719,-0.022664698666220756,0.08032698244168185,-0.0632549482842368,-0.03808787266406144,-0.016439376642987943,-0.13979738801372293,0.012970452103137499,-0.0043403415326763225
950,0.0006172103987128989,0.06355647070755492,-0.08790244960357477,-0.04225703094647946,-0.017638316540450505,0.08901864313774097,-0.06355417373808585,-0.03843195493970561,-0.011269813119521903,-0.1399011993961772,0.012756199793366344,-0.00430972058341096
951,0.004734030474043078,0.06401460447166032,-0.08443438844605294,-0.04283029424900007,-0.016868642612053866,0.08903760072876171,-0.06386665798818686,-0.03629809462735066,-0.006177585182202646,-0.13970615453311047,0.012632973791281019,-0.004185680980265175
952,0.004000264221515267,0.06033323684651765,-0.08475488526137377,-0.03900554841356774,-0.016949780364908466,0.09515356652606566,-0.06063940868588654,-0.0333846750629534,-0.0043969728976977806,-0.14431290932093638,0.013050708271169671,-0.004351127646854749
953,0.004735515561700464,0.05943241460022572,-0.08507169577751225,-0.03804800062788278,-0.016952795668912862,0.10384867568339615,-0.05530757839096886,-0.034451052243849006,-0.001184366327219093,-0.148474586477855,0.010727609616825172,-0.003731559107105874
954,0.0013035695848640561,0.05542537154618763,-0.08228529186920835,-0.038129841107124474,-0.01694861744177883,0.10607180626272629,-0.05511054735168197,-0.030220190725601077,-3.574919311419419e-05,-0.1487624066841773,0.010267924477023384,-0.007157499789035142
955,0.00012826655337127234,0.05067265592567646,-0.07728209907963784,-0.03781178188115296,-0.01694337619037111,0.10710916116575392,-0.050696741596764704,-0.029773031586695396,0.003746946132659561,-0.15621890249387457,0.013100779759813424,-0.005731051441914786
956,-0.0036012322752711507,0.04579083062648081,-0.07260742983178152,-0.033525119880128906,-0.016979143743624442,0.11924038302335488,-0.05011923278958307,-0.02529318772212322,0.013168509981347458,-0.16184238193821043,0.01275323826093614,-0.003931396739502267
957,-0.008286319360078483,0.04228661249574705,-0.06793767411490535,-0.033933040064393294,-0.016822387062958494,0.12663389924958693,-0.04645339463539542,-0.025630623087910667,0.02184369559113885,-0.16043863128543923,0.012421837705938573,-0.004417626227616277
958,-0.0175000111504921,0.04093684317638435,-0.0634568494707093,-0.034285910645016716,-0.017418008361626137,0.13093810928783914,-0.04476350724420329,-0.02452936635139329,0.028697748441668596,-0.16426482021203684,0.01691631954326171,0.00012416287872688
959,-0.02173670669085098,0.03768346042983848,-0.06316287523936205,-0.031365187132445876,-0.013352610391880146,0.1356736056275777,-0.042408382066745624,-0.019360171636879732,0.04073259090802084,-0.16563343003994563,0.017215746036135893,-8.462201356576452e-05
960,-0.027814598939454403,0.0382340380578055,-0.05760121618275986,-0.02972161368331105,-0.01277983538007112,0.13503677759481567,-0.039443459779752686,-0.014868307163641355,0.044595561426128895,-0.16105448227343294,0.0214911967809598,1.1766293673983276e-05
961,-0.03635944599994634,0.03812497905559814,-0.05532663028887619,-0.02647448264199844,-0.008316729811414026,0.1311435119880943,-0.03796593109736542,-0.009528353895643774,0.0484811737061178,-0.1611658672852222,0.021687276266776183,8.880382780175971e-05
962,-0.03841045580003444,0.03811297621308396,-0.0514792465576636,-0.02155699960442931,-0.004280096485183198,0.13027696292722918,-0.03810208608672172,-0.008620552324674121,0.060791086739254346,-0.1601569665687468,0.01738625379273259,-0.0004287290375361038
963,-0.03786717789547023,0.0381756793904794,-0.04087046818944273,-0.016855563034481214,-0.002373645478434808,0.12487183623835028,-0.03806293305635118,-0.0048441172045986915,0.06757026444367785,-0.1565867964312128,0.012281320533230807,0.002836818810647722
964,-0.038900936700700384,0.03830730595826613,-0.034457270829264745,-0.011650149710457993,0.004810318505182944,0.12067317838035616,-0.0336015016805988,3.072115188353745e-06,0.06779249971430852,-0.15527846940534135,0.01022362595621934,0.0045553442408722555
965,-0.030888065169016276,0.04254457808453292,-0.03397977358730912,-0.002713445531067383,0.006160642483079172,0.11303059488776637,-0.034027287495778345,0.004859837484199884,0.058578787697773034,-0.15012783249600795,0.004915430563342493,0.003959294803320601
966,-0.025584436182149183,0.04336819316440144,-0.02996978420728284,0.0013587967159449199,0.008397726873168556,0.10251786867182686,-0.033774545996005684,0.00855825734737537,0.05354362757425737,-0.14492185391372994,0.0005356957335747271,0.008498161437345069
967,-0.02105059566889722,0.04674720067914928,-0.020732525618130344,0.006778115611870079,0.011682754179970794,0.10177134455925603,-0.034325470878739384,0.009886109692432378,0.043206758759678665,-0.14429238874375774,-0.008719558567005408,0.008833032412803216
968,-0.014338094872114756,0.048612338670381616,-0.01643997279058123,0.008292495755763615,0.012498906540564425,0.09732511670767757,-0.031267848623017735,0.012756424363177261,0.03565886741323078,-0.14005085573872159,-0.013239821591264345,0.013154970801222816
969,0.0022429766987410015,0.05125866460361278,-0.010366741919002947,0.011609804161459993,0.016831188021692478,0.09741197355518878,-0.02939505125321303,0.01521877212040158,0.03202126538739441,-0.13983743813381241,-0.018385498055226095,0.012579146730916122
970,0.0072492469179794876,0.050655205444896975,-0.00218436425972792,0.01284175429757781,0.017199130122877285,0.09845745385144387,-0.029723874348716834,0.017205527668104174,0.022981732780722748,-0.140202855327861,-0.02117369698491105,0.012752835874379028
971,0.014969904311413722,0.0511949734323765,0.0023829638700245885,0.01273426230974589,0.026696936988442842,0.10224293213125465,-0.029623824842274115,0.01697140784765753,0.02125714582269759,-0.14563011488935532,-0.023295578629379383,0.012672349433830613
972,0.022041889227320085,0.046727894327023865,0.004503909175762707,0.012899066596103776,0.029859758502496753,0.10121172285274509,-0.029466231650910748,0.01687052222085199,0.017094704964428938,-0.14827590070112928,-0.025549323553641583,0.01282472779566836
973,0.02913457129778317,0.0465139233782171,0.004294125111539166,0.017294699296561942,0.029573384600180577,0.10419641886940269,-0.025123246630323438,0.021588115298251897,0.016998871486635484,-0.1504247529470455,-0.02787443658329878,0.012416422873220496
974,0.02966149888026383,0.041400952918612365,0.003921848816094671,0.01682982369917526,0.029823715431042157,0.10869534575928254,-0.02526952011504588,0.025674713035905735,0.016953970706901987,-0.1528937549172167,-0.03706589023536838,0.016871080869852045
975,0.02976331706281331,0.03790136851112745,0.008314328185234771,0.016988937307150544,0.029069756259004764,0.11742820431356965,-0.0270674861302575,0.02541202078019722,0.016747098115111343,-0.1524787900760793,-0.04227778684687271,0.016830513809618166
976,0.025174678750002802,0.0378360973764537,0.008438367885695639,0.016910445684185635,0.033405256086494535,0.1228266283838603,-0.03005047780174999,0.02506949616860655,0.018349097691074328,-0.15255084287633225,-0.047091361781363035,0.01759305596620385
977,0.020323700690189416,0.040404265465629155,0.00849803630528256,0.017070458593994215,0.030163559589108022,0.12286536932047411,-0.02969107708204045,0.02776303407736409,0.023928198934321823,-0.15254213665668834,-0.050771792323118244,0.022621579831014225
978,0.017059202405926448,0.042272184463339864,0.008466314725509972,0.0165500739499841,0.029709806925827486,0.12280514112140815,-0.029277873993357625,0.0300851964818507,0.025765172677651847,-0.1525403964223018,-0.053220466204047606,0.02764735372888149
979,0.014209339531103555,0.04553712498622928,0.008476941426654238,0.020748507796803047,0.025276593973607684,0.12342958167170008,-0.033459638418421395,0.0292316806756918,0.025009982924659127,-0.15255660819488837,-0.06034741801562157,0.02993415311022812
980,0.005957711017523899,0.046833669798075205,0.008473981575958718,0.02120672074745968,0.02482182448840972,0.1194922056826972,-0.03391793161329582,0.03362875282954164,0.029386130402530748,-0.15246050093838212,-0.058666267577355505,0.029719304032759727
981,0.0013165950858004525,0.0465011296610892,0.008474709620551187,0.021543367057706243,0.020727789930353045,0.1135022273314124,-0.034232142780444536,0.03388475679495374,0.029641658585783943,-0.15293633030822046,-0.062302286615991936,0.02931942205772067
982,0.0002123996395525544,0.051014014739636494,0.008474550072054478,0.025604465430816577,0.021204469266145894,0.11491435721963511,-0.03851682583201657,0.03379265098043366,0.02968048668620072,-0.15008061013411525,-0.0638396162785316,0.03370195976579472
983,-0.0036239291041822628,0.05075665649258551,0.008474580594373443,0.02660350855252031,0.0216400801263511,0.11142106874967656,-0.037989337905722384,0.034877488640244515,0.02966671219357665,-0.1478966300349617,-0.06333122653495711,0.03386258123974238
984,-0.004246509302395599,0.05087311866735641,0.008474575585283462,0.03011075037844497,0.01813300597398679,0.10624173434502626,-0.038301448016438235,0.03861936925218782,0.029589660045408955,-0.14873009197609127,-0.06786004395028568,0.033922623436188744
985,-0.004109964691612293,0.05086507353248947,0.008474575355294927,0.02966952720831606,0.017239558166049884,0.10592435240589564,-0.03755832378989656,0.037909095243506344,0.029996180712183504,-0.14423249920206804,-0.06760031194249266,0.03388997320109185
986,0.0001148730857755938,0.050733968791554104,0.008474589261275279,0.029237215571046474,0.012849841075006488,0.10592146940130225,-0.041579577614564676,0.038608196000066826,0.02729000778840956,-0.14396357517682007,-0.06877096426625649,0.03390000283415416
987,0.0013879402948153551,0.05129954386707513,0.008474488522793753,0.03316314544827525,0.016960787106268627,0.10592771644421914,-0.03904532572130636,0.03486156490271261,0.02218805882524963,-0.13948267552006802,-0.07248238994662382,0.03390062156858463
988,0.012135671196103528,0.04756141283983437,0.008475040950388387,0.03398423301071939,0.016762435963102423,0.10598857523434105,-0.038042424403380654,0.033706600129451314,0.01761287593007467,-0.139959242087987,-0.07191907151113054,0.03388735520272323
989,0.019184584148931923,0.04645210302141339,0.008472446295915124,0.03391593306691698,0.017821685205197106,0.105649881903943,-0.038131624534391506,0.03394547958306693,0.012736635386365899,-0.13976953488094965,-0.0720660042199145,0.03393390050420448
990,0.023986074462114145,0.04665171432270275,0.00848327036077633,0.033555748449124144,0.021628904575656183,0.10785999835533704,-0.038101550856002545,0.029436746038693177,0.012440714893836914,-0.13995530541486612,-0.07200443667038502,0.033819206744841124
991,0.02564624103374062,0.04167783903154159,0.008443192569637575,0.028313754139303517,0.02107238770851296,0.1134721113000259,-0.038431020805836796,0.029763918957510342,0.008050008050076633,-0.1393724013421174,-0.07210284451047609,0.033845146433753914
992,0.025406985191716386,0.03345794590263537,0.00856924650449574,0.025090223719108275,0.021206788800076082,0.1143811448419569,-0.03630161073090605,0.029624258424009172,0.008686527828135544,-0.14316572603750807,-0.07195029244154416,0.029818705113511396
993,0.025386780466700353,0.032863429655765,0.00828953366732303,0.025502455809241185,0.021203958971057525,0.11781057373926584,-0.03562170752589811,0.02969278676096575,0.008037297760852975,-0.14417778943217674,-0.07661440781270444,0.034425913018964444
994,0.025355664307429904,0.02953239109177536,0.012789450801973481,0.025430363404123236,0.02111782940539014,0.12715043126631145,-0.03813827964149074,0.029561009026722627,0.01099861261991545,-0.14406543711826544,-0.08143920756174605,0.033737825275220124
995,0.020583348483758146,0.027488030913651654,0.012593812257083175,0.025336526599081848,0.021320957597808998,0.12749895165774267,-0.041213907079455,0.030017455059717542,0.012986501902244001,-0.14406341294366543,-0.0850875309727704,0.03396171270540566
996,0.015572685757949675,0.025191510563060078,0.013028583472981803,0.02568215655458384,0.01676301765762651,0.1309155363936884,-0.042540846152745546,0.026295153452354742,0.012668832799094122,-0.14406876834407947,-0.08472369987278248,0.03379136390975404
997,0.013245684935523206,0.02507959617010804,0.010953765904956805,0.021449308353841817,0.012593245304552067,0.12673703700011155,-0.04235054553490329,0.021481019417196656,0.012715938608168883,-0.14407318549924306,-0.0844416288549783,0.03423859557545741
998,0.007313552655261954,0.029214056526585767,0.01000899849395894,0.01670917844043287,0.01199901466280611,0.12585869787228487,-0.042317591281874255,0.016874036512319588,0.012714853404668316,-0.14403903433359078,-0.08720477898614891,0.030351964954936896
999,-0.0035775257609167027,0.029678185848320302,0.013143017617547001,0.011803796219538466,0.006830581334228654,0.11947699595238369,-0.043020629332796635,0.016534972452368783,0.012681851966121174,-0.14418905763022957,-0.09259250153472032,0.025535023248512506
1000,-0.004606683900952137,0.02967744072636294,0.01278901864735749,0.008327895201933642,0.0018435256281883862,0.1216197183956936,-0.046776260551886176,0.011399340102700068,0.012904995453767837,-0.1436250094171675,-0.09335735336675954,0.02101628787118915
1001,-0.0010953461784389915,0.02964086447147502,0.01218786155057156,0.007280004253319889,-0.0002530358208936982,0.12271706195213213,-0.04815755518520677,0.006456007194409241,0.011418296511484132,-0.14765609312099826,-0.09325440639369519,0.02123056538328265
1002,0.004078929041891388,0.029740510304193828,0.02018700235321222,0.001567310374598634,-6.824380600507172e-05,0.1268661176011198,-0.05063385547240509,0.00390849510492348,0.005659565619442161,-0.1483604238221934,-0.09749595537057842,0.02138805515767491
1003,0.00427282546025926,0.02927956227669531,0.029723993532219595,-0.0002370024837261732,0.00034030094295288047,0.12712575173385246,-0.03563015385383082,0.004305340047065355,0.004461881262989784,-0.14831078836598766,-0.09112099908352304,0.019684429989254643
1004,0.008831501466662652,0.03197029264538135,0.035625069284306025,4.3010373777858094e-05,-0.00412289602107138,0.12653618168703185,-0.021208855496966317,0.004227575337832249,0.0008455759522968574,-0.1483381014754078,-0.07229302801681597,0.014109776350222857
1005,0.007815014538894693,0.034218462926126826,0.05301158213797714,-5.771979565220831e-06,-0.004386064379723881,0.12340912835054932,0.005960597217753208,0.0042337528406388185,-7.297870220205867e-05,-0.14804370981720566,-0.055820914548846245,0.012356090282799303
1006,0.011883196549021124,0.033840792876661745,0.0667919160414036,1.7995228625152887e-07,-0.008844785376753641,0.12770686884878685,0.020753744965254072,0.00423495253153924,8.154322317383087e-06,-0.14995248206744743,-0.034510641067808843,0.01319192594530814
1007,0.01391320558956248,0.03390556409651859,0.09456584792708245,6.750142268489378e-07,-0.008329731944138772,0.1269409596635542,0.07279624965796853,0.004356326670940382,-0.0005261669468329196,-0.15284255969901206,-0.002693169955733706,0.008496788620142273
1008,0.008009883253797105,0.033898296338665895,0.12189005604043375,-4.089408157672258e-06,-0.008607987496556786,0.12727465426459034,0.1173078066970242,0.0032606784923812785,-0.003752972688780865,-0.15290954599481074,0.0376822996133552,0.012840914941652752
1009,0.005457539899743779,0.033903822014079855,0.15581972511609632,2.3431338660755133e-05,-0.008030451294822665,0.12667574316557997,0.17827422150407946,-0.00010440821139511976,0.0006632508790741567,-0.14921962842508724,0.151815238624941,0.013211540993191958
1010,0.004772317337518876,0.03384794021583945,0.1883630927248418,-0.00011374870329694253,-0.01127082261871848,0.1307807099035256,0.295457513191928,-0.0020170120331724495,-0.0005364011973307994,-0.14819469351605538,0.265418343702933,0.017354642537966848
1011,-0.0035418444532692543,0.034194246710714866,0.22175470050922233,0.00048354921942578234,-0.012939815339853599,0.13138875643721656,0.4702838837297249,-0.004325716621399438,0.0025647825920834654,-0.1483069267209039,0.47637892441017504,0.017192794595655835
1012,-0.004230759778895864,0.03210590516981363,0.2544094787190076,-0.0031123485888473867,-0.012675781905093155,0.13131011527481865,0.5366061402164397,-0.006814280261405512,0.00490681275708186,-0.14829287828341572,0.6972699564455924,0.01466789300853078
1013,-0.004343208869653564,0.029261808211284362,0.3097980832556487,-0.004018954833594518,-0.012716659751273668,0.13207703337406126,0.8561587319977201,-0.01273665002841787,0.00047804589717533453,-0.14844642468768765,1.0892264873703241,0.012421556068906887
1014,-0.0036314910400110363,0.029744754860913047,0.35534001791342734,-0.00822547493056257,-0.012790438672170737,0.1349136159685769,0.9793004220189707,-0.008504051502866376,-2.5570881580045876e-05,-0.14730606739081414,1.1298579845499557,0.012669903270173942
1015,0.0017790640023502035,0.02964618420929443,0.4174674082749381,-0.008523451745469625,-0.011975117269192296,0.13105077512481228,1.1721037068925508,-0.012970273453063612,-2.6574607294348063e-05,-0.1415867691547598,1.294606276192948,0.012917755949730655
1016,0.0043919083504566775,0.029662904709182866,0.43287654538285136,-0.01289177691029923,-0.008026081452205612,0.12970968415737516,1.2177004300009229,-0.012577584856430126,0.00014003074524583984,-0.14006441457261445,1.741060534456103,0.00841536565181763
1017,0.005615366939093429,0.029660998644101558,0.4541085369520326,-0.013595518775880831,-0.008594906025862013,0.12421404374321786,1.3676194375864188,-0.012773016279066076,-0.000956295623035568,-0.13659989670368033,1.9374339484911551,0.009002916882819512
1018,0.014757586239769242,0.029660896849495057,0.48420082269577036,-0.017008792493129515,-0.008446188204523392,0.12031925568350775,1.4460564976153953,-0.012608382917099098,-0.006516408568461871,-0.13605173304034784,2.025295122960173,0.01309126698917713
1019,0.016910204177407753,0.029661322298610265,0.5161728271812239,-0.019305369961828838,-0.008480437301085542,0.11095973721244275,1.4652352006162448,-0.013108076734846662,-0.008761874103924459,-0.127678957489006,2.0205795409184475,0.01263931404055428
1020,0.020758285122669633,0.02965946835358285,0.5185961016121786,-0.018838632316080628,-0.008473602002218849,0.11022204480140506,1.377018509717569,-0.009908992027807217,-0.00840877880982294,-0.12270947018133258,1.9566756350670649,0.012551212609481081
1021,0.021194977376422,0.029668433959924138,0.4960805112736615,-0.017078501773701803,-0.008474611185753447,0.10583871589839977,1.258653411325645,-0.005490328406850181,-0.00850966827923853,-0.11804503417108698,1.9183504382456646,0.014465161184851865
1022,0.021269780150958737,0.0296295051285003,0.4561099358771651,-0.01324880515766258,-0.008474540392138684,0.10484313857718093,1.1561582563968027,0.003801999817700382,-0.00842476719198124,-0.11222705003855586,1.8683610147658856,0.023841259225630348
1023,0.020588528663399445,0.029779543896841197,0.44867661659338753,-0.012810462219944484,-0.008476562867920388,0.09558843199577824,1.0255885085703444,0.004198804408847308,-0.008364383059455277,-0.10338236249325436,1.753773997760589,0.02534509092974955
1024,0.015473379624416897,0.029281571324302324,0.4100691535267605,-0.008369102426120526,-0.008459293182132397,0.09160575988491661,0.9758273388571697,0.004123593407006896,-0.0038818265193059868,-0.10195104840946635,1.6694156662633501,0.029590467679383222
1025,0.01104522383557696,0.03354036648093804,0.3689642448479686,-0.007948791548704964,-0.008559760582154892,0.08665891121569137,0.8529751787442549,0.0053792344603749,-0.004619541822187734,-0.09879877017414415,1.6302770245535319,0.02953661965291274
1026,0.005621175025536634,0.03389253892411436,0.3029359961223147,-0.003956913415574418,-0.008073306423281702,0.08211633522801387,0.7033209269726814,0.008312624261643422,-0.002528560864008748,-0.09771830965502605,1.5127054578867858,0.030258045915605096
1027,0.004798144151956741,0.034286539515197965,0.2509011915124335,-0.003116139356592206,-0.010976561292959083,0.07694091556680877,0.624515149879023,0.012330378413173236,9.553530594558413e-05,-0.09345661033925169,1.4038166112705022,0.03575121361734292
1028,-0.0021220291723425834,0.03851889095649003,0.15344883120758349,0.0027907644414310513,-0.01309932779573682,0.07624963968388938,0.44589528132750494,0.020428829750427067,0.0022335678894157573,-0.09739683374644256,1.2956651310748895,0.03804003474923727
1029,-0.008064176915169297,0.03803467173617105,0.04472860404786865,0.003993858448185397,-0.012338319669459249,0.0762457402554233,0.3504182623395113,0.02128790133003745,0.007867346705318069,-0.10200546779417191,1.068766434440999,0.0406560835250157
1030,-0.012611352128326096,0.03808065812578643,-0.04070113269294233,0.007601988206282818,-0.016686003223543484,0.08090229544505051,0.13644955106043535,0.021167340476213978,0.008435889901162223,-0.10790082025804187,1.0075737397904279,0.042363441057968666
1031,-0.017253112915524126,0.038491590642210874,-0.13527635234297372,0.008390179902645244,-0.016807505365202438,0.08643675802693399,-0.024226308905916403,0.021188114548900457,0.012657193177841863,-0.11499988003411676,0.9184821304327271,0.04553391402378794
1032,-0.015438806278426392,0.03547268387675668,-0.23021395299529235,0.012608165104701589,-0.01238285162836626,0.09484949517556243,-0.13261528112661947,0.02130474530620061,0.02142281241901954,-0.11563333893534594,0.7838700278871205,0.0508234300308299
1033,-0.007955019628895846,0.03061626505467052,-0.3095157726332046,0.017083250437807604,-0.01308175483431029,0.10066029189209455,-0.3512179386521364,0.020156098737768,0.014848519012207843,-0.12190931199850234,0.6877494028879253,0.04625144032628849
1034,-0.006705600688542704,0.025629707456041914,-0.4193460813158432,0.01706686971219177,-0.01104396208273198,0.11107556141388335,-0.4847120754942122,0.017790834999474668,0.00669264365595096,-0.12044485720633627,0.532595427582876,0.04230746844713718
1035,-0.0050789666980383995,0.02540524269550288,-0.5167656418705838,0.01570245643519269,-0.008482635733031966,0.11760119838583902,-0.6374668963462738,0.022160919430388247,0.001956766142778541,-0.11484367859395862,0.39144082225363047,0.04124592278497734
1036,0.004036579623351721,0.020501675397143444,-0.5740667260171196,0.012257768589868576,-0.005878452209420405,0.11944549020117128,-0.8488292934104041,0.018458617640902706,-6.970290569143476e-05,-0.11438722836612825,0.26051353888843237,0.038012713623357695
1037,0.009219556546644622,0.01666550351344373,-0.6060724809007241,0.012818308245186873,-0.003993650429415839,0.11097752908469631,-0.9699320033213019,0.016830729154133587,-0.002321935175638756,-0.11445846918809005,0.07518190230199796,0.03603575238013268
1038,0.01093944229362563,0.017013888960640395,-0.6738567247735444,0.012690046189521268,-0.0042141817192439136,0.10589380267098875,-1.110218635393213,0.016632866392816192,-0.011381003652611476,-0.11354769062053373,-0.0939778790168174,0.03316652411392758
1039,0.029312657847114815,0.01703269830186594,-0.6496851933037636,0.012715593076089495,-0.00431405572822503,0.1011504799197541,-1.1953547377898097,0.021059298150084015,-0.016858138218614826,-0.10312880280996584,-0.23201806141749892,0.03722907943490072
1040,0.02959680237832723,0.016510952419787502,-0.6261217481550596,0.012711371629390953,0.0003792732656415922,0.09640084803023295,-1.2362991812396558,0.02130447238073584,-0.01687551384583778,-0.09547360599585124,-0.35226768063052616,0.04168843026341049
1041,0.035580950011134475,0.019945109540780437,-0.6056537643006998,0.012711771973104968,0.004537729453597792,0.09203036688364502,-1.275154978876131,0.026278593178180133,-0.017571119665734502,-0.09097553731213712,-0.46019817887704245,0.05094096092658351
1042,0.04330101151465145,0.02146306317260109,-0.5609759701801266,0.012714100482395999,0.003875816304856814,0.08514045913162757,-1.2114932401840297,0.03114983949891142,-0.021844154301823498,-0.08672904208631499,-0.5607942190413389,0.05070350507715184
1043,0.040878130436024694,0.020966886659914367,-0.5122416526763464,0.012695534901214769,0.005954232335700782,0.07734571793891783,-1.1620539804945742,0.03423701530552312,-0.01962953581578645,-0.07818255398572697,-0.7575672325736758,0.050930986003976456
1044,0.035644802753688816,0.02548582486759128,-0.44747959970718243,0.01280130101294246,0.008878858100699822,0.07461107345018449,-1.1118341330123358,0.03392981796361308,-0.01455199596056958,-0.07251826259016013,-0.88345123017735,0.05067112602940295
1045,0.03337350253187005,0.025158775188943775,-0.4067797028132502,0.012295763048293362,0.008388318683788363,0.05828045067975113,-1.0337670676984851,0.033466517691111385,-0.010040230778598122,-0.06782062328029276,-0.8883266298250746,0.052120115547680354
1046,0.03485659543300055,0.026976447261578863,-0.3655858446543258,0.01530992441128392,0.008490731233023203,0.046951456942530057,-0.9659089822711373,0.03735510486220224,-0.004745144462703355,-0.06792216951340797,-0.849473981934045,0.06086364798185468
1047,0.026289587699381237,0.03645508224432073,-0.32734762483743657,0.017204849339910604,0.00847092951741731,0.04214327362740555,-0.9026220239890274,0.038231756081607664,-0.004402326993372299,-0.06712761084000028,-0.8840133965932258,0.06396858950376619
1048,0.02559340763590135,0.036785015864280395,-0.2733275597132883,0.01693434602740206,0.008475367830194012,0.032792267114495684,-0.813848021244991,0.03815541344830223,5.051909350596045e-05,-0.06199952402053935,-0.8527504848138507,0.06350439939272835
1049,0.016679680073504323,0.03093875571635153,-0.23474939099538383,0.016911620576890263,0.008500517427998785,0.02994128486299249,-0.6591495982012171,0.037677042193874535,0.00016822948619896912,-0.057468099618923844,-0.8991659429983732,0.06356084127432209
1050,0.016525100755531624,0.029498117968317528,-0.18437841557149307,0.016769906215798804,0.008251698129704001,0.026616528050912327,-0.5965712248444015,0.03341344553870428,0.006387214545169216,-0.052304229008573934,-0.9252760055027249,0.06355536644809251
1051,0.012415978574665346,0.02959300149088945,-0.15184871466584737,0.012538243967817277,0.009927716780956613,0.02079791683061506,-0.5589252189002285,0.03439189731021583,0.014916942970765045,-0.05050231204295585,-0.856041987717507,0.06361156715707693
1052,0.011560971511403598,0.029854390663643163,-0.1163441593055929,0.011676492084952387,0.012343193613984157,0.018472180434802088,-0.4690507371856019,0.03163307923787005,0.018151432037258282,-0.051257880747435335,-0.8438244719257223,0.06324753326617986
1053,0.006195085423563465,0.02535825536453612,-0.08860225992302875,0.008342262061753463,0.01755984588986437,0.019199224897653612,-0.40446903954442726,0.02981028219354558,0.029060990274726053,-0.04676772796915075,-0.7813351349058966,0.06548133623915536
1054,0.0017992631071705777,0.025246919679517598,-0.06496881946573042,0.006418754397326233,0.0213618795233437,0.028020338362410163,-0.3245722373572799,0.02634359666446718,0.038110226773684114,-0.0464999500154219,-0.7130946120816462,0.06818097606604906
1055,-0.0034899913974531568,0.019098927456158765,-0.04841803891004639,0.003745384585020061,0.02455484560411233,0.037912534650623754,-0.2523847721205425,0.025588931662569307,0.037429269016157486,-0.04199312024548706,-0.6624613928959402,0.06769167160498966
1056,-0.004089028601715317,0.010503278806603435,-0.02000711538842563,0.004746925405368313,0.02555272764373366,0.0382341522075271,-0.20800678788774607,0.021257491691810945,0.050529246285765175,-0.04268433376338253,-0.5851449910216574,0.06789969410538636
1057,-0.008177888727983591,0.008096403526468156,-0.013031921350100546,0.00035481999953631757,0.025458767194334948,0.04290233552509931,-0.19481110370345117,0.021226214702967372,0.05972766044388321,-0.04108757309060785,-0.5130702822438836,0.06765416656218586
1058,-0.01293187660288919,0.009111875951598337,0.0005649444648256241,4.157318328580715e-05,0.030504418090766393,0.041116554285292935,-0.1492268721796142,0.021362467856291586,0.06524793354000623,-0.03541905029625415,-0.47774501487942644,0.07218182195788794
1059,-0.017383564186699115,0.00488943850973,0.010270127210353981,-0.0044094912479771394,0.03307743983937279,0.03800170138782285,-0.10718317277246042,0.01981788023923383,0.07339570995279555,-0.0340029925651551,-0.4263576600359787,0.07194440537770018
1060,-0.02404130990066301,0.007752478809687822,0.02366261614997987,-0.0046815090399868866,0.03054553349590137,0.036392314599654904,-0.08134829524363558,0.016880642169630037,0.06839390180153822,-0.03095129962871389,-0.3670977805889077,0.07204500432983434
1061,-0.02727197462535618,0.008409363186598764,0.03440066220408771,-0.010214139371243713,0.03447534713322521,0.031175470614538445,-0.06815820519202852,0.014657494157007645,0.06059343872697675,-0.02583985103455828,-0.3426275987901874,0.07212974139487595
1062,-0.020910601372119635,0.012899310455729545,0.04580197700758776,-0.013042735541967089,0.033767031754006895,0.026459699278940346,-0.041216507382696506,0.012093146001564085,0.05693961190937208,-0.021253790419807055,-0.30360986680642577,0.07157836901141676
1063,-0.016400001385937828,0.017703561777893884,0.04581196902342371,-0.012586855101018526,0.03392625458077044,0.022029957552132374,-0.019687827004589938,0.01596242127831734,0.04798106587497069,-0.012357329252240768,-0.27222665540524504,0.07500615984011533
1064,-0.009957283837182477,0.021287188630414722,0.05282292177796018,-0.012915008185016,0.03388757533622472,0.013021560226466625,-0.007576460187032425,0.02107644130932506,0.04273454049255042,-0.012233636439843987,-0.2587282650415077,0.07629371464149935
1065,-0.0009268284869226513,0.022587889626257233,0.055502613640258394,-0.012116589712510383,0.03391010597146314,0.003693199309419795,-0.004879065901172964,0.02131642206407072,0.033412613034032285,-0.006951125308773254,-0.2326990799664032,0.07973183015727732
1066,-0.0003684894901336182,0.025880025950906688,0.05488227698950305,-0.017102072491708368,0.03393579185783778,-9.069033629223844e-05,0.007610425190084249,0.025626627744619986,0.024475177217886442,-0.0018923019062484525,-0.21079639579019144,0.08907000135076651
1067,0.013086585111778268,0.025322836134661256,0.05941315994515959,-0.00838821747042061,0.03334934298746444,-0.0008065049261038459,0.00853010584402041,0.02637260941673445,0.02002822423573139,-0.00014695677597453957,-0.19938345242753658,0.08919359843093295
1068,0.017363811091844716,0.025437774047575624,0.05921120232921784,-0.008192543384784425,0.029250275630980253,-0.006536088654329628,0.01755959009079953,0.03022776233554183,0.015302895966309944,0.003024270619485762,-0.19328837328302598,0.09466718808450306
1069,0.022463566517723847,0.025438090107004912,0.05958271277436035,-0.0039263405009972805,0.029688391155901276,-0.008340972899494759,0.016779526943026157,0.029199140383333908,0.010023345424654781,0.0044083123890730925,-0.170068228650877,0.09775084454221857
1070,0.026096925190115288,0.025394464630181055,0.05786614358705762,-0.003267284369017931,0.03005868451176238,-0.011212804879479952,0.016608557880673662,0.03216115587734402,0.008670849249737265,0.004225272894103417,-0.16488905423366376,0.0974979757930208
1071,0.023340637558929327,0.02532348720621958,0.05462054642839455,0.0024572223508868107,0.026952959453486088,-0.01312398877381204,0.019323168683553542,0.03720607400146901,0.005136189814923562,0.004245481989697975,-0.15538297401321607,0.09699651041182371
1072,0.020832845517800392,0.020304039060140094,0.05530577975754783,0.004592728023960088,0.025172023175124646,-0.01222433243334248,0.019095624639820587,0.04182301899862938,0.004117237815392466,0.004089284103250506,-0.1522826351022967,0.10081995354660724
1073,0.02126033536155201,0.016815364455486693,0.05462245910312826,0.003845896390861304,0.02548236469216816,-0.01699302756575267,0.016173436739486246,0.046618007364361426,0.004233576403047927,0.005331331006050186,-0.1528961530768422,0.10162469175341539
1074,0.021165686466248966,0.01586466178094658,0.058646082164795055,0.007603796260912912,0.025395510307419128,-0.003166965552852753,0.020638520460534153,0.0466276057947856,0.004638801366113294,0.00883084757653777,-0.15054892168098308,0.10582616615750194
1075,0.021205931825697036,0.010069393528034992,0.059391327753224143,0.012480085439060944,0.025166473310678915,0.00014306360048828282,0.021230089493661952,0.045996535064286505,0.008878301679502666,0.008807275159662762,-0.14541801646759422,0.10999317540826843
1076,0.02120966346059371,0.008589106735368014,0.059326545619798145,0.017248714437642625,0.021013519887436275,-0.0005643071024582513,0.021195324402579006,0.04033635368531942,0.008353045976667509,0.005658712550747686,-0.1408652621261685,0.10561340095238259
1077,0.020629464224909647,0.005639415231132494,0.059314471662924376,0.020990961477138505,0.02003949738496485,0.0034081000204094565,0.021177773580994128,0.03847272490230824,0.008505646394579036,0.004121827731519934,-0.13585832441924842,0.10505575367431452
1078,0.017485995071113498,0.0007634939362238491,0.059339964256069,0.015545261241152615,0.016913950477647086,0.01120383405395556,0.021207299224359488,0.03369790168265122,0.008467455467957689,0.003996899395497173,-0.13560105084135768,0.09923093091842099
1079,0.021443230720528995,-0.004142125575556112,0.05923485751321197,0.011136903808939898,0.01445012781066471,0.015882962333859812,0.021088428251313372,0.0234007618232033,0.008476632620984184,0.008452743258979685,-0.13549803847299452,0.09739600117377874
1080,0.02295502107854032,-0.004373737458815411,0.05972740096779993,0.005965321022062487,0.014744593243415137,0.016914971896969843,0.021621833009847522,0.014200852208491132,0.008472325908943895,0.008432598199988183,-0.13627204976619298,0.09529829744031881
1081,0.025896896255932233,-0.00883481189138737,0.05684131649395457,0.0038576644012691826,0.020722608248498836,0.01737351245448354,0.01840974709118655,0.004458885489609346,0.008477082398453867,0.008302893826594462,-0.14170179061074434,0.08571005549286467
1082,0.025130045676316007,-0.008283734156287414,0.05479315766960273,0.004681280073210621,0.020988755219003053,0.00839963118618986,0.016748052312848715,-0.0006987297781573004,0.00849547597583401,0.009793192566784577,-0.1444683349475807,0.08121751672011113
1083,0.026091566347865205,-0.008864064917687643,0.05513460631038674,0.0004945404878611826,0.02540886856476559,0.008738450019718107,0.016903693565270654,-0.014984235627266397,0.00825609058041456,0.013280511360875201,-0.1436626784533775,0.05825557346014431
1084,0.017775159075478466,-0.006327275518452372,0.05507894529865978,-0.004003332994378974,0.02544577555524465,0.007467352851863441,0.01700779523298976,-0.022700277625246793,0.009959589627147963,0.012089859406454436,-0.14680163524104994,0.04986530173900983
1085,0.012694488498626833,-0.003867285402731981,0.05508460490675396,-0.01742150456391063,0.024665936912997607,0.004212397736742021,0.012501354298754895,-0.027348235616668735,0.011474616756687619,0.01606439323260004,-0.15211147144001338,0.04692354369766244
1086,0.01291186856368929,-0.004386702621793687,0.055084580605845576,-0.01779633089045532,0.020664257937736897,0.001975400266820317,0.01281273213036473,-0.03145144559061181,0.0075042154828042105,0.01638541594182952,-0.1525732050936766,0.04232173055762828
1087,0.011419752655470374,-0.003995140491394109,0.0550886035471817,-0.028665334180456956,0.02159998157402442,0.002153509202375172,0.01267950320953899,-0.04019993912439891,0.01163941281793516,0.025055545851222865,-0.1525504121034496,0.02765933208385647
1088,0.02053311680908112,-0.008226477949274386,0.05506240439208814,-0.0360626045893552,0.019155742750712072,0.004501218260254355,0.012720550746701923,-0.042336794523288535,0.012606156830437894,0.025501705296803664,-0.15253726237117166,0.026318081096416646
1089,0.016496179555222455,-0.012830650952912167,0.05519114844474302,-0.04028821253388556,0.013653490766347792,0.004465120568078668,0.012709820648736431,-0.04629410517719074,0.01646351825099588,0.03006470422594919,-0.1525455421111103,0.015372663390656426
1090,-0.007775357383758058,-0.01260288966022474,0.05463613687464556,-0.04569307894070704,0.012577166819412035,0.0003710437743903096,0.012712274399685062,-0.0465616520815681,0.02124417451639885,0.02936795964800072,-0.15253423902601285,0.008682104821528872
1091,-0.0035262633427411297,-0.013000163135599466,0.058037154406545555,-0.04638564727809692,0.012727074894493446,-0.004407251564259,0.012711830273251392,-0.04713045819543524,0.021135286105012585,0.03080610412997795,-0.15257628512925137,0.004101580715926017
1092,-0.004283214607657318,-0.011076073507498868,0.05952079146948814,-0.0504974973635868,0.01271372888070646,-0.00876206860152282,0.012711789105567821,-0.051311850485609524,0.02115473544789769,0.037287178990013416,-0.15241171016001845,-8.808674524785712e-05
1093,-0.004417265477715041,-0.008055094952517756,0.05929706637551132,-0.050825325328363154,0.012687841606209059,-0.008097977553434586,0.012711809844454577,-0.05046911755080991,0.02146598593285411,0.03321264083062404,-0.15297128655974634,-0.000961615779041699
1094,-7.507465126735868e-06,-0.008575417152140516,0.059322122919405536,-0.05132010327318203,0.012878029367433565,-0.010251534263733108,0.012713983029494539,-0.05261064271567791,0.01933100457983411,0.025823924124065666,-0.1486148994477665,-0.0043685698961223665
1095,0.004751957114147314,-0.008423514029570272,0.059325025635458634,-0.05524372463885661,0.01159982618054642,-0.01154166018496143,0.012695890768276414,-0.0581773518792339,0.014338663110433672,0.025374755315036128,-0.14830821906530325,-0.006263209146560227
1096,0.00878338518468241,-0.00856910428926771,0.059307191141138596,-0.05649276152234861,0.005926837631513599,-0.005130903129325849,0.012800162380317247,-0.05947712336795355,0.009135758697326787,0.02542580275886929,-0.14379904812359645,-0.008839149949224051
1097,0.00838185571506661,-0.008367693196797202,0.059404225188351326,-0.059317233080209135,0.004304349356071836,-0.00494574619736288,0.012298672709823197,-0.05933483956411614,0.008622806295651554,0.02552600185762289,-0.14418079111698823,-0.008416410665920526
1098,0.008479930729242394,-0.012780208575731632,0.05892588469943985,-0.062032799385507154,0.0015742314657473384,0.0031271246397847324,0.015285420904785059,-0.05930580914720133,0.004296095032863447,0.024535651736668905,-0.1440394490756403,-0.008461629809382233
1099,0.008556459061597516,-0.01377184987501984,0.061707094070125555,-0.06297128346419102,-0.00380987912236534,0.004254198305346746,0.0172122456120413,-0.06445260483872021,-0.0007413520878249264,0.021128338393395743,-0.14404539721942808,-0.008485248914186288
1100,0.008140873552182525,-0.023025410478143143,0.06375244812827972,-0.07077668455852613,-0.004265822411486048,0.008955118728738724,0.01692506818679961,-0.07276539975747369,-0.010014637638458267,0.018991837369830438,-0.14419664919731057,-0.008831554658245061
1101,0.011480113910505902,-0.02696024161622258,0.06390155295646842,-0.0721234246429167,-0.0042234830632751985,0.018028747963840464,0.016922968644482343,-0.0715086093731553,-0.01278243703019408,0.018949593017423688,-0.14359397876666322,-0.012886499153421034
1102,0.01662992145498817,-0.03212373185927393,0.05972866362025345,-0.07199940743991,-0.004498507530839666,0.02204680553430492,0.01683840320771577,-0.07402282732212105,-0.013434886343818172,0.021981805041309824,-0.1477752079434555,-0.014029258886004464
1103,0.016970162496864644,-0.03467870395632446,0.05931119924480476,-0.07276010304835621,-0.002306251341439216,0.028723133643568207,0.011817701322516756,-0.07664194421929668,-0.007775533698465495,0.01752497002857081,-0.1481879234969633,-0.017029564150360152
1104,0.017345850890952034,-0.030305960811093983,0.059306162784132394,-0.0754624876601374,0.00647221768858685,0.03673931395764862,0.008158517921048611,-0.07616875185885286,-0.0018084293503729853,0.016898887876806056,-0.15263595752388806,-0.019325975534333004
1105,0.02073187291178527,-0.03016583588521045,0.059330272570392854,-0.07267912545676088,0.010546321766869858,0.03867777178124592,0.008563992171255185,-0.07637436577668527,0.010686891662951862,0.016930030986719205,-0.1530133151276286,-0.021708005488938687
1106,0.016986245253390538,-0.02132087219700939,0.05931413819886085,-0.07913164548825957,0.01527005757245869,0.0351287648317802,0.008452596870357584,-0.0761262945128228,0.016789882437197392,0.017102697781042134,-0.15724573745662423,-0.020477531246072628
1107,0.01350596464595376,-0.02086057590916023,0.059349929954439135,-0.08027589592453346,0.020535310941083015,0.03028739467755644,0.008479222445416473,-0.08064960316164635,0.02143714903849011,0.015869017381519183,-0.15664827716967678,-0.029338268920727734
1108,0.008121138743135836,-0.011175428105352228,0.059203863100042775,-0.08374020839647307,0.02097278640219183,0.025517422040206992,0.008474106482468729,-0.08046185237093827,0.026511449342114114,0.012232304295724233,-0.1568111697542109,-0.029509839165661116
1109,0.00560590365919846,-0.00876989657156144,0.05977747621265068,-0.08493483899203641,0.029234304650505187,0.020389334687153756,0.00847362604547063,-0.0802468648170147,0.03759415639011045,0.012932693583511956,-0.15677544583447914,-0.030521124546496196
1110,0.004721687340707211,-0.0054935469212274626,0.05598360876995341,-0.08468745831682226,0.047753782488636855,0.006265953926152382,0.008475473896473509,-0.08230771966347235,0.050922220313964574,0.012258769714992731,-0.15677188807896755,-0.03313808730145693
1111,-0.0003843970623361413,0.0032159130177718763,0.054967876617998644,-0.08938643720325891,0.056099117752995586,-0.0017617901125360884,0.008488551418408116,-0.08471810128774693,0.05736817226181024,0.015988597955036255,-0.1568022353134306,-0.029165889555156546
1112,0.012469816010687057,0.00396344242200674,0.055090232941799246,-0.0942168346995872,0.06025347816069808,-0.004465347286628025,0.008344084323667494,-0.0875268882009185,0.06286508488301516,0.01726617327633889,-0.15676809657941257,-0.029476858098566906
1113,0.012674619743205832,0.007449025819703421,0.05508842048381053,-0.09780033107032636,0.06754214443459755,-0.0044800835814810674,0.009395727629260707,-0.089281474661245,0.06030514219946429,0.0127406204307278,-0.15641342438978922,-0.03209687346864564
1114,0.018598661893991612,0.008871620129987497,0.05508289406965795,-0.09744225956368795,0.07236703318657066,-0.0018715955398613932,0.015059989882609523,-0.08877564144335301,0.05918241243428758,0.007950009038389274,-0.15255050352159902,-0.03766070582265355
1115,0.027036613837479233,0.004286797480445306,0.05508538233660191,-0.09713098103557963,0.07454898102149765,0.003714743233762131,0.01680182268241912,-0.09328936772266298,0.05929747237000651,0.00383007628428836,-0.15004045188925516,-0.03801919586648681
1116,0.031863695613843265,0.0042492667929620006,0.05508444049467963,-0.10002527236111773,0.07921576875855843,0.004046811826058064,0.01979451956272958,-0.0979793217352895,0.05405395540699122,0.004861488630004786,-0.1431461464121812,-0.042499555475090135
1117,0.04746111914367724,0.004573550333202261,0.05508538821673028,-0.10507642138184126,0.08815071022274305,0.008455157229410008,0.02149443206839144,-0.1030028150623988,0.0449685068558857,0.0008466347640937633,-0.14428077035930834,-0.04737578667674399
1118,0.05866705470001686,0.0018320544772195487,0.05508238374317891,-0.10966439449096953,0.09322677374776248,0.014210478327223856,0.020936706872687207,-0.10602241238992141,0.04210317708513838,-0.00796345933295707,-0.14402507948454035,-0.050739477579869484
1119,0.062305412441881806,-0.005243020883114458,0.055092789662276945,-0.11442412863773517,0.09770163831958747,0.03122506603146655,0.02545701111042046,-0.10758904996582092,0.04255374006211789,-0.005508209556439003,-0.14407474198333511,-0.0536610632696275
1120,0.06714068004172617,-0.00358646702779567,0.055062885636986074,-0.1146977866204493,0.0971542555522493,0.02867582149897596,0.025246528467776835,-0.11283963611038601,0.04187682495711942,-0.004056078185291085,-0.14406711903175337,-0.06168278752652324
1121,0.07192001732240025,-0.007122665942165934,0.05511159409203031,-0.11961373213183928,0.09886024058678439,0.03307317506170453,0.026321138922399723,-0.11752773790902384,0.04569983364908025,-0.004252842206555328,-0.14406773476076482,-0.06844429147352392
1122,0.07182960076987473,-0.008786464676976039,0.05529337111328719,-0.12529189162059431,0.10203057283284919,0.04142482762440646,0.030176736950159776,-0.1221261979277919,0.04649865690567828,-0.004240298805468942,-0.1440676749700836,-0.0786145023211691
1123,0.06702536931625984,-0.008183587131119194,0.05966571236793931,-0.12343600180529321,0.10201180884276496,0.04209386366976107,0.029223472742348416,-0.12324979758236815,0.05069018778250105,-0.004232491404673778,-0.14406905698411349,-0.08741711279791803
1124,0.06209293725151542,-0.012681749333488443,0.05920408037978977,-0.1172391409422808,0.09879984183771667,0.04575786822521683,0.03188041062437501,-0.10009592094946641,0.05544251771847327,-0.004256888941610421,-0.1440609930604662,-0.10162782523814602
1125,0.0592156916363274,-0.012652854114192556,0.059361569919236766,-0.0997970056803336,0.09688934054069867,0.04686972508555923,0.036961999354792566,-0.08617412633126746,0.06020933827062796,-0.004139142835244118,-0.14409868817331437,-0.10223818206433027
1126,0.05770615584764528,-0.012735753167574384,0.059283703596542864,-0.08231247665650865,0.1015131410960167,0.04230155885106818,0.04151155773797573,-0.06466526193565446,0.06493483197171517,-0.004673134073188823,-0.14394481695226374,-0.11080827245863986
1127,0.05191370291370884,-0.012720259231459334,0.059443711552016304,-0.06191243173488342,0.1017658874406887,0.03751764831606421,0.046479127749227814,0.004838678304915995,0.06971738443493916,-0.0014213673788660511,-0.14448890712462809,-0.11136694097843237
1128,0.05101180941633187,-0.012632052280757835,0.05890431863229497,0.013066470480139827,0.10624300199196521,0.03351110064688218,0.04666276284533877,0.07776903320700576,0.07429914566507406,0.00022613328988482946,-0.14029981475320563,-0.11402823517921441
1129,0.047419364817835215,-0.013062592967555731,0.06298841411935936,0.1729950670505036,0.1058761731662442,0.034341158614614856,0.052149857614247175,0.29178351791290624,0.07965181795945796,-4.68379500302933e-05,-0.13981458376073475,-0.10263790689566062
1130,0.042613269544867265,-0.010155187665465581,0.06363761699771345,0.34563789423174046,0.10562509874414247,0.03181219145359161,0.061170382683035665,0.8476609416742571,0.08025716168248118,4.287464778872461e-06,-0.13988234745967598,-0.08995872367390975
1131,0.038024127389655646,-0.005152061503551916,0.06374812409748742,0.6601311545119991,0.10799243130374249,0.02966015170132756,0.06349810026421514,0.9402752085062589,0.08454833405468903,0.0003564658702667349,-0.13917377144054968,-0.06729377750501861
1132,0.03820642991513789,-0.0004956344770947381,0.06797509333600103,1.0414570754542658,0.11052715479438688,0.02696266480767452,0.06544475309005517,0.9730163000811118,0.08483791620427374,0.004632203083004057,-0.13476920460860894,-0.031349241387927454
1133,0.03811080103617793,0.00422762443210588,0.0686979116369335,1.0429438236233226,0.11010852887126811,0.022030637047569957,0.07008680862341113,1.0936514479161024,0.08932905314074445,0.004115765599791756,-0.13790953423973293,0.3028317760054233
1134,0.03814243257099969,0.00903617299978276,0.07261478480717726,1.218735200430544,0.11015644640447958,0.017095812158162957,0.07841472703077991,1.3441743554894265,0.08885489089766349,0.00426888795730339,-0.13785637389026156,0.38443636773811
1135,0.03813497013522358,0.012818345261014821,0.07149636452298716,1.3863631550168898,0.11020291141145214,0.01688581408640348,0.08434269535524051,1.5501323058653853,0.0890386466880428,0.0042300953007137505,-0.13496995924264732,0.5076529826786272
1136,0.03813133514521239,0.013917708149730607,0.0746689179196866,1.6602335323241075,0.11035468919490742,0.011914667411056921,0.08878696784382284,1.7920386616844037,0.08888305366218814,0.004238698157322033,-0.13643690157067942,0.5706357467984127
1137,0.03815201316703773,0.01741610680087592,0.07665156814854585,1.972199395313989,0.1147444625402578,0.007908721492852743,0.09802490430056006,1.8719444507092518,0.08934260401347657,0.004237076387583106,-0.12762055898202412,0.8440307676677711
1138,0.03808748516835445,0.016861108377577032,0.07586665351300428,1.9257628381157113,0.11430895797347589,0.010190797852873192,0.10244564042774917,1.815189514259529,0.08594896025783424,0.004237291638018089,-0.1270780691409397,1.0721985523129822
1139,0.03821879739224881,0.016886200815411204,0.0803607902664913,1.8712988065640073,0.1143414892976556,0.012641538749283707,0.10737376414032924,1.7505419924276444,0.08099086596580451,0.0042372336869596836,-0.12266589922054591,1.2159305968891767
1140,0.03838710570083174,0.0172189514231108,0.08061327518706478,1.8178120933085196,0.11483343061631177,0.01549441508949792,0.11168393878712997,1.7204672157634355,0.07628669579029966,0.004238059936777565,-0.12207507152731209,1.278025340243132
1141,0.04726830403660319,0.013296574114742403,0.08498242244693535,1.7561653185672794,0.11162292719179571,0.016454115763726233,0.11877740451450752,1.648605350061972,0.07183602129434584,0.004232191396481376,-0.11805126041623883,1.3689051054690264
1142,0.04612959486672275,0.008467049548653191,0.08534515406154874,1.6868668975547103,0.10993565724675598,0.02401008683155943,0.1284388813767091,1.5647442613085876,0.07211779794524317,0.004263641079008639,-0.11922249501640823,1.5212979838318597
1143,0.04824358752193512,0.008125441629133059,0.09103518711016739,1.5875272645263596,0.11021556576500283,0.0295017446171797,0.1383692621383639,1.4869816626948777,0.0718205103413391,0.004120151232557577,-0.11582486227805668,1.5379960807141895
1144,0.05090309987089135,0.003983359808022898,0.09320189506948164,1.5064466154616338,0.11015738438673267,0.03421216672592016,0.14342679553160675,1.421518392364849,0.05981838802648871,0.004693334519063995,-0.11461301570230789,1.5987443800601049
1145,0.05310671611689522,0.0032770247814733464,0.09536414457914263,1.4314576791367901,0.10995767533091864,0.03843648581160329,0.15259764370086182,1.335644832667349,0.046919596833204,0.000869191160170747,-0.11066297456609347,1.5856241627617431
1146,0.057657133812656074,-0.002084870939837105,0.10052968302292296,1.3246999568041355,0.10482524927758394,0.03778066888463547,0.1579381509226076,1.2125212123191742,0.046518513773208446,-9.963659540779182e-05,-0.11021554198515761,1.5394635115170947
1147,0.0664579400873132,-0.006481741969529619,0.10504764873021531,1.186942692207818,0.10138739622611527,0.039799875294149786,0.17217065615026952,1.1016662463601825,0.04687036176148776,2.7445773878814837e-07,-0.10555350076411109,1.5031113477575082
1148,0.0715330638785706,-0.011831851148106393,0.10998421074134844,1.0549870919365263,0.10168142208681617,0.04277697259640472,0.18013305404582977,0.9673228916046718,0.0426091979773455,-6.297193979039006e-05,-0.10091400408510251,1.4804717583046836
1149,0.08063641969698943,-0.012478906831134576,0.11480205718228705,0.9411110219002257,0.10211051674705171,0.04230990374518861,0.19503821277797428,0.8924543174393803,0.03784310442148652,0.0006076717696923935,-0.09605619232001858,1.395083653462155
1150,0.08075407339664943,-0.016638314782004438,0.13286803697092753,0.8800978033640725,0.09880227282259023,0.04230138547581209,0.22183863931218786,0.8392254859880973,0.033126739408578125,0.006123559038831098,-0.09179105480483281,1.296463812500803
1151,0.0857804913955534,-0.01694288214595334,0.1360411124913487,0.7790707671128942,0.09714246560979702,0.04260196535639169,0.2321159148120986,0.7419478598148394,0.02811490742291214,0.008499354794233091,-0.08434360828451226,1.2419408998867008
1152,0.0913807074051291,-0.016782141756703985,0.14317960056395662,0.5608832557493254,0.09774442012212084,0.03827069527336808,0.2401334299648952,0.6534363482836156,0.025141745248863173,0.010481344046131042,-0.07736098728008814,1.0973699707946645
1153,0.08966359787938151,-0.010506690898467367,0.14888900563930557,0.4552060229008035,0.09320856776246768,0.033541265871922264,0.2452896170505033,0.4990003788972907,0.025184057281893157,0.016111169464146206,-0.0731391319140471,1.0060138418419489
1154,0.08381650915543386,-0.0037798842832433765,0.14968187398386976,0.4156412646052397,0.09260554529905776,0.028860908782590438,0.2591498524121705,0.39853139707973445,0.02788938210033317,0.017038818455931203,-0.06798405605215924,0.9249424133354438
1155,0.08525757197320749,-0.0024761518062090407,0.15917079520355826,0.3017486362623369,0.08302170058431314,0.023795727760209225,0.27296966888726687,0.3439302393340928,0.033357730195785626,0.016980188498610632,-0.06776770804550526,0.8193201954491492
1156,0.08149762389579986,0.00030552853940782885,0.16065836874540837,0.20840823584628954,0.08048096499476765,0.021210423680130465,0.2805374814412906,0.19736087239104388,0.03390971020599067,0.017106804474907478,-0.06338611623396898,0.7188709549549022
1157,0.0765927818299814,0.0003587523939840681,0.16874025851147872,0.04891338822770289,0.07930398990094355,0.01895293701452912,0.28895674019864287,0.10162619502383351,0.033847078540484375,0.02152303260393005,-0.06273548082750052,0.559401317550569
1158,0.07190713582173583,-0.0035236591537335105,0.17379874952992375,-0.1136575134608864,0.07133320021097016,0.016605724572824648,0.29829975140868403,-0.15917551439724464,0.028977164952828136,0.02106419820248362,-0.05907515363783945,0.5047062757974179
1159,0.06266034546073361,-0.0043105789837404275,0.17825864629548382,-0.2385516671623446,0.06407568903519667,0.017037062688553088,0.31164774023402514,-0.24730611899744293,0.024379400024686273,0.021245513648002912,-0.057840264422933926,0.3258040822601903
1160,0.05910894414837695,-0.0042418509228627265,0.17748545568069388,-0.36508742334709765,0.06395951915557023,0.01687296483773717,0.321174325442664,-0.38112154542285553,0.019069003424566442,0.021061789494594592,-0.05211701018321863,0.24744582731474016
1161,0.05940392962077708,-0.004231097957831335,0.18047642114826667,-0.5099554091400588,0.055956914185817844,0.016962015931728785,0.3295252316128995,-0.5106976392495809,0.003758645618391951,0.02164200856948966,-0.050575003742462786,0.06721811470966897
1162,0.059218603978710566,-0.004243800164650794,0.1888971566940865,-0.577906327000486,0.04184439981622402,0.01247183679391603,0.33443163956820937,-0.5872285027855305,-0.007743306047763205,0.017821400043791204,-0.05112026591375695,-0.06582708592550125
1163,0.059689197001265855,-0.004212922608522913,0.19299990420107552,-0.7193260036025525,0.028078996411821076,0.012820078955116073,0.3528970049014503,-0.7151557881834921,-0.011673323569568534,0.01683367822956474,-0.04688916954236889,-0.07527344587971599
1164,0.05665864368804573,-0.004347966149968041,0.19764568361889376,-0.8365113306599042,0.01928869447565683,0.012655861868584464,0.36128732584000256,-0.8557742113515381,-0.015773076313977973,0.016951909822879124,-0.04224558162129526,-0.19301125649273643
1165,0.05180764043971467,-0.0037816255768217603,0.2029919159992734,-0.9026004312869507,0.007676732426516621,0.01283390513341273,0.36433949919171693,-0.935451628382695,-0.029473501880520094,0.017205644874364344,-0.0426096295322674,-0.2555828061826511
1166,0.046841238239161725,-0.007323732743050925,0.20297774103085603,-0.968931933798814,-0.003061434708142019,0.012230380033966183,0.3669688371879601,-0.978700448128853,-0.034563101945296694,0.022530089139066286,-0.04115968877919862,-0.33393366015538395
1167,0.0466054578759159,-0.008625899513998045,0.21189071774239862,-1.0193761987379595,-0.005870695146937416,0.015813627780664204,0.3796293361796465,-1.0153074819608736,-0.0431500497273803,0.025091485367916843,-0.03798903213044016,-0.45918020795015724
1168,0.041450658179760916,-0.008492705506827571,0.21211826535554337,-1.0430125377592305,-0.017589483792370846,0.016788409787012713,0.39428487430970627,-1.0031792731406584,-0.041941065505006585,0.02936754637558705,-0.0362815380427697,-0.5062215860996919
1169,0.032577205150878925,-0.008539334696238106,0.21635227893678968,-1.0193274496701767,-0.02872436109426656,0.0208090040542305,0.4053556228003088,-0.9686631819153273,-0.043794884603649026,0.034141170760747006,-0.031181509966291633,-0.5345116776282698
1170,0.028382022927155057,-0.013522569390994856,0.21724300418580778,-0.9828594155946611,-0.03372469759584591,0.021118762967579554,0.41059429037419576,-0.9256464664006469,-0.05005518945027826,0.03710511827813706,-0.02603412372020393,-0.5804206631277803
1171,0.02338276331760084,-0.017014718574305834,0.2209368068067669,-0.9404329765512619,-0.03843635655013041,0.016781132344503902,0.41528032700824896,-0.8775149766460657,-0.04750577212637779,0.03758441388681521,-0.025545199323527203,-0.5894070565718703
1172,0.019389817491198145,-0.018354777076751174,0.21974355935507955,-0.9014179465544616,-0.04315000283431347,0.016329215965222205,0.42040031862783234,-0.8117718797618884,-0.0501118826935269,0.04629679259382339,-0.02119040317359653,-0.5600948417827251
1173,0.010843778994832453,-0.021525599133108836,0.2234167956723744,-0.8516157607252238,-0.047876565164943465,0.011070430980354602,0.42938095224926254,-0.7526656397081457,-0.05074725475519718,0.04682580005216115,-0.016468955083080133,-0.5427664722685266
1174,0.0081395213431504,-0.02156513441580908,0.224360944049337,-0.8092244423349061,-0.05259819962885469,0.006463168211201075,0.4335552443481308,-0.7090159630143402,-0.05518508589655148,0.056265894750929364,-0.011769309373343369,-0.5256289775102886
1175,0.008449290535767085,-0.017989085481600612,0.22846972501928686,-0.7168675749297703,-0.05731836611190786,0.001903769185404163,0.4385607021546868,-0.6392658251826843,-0.05557028616648227,0.06044904937237567,-0.006697025951152824,-0.493595244149243
1176,0.008494225987982001,-0.017070666972127065,0.22880383903931678,-0.6230261991691102,-0.06205114066377228,-0.005004424204455384,0.4427139076845485,-0.5845434863663552,-0.05979782650718178,0.06505289724639965,-0.004102374940681124,-0.4713363047993152
1177,0.004081177070656013,-0.013048862581704587,0.23353467611737863,-0.5524940423733411,-0.06673763300627299,-0.01982508401030908,0.45088361075539574,-0.48107143853879153,-0.0591642157174885,0.07126181570056425,-0.002589571052158494,-0.4193702385183958
1178,0.0036754335652342813,-0.008249351249607894,0.23829412352693885,-0.48911357831048996,-0.07155702666680473,-0.02085448855734187,0.45726054047450154,-0.4242193167602495,-0.05947076483626882,0.06652695124764552,0.00613242854815661,-0.370206676922793
1179,-0.0011168572263915019,-0.0044905772502799824,0.24196728153672956,-0.4269780637310196,-0.07617436254031125,-0.03431637951791248,0.4576923503093288,-0.3803212168168002,-0.05886302130397424,0.0634326982467485,0.01211316194896217,-0.33674269938977863
1180,-0.008191685514698658,-0.009038758160608005,0.2410428954611179,-0.3835955883499747,-0.08545482460961923,-0.038686527418931846,0.457735462976043,-0.3505117661211768,-0.06272071595399349,0.05989349868374534,0.016615229087806247,-0.3235177129176936
1181,-0.013096027797160775,-0.008058852680080544,0.2438739424314403,-0.33411818676264876,-0.08921944073280258,-0.03434928234783785,0.46257780137691357,-0.30664828324167626,-0.06367008669814973,0.05510744796459664,0.021249206804050274,-0.28850390945194504
1182,-0.015044044055512348,-0.010228488103312703,0.24607728318577285,-0.30218089106951074,-0.08869972655929893,-0.01792928338206476,0.4674435590750101,-0.2668085341067165,-0.06356585583281203,0.046092641338186226,0.02160756718326033,-0.27573285571222855
1183,-0.020309175949644247,-0.015413241189773634,0.24570550148503162,-0.26419341340863095,-0.09044106875541336,-0.016000924098687766,0.47070894939727986,-0.24670060444059458,-0.06315279032122381,0.039564195641002074,0.02650445861318926,-0.25667900390147314
1184,-0.024703775054768264,-0.0196692461837486,0.2457705605807845,-0.24649740624876798,-0.09602595300110786,-0.0049517308070639015,0.4702332513366688,-0.21545255448958972,-0.05886406590863167,0.028914494439985797,0.03286603650529805,-0.22866290767688405
1185,-0.029689749841572667,-0.027928274264084608,0.24576237975209242,-0.2233856976410297,-0.09764588775847705,0.005999687675844884,0.47041754343228254,-0.20436236973080174,-0.059731867586417846,0.026494666438755306,0.04118389381044544,-0.2141616992571297
1186,-0.025577536320688002,-0.03785730624240417,0.24576145019307682,-0.21484474594152914,-0.09752226625469618,0.01920773352400627,0.4701335547019515,-0.18347743203953182,-0.05746150364756287,0.017817813767902025,0.04221733237994299,-0.19663286232961708
1187,-0.028941832867800193,-0.0380850693825577,0.2457717459758949,-0.19748840198186318,-0.09723979414768577,0.02930424885384515,0.47088027978567176,-0.1725544516644157,-0.05387362199335425,0.016846878895053274,0.04524392276047659,-0.1778972031208852
1188,-0.018897151486280024,-0.03817078195358464,0.24570960742162642,-0.18248314539146143,-0.10173630107210903,0.038792980895872,0.4621159739255359,-0.1711395974988974,-0.06136875299338502,0.01693989545128263,0.05059776782085405,-0.17564212541229876
1189,-0.01708379556097203,-0.038123118476560726,0.24602511577635136,-0.1779476764696506,-0.10164183805523734,0.046975840121311764,0.4573371424898757,-0.1658972905251177,-0.0668676365907601,0.016990543742477836,0.05082649908306403,-0.16985726904670204
1190,-0.01504944681574499,-0.0381389599423284,0.24399477635134786,-0.17730908567623538,-0.1015665093092891,0.04759894783412063,0.4525449654272553,-0.16113165432655963,-0.07610472285222132,0.01712609995146896,0.05558171427593963,-0.1697349714068374
1191,-0.010026206573375333,-0.03813567335897043,0.23817931752795815,-0.17334195462242796,-0.10275338910538243,0.05101708637408075,0.4476854103363605,-0.1612857803003407,-0.07655124648165061,0.02135989558877637,0.06023802967977515,-0.16064840193389585
1192,-0.004993230163399344,-0.038131878794032986,0.2378395926501728,-0.17349131671206094,-0.10848690444733836,0.05280980421293249,0.44384814474559725,-0.16579055467417844,-0.08679706642002617,0.022242302226643355,0.06493595652041652,-0.15198330003677965
1193,-0.004142861700751705,-0.03814927196461449,0.23005817727862585,-0.17594913376896487,-0.10991773984250669,0.05595866133815781,0.4337628365216658,-0.16383119430174695,-0.09479862596223346,0.0255426722895677,0.07000845283278119,-0.1534615701962503
1194,-0.004238390859505626,-0.03809677142952127,0.22462892592237713,-0.17861643210359546,-0.11347045457537262,0.05151801991779199,0.42431280657365933,-0.1609872746596293,-0.0995447757523428,0.027559215141775853,0.07244073975309358,-0.1477108113311896
1195,-0.004195884455234774,-0.03819316510311694,0.2247084164514451,-0.17487319675490312,-0.11385527118178318,0.051233667703961296,0.42131960548487596,-0.15870877554585333,-0.10203222331679482,0.03000877518158521,0.07158985030903148,-0.13859022719740577
1196,-0.004703421678969964,-0.033393259072935125,0.22340991482596942,-0.16975559600011222,-0.12250514111513114,0.04259122892057004,0.40798335775195693,-0.15645293329533944,-0.101590433207259,0.02960663784677086,0.07541481255744234,-0.14008646459569074
1197,-0.010101188859919119,-0.024991558496363264,0.21431404488338576,-0.16949410265553644,-0.12295949662973561,0.03810829654043448,0.39824008388776766,-0.15686520437175805,-0.10182383080083415,0.029650264409415338,0.08000255910738305,-0.13981461093326047
1198,-0.012722705915333261,-0.024588585921311887,0.2103158850188975,-0.1694775870650162,-0.12737614812980236,0.037557274642384654,0.3800533633414601,-0.1567085630328699,-0.10146294596611789,0.029662700321961426,0.08923755806293854,-0.13975956051902091
1199,-0.014633728760535073,-0.02052549802460748,0.20529689115380445,-0.16949703938729346,-0.12781519448800846,0.0328033162419392,0.3768213226685994,-0.1566522216052955,-0.10595013130673156,0.03002695298266053,0.09389901140469344,-0.1398442374144714
1200,-0.019104667283769205,-0.021975529746196994,0.201178675305784,-0.16949129870477925,-0.13314830892369886,0.02580684653578727,0.3687302651990002,-0.15274369271243826,-0.10073834200249017,0.03430069404474191,0.09782950366808894,-0.1354455412501888
1201,-0.027978891877977884,-0.016513402807802117,0.19287075916388968,-0.16948471537861481,-0.13712611504814418,0.020454422577094587,0.356012281731537,-0.15733941969727813,-0.09741853162070645,0.03375338719080755,0.09732700828832415,-0.13479385441459846
1202,-0.029610491763052606,-0.006201138983038965,0.1867146427259685,-0.16952162548366875,-0.12760427245868475,0.02016413898314176,0.34480255296173634,-0.15652684880870094,-0.08458667163151884,0.03403936475742918,0.09759801112879748,-0.1311929474072777
1203,-0.033723973166650434,-0.00022922216653379685,0.18274385474270594,-0.1693817417737828,-0.11978372574791712,0.0033827395007279175,0.32974123365348923,-0.1572600480679883,-0.05738548832871708,0.033436887832448726,0.09699759901970585,-0.1294852372249416
1204,-0.038794391582511314,-0.00010051268981462261,0.1645152181829103,-0.16981980711146466,-0.10850635537614226,-0.004037502459677987,0.3168771793266042,-0.153957797275603,-0.042845310632155416,0.03701368536078057,0.10072811009444099,-0.12672507392388646
1205,-0.052032313941251664,0.004325947528248948,0.16066277259453235,-0.16551972493686753,-0.0894959759102081,-0.008462175342660376,0.29336417651176994,-0.15245841591563353,-0.005657894104528523,0.03829196861767793,0.10184002354318465,-0.12719594961591435
1206,-0.057722703008918366,0.0050435353220810554,0.15467070039078135,-0.1654053373997745,-0.06953296886846658,-0.012988804650971264,0.2877884461019498,-0.15222075698212947,0.009805179461456263,0.03812351298840299,0.10167051705968097,-0.12710133787890573
1207,-0.07330087369285247,0.006932487739495498,0.14467535812443863,-0.16977470686485388,-0.02919765867891682,-0.01178740583464471,0.2679095303722914,-0.15677920862939748,0.1096371028402027,0.03813614241480392,0.10139803470674373,-0.12712721543270158
1208,-0.08572646737629715,-0.002331227611864417,0.13714588667321528,-0.16945225499569,0.008559849220459654,-0.008292161425601487,0.2520781920819728,-0.15228727114279306,0.12972634637376207,0.03809629354170632,0.09721695197205393,-0.12718008842668257
1209,-0.10739324843374065,-0.006545757053343974,0.13401380579627223,-0.16916960871135417,0.07609856125590356,-0.007014698780062544,0.2380652469836651,-0.15225064058248658,0.25673090449488445,0.03840272677182106,0.09664275544100874,-0.1264350519952138
1210,-0.11733420789831835,-0.008989993657462333,0.12177324235536828,-0.17162065921910524,0.1457253204503834,-0.0017608591870621718,0.21845801971456283,-0.1553150920345843,0.3456009247827742,0.03646639719518008,0.09080485345135464,-0.12244050430173962
1211,-0.13232067227658234,-0.007693842942632266,0.11514905255331226,-0.17407701527050337,0.1907290269569092,0.002969781152288838,0.21429339026407676,-0.16150614920008724,0.4309948045531167,0.03348717362403382,0.08917711853948038,-0.12297435655161167
1212,-0.14795121835552758,-0.01568223341884317,0.10638926427085933,-0.17366353136366156,0.33426798828177356,0.0072556457271318415,0.20263762515624792,-0.16333932601976076,0.5099964700226931,0.03398586334748881,0.08596657201237483,-0.12297142812213707
1213,-0.15307183914623343,-0.02113979793983612,0.10156607293354565,-0.17373817532282856,0.37068135566679794,0.01621256884026446,0.19163644203482577,-0.16564943767829296,0.6427553704363975,0.03388084060377207,0.08484473025351366,-0.12244472124916352
1214,-0.17249560826121918,-0.021168261434147545,0.09607991671711219,-0.1737283040251098,0.512010919069035,0.021203312928741086,0.18648964013271158,-0.16495898130307046,0.7799284474144744,0.03390518474410808,0.08097792792485084,-0.12638560310646982
1215,-0.19054760228694073,-0.021153807676981145,0.0883591973246392,-0.17372864476478936,0.5532625039966652,0.021465930822768597,0.18096045146657913,-0.16919446469846716,0.9139836985234749,0.033897991456608545,0.07617137495319268,-0.127223951859957
1216,-0.20129030239951545,-0.021456985884935224,0.08830107741936087,-0.17372804897449767,0.691736943009803,0.026788773542323806,0.1579536657046995,-0.1738420517661223,1.0008646701102346,0.03380102103779798,0.07133636402971638,-0.12720230021264395
1217,-0.20585270739386358,-0.01950987859498723,0.0804235409710098,-0.17373427967337643,0.8036247857207743,0.02980639767967173,0.15207017022435937,-0.17364548669786223,1.1130929522123718,0.034740244619267314,0.06740584795517582,-0.1321885931089456
1218,-0.20615230144574181,-0.016503371087307477,0.07353026381894506,-0.17370134328809608,0.9286148920163748,0.030433399305429824,0.15339018612000796,-0.17384621322775473,1.1905960927029482,0.03859491536029845,0.06823521945195814,-0.13590942049108828
1219,-0.19711452161732992,-0.017167257060086184,0.06863221260263193,-0.1738481259836122,1.0108490089960747,0.024423528108363346,0.14787540561889995,-0.17324389448470767,1.2194086901728518,0.037996261193721924,0.06568732788803172,-0.13550310944741198
1220,-0.19133419029122953,-0.016496959817144732,0.06800609616122344,-0.17327302147162096,1.0670799162597555,0.021102127225926175,0.1422282923579656,-0.17649421837681054,1.290135798968832,0.03825196540604454,0.06321355476006704,-0.13561527881191562
1221,-0.18670194046471367,-0.020797951465813237,0.06378584711180066,-0.17715530743819696,1.1357577827735466,0.017592080696972618,0.12650307562062754,-0.1753708156572732,1.3640573735535597,0.037807478216451085,0.06361631984651073,-0.1355885344120684
1222,-0.18191054294116812,-0.02115145562748306,0.06358573789674322,-0.1780426827460312,1.157632421028744,0.017016947409426855,0.11851895451498017,-0.17347718986214755,1.3894928527250316,0.04143120675881145,0.0635739683885232,-0.13559401657322273
1223,-0.1731629603540336,-0.025824037552417797,0.0635528202417406,-0.17796482520169446,1.2082131590791072,0.012496159865079496,0.11863246400699716,-0.17375672353946464,1.4015589973178295,0.046470328977171946,0.06353154129586833,-0.1355932106013747
1224,-0.17409352822883095,-0.030645512431501022,0.06345435611400899,-0.17833713027780937,1.2133239620281968,0.007785850491191931,0.10935183896382702,-0.17372943062199273,1.3891688893961163,0.046540760692222155,0.06330664552389123,-0.13559321210824754
1225,-0.17279392407926739,-0.034043965964195066,0.06416176908225557,-0.1826006563541558,1.2131142457361594,0.003468708462061161,0.10516026149926193,-0.17374371729505728,1.344691920929123,0.04718366844597096,0.059143345304421016,-0.13559136155984616
1226,-0.1782384487997749,-0.03517870993103055,0.05985363976637586,-0.18209780307964665,1.166606393824352,0.0070526773331621145,0.09969167662603087,-0.17360466720212975,1.3086673430708253,0.051656201068604975,0.05818712001333354,-0.13560837287044122
1227,-0.16298822325687393,-0.040735013208223224,0.05224618322067037,-0.18215562091962129,1.1493404545968062,0.015782974947414537,0.09824336646941734,-0.17441203613636427,1.2178346274395737,0.06005606010861304,0.054899829767761595,-0.1355072478025234
1228,-0.14948851375113706,-0.04421228655415213,0.047629581079420516,-0.18252786604779175,1.0911058159696096,0.016594434344391364,0.09038747011356099,-0.1695459448561583,1.1939087624946014,0.07126834783394138,0.05321645541169264,-0.1359993935119223
1229,-0.1319322344591915,-0.05642929098103835,0.04648507611177622,-0.17957766295157754,1.014573787600709,0.020366336355242542,0.08105010547588647,-0.16454453993125406,1.1237632108809512,0.07188110738461469,0.047909075444619545,-0.13301856757491928
1230,-0.1078023751881048,-0.0635249233811611,0.04657488020931828,-0.17422096663383455,0.9855388560750526,0.020681597332777565,0.07753771125475978,-0.1654151022840726,0.98227878016313,0.07467497460108619,0.04346362202019485,-0.13098248282829666
1231,-0.07529438909615371,-0.06351320319144552,0.046540462021594495,-0.1736812244641772,0.8734441960886866,0.029396827186323516,0.0683328235608062,-0.1651549669096929,0.890344532572183,0.08391621108629521,0.038265039905603454,-0.13171459080937709
1232,-0.03450119138029913,-0.06793089337701266,0.042065794205772285,-0.17371532602019893,0.8319290278067024,0.02966722186411101,0.06341521851343412,-0.1653270666607264,0.8195558528135601,0.08897931724032895,0.03807045846351693,-0.127236172896811
1233,-0.010525033626745606,-0.0684746983917516,0.0426454505613369,-0.17386773530617036,0.729494507026861,0.028601999847278944,0.05864499208098622,-0.16081467622116533,0.7258552781478855,0.09316479070476211,0.029177661073764252,-0.1271679712431438
1234,0.022197993477081422,-0.0721948331857969,0.04126415233512552,-0.17272088185393433,0.6409045208535294,0.019365441376793538,0.05392832909492448,-0.16107000875219185,0.5898133913720073,0.09549387983230552,0.029208249328402974,-0.12708025027674638
1235,0.03818893363719404,-0.0738072653530007,0.0357655517735254,-0.1690357023077891,0.5670013423002689,0.015496923807492695,0.04930293006443832,-0.16127142105811768,0.5034979008140112,0.10849353368931981,0.02347495375378069,-0.12720530348887094
1236,0.0671010729614413,-0.07614148235583271,0.033606530949266876,-0.16960313751435183,0.47329546956536617,0.009908329042547067,0.04406502994109038,-0.15923855986296653,0.3823514012517775,0.1117288549109197,0.020806194527630606,-0.12672719459967235
1237,0.10530148690475657,-0.07951743154921569,0.03399625625444445,-0.16947531832715818,0.378107510122242,0.00904366047591206,0.042440652238273514,-0.15606522919715382,0.31313737389817664,0.11763974259536478,0.021578044004808408,-0.12952986134745456
1238,0.1130221106860408,-0.07733719214764469,0.033761570393432916,-0.1694658073701728,0.24951556122618881,0.0021798161181118027,0.03957764318023231,-0.15944248597062044,0.1767344770669835,0.11619345884188799,0.01847882001034215,-0.13165896973902766
1239,0.1329540401077259,-0.07614004001268282,0.03417631601040651,-0.16957364754033596,0.12457784582043185,-0.0037407358558623647,0.03434559482103255,-0.1647695688471893,0.03790610237921544,0.11049505576795216,0.013042407865279878,-0.13128156160356014
1240,0.1568777503131911,-0.07627340832086821,0.02966257107542973,-0.16939696188287517,0.011522237469281387,-0.008420706660979778,0.033788057158416394,-0.16525209724120105,-0.12486952024895788,0.1102818167248611,0.01281931515931735,-0.13141095280020443
1241,0.15160138658146832,-0.07627688805264957,0.03423139353672526,-0.17391031570864648,-0.11335782865406074,-0.008480409245877183,0.038353404836926744,-0.16512833499409357,-0.26305746495712584,0.10578702491104156,0.00836627835463469,-0.13146880147251813
1242,0.1483242071448724,-0.07626864634391313,0.03376434312950182,-0.17363254741662848,-0.2602976595200952,-0.007960497305316368,0.037547046641834746,-0.16068712522612913,-0.3550925486692168,0.10598712933331259,0.007906031548213474,-0.13591062777908514
1243,0.147046460774059,-0.07627198704089991,0.0339336386767799,-0.17376066239806187,-0.29212050705715514,-0.0025806523453221026,0.03230032474446914,-0.1611332852839619,-0.420251501571411,0.1061622485786659,0.004038345095426928,-0.13547809600919267
1244,0.14349994794459453,-0.07627097237916719,0.03391548188216132,-0.17372010708125943,-0.34392491955904453,0.0004372498068917755,0.029348182868076455,-0.1609906066425213,-0.47913541767993345,0.10429623483043005,0.002670157392698177,-0.1356259129622904
1245,0.14462810293305411,-0.07627123706624467,0.03378284735319169,-0.17373089767222236,-0.47473690327354995,-0.0005489991577009199,0.029626090649285515,-0.1609944639894818,-0.6269147693225786,0.10114049507036972,-0.0004358105509664658,-0.1355852375407634
1246,0.1410729382425156,-0.07627117586425051,0.034339334468005696,-0.1737283751636053,-0.5706535310052695,0.0030205426080642554,0.03008907358990689,-0.16113438975336947,-0.7293500048025245,0.1023324742260371,7.795158479529331e-05,-0.135594918188843
1247,0.1396771175081839,-0.07627118836175432,0.030469326615262343,-0.17372889342437103,-0.65305000812494,0.004110922749207044,0.026284071812505208,-0.16062412534358697,-0.7461486917787125,0.09797834354909898,3.1727852134747994e-05,-0.1355929095254604
1248,0.1397616176184892,-0.0762711860489516,0.029504990522279322,-0.1737287973172639,-0.6859165284825006,0.007935736580598261,0.0252593267293712,-0.16484974896992083,-0.7988174935347959,0.10101665690273881,-0.00011202530439759933,-0.13559328331516315
1249,0.1440677966101695,-0.07627118644067797,0.029661016949152543,-0.17372881355932204,-0.6864406779661015,0.00847457627118644,0.025423728813559327,-0.16101694915254236,-0.8347457627118644,0.1016949152542373,0.004237288135593221,-0.13559322033898305
