,I,aVR,V1,V4,II,aVL,V2,V5,III,aVF,V3,V6
0,-0.049783549783549784,-0.09956709956709957,0.004329004329004329,-0.09090909090909091,-0.0670995670995671,-0.03463203463203463,-0.08658008658008658,0.09956709956709957,0.047619047619047616,-0.06926406926406926,0.06060606060606061,0.09956709956709957
1,-0.05165702323717304,-0.09891559773313606,0.004329004539439035,-0.09088424361943005,-0.06005414256691431,-0.033982921564608935,-0.08678373851375176,0.09937042076641904,0.042878420490462796,-0.06957981550145377,0.06062034463230583,0.09958175919703746
2,-0.05387654376762267,-0.0949462834474379,0.004329003279237762,-0.09103309039361132,-0.06262202247415125,-0.02999928447987193,-0.0854717391899075,0.10064064779377269,0.04481829205309055,-0.0757325981833181,0.060534699076686405,0.09949386156021912
3,-0.0627749773337529,-0.0948935019726516,0.0043290099369847415,-0.09024745723479137,-0.07158746638070268,-0.030021881772270338,-0.08189857586396217,0.10443429088102692,0.04587592675445247,-0.08606311373787279,0.06098543893416322,0.09995645378704873
4,-0.06785107273601267,-0.09720756971122373,0.004328979236818784,-0.09533416824021047,-0.07574459533161516,-0.0327668803796942,-0.08190023959373226,0.10341833047232266,0.04528957113640784,-0.09531307400617962,0.058151563211761834,0.09706844466468076
5,-0.06827678219061462,-0.08042084347965565,0.004329097679916798,-0.10327123440079113,-0.08126890132028756,-0.03491915283353678,-0.08535880107819996,0.10673019262242663,0.048092546411474486,-0.10870072137740733,0.05587204574548855,0.09499368552394176
6,-0.07992671389214068,-0.06213597595596719,0.004328740660522761,-0.10396617768771536,-0.08237415512491848,-0.034578983807035814,-0.08673382877129308,0.11173232852205607,0.04728113634640528,-0.1202464080941213,0.05665404920023562,0.09518938494433098
7,-0.08655400586304995,-0.05200751864342251,0.004329269896653562,-0.10389315047328455,-0.08224436634730815,-0.03463956418651417,-0.08657367198300793,0.1168547483501251,0.05194066661667811,-0.12545575455205474,0.05197595867975773,0.09527388681560521
8,-0.0865647895210307,-0.05206332750416468,0.004332425312265342,-0.10389342284468743,-0.0822478351187019,-0.03491862703907634,-0.0865753085984307,0.11752227558106108,0.05162727989146481,-0.13011763031353596,0.051608782994116614,0.09063317520722036
9,-0.08664070890440785,-0.05189935906139826,0.0042960602305099,-0.10390180155289067,-0.08225268781426649,-0.031963724964684755,-0.0865823033301219,0.12644548576888337,0.05413267980028188,-0.1295323511049408,0.047088296418857464,0.09100876545382147
10,-0.08624145694696035,-0.05196391067587354,0.004523692436780686,-0.10386840508849851,-0.08225058834192113,-0.017505915506225614,-0.08657930012719868,0.12502370915372304,0.06159758274126825,-0.13155893102688598,0.04813076528153355,0.09097060735876618
11,-0.08873064402590118,-0.05193598561739801,0.003413200092889589,-0.10402375562191046,-0.0822512039580117,-0.008089844546370167,-0.08658084975706772,0.12681467964513968,0.06006004409623394,-0.13460404987479305,0.04515872943527727,0.09048771481385594
12,-0.0912508604816291,-0.05198141726863508,0.010322057004290322,-0.10340258278261928,-0.08225106041748467,-0.00082091247015655,-0.08657771825886208,0.11707347257331904,0.06341105527284616,-0.13412038039394375,0.04303894442921358,0.09393028826025485
13,-0.09085216037593528,-0.05434925153986841,0.012985457255808833,-0.10760899451183699,-0.08225107516944603,0.002847894324085597,-0.0865871506926729,0.10831347528684904,0.06889122823279137,-0.13421047197973443,0.04323924629825836,0.0956589547757531
14,-0.09091469765897767,-0.07330173279441975,0.017063221897121537,-0.108132352538036,-0.08225110268315267,0.017078085720935013,-0.08656953413790204,0.10833581211368351,0.06926673113159525,-0.1341985656975848,0.04335979453752298,0.09103381393832718
15,-0.09090948275451835,-0.08526857872647853,0.017266909638429355,-0.11280284434056227,-0.08225114525761153,0.022678177641602116,-0.08651746058658,0.10353156655254431,0.06928199744719074,-0.13419881881296697,0.038706128909012975,0.08602129643352519
16,-0.09091144065839052,-0.12199863767964227,0.01734708362697395,-0.11949803740417446,-0.08225013397952484,0.03727666741841555,-0.08734928460333936,0.09849863763903957,0.06923898908016253,-0.1341992850141144,0.03907605467328842,0.08190806948967923
17,-0.09088979081834744,-0.12618099690051907,0.017305869547672742,-0.13126587961216132,-0.08225737853102633,0.047582675586043795,-0.09146282652781206,0.09486377785144667,0.0693694310798218,-0.13419908865460653,0.03892224729440398,0.08237711048978866
18,-0.09100926685200675,-0.13738006201529568,0.017318471829358296,-0.12910591553056674,-0.08221930391882136,0.06545285500501598,-0.09036079825251193,0.09533262365251005,0.06880399768216414,-0.13419914524665416,0.03899275561451874,0.0821065037879875
19,-0.09048132849901552,-0.165167955666052,0.017316144907329297,-0.13278248971019882,-0.08238424176950171,0.08368945961866232,-0.09376291735902768,0.09521826772843342,0.07246380118009374,-0.13419913204567985,0.03886958854702721,0.08271385886775597
20,-0.09404871093040418,-0.18771827439486383,0.017313811762142046,-0.1343627615338729,-0.0817937633996393,0.08947632827591821,-0.09545420883217558,0.09524135189887296,0.07372614391319723,-0.1341991343461618,0.039220354214045926,0.0785581923073195
21,-0.09568787345106446,-0.20315360252313105,0.017321023797657653,-0.13425198903376687,-0.08623708392620719,0.10746026374953103,-0.09520171734322949,0.09523782563246591,0.07359136217443532,-0.13419913444829565,0.03485600770951464,0.07789009949996648
22,-0.09517509292206572,-0.2144195951668723,0.017322570079888827,-0.13437424878013954,-0.08660265346804513,0.12182323212799294,-0.09519578039400733,0.09523817379473373,0.07356446811921825,-0.13419913600372613,0.030134603413577113,0.07790565770280494
23,-0.11357626080176908,-0.2478446625963477,0.017156209995473168,-0.13823504776411932,-0.0913729177385622,0.14367574267025676,-0.09593854955592919,0.09523621359426673,0.07387753839694829,-0.1341991139107303,0.030391338745388345,0.07792994300423077
24,-0.11298764861041954,-0.25597881116225074,0.01858061359928599,-0.13361706989558356,-0.08967902318746807,0.18516505554437515,-0.09971964449092484,0.09525100648336854,0.0836621774233266,-0.13419925944288116,0.03023572735465188,0.07792014900316477
25,-0.1184079156885579,-0.25528994148853407,0.0217098919323741,-0.13435242395565142,-0.08617498405451063,0.18567107449998602,-0.10142832859028131,0.09517240506618956,0.09197872024820723,-0.13419853146867744,0.03050947154087283,0.07792043786235044
26,-0.1262091747472043,-0.255372037555233,0.02408197129336805,-0.13416619809664143,-0.08658247587085403,0.20827401044085694,-0.10425746028429159,0.09551402573080832,0.09076257773554905,-0.13420153304114357,0.028260526941764504,0.07793056102161439
27,-0.13042586948974902,-0.2556069613166424,0.026380724178518812,-0.13420288594278415,-0.08691529674463712,0.2211916546267639,-0.10394099144362269,0.09254009412559382,0.09078990753370962,-0.13419158881531879,0.018454258256183513,0.07789639900849091
28,-0.12978661053528204,-0.25513782521555994,0.025619001427334753,-0.13420349069506451,-0.08309681172791845,0.22062417830574702,-0.10363731711422787,0.08342059175249728,0.09515890825672718,-0.1342123286038941,0.017339994520365436,0.0779572640131985
29,-0.12987563372460775,-0.2644606134353802,0.03028903298857665,-0.13420245452998505,-0.07804103911630213,0.2253321994024837,-0.10827041062492074,0.07348608511991812,0.10438065079146966,-0.13425023477364245,0.012487933636813426,0.07264083763986763
30,-0.12987188474338734,-0.2718979860999435,0.03054987786838623,-0.13406439511141482,-0.07305350639179505,0.23252481218615864,-0.10812924510173383,0.06868460618455534,0.10376746766497964,-0.1334710716967613,0.0083766180777064,0.05876868546422644
31,-0.1298701739871117,-0.2876257021611736,0.03611714103481547,-0.13531581510864105,-0.06893345409827166,0.24194699482660648,-0.10833118678563063,0.06342212212631894,0.10354293677555707,-0.12940686192954773,0.008748861004536942,0.05536597227949064
32,-0.12986405462677825,-0.28477085328715535,0.03928938293288457,-0.13909400267510996,-0.06938711093176896,0.2534816610852012,-0.1078219989990321,0.060249587082310506,0.10647908804654496,-0.129988764361734,0.008619518548196273,0.0470076672129617
33,-0.12990096886455568,-0.2901430227508763,0.03889791419107256,-0.13796214076826832,-0.06912357198753061,0.2645008234988945,-0.11075576469836446,0.060687273732616405,0.10805729594481091,-0.12984499746024405,0.008729085983818302,0.04318146387770247
34,-0.12974513083886596,-0.3079663644542543,0.03891952534813127,-0.14175533822990447,-0.0697235896481981,0.274153639714254,-0.11281715690746703,0.0605908896772399,0.11199127751932987,-0.1298743332718896,0.008451400395838795,0.03980278505944964
35,-0.1302796348520439,-0.3276332573515169,0.03912208900018775,-0.14298875971464498,-0.0657105362222407,0.28135726586106674,-0.11254077087732255,0.06060819323386315,0.11256377720589454,-0.12986970553808136,0.008988835990034168,0.03889881390450538
36,-0.1258602286921601,-0.3411775943517375,0.03877404983338091,-0.14285448211961302,-0.0648308579979698,0.2866823636768201,-0.11254507165907428,0.06060596236458556,0.11257580059049546,-0.12987006950461674,-0.0003510359160224578,0.03894706219691366
37,-0.12556599226686888,-0.3115164019100098,0.04836156975895358,-0.14285324770130098,-0.06472379685571833,0.28287720039027825,-0.11214472875878571,0.060603621107517804,0.11254512030648704,-0.12987050453235333,0.0002090571843350522,0.03896691356592372
38,-0.1255165838785552,-0.29967107659041703,0.052132500792993704,-0.14284872232284668,-0.06023573673821885,0.23988054005148263,-0.10779487253775963,0.06062615179849144,0.11255667642427601,-0.12986780062283515,-7.027159084743439e-05,0.03897446124164219
39,-0.12554984325861118,-0.2927474093446765,0.05191592436312387,-0.1429162717653621,-0.06072759609984122,0.23327700710631274,-0.10806798925607804,0.06049289976393187,0.11255351953491635,-0.12988194169694886,3.3844275877781065e-05,0.03888316096202897
40,-0.12553876884190254,-0.2814965604064365,0.0524084843568876,-0.14258529591463973,-0.060574665253228396,0.21550125265427256,-0.0937425800036462,0.06112107167595379,0.1125542238066158,-0.12982062061374855,0.0010444353000882407,0.0392766241073819
41,-0.1255416561743213,-0.27377853483366527,0.06823682670206845,-0.14523900308380855,-0.06061282810930109,0.2115440167294055,-0.06595993544015628,0.05595172427015301,0.11255409794726995,-0.13003831756687093,0.01842486831948119,0.035921910616816335
42,-0.12554102830740416,-0.2645099987967886,0.07426933843130715,-0.154050141820796,-0.060604888167200784,0.2090590368828075,-0.056351432804885755,0.037903396346597173,0.11255411278461709,-0.12949099706293482,0.0255758631491029,0.030342655264787115
43,-0.12554113619878488,-0.263967558261427,0.07703025734385208,-0.164265726665327,-0.06060619162280424,0.185482617271716,-0.052437673436487434,0.018161314433681647,0.11255410996458061,-0.13879657758685565,0.03489572767339706,0.029825106894033206
44,-0.12554112611954635,-0.25929910164147846,0.09121681036101428,-0.16970926344256085,-0.060606067241664105,0.1862718232274836,-0.03293947786919458,-0.006368739235611724,0.1125541391500145,-0.1477880281601675,0.042236729089642405,0.015718946822532835
45,-0.1255411649191762,-0.2599731961505992,0.09185391696952137,-0.18463586526259382,-0.06060603790887143,0.17845035357311223,-0.012639328018123038,-0.023629248011154534,0.11255396207206453,-0.1460490587783807,0.05647310480982542,0.010844942960125439
46,-0.12554079013910385,-0.2592480958227054,0.10199474556866407,-0.2024268943278693,-0.06060616697442386,0.1725441816059313,0.0013305170427066538,-0.037403710164799216,0.11255478936703761,-0.1408587450714569,0.0661838511360139,-0.001316029928813152
47,-0.12554301768438403,-0.26161465214999186,0.10365780512090653,-0.22475291458566657,-0.060605513655918083,0.17285555242560308,0.0009681126080499632,-0.060602799947203606,0.11255162328134263,-0.13610333441366632,0.08079491155038454,-0.01959583403378825
48,-0.12553247472656834,-0.2459098479136466,0.10659368822179326,-0.23214554458442632,-0.06060843876713018,0.17270814762221862,0.010562072277800746,-0.06550957661881573,0.11256080811472546,-0.13071267672445588,0.0956609243880312,-0.03603586004650593
49,-0.12557417993254044,-0.24210415585097952,0.10842074766575684,-0.2405968605741397,-0.060597483607501924,0.13702828122420768,0.013313896608975398,-0.06484372082956442,0.11255066436233191,-0.12977762795022457,0.1037615369386804,-0.05082944250805313
50,-0.12544230118123914,-0.23744125459164125,0.10830080188658486,-0.24663738495977772,-0.060628892295418284,0.12566646292801922,0.012957719877336012,-0.06494271865894424,0.11243774441261138,-0.12986918682518106,0.10847864958602423,-0.060896566689889145
51,-0.12568569422409884,-0.2116866712729045,0.10832341356929266,-0.24673191387388185,-0.0605934994430758,0.1233832878803573,0.012973932371489362,-0.06493646917078344,0.11363805760014713,-0.12988424774235455,0.11281453929072734,-0.06516508713192501
52,-0.12102670881321372,-0.19130197285012515,0.10512497057871856,-0.24677064624017186,-0.060216376826568684,0.10254147905631593,0.013097165176226977,-0.06493427386332407,0.11696993569282146,-0.1297942819337776,0.11246619346514805,-0.06485469555018968
53,-0.12131637690888557,-0.16663784127991266,0.0774636170672229,-0.2467241104919053,-0.05585223671129945,0.0805627721215008,0.011952115535648103,-0.06493458455229009,0.11921166304840883,-0.13027282585227293,0.11257077439330056,-0.06496425765621817
54,-0.12117878052910107,-0.13332551976653445,0.03477735755718381,-0.24687670365274964,-0.05640150835124074,0.059724380244806814,-0.011157551440975178,-0.06493885313847252,0.12151764219547036,-0.12731018591953636,0.11257703156733508,-0.06489478501689412
55,-0.1212206180638854,-0.1285147423186534,-0.0004524177737119557,-0.24625056527903563,-0.05624932895489869,0.028851335591929567,-0.13503370943538506,-0.0649192032038489,0.12117083820237706,-0.1254762754932028,0.11246094890596871,-0.06505630518261184
56,-0.12121030995620712,-0.09860477871135583,-0.040704294296871085,-0.2502969998613871,-0.056274189882552034,0.008957039094080186,-0.1745013209692738,-0.0649877981934505,0.12121324367800888,-0.12239761360780696,0.11275865698345876,-0.06467279025523318
57,-0.12121243043382916,-0.07770268167172528,-0.08151942227370505,-0.25091755326436926,-0.05630274639583709,0.008437060624865182,-0.21884806930282058,-0.06482234811137197,0.12121361231967126,-0.11262274027098554,0.10332680516111872,-0.06932302489028774
58,-0.12121208806076153,-0.07213395207088373,-0.1378778143731859,-0.255480761636897,-0.05623791204131029,-0.012996467008229977,-0.2605252306352462,-0.06954276830404077,0.12121148260312505,-0.11281183110120135,0.07232792477927506,-0.06975703461264711
59,-0.12121211910796284,-0.04586512593284709,-0.18159483028198023,-0.2627669593300474,-0.056036747962624665,-0.042268610831888924,-0.29831772047956384,-0.08545322905528246,0.12121230560624667,-0.11130411398793988,0.040879320677174015,-0.07419140127517591
60,-0.1212121236140209,-0.02337853980424985,-0.22266558660077712,-0.2848674168216558,-0.05155814607537315,-0.06308017818851373,-0.3539061013140245,-0.08300269045602579,0.12121207814295987,-0.10882924531926934,-0.0013297177272853632,-0.07288989581879275
61,-0.12121212020693008,-0.02610444163007333,-0.2739261328877153,-0.25941959322950997,-0.052072671087417324,-0.07468868213667572,-0.3831166489607289,-0.05670268870363891,0.12121212939659488,-0.10143559310409186,-0.03472756004941531,-0.07788470654343742
62,-0.1212121222064949,-0.02920105731635987,-0.31538133618214376,-0.23169832659544776,-0.05191582675066327,-0.08217842214188224,-0.3998010204762127,-0.046493314640502506,0.12121212009374913,-0.09175017411768084,-0.08335636309323889,-0.09151355867824951
63,-0.12121211786838432,-0.030425693839768522,-0.3514108556610261,-0.23455821456596562,-0.05195716551235321,-0.08100074240163216,-0.40906584483542163,-0.00817322213032566,0.12121212124789844,-0.0869872881798932,-0.10004681057346086,-0.10420687982304809
64,-0.12121213304132336,-0.030310615803081094,-0.36847976387753234,-0.1919897108113,-0.051939014871062165,-0.10416340709746423,-0.4151251295183279,0.04984757584463374,0.12121212130430101,-0.08670924600927235,-0.10848941876015904,-0.09077942026384309
65,-0.12121208989080023,-0.030157408828848094,-0.40572748997056723,-0.16011578403749702,-0.05196472231086579,-0.1093426042844506,-0.4199294891679373,0.08663017745237585,0.12121212072711647,-0.07716680050279884,-0.1226499603245978,-0.08314368000413283
66,-0.12121213780230453,-0.03145219339000803,-0.41126820302768186,-0.1403649501226828,-0.05197611553225442,-0.11665848533588805,-0.42452387119741813,0.10939916223863905,0.12121212387989061,-0.07248578017527309,-0.12465878599346455,-0.04949578365346345
67,-0.12121264948157158,-0.03519640438302627,-0.41668267229560707,-0.13004185872409296,-0.05134763859417828,-0.1118389502370129,-0.4237500502771288,0.1611268309888973,0.1212121091208084,-0.06884628454857869,-0.13257053655490372,-0.018607695945765196
68,-0.12120755179539616,-0.03406683899588803,-0.4219090106109205,-0.12238151685556488,-0.04716529320710197,-0.1127143879555338,-0.4270997499613226,0.1888095291320483,0.12121216618074615,-0.06939525203605902,-0.14689322310876793,0.0058371939427704295
69,-0.12123816294518237,-0.03791946341924697,-0.4235862520234234,-0.09949683983261226,-0.04774132245870426,-0.11252511060648013,-0.4381690956087147,0.24260888979498102,0.12121199741728997,-0.0691209206741435,-0.14748344578399908,0.025809399014214408
70,-0.12109217297338032,-0.039083373626194545,-0.43160916796447496,-0.08924609522401708,-0.04759179711539632,-0.11255767511296759,-0.44506017207545817,0.2839811538159975,0.12121220851286693,-0.06963311785238069,-0.14640231673895973,0.06105850838576914
71,-0.12167405110445456,-0.038962982545242796,-0.4476944900597701,-0.07923852511463872,-0.04762346033344547,-0.11255414074450719,-0.44865604846642354,0.3413723102075939,0.1212140773275867,-0.06509013153996673,-0.1602269700181335,0.09980885734504884
72,-0.11759696579331003,-0.038818106112413396,-0.46498021013598845,-0.06959543831473958,-0.04761996047139851,-0.11255393646429589,-0.47500428617311347,0.38874653781319163,0.12119467538157647,-0.06499025082823855,-0.1644180018219537,0.155157566934925
73,-0.11683212976079163,-0.04013767319607086,-0.5080167167697222,-0.04960754450785207,-0.04761875881622918,-0.11255417929263349,-0.5330124934364129,0.4170519825452228,0.12131183410311865,-0.06490619974901755,-0.1837444376832922,0.1822391601817798
74,-0.11687488353160301,-0.04336071583336941,-0.527342046604794,-0.033366507884060766,-0.047588379802907664,-0.11255410377991107,-0.5629071136022887,0.4198261796339379,0.12075789926611241,-0.06494399248878893,-0.2174711007904106,0.2656342463788293
75,-0.11683927995790828,-0.045698747907985886,-0.561376606778949,-0.0237246017341714,-0.047870429333392445,-0.11255407125021719,-0.6075258176982702,0.4199812175077746,0.12432099959086051,-0.06493300715125325,-0.21990940851221125,0.3166294133397181
76,-0.1172045457337376,-0.04791115652589156,-0.5967818966581264,-0.011810550896122247,-0.04593054478883131,-0.11255427659767533,-0.6912086331256468,0.41970320998840166,0.12569202173552751,-0.06493488890423578,-0.25409560859227526,0.35852647817401995
77,-0.1148115075473244,-0.04757956403719625,-0.6310226241703085,-0.010180507124393083,-0.042911608883227446,-0.11255368297715865,-0.7432288162096384,0.42197699028824087,0.12553569094530534,-0.06493694824021232,-0.2571670538342615,0.3728277849539145
78,-0.11223140408129485,-0.04762001154603202,-0.6864824479492215,-0.008853329281999665,-0.04324805908536534,-0.11255423525400225,-0.7491325124994054,0.4317187406002777,0.12553616546275662,-0.0649318228626898,-0.31128185696988286,0.3722882492811214
79,-0.11250366272546819,-0.04765137499559751,-0.6748510725806462,-0.0008189486156203592,-0.04363482406020382,-0.11256235085843747,-0.7459697827413194,0.43655280373089933,0.12554334833126896,-0.06492034650559778,-0.3350597414466915,0.3723555781306334
80,-0.11279625656222485,-0.04736348017067973,-0.6444790731996287,0.01327383061080659,-0.039101718469965546,-0.1124858315986659,-0.7037555584850591,0.46066828875924404,0.12554034528980285,-0.06512232879965096,-0.3741075869515221,0.3716067275801776
81,-0.10815915992498377,-0.04934549784250315,-0.607302738660434,0.014954438905614981,-0.039017804528921333,-0.11293425670721378,-0.7009114707485932,0.48679205429314565,0.12554190352081715,-0.06355613390678384,-0.4048266265502698,0.3770934952375895
82,-0.10832416522638992,-0.05234818737191471,-0.582087120541522,0.03940858514305843,-0.038928051439358485,-0.11010926279611923,-0.675867259257343,0.529896210639748,0.12553874976696444,-0.06005021722089229,-0.3844887798242483,0.389652687085757
83,-0.10811283282826005,-0.05188036687078113,-0.5491738582412268,0.06731328854727245,-0.038994531434473484,-0.10794005412839673,-0.6317865784075292,0.5677994182728558,0.12554768565263102,-0.061167479646400125,-0.38564652656872694,0.4064799054616814
84,-0.10865668155374705,-0.05193477807884248,-0.5446108134811865,0.0521799465554839,-0.038841535014437725,-0.10826404830247202,-0.6089732105590349,0.5951494733091797,0.12553572604239469,-0.05710072758762709,-0.37723637696422985,0.41787989710295764
85,-0.10558086729323245,-0.05196357461676514,-0.523045327967236,0.012080029575809793,-0.03943002672453323,-0.10822388184193361,-0.5796411582127909,0.5706599868957699,0.12544400827201665,-0.05621817898511829,-0.3296023579034702,0.44111916896296255
86,-0.10407024164737587,-0.05233436930342857,-0.5166574096733897,-0.061601768393923784,-0.035449199122525824,-0.1082237963151059,-0.5730971651911537,0.46313589258337157,0.12650300676506399,-0.05630766761320366,-0.32384499709012793,0.46202031386634185
87,-0.10014052837233625,-0.05670434444222912,-0.497981879771617,-0.08536873217831259,-0.034574025407544645,-0.10822536475394111,-0.5311040820346696,0.3882012370897536,0.13033605778557997,-0.05561363728194807,-0.30231386817130174,0.4946816709554637
88,-0.0995529299374503,-0.05615220971898781,-0.49012355924021234,-0.1895374270664055,-0.03466411314317015,-0.10822684114501818,-0.5224468487991101,0.37216082656027133,0.12975983576181335,-0.05148554696464214,-0.2948913362731465,0.5263360640864456
89,-0.09964270583601406,-0.0563065963128982,-0.4499287688033765,-0.21258456457589237,-0.03394411224023991,-0.1082164420644258,-0.5055771138889841,0.34013698860621927,0.1298915808063273,-0.05206881838674801,-0.28557607316951833,0.5430778865121231
90,-0.09866081705321095,-0.05627136826483432,-0.44881220902078983,-0.23273959142048165,-0.030144126322106484,-0.10825788297351402,-0.48293026783175275,0.31399186471229623,0.1298666575943721,-0.05192198260463751,-0.2725516808775966,0.5158935620389501
91,-0.0946660075672043,-0.05627774674415366,-0.40287387867584656,-0.23883977272053886,-0.02847293189456598,-0.10813188543352317,-0.4650860632496297,0.2968131406733547,0.12987067464759977,-0.05195253282579888,-0.2733010377581892,0.4744815415648098
92,-0.09582940421509105,-0.05627714569579242,-0.3773798048518116,-0.23793495599849374,-0.02556776652684778,-0.10831791214625518,-0.4607546331041305,0.2957660026363399,0.1298770668899223,-0.05194757318693908,-0.26441668331612306,0.4380390506515902
93,-0.09212848767026459,-0.056278741449232714,-0.3527035603448775,-0.23818235856020664,-0.026068537460128827,-0.10365822884816452,-0.44731363314765726,0.2941850680805705,0.12980656809488278,-0.051948028870482485,-0.25442341605082847,0.41820731811040623
94,-0.09110801751879578,-0.056260706915395906,-0.32596922385047267,-0.23815445888821946,-0.025909672386115985,-0.10400787690467454,-0.4370172933894411,0.29433540552407184,0.13023847192119548,-0.051947931628168985,-0.24575811635977204,0.39837886215267326
95,-0.08680471803645085,-0.0563731580307527,-0.28104731218508516,-0.2426828643019319,-0.025960827280876446,-0.10386273392700802,-0.4157974470878633,0.2888152728492161,0.12749825199868722,-0.05194913841607248,-0.24886089130697683,0.38923846107448845
96,-0.08661126270743306,-0.055829570850965356,-0.2218754587829406,-0.24289117909440594,-0.020871257476410554,-0.10390356233553764,-0.3797417962820375,0.2791205316699416,0.12527528087895543,-0.051942333686293626,-0.23464753912760558,0.38570139894604283
97,-0.0867462974846921,-0.05928949883385939,-0.19089499162095272,-0.2513190307960703,-0.016923549321136135,-0.10389687745321713,-0.3503087908493626,0.2658859563293383,0.12549048836821028,-0.05197247771722818,-0.22429913144792663,0.3772072209748497
98,-0.08516935446104876,-0.060778539847064196,-0.14811341601889405,-0.2703077395292486,-0.017789645714391778,-0.10388933444276216,-0.3181742226072341,0.23033022176959653,0.1256262761682858,-0.051863038871231934,-0.1914115912523966,0.37674038475612914
99,-0.08214246406586068,-0.06059550092239593,-0.11720831297206835,-0.2834288059140805,-0.014853587213003543,-0.10390504722534809,-0.2837197590901065,0.22342116860925662,0.120966296956103,-0.05215235769866423,-0.182345249883351,0.37266914045473903
100,-0.07995450292231715,-0.06060194585981938,-0.09184720968447634,-0.2936823800744998,-0.01270318732413063,-0.10397230205348115,-0.25816874486131125,0.18069769160491564,0.12132082309887143,-0.04755752287439723,-0.14283568130925905,0.3630356283029132
101,-0.07473535285675349,-0.06060844955940674,-0.06274855832977971,-0.2985232836558617,-0.013022903872331718,-0.1030422791562497,-0.23833702370002907,0.14309841629232198,0.12120648453862322,-0.04306065978791188,-0.097401919573235,0.3505603942721923
102,-0.06951765839296313,-0.060603628156675374,-0.04261868119282943,-0.32666698850695725,-0.012989849005287773,-0.09910050248562001,-0.2037820706782086,0.11931251617574579,0.12109081850213511,-0.04337711623126545,-0.07413038893400097,0.33782552799174626
103,-0.06923138706413966,-0.060614704203756045,-0.021421590713410262,-0.34665684812418396,-0.013048658274906777,-0.09968167725483505,-0.17750973626795644,0.0772081847232545,0.12170041905923984,-0.04326786264787564,-0.05302394560195478,0.2971728259045444
104,-0.064203838667032,-0.06057279117789252,0.006317410092298112,-0.3970811467014399,-0.012325963768121347,-0.09954391792998042,-0.1521805823451008,0.0052304600612093485,0.11741489720529538,-0.04328667252409104,-0.03972266498912812,0.2630647078202612
105,-0.059175511704509416,-0.06070755504546626,0.02582789910123834,-0.41497918435852016,-0.006657665360404682,-0.09957068036324782,-0.1260737988372485,-0.028065518692376716,0.1169460615549145,-0.04332092037536178,-0.018537065766180885,0.24741912019493584
106,-0.055829393728044165,-0.06045118935147172,0.039841603322985905,-0.4391675166852184,-0.004017643152595122,-0.09956683615468039,-0.11069787312068195,-0.08007743739441056,0.11227172413553929,-0.04320744698167029,0.012182686403306808,0.2195009436971933
107,-0.05669145209026633,-0.06512168202690316,0.05333139516538373,-0.4404790857596913,-0.004384386156755725,-0.09956703094715853,-0.11033432638256586,-0.18699880287136852,0.11290686830114867,-0.0433117112425223,0.018882639353722603,0.13735466885648207
108,-0.05357663204498697,-0.06481543319517742,0.05996640095981597,-0.4244759940071145,-0.004346612220124107,-0.09956713860700268,-0.07869520236278393,-0.19984061848467233,0.11089842896324563,-0.03867678783896509,0.051162943182500316,0.08379213966551538
109,-0.047961959994786425,-0.06505669925622284,0.06933215325938537,-0.42422868724711815,-0.004280719177363205,-0.09956708724042869,-0.07737774974105692,-0.1947832326170024,0.10784937061851493,-0.039077792685418965,0.051966061378210505,0.02644241863674646
110,-0.04766728782770904,-0.06449987780130673,0.07470861181827998,-0.41760902464384947,-0.004148148437464936,-0.09956710244014366,-0.0639473654694784,-0.19581104707690078,0.10818436832565999,-0.03892718041270774,0.06336994506696596,-0.016929821007119688
111,-0.04286904024799958,-0.06778267436236662,0.08334662180353103,-0.4110102470003545,0.00037503675245613834,-0.0995670998166366,-0.062223214239358365,-0.18743890439597208,0.10855925192230775,-0.03897116589843787,0.0699421253439718,-0.04475891524769141
112,-0.036847066622354284,-0.06956875089771097,0.0802470466443758,-0.4082915198237323,-0.00014606459406092163,-0.09956709687012012,-0.05575420805696705,-0.16917314445278397,0.10401656058740871,-0.038950842118291855,0.07187187017624665,-0.09243304465208443
113,-0.029461301447762454,-0.0690636565619906,0.0775685648136764,-0.41019510421960625,0.00014442900029641392,-0.099567104443589,-0.053543214421642595,-0.16502127054552426,0.10405408310733176,-0.038985336917528916,0.08185466796547511,-0.0913879753319411
114,-0.03050038063293636,-0.07374787639222874,0.0780198165072714,-0.3786413737892335,-0.0004734197330671858,-0.0995671187440086,-0.05172528185546065,-0.1430846412393058,0.10288720189543392,-0.03894194585026822,0.0821943409438898,-0.09098241668204667
115,-0.030296518156055514,-0.07347968192886942,0.07782456812167644,-0.3644808524556383,0.00337214596401152,-0.09956684126598635,-0.05196614575338926,-0.1224302565447873,0.09946522485251479,-0.038595186051853,0.0821100154959654,-0.09101887684001143
116,-0.030198805406518068,-0.07371291293467627,0.0779896329928663,-0.3464915099394741,0.004430189938370355,-0.09956876829014664,-0.05195168998152485,-0.10297820447628181,0.09737356946242531,-0.034209416898513256,0.08362288643834753,-0.08967967651376306
117,-0.03049571297360504,-0.0731543339720642,0.0733426311634723,-0.3354019292600025,0.004332250022440027,-0.09955886155989684,-0.05194602993180638,-0.086971792046866,0.09482291433718115,-0.034756998067698275,0.08702521949815559,-0.08544691035913933
118,-0.025872396998402027,-0.07641634504615638,0.07370563419823652,-0.2556582938697739,0.004332540164735818,-0.09960061074677373,-0.051947134883181784,-0.06305687260609395,0.0955409336908425,-0.03460209074895899,0.08648639713140013,-0.08946952046472745
119,-0.0253822840881855,-0.07810405404165122,0.07355911651803788,-0.23697176541101048,0.004259491063495125,-0.09945842493209205,-0.05195605352737491,-0.05556096118178002,0.09113615945711116,-0.0346380933617566,0.08659554517129957,-0.06570460822095843
120,-0.021089821640257866,-0.07796244079827035,0.07360346932845852,-0.2169846314089487,0.004711815257873791,-0.09977806133249843,-0.05191458338688069,-0.055052666050831874,0.08647176690320463,-0.03463066957998035,0.08657862209813587,-0.06013066882108232
121,-0.022079254600373167,-0.07808049344056495,0.07358256176358303,-0.21302207431791698,0.0018620495578789116,-0.0951117205310328,-0.052058654022315284,-0.04142975896612046,0.08598123478562997,-0.03463269042245592,0.08657991013185697,-0.060487509618158034
122,-0.01938556350329604,-0.08244503798789397,0.0736201848272995,-0.19618658725053267,-0.00040467241566136786,-0.09533237326790991,-0.051716025899467916,-0.03862185279928423,0.08016982982683052,-0.03463768548397432,0.08658022413814219,-0.05450664617406568
123,-0.013716000471052144,-0.08344628031865876,0.07355243458038893,-0.19009606181941285,0.00038106224425369945,-0.0952289635060144,-0.0563717865846636,-0.038756670885444815,0.07762600833543376,-0.03457418658594656,0.08658003221752031,-0.04743156940567034
124,-0.012928470967022005,-0.08706527506687048,0.07335821687252829,-0.1709730142535721,-0.004276040154539364,-0.095125994197787,-0.05618437175160724,-0.02901890155540635,0.07796355215558508,-0.03498001912847422,0.08658014024460862,-0.04376413939455571
125,-0.012995317489782898,-0.08645338936647706,0.0688749650585379,-0.1606833837548368,-0.0045342132258927165,-0.09573640726954605,-0.05630974037548216,-0.02575636399366188,0.07796493664555494,-0.032395904887012404,0.08657991130152824,-0.03824828282732202
126,-0.012484786784019592,-0.08667701320789035,0.06938868420985339,-0.1483418190110084,-0.010043632264031144,-0.0917088912343726,-0.05626830774856175,-0.026032579277961862,0.07786363382024322,-0.02997896622876096,0.08658066244189297,-0.03892856118412854
127,-0.008211932455860074,-0.08641000732105104,0.06923187112206633,-0.14708802220541686,-0.0133272332852934,-0.09105739022156027,-0.05627899783011967,-0.02595978881939227,0.07728985063541952,-0.030354772713716942,0.08657886782876181,-0.03929041344345366
128,-0.008789898366069087,-0.09111918513483919,0.06927315629274251,-0.147201970559167,-0.012871926564438791,-0.08647852421660275,-0.056276704469334804,-0.025980940664719815,0.0684358713208485,-0.030296953658080668,0.0865780252196071,-0.029892172853277815
129,-0.008596156400853273,-0.09532477583995269,0.06925508310145866,-0.1471886440400713,-0.013136651983915249,-0.08668087964911302,-0.0562771062990988,-0.025962527270689897,0.0695137188698379,-0.030290145443817022,0.08662286901103255,-0.02125192670182134
130,-0.00878516912406017,-0.0964674461166098,0.06928030779974294,-0.1471872101712656,-0.01257878161727358,-0.08654083334494768,-0.05627705850201136,-0.025971405686707777,0.0692059699447566,-0.030447480492191335,0.08628142682044004,-0.02086896093107577
131,-0.008317235619122818,-0.09971203570523118,0.06929543052289029,-0.1470779444514725,-0.01716462379360703,-0.08661049776418081,-0.05627687835258169,-0.026234956114105916,0.06926730364034087,-0.029204251998181812,0.0885377333842204,-0.014852978981399721
132,-0.012890731856903525,-0.10179791587688695,0.06864386907188517,-0.14812679795709918,-0.01750648832135964,-0.08648906665827533,-0.05627842365294757,-0.023748277354884502,0.06928777000075588,-0.023398669475339202,0.09127807589281474,-0.012751017772009932
133,-0.012941461934308594,-0.10708436579150254,0.06447927815960733,-0.15277645823480981,-0.0218661732608736,-0.0868845349275881,-0.05626962503001293,-0.016665986603746265,0.06923380491767603,-0.021395759196239008,0.09084461979928732,-0.012951236792115812
134,-0.012854918796594174,-0.11224252020225173,0.06505684277406436,-0.14634452510993992,-0.02289686204060528,-0.08291382315210169,-0.05630999039546244,-0.015547785569624233,0.06896233710899705,-0.021685631210776865,0.09091633600139301,-0.013166836911590898
135,-0.014158880483381918,-0.11254109417138503,0.06490803515168517,-0.1427422666827556,-0.026460038274672578,-0.07789497883651515,-0.05615637641567056,-0.009385374878246835,0.0644636322325637,-0.02164132898175097,0.09090940583468841,-0.008524920619399374
136,-0.019965156088558277,-0.1125656951781,0.06493993699497717,-0.13921906853626048,-0.025835996970258124,-0.0774238707717476,-0.056606293598661726,-0.008886994492918479,0.06541434987331056,-0.02164451930791876,0.09090864782903965,-0.004253923615615405
137,-0.02189512603163674,-0.11260303539092942,0.06493446546962016,-0.13846549276056871,-0.026111208660230846,-0.07310788474967071,-0.05201658341464824,-0.00440095024899651,0.06261757097265484,-0.021645150605239517,0.09090915236743802,-0.003074791315649985
138,-0.021577784524242766,-0.1122615036445379,0.06493506089710117,-0.1375877162598729,-0.025713092559770816,-0.07377215670939062,-0.05201447576936407,-0.004398839708176771,0.060291198631125684,-0.021646516165014496,0.09090960236469571,-0.0003254557106429893
139,-0.021700157656749586,-0.114694438083844,0.0649350946038982,-0.12238800568668758,-0.03035720673200177,-0.07334834186772421,-0.05193458322351122,-0.004313933826443576,0.06067753947479469,-0.02163694125081518,0.09090670824540069,0.005107623713108498
140,-0.021811812515952444,-0.1204391806459857,0.06493505325537983,-0.1163218143356955,-0.030823131415540758,-0.07435450487384836,-0.05185988175598036,-0.004241803816632894,0.06057093490298113,-0.0216785216936858,0.09091746496587465,0.009185131023052878
141,-0.026328836851904923,-0.12127525941710424,0.0649350682351942,-0.11702084712926734,-0.034885250215934714,-0.06608235443888907,-0.05239429077360921,-0.004772722378419775,0.060305913106086115,-0.021533560648247844,0.0908887752440903,0.008595007327184098
142,-0.025917140559700864,-0.12120631347415177,0.06493506416713121,-0.1168449118220137,-0.03607982820487481,-0.060592128187273164,-0.04893620749457825,-0.0013264322158995675,0.05586743740480183,-0.021881444152214595,0.09090190960753539,0.008657108720045178
143,-0.02567304388615543,-0.12171698470987456,0.06493506508233571,-0.1169210799757298,-0.04144140358222251,-0.060775101945936875,-0.047443592741736734,0.0002029683599397517,0.05640194667031874,-0.017223213455575495,0.09141909674469197,0.008652006609142622
144,-0.02829842290800745,-0.12599424255694047,0.06493506491428766,-0.11683605849363676,-0.04684078141051981,-0.059485380516032686,-0.047631402803680334,-5.03038943311581e-05,0.056246716934186536,-0.017408973189535146,0.09568381222665741,0.008728404046027073
145,-0.03344847406277193,-0.1253870876670855,0.06493506493597481,-0.11654595270865797,-0.04739351072628414,-0.05571675829785264,-0.04762785664457376,-0.0002801109082527147,0.05628310470271592,-0.017283265474044258,0.09511532017810162,0.008272317304462502
146,-0.03862427569003888,-0.1257014442545153,0.06493506493569556,-0.11297530742710923,-0.05192300013567164,-0.05683584660247255,-0.04756224277834694,0.0032233117453933104,0.05627611961548066,-0.01732478079442011,0.09526351971945907,0.011163034155558037
147,-0.03895790690034106,-0.12506237172297016,0.06493506493477166,-0.1068315596199069,-0.05228630335834931,-0.05305050775909894,-0.047956254196417476,0.019328480130435588,0.056277158408061224,-0.01731392680922032,0.09524208576615366,0.01337372206061389
148,-0.03885697930153824,-0.1294612094428147,0.06493506493515322,-0.09347076452818408,-0.056721308439605995,-0.05176520973360781,-0.04545864478258663,0.016127904228458972,0.056277474069757916,-0.017316949831009072,0.09521535961174912,0.012647249466907911
149,-0.039989144636804856,-0.1298625990624259,0.06493506493504339,-0.0955879877985245,-0.056242119595531034,-0.05195660834671632,-0.042943520460005324,0.02254917664740045,0.05627287719507498,-0.017314586899897386,0.09524122423190375,0.017305391519845312
150,-0.04396082115089945,-0.13457584029613973,0.0649350649350693,-0.09523727947217475,-0.0558559216297974,-0.04684405366168233,-0.043373282218279574,0.030281428208792757,0.056302238957476325,-0.017315103332270387,0.0957267266883526,0.01727348511267232
151,-0.04226650467000294,-0.13355410263911704,0.06493506493506424,-0.09513263017632635,-0.05931509689003093,-0.043226191341768215,-0.04323216566340104,0.02627332656372636,0.0561580457619732,-0.017353261485076973,0.09974661519241322,0.01706986568970014
152,-0.049537403585903535,-0.13773481319776534,0.06493506493506498,-0.09490655657120936,-0.06075310268578818,-0.041631795641595595,-0.043131144326377574,0.02601448768133871,0.05673917437036118,-0.01703788059031298,0.10119087514795416,0.01915389781174699
153,-0.05223523538546507,-0.1436474744819996,0.06493506493506494,-0.08602141200045085,-0.06062941323914098,-0.03853938505572846,-0.03856201724920014,0.02594527410223436,0.05264199181853705,-0.019159288544103897,0.10433348654206849,0.021615736916996607
154,-0.05195812892604443,-0.1427082243187188,0.06493506493506492,-0.08551434951113712,-0.060859655975417745,-0.03904479897153225,-0.03930624012459413,0.025977745492437365,0.05190593259069258,-0.022032367490651232,0.10378093939062401,0.024633927250679095
155,-0.05224087001188077,-0.14287756855772957,0.06493506493506493,-0.08173767495117892,-0.06538756269642655,-0.03893796611162604,-0.03736406905898038,0.026003067556489786,0.051933022929179534,-0.021571980515480947,0.10399993175163594,0.026397789504946367
156,-0.05675006951040267,-0.14285639334173078,0.06493506493506493,-0.08236309376458127,-0.06447533867038584,-0.038968037141389994,-0.03146365623556317,0.025842749144392885,0.05195586465999025,-0.02165968352303526,0.10384554705494577,0.02582258883945316
157,-0.05578041631117691,-0.14284877519985525,0.06493506493506493,-0.08222934809473893,-0.06710513307420267,-0.0391738655437424,-0.0304681370673537,0.0264204109375343,0.05194564648192965,-0.02164452284160396,0.10838711307561658,0.0395449858028884
158,-0.05862522763798181,-0.14292341525909935,0.06493506493506493,-0.08225860519480518,-0.06959809409924002,-0.03696475677011225,-0.0265586375263615,0.021967144985278925,0.05194864011365334,-0.02152613168483235,0.10911899228252026,0.04068035795518387
159,-0.06043549768578808,-0.1424836688690551,0.06493506493506493,-0.08225633784673599,-0.06921633802317323,-0.029367451610020936,-0.021537502621370976,0.021610633862121097,0.05194793405321547,-0.022692971639446797,0.11299320261242438,0.0482762949696418
160,-0.06417644137319363,-0.1452571242417602,0.06493506493506493,-0.0820948952589199,-0.069252824202046,-0.0305450632488783,-0.016970933342962628,0.016478399788888334,0.051948069768558126,-0.026512500382495488,0.1127070845221211,0.049774079870529724
161,-0.06480878826352146,-0.1474795418278719,0.06493506493506492,-0.08350767060129523,-0.06922887630446826,-0.030174178243942498,-0.017998618735135093,0.012164343108147962,0.05194805077429704,-0.02553161255920338,0.1115665407509681,0.05229809603401142
162,-0.06939822261170812,-0.14714486236005556,0.064935064935065,-0.08656437544914172,-0.06993362301179001,-0.0305521382149594,-0.013465942757573212,0.016458248742173186,0.051948051557834274,-0.028698270262600356,0.12029583704329047,0.05187213794555013
163,-0.06916380539391538,-0.14718788012547002,0.06493506493506454,-0.08936595387282552,-0.073752893676554,-0.026151379037037067,-0.008412330568871695,0.024616428641523275,0.05194805215249743,-0.03421866998274706,0.121011540361121,0.0519749188872796
164,-0.06927784294483955,-0.1471874110184033,0.06493506493506662,-0.08842622557064402,-0.07539621148616422,-0.021564463654224167,-0.005350154763936021,0.028905099140104914,0.051948051896868463,-0.03464388896435251,0.13488385922737364,0.05235358857380397
165,-0.06936464768196748,-0.14718562893181616,0.06493506493505898,-0.08250577791325767,-0.07832625467652718,-0.020728574222049472,-0.004727558975929128,0.0342305584241946,0.05194805190318353,-0.034638731805296044,0.1347523308309925,0.05623192558236949
166,-0.06880162539396967,-0.14718595318459715,0.06493506493507997,-0.08226466921267801,-0.07784889594673641,-0.017189499350703262,0.0042716474568366405,0.03464140711710322,0.05194805218163472,-0.0346892154458612,0.13926666189540018,0.059378193945742785
167,-0.07256614354732203,-0.1471878016185019,0.0649350649350637,-0.07741859516269374,-0.07793119859544063,-0.015094499417174194,0.009106548332344479,0.035085059766667585,0.0519480512331211,-0.03427254244190309,0.13761965145637972,0.06579882262188558
168,-0.07371493298214356,-0.14717968670427764,0.0649350649347544,-0.07123238553259255,-0.07792208982735996,-0.012690797332705329,0.014375178688887979,0.0393695075673446,0.05194805296471679,-0.03696235236568266,0.14414132474179123,0.06476513933610673
169,-0.07359402052320944,-0.147204996707608,0.06493506493757094,-0.06409429239095439,-0.07792181009186128,-0.012939102039156974,0.017775041596019264,0.038944431890079144,0.05194805892506393,-0.039384679405265105,0.15126843621879374,0.06496001968211029
170,-0.07346640937127707,-0.1471638487270967,0.06493506492120257,-0.06513558978538378,-0.07792092947799796,-0.01309811637974775,0.016763366260163032,0.038511024646283816,0.05194797443224275,-0.03856442759974187,0.15144260351608466,0.06493363708978402
171,-0.07464223050565802,-0.14696201992784744,0.06493506499738701,-0.06488547600631232,-0.07792930680221866,-0.008436747688243158,0.020480707298152562,0.04214018511354331,0.05194852792663282,-0.04317267358637711,0.15631908446815274,0.06493424372955582
172,-0.07838401471068862,-0.14157182152559813,0.06493506470235881,-0.06497274659117525,-0.07788942102011535,-0.008752795174400594,0.021644509346110022,0.043189714880738424,0.05194577897687956,-0.04323141338852075,0.16112447751485479,0.06493727723064624
173,-0.07782169023068869,-0.13818609052350322,0.0649350655968906,-0.06490132548412034,-0.07804413293598111,-0.008718464830789755,0.025658200825154603,0.04741010167210927,0.05195696998323102,-0.04330742388943756,0.16643168791120994,0.06492360899844003
174,-0.07791061957095033,-0.13861332822141342,0.06493506423328971,-0.06452012317153225,-0.07757315400817258,-0.008222425219583069,0.03496651331470595,0.057941637150631116,0.051920942883651,-0.04335042509870164,0.1691254102034472,0.06498863698876564
175,-0.07801350074856388,-0.1385042424413966,0.06493505664505299,-0.061095478314183126,-0.08213131826972012,-0.011625954236921436,0.03508973806277447,0.07522971373418075,0.051987734036314806,-0.04296703711776391,0.16891553623406624,0.06472673554849108
176,-0.07780858141376715,-0.1385522815139332,0.0649351460131834,-0.05445887909083672,-0.08219182047146163,-0.0131685732559701,0.04113424152989134,0.0721011121305404,0.05220492862466722,-0.04579662174757832,0.16838478636732276,0.06778558971666879
177,-0.08246356371628975,-0.13849682677767441,0.06493458332841934,-0.04198843092195344,-0.08227918048498564,-0.012974421553251875,0.04309846742255357,0.08042360340587502,0.05667677530670985,-0.05141572515454154,0.1731023677112114,0.07764476869274604
178,-0.08214356751863626,-0.13832114666677658,0.0649373379018791,-0.040729973461374996,-0.0822487381291394,-0.012983260760164752,0.04635869991323623,0.08761846965528841,0.05615214217075764,-0.05198361763832896,0.17389605938849048,0.07801644488629354
179,-0.08228327326719383,-0.1331911083418897,0.06492613132597623,-0.038613528539000706,-0.08222183676058607,-0.012988992423737598,0.04725452660260913,0.08614997132681113,0.056307749719476205,-0.05195929822888024,0.187171038921808,0.08355621023460176
180,-0.08224883016172523,-0.1280533449088301,0.06496288598964366,-0.03914808356758615,-0.08237528950580275,-0.012986839609528802,0.05552086403553756,0.0905516024845456,0.05627144761151079,-0.05192824115000057,0.18720513690993218,0.08664391837557665
181,-0.08222833806631662,-0.12518475879972485,0.0648871483336707,-0.03447789131820798,-0.08185664576432,-0.012984908414219409,0.06520895634791025,0.09538505756763559,0.05627605035787378,-0.052038229306441156,0.19117596904940645,0.0883156259176905
182,-0.08232976314566433,-0.12564744780881917,0.06474325956861796,-0.03458241790364381,-0.08632319844544935,-0.012995961948495064,0.06444208030563423,0.09495755358582006,0.0562799518613246,-0.05152062854154895,0.18968550569613846,0.09390995806205053
183,-0.08209447996222445,-0.12542050550552933,0.060230196801313536,-0.0355525221298645,-0.0865437213216349,-0.012959024567678917,0.06753361310934036,0.10703546411143024,0.05629481625360573,-0.054790713296407584,0.19684127232414142,0.09826575554919245
184,-0.08682170144349963,-0.12572476098189891,0.06072993153770387,-0.028470608428506693,-0.0866065456740085,-0.013033782918275573,0.07613369798189781,0.12326492262334665,0.05607138497320277,-0.05658198362996537,0.2074567456391496,0.10765532315631801
185,-0.0911666256016592,-0.12108514083901498,0.06057405012195614,-0.019098702522886233,-0.08656965624012693,-0.01319835119718441,0.08086487474123112,0.12089622466302476,0.057764986972108315,-0.05607478084115502,0.20768477021024123,0.11263703532450907
186,-0.09082004316639708,-0.12076516731378895,0.060612948013582135,-0.007241681632389238,-0.0865904003787183,-0.01769004896467738,0.08250126774412252,0.12087391373303791,0.06100562643327491,-0.06076710197777143,0.20840435789482456,0.11255531689628628
187,-0.09093089107790783,-0.11488664762616423,0.060604873635174146,-0.00023462220650866247,-0.08654612230677701,-0.01726204701267854,0.0821107431146484,0.12522485922092003,0.06064282547243557,-0.06031125444333074,0.2139341832321972,0.11222009670071585
188,-0.090912700620097,-0.1126739900471829,0.06060619056523736,0.004542899468061571,-0.08669491702229866,-0.017002011117614135,0.08688437752829428,0.1255219108295663,0.060237035833106765,-0.062087394368231935,0.2170138659872725,0.11478658317861178
189,-0.0908786551221795,-0.10977479688383027,0.060606067669432544,0.008919439022718129,-0.08630885640594353,-0.019801217299605732,0.09646118475046957,0.12539714830370383,0.0647369422651887,-0.06494615515575058,0.21541691226808315,0.11676011490153711
190,-0.09098817972593058,-0.10803473516215269,0.060606051776214906,0.008566654815366104,-0.09094347226842173,-0.0249618050582566,0.09986673381732031,0.12684301994917024,0.06488512772848501,-0.06762013765198295,0.22356652702533086,0.12032756186615676
191,-0.090900347639627,-0.10819086594300792,0.06060606380597294,0.008682333887820769,-0.09082573537798475,-0.03007147396328471,0.09921603727722184,0.12999767216726307,0.06496359053301981,-0.06950824601558858,0.2250520440565865,0.12128733833317092
192,-0.09552301276837298,-0.10806146015610754,0.06060605978637153,0.008652682259824815,-0.09094092699084548,-0.030226127152505146,0.10170209326525126,0.1320701544215247,0.06492605432105647,-0.0692239886696193,0.22960695954668434,0.12121969537893547
193,-0.09512679008909387,-0.10353609575248753,0.06060606056695192,0.00865879779095176,-0.09090019697660226,-0.0310685673471271,0.10765931129981625,0.13735798476855365,0.06493730799954632,-0.06922903537371597,0.22913288577073027,0.12124968605779658
194,-0.09524468230593229,-0.10393716497678639,0.060606061413210045,0.008658305492695528,-0.09091114613898278,-0.03477725217942836,0.10782372181755417,0.14249104933277829,0.06493459564840567,-0.06990595918860457,0.23090349859623502,0.12091564683889693
195,-0.09535149680064467,-0.10428110920927984,0.060606058429356485,0.008658154409292587,-0.0909086992974665,-0.036535995996949795,0.1169631393071668,0.14284446122611819,0.06493517372352392,-0.07402862328405806,0.23377853246772828,0.12318009415823165
196,-0.09478135349026974,-0.10115942216872763,0.060606061238493575,0.008648011780071024,-0.0909091455779404,-0.03946517009847312,0.12135184967635991,0.14336739450635425,0.06493500007740342,-0.07358307803411136,0.23644148492054698,0.12726382861638638
197,-0.09891053184774852,-0.0992626702282784,0.060606101928516364,0.008734799770847889,-0.09090908870700605,-0.03848447136735226,0.12115249652075456,0.14768547633419474,0.06493475169750748,-0.073153435909572,0.2383332453957667,0.1403491537403551
198,-0.0996065341276793,-0.09975627973499344,0.060605717337649696,0.008242755188429521,-0.09090908917439351,-0.042980248830941405,0.12126036766695941,0.1467246552558108,0.06493883554272664,-0.07694832886981219,0.23807101132726385,0.14309582658579337
199,-0.09957644148174219,-0.0950118326940995,0.060607982094544294,0.011265852906724619,-0.0909090917038727,-0.0432621852999797,0.12106163222502775,0.14948825898662058,0.06491138215471454,-0.07802341901407825,0.23809254367353397,0.14288709432651248
200,-0.09961435948883286,-0.09064518007523026,0.0605973483153495,0.012835018397643557,-0.09090909067050976,-0.04331492773230894,0.12324760957001847,0.15407345036033568,0.06504974223472844,-0.07792625906090238,0.23810674762443224,0.14267687073215143
201,-0.09923354821553718,-0.0910156826527488,0.06063889920766433,0.016684712005360897,-0.09090909096729967,-0.04328185499464604,0.13390139483490168,0.1634928124435162,0.06447894759838865,-0.07791849453106908,0.2380288528253257,0.14411868333995742
202,-0.1017085540430112,-0.09080327177769117,0.06051098919181856,0.01736357721269464,-0.09090909089724383,-0.043290028380664224,0.1256857706868386,0.1645454805763533,0.06847023359244392,-0.07790405773575365,0.23843110878709423,0.1477520181563804
203,-0.10420734870963645,-0.09125797583486676,0.06071973687682105,0.01813043975609161,-0.09090909091102535,-0.04329915022479381,0.12568448320570497,0.16491955734211455,0.06936601917414545,-0.07802886454586039,0.2357276231814867,0.14659793243786162
204,-0.10394742585872174,-0.08794521021432092,0.05606155786262233,0.02657717939909718,-0.09090909090881921,-0.043257605047663385,0.12571792380459862,0.16924134242990074,0.06950063563000732,-0.07745870717687904,0.23060565785735626,0.15066411921773432
205,-0.10367740694423952,-0.08253874481462925,0.05638550119777317,0.027353887903633994,-0.09090909090853017,-0.04336235050641185,0.12385559345695057,0.16871057419976737,0.07397621816204271,-0.08119335296658887,0.22533657093763426,0.15142499548044655
206,-0.1083241814345658,-0.08228698291777288,0.056243572718777966,0.030787265451704897,-0.09090909091591205,-0.0433762794218051,0.12115171957099514,0.1688600312986669,0.07347075437263557,-0.08237048504644474,0.2250441397419092,0.1560029891291996
207,-0.10813223427730974,-0.08165008337537696,0.05628536603443403,0.030176063031269053,-0.0909090908654511,-0.047808717723382785,0.1186047031768909,0.16882545770128146,0.07362368894447462,-0.0822517098200699,0.2204034203095385,0.1604168779007288
208,-0.10825776903744237,-0.07746911967986037,0.05627533732514179,0.030413962512038647,-0.09090909112514421,-0.048689084439359355,0.11340202816902002,0.16883202036907025,0.07358678066634099,-0.08224527987706522,0.2210417648518439,0.16006559866024916
209,-0.10821683852497387,-0.07807151090632417,0.05627734382276886,0.030174377805240866,-0.09090909001880024,-0.05254485399752466,0.10835078595278028,0.1688311180777534,0.07359406746017796,-0.08225335939990998,0.21964877676672484,0.16030533433271085
210,-0.10822470107995784,-0.07777092656014706,0.05627701254833745,0.03484156186510982,-0.0909090938971255,-0.051375251599986044,0.10828547794179001,0.1688311774633564,0.07359299387002582,-0.08225044367385788,0.21080056633044442,0.15970313353761773
211,-0.10823321675163856,-0.07835916598724522,0.05627698961554836,0.03446921645393354,-0.09090908424652636,-0.055283001560616836,0.10803070322090953,0.16883087732920596,0.07359305701371484,-0.08225122899118116,0.20742271272360951,0.16348988402636414
212,-0.10820332897198716,-0.07400945372458302,0.0562779686668847,0.035005217230018926,-0.09090908387487821,-0.05638414392565866,0.10927659209913143,0.168833006896363,0.07359308370508343,-0.08225105474202653,0.2076918443279751,0.1646112971381339
213,-0.10823148567581815,-0.07360345051520696,0.056271067363296325,0.03244497164331069,-0.09090928946345869,-0.056279768441130286,0.10156769377302136,0.16882234479964398,0.07359307039034968,-0.08225108592372087,0.20771034805381872,0.16450487507523273
214,-0.10864498094102172,-0.07356754857635145,0.056307095419381885,0.029969356373738033,-0.09090764908572094,-0.056271043481361326,0.09470767054319276,0.16886630487977652,0.07359307418698238,-0.08225108216497326,0.19859177405573628,0.16449867489817258
215,-0.11298393049630277,-0.0736215981373032,0.056152088793072166,0.030358420919263735,-0.09091670776711895,-0.0562793184619664,0.09184571696082679,0.16871983283415584,0.07359307431312204,-0.08225108211243592,0.19851938325184834,0.16448455602086143
216,-0.11242928927110889,-0.07348432324720858,0.05670082793935745,0.030295497051620556,-0.09087595752955825,-0.056276435073914326,0.0908759868228633,0.16903459859467593,0.07359307082728836,-0.08225108231002501,0.19235959614787734,0.16460791760051488
217,-0.11258390584211733,-0.07405623908285369,0.052328755289378664,0.030293406108313336,-0.09102844763948897,-0.056277196470720305,0.08595017905151917,0.16439363163359655,0.07359307834262312,-0.08225108223402168,0.19054230718339213,0.16403967396498748
218,-0.11254819618138488,-0.07034031842055571,0.05196281303121587,0.03043283568655798,-0.09059222600449544,-0.05627702992760328,0.0720395291380439,0.16409704832464614,0.0735930940633325,-0.08225108225502266,0.18772987712753383,0.16775479803034268
219,-0.11255500729985268,-0.06914156758395971,0.051924817251436925,0.0292905905088377,-0.09519062647394776,-0.05627706157519279,0.06804283267389498,0.15826856623740082,0.0735928076181694,-0.08225108225062497,0.18211570947172961,0.16895368223691826
220,-0.11255405429000367,-0.06926391175206205,0.051956672771085795,0.023487321824024042,-0.09516734981645084,-0.05627705633954339,0.0628945365766239,0.1559363487244902,0.07359477469344382,-0.08225108225028184,0.181817414531087,0.16883132626169042
221,-0.11255411811134117,-0.06926981203161856,0.05194567799760462,0.02144800500039547,-0.09526749726520897,-0.056277010270968195,0.057700767916614826,0.15322086499058382,0.07358474864691258,-0.08225108225197071,0.17635626656681608,0.1688255048761424
222,-0.11255384923138192,-0.0692618924035067,0.05194860398030301,0.021465122013206904,-0.09523564341780513,-0.05627742078156274,0.05395329370693697,0.1511497212206072,0.07362652160515526,-0.08225108226324526,0.16692243457227765,0.16883271386655527
223,-0.11255580652878995,-0.06926417280978217,0.05194790711135009,0.022141462236023708,-0.09521030001799301,-0.05627506255313771,0.03999226451831975,0.15181081362971108,0.0734873639444654,-0.08225108213500769,0.16461722971961945,0.16883452318372275
224,-0.11254586269767539,-0.06926629182999865,0.05194818218874726,0.012848289839619382,-0.09535243807584468,-0.056285885594693795,0.0390327290729105,0.1471385979570596,0.07377684791976782,-0.08225108293283026,0.16216652574085064,0.16881363231204058
225,-0.11258761439191656,-0.06925549054777075,0.051947995486138175,0.013165458541041033,-0.09489448998415283,-0.056244982355717184,0.03833581151112321,0.14670565749211664,0.06910380779090448,-0.08225107907198215,0.15952028730750673,0.16889537804027993
226,-0.11244368865157368,-0.06928681497257358,0.05194602173278376,0.012922096938620575,-0.09935307725273945,-0.05636184060776083,0.034139471890634834,0.14237417230921343,0.06936681411781677,-0.08225109451085585,0.16117933405093948,0.16866136924589678
227,-0.11278905191010191,-0.06925485680826987,0.05196544155656894,0.013004664461143517,-0.0992784530382038,-0.05624272216141686,0.03509263660793038,0.14298845974148347,0.06923071039670099,-0.08225104567655454,0.1472860166373941,0.1688999319703124
228,-0.10814003332245728,-0.06884114940273404,0.05184952021950176,0.01298303933870312,-0.09482360971664737,-0.06088598444541796,0.03227213041448348,0.14282761899881438,0.06927254748177601,-0.08225113245587125,0.14707520346226247,0.1596175786202431
229,-0.10831636246933636,-0.06450165733730434,0.05239864216441846,0.012987753107151362,-0.09567664827650452,-0.06047191600330109,0.02758030165627653,0.14286250770301753,0.06926213273955792,-0.08225144867193186,0.14148535423911235,0.1604054231104772
230,-0.10818716580443659,-0.06505956196311902,0.048912295602676716,0.012986886889333438,-0.09313040168433419,-0.0607404621489019,0.018417921483093857,0.1428565651536672,0.0692649383831967,-0.08224708382982487,0.13693496267989122,0.16010643972698937
231,-0.10826262600435037,-0.06490598404299427,0.047448309190526845,0.012987018117757753,-0.09044239454370889,-0.060142508094535675,0.013001337690582926,0.14285713216908452,0.06926300232565546,-0.08227557767770133,0.1312227565568321,0.1601887566754607
232,-0.10809919553850011,-0.06494057703798281,0.04762979069133977,0.012987695847588855,-0.09137649995100453,-0.06373172823140938,0.008054770057689748,0.14285492122675997,0.0692601314197229,-0.08213373782981757,0.1304609235642943,0.1601701613556867
233,-0.10866889803172637,-0.06493441947394331,0.04762157273225328,0.01298149738966281,-0.08689411258532966,-0.0650841643456481,0.003155506457478571,0.14287542655516056,0.06931800852888785,-0.08271604011951385,0.12264723112145362,0.16017363013014757
234,-0.10440605465638647,-0.0649349973349598,0.04763179784937031,0.013017564038039931,-0.08660650936421203,-0.06492963784542076,-0.0017833786992983755,0.14275577476526344,0.06891481056720691,-0.07869503891197818,0.11698392194945434,0.1601731008786786
235,-0.10388524473620178,-0.06493320747470736,0.04752919994679109,0.012849733554691406,-0.08652511631824543,-0.06493016491752109,-0.0067120791211409125,0.1433126564835179,0.0714973325560411,-0.07786180275852501,0.11228067361362054,0.1601722746600175
236,-0.10387677892108518,-0.06495209892305785,0.04805366768119901,0.013498058024157841,-0.08680325857464112,-0.06493727284673163,-0.011629486674701364,0.13974823962514932,0.07346610336294959,-0.07791044849881304,0.11309947942230716,0.16018106049792458
237,-0.10390550966322684,-0.06483689068735775,0.04475958270591198,0.009098787638722995,-0.08507787850236442,-0.06493428639499121,-0.016593740746826017,0.13837333072497704,0.0770565954577399,-0.07792942276241069,0.10942061097949775,0.1601276887884112
238,-0.10388683258902848,-0.06538618611803763,0.04308300033781803,0.008785792177755679,-0.07930786789879907,-0.06493584110988994,-0.021470437942400757,0.1385352368241173,0.07797948490803035,-0.07791968692788591,0.10162265467746733,0.1603820916102132
239,-0.10392821446491092,-0.061876332597309444,0.0433094809500332,-0.0008166203625580391,-0.07761553547338691,-0.06493267470877882,-0.026067330608566076,0.13853174855018371,0.0778810799964684,-0.07792268724794285,0.09330731212683349,0.15803175519733595
240,-0.10377495987462326,-0.060442709686747816,0.04329247773164159,-0.0045780223585489424,-0.07824109418621329,-0.0649418578044082,-0.026835078173145878,0.13853493326139749,0.07869199624213924,-0.07792195026703667,0.09060559929313439,0.14828523713467978
241,-0.10426082159435054,-0.06061498879431546,0.043288196770640046,-0.0038939076943517734,-0.07360691623299331,-0.06492771410879995,-0.030511622567547577,0.13847625102810798,0.0823937565703707,-0.07792209635309173,0.09092290467967017,0.14713722635232832
242,-0.09976528223495516,-0.060616604183126824,0.04329056437739731,-0.006726495355481086,-0.07375819364595174,-0.06484997699715535,-0.032122484858869135,0.13877392964304847,0.08423743698927053,-0.07792208158427959,0.09089503608371606,0.14721976388049554
243,-0.09968037661368506,-0.060543944682700676,0.04329044889670531,-0.008512357192863623,-0.07274342758075651,-0.0658317987041577,-0.03747576257030711,0.1375714134153026,0.08694881469872265,-0.07792209152440503,0.0911247421762142,0.14652710872214503
244,-0.09872879081551701,-0.06096204316400129,0.04328767811580109,-0.012209577069399494,-0.06739629684360378,-0.06973065662510038,-0.042691959941635466,0.14582411067535597,0.08652022323529178,-0.07792184430872898,0.08936639746866626,0.14081733713262864
245,-0.09510699884085715,-0.058320650348227025,0.04329827483122102,-0.013043468529365547,-0.06270144702390196,-0.06915155174883049,-0.04333553810376969,0.14714403133265164,0.08658530137472036,-0.07792365957031884,0.08604046391614158,0.13822009167854737
246,-0.0932805421324428,-0.055962259807614954,0.04327066682004538,-0.013001796441770056,-0.05730084208177273,-0.06928429354760773,-0.04331626076340717,0.15177825451157867,0.08658040673043478,-0.07791405699429427,0.08711697941428857,0.13858957854188103
247,-0.09052044535729548,-0.05632624368265058,0.04327918681937951,-0.012965105618851742,-0.05614074697971994,-0.06926763275095658,-0.043092570630894805,0.15062774599761666,0.08658649559719003,-0.07795556284167525,0.08295556637077475,0.1385188560249275
248,-0.09100643206260055,-0.05627140745591156,0.04380638473218033,-0.013077312817581281,-0.05629287888354803,-0.06925486455354746,-0.04468509613558209,0.1467764990243767,0.0865345872780057,-0.07780899356444339,0.08217305248220233,0.13852878910208508
249,-0.09083125585409688,-0.056256556779394805,0.04806408738580405,-0.01255759348890445,-0.05635280805413617,-0.06919299868933733,-0.04814297970198602,0.14721273989501832,0.08680684341878168,-0.07817281068309008,0.08196166985281567,0.13852872025662497
250,-0.09082452126880083,-0.056487940290370194,0.04749539515942639,-0.01579667884239892,-0.055472929451706385,-0.07008503098348264,-0.047184717121462896,0.147494537732132,0.08565660671331475,-0.07351985522633328,0.07754216175059626,0.1385239682757356
251,-0.0864061436364525,-0.05477519640964374,0.04764743326631495,-0.017539589378347126,-0.05130047266219362,-0.07415165029064841,-0.050695107931065284,0.1441629984827095,0.09352793394545779,-0.07368326824444148,0.07795254929797861,0.13855296719940677
252,-0.08546226283048552,-0.05152057524162698,0.04761369549381914,-0.017279037244552157,-0.05293504253240407,-0.0730380774901205,-0.05605351643157715,0.138682004372241,0.09543975892116258,-0.0735605386164252,0.07833159237585635,0.13840978897383815
253,-0.08215446228381057,-0.05202659769814679,0.04761977868266878,-0.017280372815497314,-0.04619868049379158,-0.07654302639623618,-0.05625534093207087,0.1384034505385415,0.09543743452694996,-0.0736018461570723,0.07500189768761836,0.13899431316208755
254,-0.0798330023217082,-0.0519618929245119,0.04761902334984241,-0.017945964213443945,-0.042874317277144726,-0.07810857278094517,-0.056295784540094665,0.13416664976191162,0.09975843011886795,-0.07359112338222906,0.07340142937616433,0.1349419144935523
255,-0.0776274487735613,-0.051905303147035994,0.047618985278667134,-0.02216108527513837,-0.04333977063746878,-0.07790772717029533,-0.05627056959919072,0.13171714042105961,0.10072574857513787,-0.07359342361603469,0.07360862329227892,0.13415397407462626
256,-0.0779620782554142,-0.05172192728986082,0.047619384614518506,-0.02122047872239745,-0.04332307230318687,-0.07791873356818943,-0.0562787761785959,0.12504273434326288,0.10479510704727737,-0.07359303087296996,0.07360082668264314,0.13423486622207073
257,-0.07792082932883568,-0.047225245404730776,0.047617175282051026,-0.02387532660462543,-0.04280056524304633,-0.07792406850368482,-0.05627667799594222,0.12296322900770386,0.1009948815718438,-0.0735930727858947,0.0735383787448252,0.13357410686768206
258,-0.07791876143404482,-0.047767580168731144,0.04762766938317561,-0.029513427273274648,-0.03723019230048067,-0.07792132469863966,-0.056277123437983474,0.12135962579228186,0.09936221791079737,-0.0735930888028649,0.07392583871374842,0.12830072277772508
259,-0.07793929354588061,-0.04747161510079733,0.04758594941766582,-0.030460307914569527,-0.034300625939214395,-0.07792283556040905,-0.056277048337040274,0.11733034307550333,0.09960033419707838,-0.07359297265497339,0.07144687164829089,0.12307594046760124
260,-0.07782675877806432,-0.04809150418666027,0.04771811224644781,-0.030342668686958875,-0.03470493701193145,-0.07791963985482878,-0.056277056095276876,0.11689308992593266,0.09961230884901526,-0.07359361439898007,0.06892564495915822,0.12093996426536997
261,-0.07836218550860212,-0.04409689284200374,0.04747625076955061,-0.034843297983356135,-0.0346195328670446,-0.07792972685598148,-0.05627705678607289,0.11685873148932799,0.0988675525918334,-0.07359069845007116,0.06931882496600227,0.12125604355126668
262,-0.07497223474555868,-0.04322340257057871,0.05213834601154314,-0.035360754126319484,-0.0346322298796928,-0.07790827992848272,-0.05627705559192661,0.11689259083432482,0.09477936644921282,-0.07360164281907838,0.06925901346341137,0.1212082670387319
263,-0.07333546824825526,-0.04327942524274907,0.051842746476241354,-0.04125422099412664,-0.03463168409065944,-0.07787369521589915,-0.05627705910605227,0.11687943489546318,0.0953419855696125,-0.07357065485662827,0.0692623764463668,0.12121150377290606
264,-0.07372438229225563,-0.043297263781989184,0.05198148237756862,-0.043568791585169346,-0.034664521864654914,-0.07864080818507511,-0.056277044038496975,0.11688857529137142,0.09527396497832315,-0.07360059029849668,0.06927772117818347,0.1212125881873783
265,-0.06887470348377343,-0.04328766238403698,0.05193945993356377,-0.043245933096695596,-0.03437952211388602,-0.08270788276775656,-0.056277100641410074,0.11686534190722414,0.09504357007726028,-0.0740220976347434,0.06917815475849834,0.12121166046050634
266,-0.06484185413540472,-0.04329064336955433,0.051950468947704935,-0.043274149085228385,-0.036322917390556216,-0.08216292653220565,-0.0562769377501902,0.11693032733308974,0.0956242297252908,-0.07835598281401476,0.06968994430064528,0.12121376047523644
267,-0.0636626610803342,-0.04328995930900913,0.05194566747811224,-0.04330240845450538,-0.03960874223981305,-0.08215116497327216,-0.05627712102532538,0.11685733465814531,0.08622021634399585,-0.0777975782129154,0.06647206067763846,0.12120555348821437
268,-0.06013946961098993,-0.043289916442686864,0.05195225570908348,-0.04368506610922292,-0.037976291556843574,-0.08265573533842441,-0.05627905647223169,0.1160713679891022,0.0812493173787835,-0.07795120906112694,0.06471759603355878,0.12123357070872061
269,-0.06069693770601937,-0.04329033722071524,0.051957346736721435,-0.04804969061959749,-0.04644529398288728,-0.07822152893189134,-0.0562597242796722,0.1075475670223569,0.07848032195149654,-0.07791649148673502,0.06495627298605207,0.12116933097098961
270,-0.060623191515881136,-0.043290735341082694,0.05178440215746227,-0.047474827103112495,-0.047669180327741575,-0.0779535785707905,-0.056375585323694834,0.10719745947336427,0.07176930819362853,-0.07792286049309188,0.06493732337572956,0.1211116220852412
271,-0.06052955764047096,-0.04327812547411475,0.05320647797193074,-0.047737253277426644,-0.04761370628996371,-0.07789614016171136,-0.05582618255214385,0.10107120279260214,0.06422493725299758,-0.07792204582194304,0.0649332064498688,0.1158591954703212
272,-0.06053546533021818,-0.043370866187905546,0.05673076989116743,-0.047277287851604094,-0.048030744064874384,-0.07793104636928888,-0.059320506007435075,0.09935582119688594,0.06197965401901348,-0.07792204418591385,0.0649356999432267,0.11223921187089864
273,-0.056244577337715915,-0.04288021794090958,0.0561746095580291,-0.050932490186019155,-0.05558549966091415,-0.0779191953922027,-0.06077452836710282,0.09959840809582184,0.05664905753151782,-0.07792217355672279,0.0649348988544926,0.11253231403853628
274,-0.054046394619456255,-0.04598044444991903,0.05630327787539225,-0.05617258795659191,-0.06091347431319191,-0.07792493610966592,-0.06059586697102668,0.09956520515775778,0.05173355588634446,-0.07792158429850034,0.06493510076202873,0.11299265548342236
275,-0.04707660791142012,-0.0479631290610143,0.056254755386726724,-0.05623567110539199,-0.06334369390808976,-0.07791407413581514,-0.06060200375678365,0.09956634567468814,0.04678143948876518,-0.07792434750002916,0.064935058795352,0.1091876775695386
276,-0.04524612460400738,-0.0473495666484615,0.05627105576612065,-0.05629826482401315,-0.0652583363110686,-0.07793924332896116,-0.06060813960823337,0.09956748547442096,0.04192634605349815,-0.07791339900159151,0.0649350655888527,0.10806762529121999
277,-0.043298171780646606,-0.05202966358966212,0.05676839082581271,-0.05627048578950487,-0.06473406043154827,-0.0779470303412263,-0.06060541652579548,0.09956698265827739,0.03648269368023232,-0.0779475980194367,0.06493506497851759,0.10812384330550862
278,-0.03988811361380485,-0.05189861048432022,0.06104639599494501,-0.056278687040600024,-0.06941040815761164,-0.07732956306306202,-0.060606220452156793,0.09956711596686324,0.03469683464421674,-0.07788977084395758,0.06493506488837497,0.10355967513513777
279,-0.0346841466271037,-0.051690785188068654,0.060489476240161065,-0.05627671979937463,-0.06917015071959963,-0.07305854217759153,-0.06060602767054475,0.09956714619478128,0.03163558911822689,-0.07763985339777583,0.06493506494888249,0.10401012766650827
280,-0.03467906468051014,-0.05384787751748177,0.06060191772949818,-0.05627711176834855,-0.06927238049747479,-0.07412404363216321,-0.06060606589382122,0.09956693456330572,0.026209547997324813,-0.07313053782531423,0.06493506494562942,0.10389355316630935
281,-0.03461192094190718,-0.05677338566900127,0.06072133153261904,-0.05627704882985066,-0.06937595733423105,-0.07091061382666299,-0.06060606014632313,0.09956739490328446,0.026033405906186066,-0.07406357109085906,0.06493506487229174,0.1037784109762114
282,-0.034631538008804766,-0.055790165686910295,0.060273854947188184,-0.0562770455845802,-0.06876645523443503,-0.06902420128293,-0.06060606053035671,0.09956816242618342,0.025286113451956912,-0.07134060751966693,0.06493506515434307,0.10432415242324102
283,-0.034662503474161936,-0.06019574001789489,0.06485408776195492,-0.05627719511336853,-0.07275009962711528,-0.06929159352154403,-0.060606060657185906,0.09955228020878477,0.021206722896271672,-0.06893562879715259,0.0649350644252876,0.0999659341991782
284,-0.03450751447839784,-0.06057806829273055,0.06486229124372628,-0.056276153436079376,-0.07343728339769504,-0.0692650314326706,-0.0606060605891068,0.09966381352842534,0.021682473553940516,-0.0693416843263509,0.06493506454746277,0.09958077406439488
285,-0.035018180625918015,-0.06117755269125602,0.06502660514849012,-0.056281557079462356,-0.0779796171696374,-0.06926242197180416,-0.060606060610448396,0.09908487786236539,0.021953565522248347,-0.06921567454317079,0.06493507903356294,0.09954350119424304
286,-0.030523705803670826,-0.06537524984787554,0.0645687314873114,-0.056258468943982086,-0.07772821053372002,-0.06926467929269343,-0.06060606060511723,0.10256109447041531,0.018652928600682798,-0.06904102448558107,0.06493496056558361,0.09957721703172902
287,-0.030331223719229895,-0.06482283974146162,0.06721855540478965,-0.05633925995348253,-0.07882008228600926,-0.0692639022998239,-0.06060606060622263,0.10328924163372014,0.013163788622167612,-0.06455928486752947,0.06493561793099822,0.09955703924532508
288,-0.030453092466379804,-0.06492680160541729,0.06958150326626449,-0.05614109698342799,-0.08448119253085076,-0.069264109771353,-0.060606060606043094,0.11182582733232578,0.012894665320869267,-0.06498858412870114,0.06493267556552462,0.09960089457638449
289,-0.02900426372617088,-0.0650542986969235,0.06921477014440096,-0.05610026750836284,-0.0869941679823692,-0.06926405090989353,-0.06060606060605956,0.1125096252989884,0.007969309513679641,-0.06524967981788461,0.06494348627531873,0.09944975644692147
290,-0.025382644591217803,-0.06462956183619438,0.06926799976426502,-0.047093094088292486,-0.08607716543225603,-0.06926409877575518,-0.060606060606061836,0.11264440220829805,0.001322933236348202,-0.06244905483979256,0.06491429374478519,0.09985630186140197
291,-0.02665820390531298,-0.06927594131010077,0.06926614082572762,-0.04668459988316181,-0.09037147921470079,-0.06926407501907073,-0.06060606060606014,0.1122487365985006,-0.004803536698735008,-0.05729528474842317,0.06493090374039318,0.09522284146818959
292,-0.02218181312764625,-0.069584299062011,0.06924965255227562,-0.042661678296317285,-0.0909259338579479,-0.06926340544268537,-0.060606060606060844,0.11444314772684737,-0.006549095991637207,-0.052179484941920616,0.0654292698110634,0.09532266785706647
293,-0.025440625017272397,-0.07488727189426886,0.0693517141057182,-0.04386181411289536,-0.09092672888897782,-0.06926924217849027,-0.060606060606060094,0.11726397883250265,-0.01195231345257842,-0.05200755331372479,0.0697078024078482,0.09518692419327546
294,-0.025934401857927336,-0.08015228588823002,0.06883597745642432,-0.040032650223494226,-0.09090470338298193,-0.06923601137625864,-0.06060606060606233,0.11681377606856992,-0.01699158137779788,-0.05141466855113962,0.0691410039360904,0.09535168307211273
295,-0.02707567975410856,-0.08211674446656432,0.07206006088717637,-0.03876279958252922,-0.09089071492037575,-0.06938752821390144,-0.060606060606056306,0.11689182629567856,-0.01717061230343947,-0.045862828644389196,0.06928987556080964,0.0947753168332413
296,-0.035206518650324654,-0.08537173497012046,0.07381294608077442,-0.03896338776484018,-0.09100455864045315,-0.06881902952332836,-0.060606060606060726,0.116883105732296,-0.012651101098788031,-0.042850346391147785,0.06926741408512804,0.09844988003419063
297,-0.036345792445644065,-0.08680190301510915,0.07357047475278225,-0.034344509080367326,-0.0905382470427523,-0.07308941455191896,-0.06060606060615155,0.1168828347345481,-0.013102897918488128,-0.043818636099731426,0.0692424916505282,0.09969817524706233
298,-0.03862208321179309,-0.08655671614754519,0.07359121424333019,-0.03474709328260765,-0.09424358118152598,-0.0735990419675298,-0.06060606060533205,0.11688230549348569,-0.012956675040098665,-0.03989665858466725,0.06926986798122897,0.09956550093862643
299,-0.04471694481040708,-0.09118814854000684,0.0735948567139982,-0.03459949465375044,-0.09927005582773289,-0.07361357211749488,-0.06060606061007376,0.11688843025107085,-0.012993533783073599,-0.03880880983867377,0.0697053700196215,0.09956160909478874
300,-0.05168140670599744,-0.09079982900786711,0.07359244466037826,-0.0346390226545892,-0.10405000997792802,-0.07358467957597574,-0.06060606058810398,0.11685914796685,-0.012985907306330022,-0.038859346508139915,0.07402906136415727,0.09956934742590184
301,-0.05195872411542524,-0.09091241110552566,0.07359324497295816,-0.034632909549378005,-0.10365901418827002,-0.07359546477281653,-0.060606060672586004,0.1169719540269292,-0.012987125784092852,-0.03424998093285466,0.07347072745395464,0.09956646175176875
302,-0.05195556837056591,-0.09103286146891186,0.07359302373647764,-0.034625724159146415,-0.10507618222423132,-0.07359251923057053,-0.06060606042048684,0.11663529864155835,-0.012987020955837782,-0.03506694270843185,0.0736131405989452,0.09956723612265057
303,-0.05194486075178605,-0.09042673330955729,0.0735931236545792,-0.034637850213244704,-0.11031517937727217,-0.07359317557926703,-0.06060606077193506,0.12104064422398,-0.012987032261416717,-0.03256172630565057,0.07362000108516627,0.09956711619393957
304,-0.051947206134364245,-0.09476851574120299,0.07359296521669847,-0.03472310403402789,-0.11558987940391842,-0.07359306804938417,-0.06060606319985032,0.12571656367489956,-0.012986821153112865,-0.030400604167970687,0.07350563245628422,0.0995669814339693
305,-0.05195675792172374,-0.09519715148041692,0.07359306750402665,-0.03371732262319698,-0.11706330705205771,-0.07359306833651194,-0.060606036386278546,0.12547676327920704,-0.012988009042168921,-0.027047246034266465,0.07365017795888337,0.09956717846371282
306,-0.05191288032279501,-0.09984181034736754,0.07359541555467777,-0.029836336071163327,-0.11686420628452304,-0.07359293187101777,-0.060606202095791005,0.12546355074613477,-0.012982845921034918,-0.02585253653682909,0.06900087848665859,0.09956907294613918
307,-0.05205838605764291,-0.09950916991566247,0.07357449605825409,-0.03041628182436247,-0.11688236425850879,-0.07359432826127994,-0.060605401074248576,0.12601111317789274,-0.013000984664778446,-0.025968152726824272,0.06937867620803834,0.09954968671244849
308,-0.05175048737699651,-0.09923268738133814,0.07369509512107134,-0.030280242338249563,-0.11687290487716771,-0.07358591423506336,-0.06060861471375188,0.12244708926837646,-0.012957233975043348,-0.026117204991050292,0.0692306299258983,0.09966644427788553
309,-0.05638362943727335,-0.10193815826717244,0.07313682572424583,-0.030306597470355925,-0.11696508551110409,-0.07362575543742228,-0.06059832846286434,0.12138652951637631,-0.0129370387896791,-0.024831360165124557,0.06927197921453958,0.09911360339175057
310,-0.056723610930639136,-0.10419490649491481,0.07670960679159092,-0.030302677979944254,-0.116452129616167,-0.07347017029718776,-0.060617726411684614,0.11711056887024483,-0.0070540811980796,-0.02118576677717872,0.06926252433571561,0.10265146359810977
311,-0.062187060384669174,-0.10385351523885955,0.07807615894281866,-0.03030240485999086,-0.11958263598067204,-0.0739417687636707,-0.06067372840259269,0.11169796388913239,0.0007973275211119726,-0.02174958829743404,0.0692643244381897,0.10404750812523032
312,-0.06680395054087718,-0.10389808209846386,0.07791491160732933,-0.03030957326301104,-0.12100464649895501,-0.06936476962635213,-0.05977324846552829,0.09861430602745624,-0.00023092441105898674,-0.021623662505062254,0.06926402312341869,0.10389527779760635
313,-0.07235532151040314,-0.10389734676839066,0.07791755774907543,-0.030262348884931404,-0.12508978345215643,-0.0693042612373566,-0.05614280993414067,0.09882123000760695,0.00013672270898431682,-0.02165323117157038,0.06926356866106563,0.10398095167198515
314,-0.0734067967525921,-0.10389550089905969,0.07792420901668577,-0.030500868123822356,-0.12552199953468438,-0.06946211444401272,-0.05426905517260448,0.09258758900478008,-0.0003158426684084138,-0.021644077822972476,0.06926878113847157,0.10298108874616066
315,-0.07736262907567307,-0.10389641052411268,0.07792143394932932,-0.029504156142853552,-0.13019784097995443,-0.06768379095558802,-0.05157943565791962,0.09066693399477138,0.0037380068862386037,-0.021528729117125917,0.06923645344133411,0.0990930690831124
316,-0.08233102709339725,-0.10389544356221338,0.07792223253278227,-0.03683380852037466,-0.12948348192476863,-0.06449650082158832,-0.05200912489445713,0.09097678289198718,0.008723169468872964,-0.022681809717228742,0.06939250804988019,0.09971115077457511
317,-0.09135949028738231,-0.10389848537200931,0.07792205815813132,-0.04321073338062478,-0.13166028802664978,-0.06508394209860481,-0.05194213097293336,0.09084801408579551,0.008589704203113835,-0.02651261837537848,0.06877126241825011,0.09942384008616262
318,-0.09158570897418954,-0.10388911277001825,0.077922044935956,-0.04341282348084233,-0.13416270001866176,-0.06472993096227175,-0.051947402392154514,0.09077130126737258,0.008682057001959457,-0.02553154383669852,0.07301828290092814,0.09992675447058394
319,-0.09712771313745908,-0.10390493018752334,0.07792214062701545,-0.04798866263839626,-0.137123141393353,-0.06517919450978725,-0.05194859770585832,0.08622272967937762,0.008651638702841186,-0.02868647621447306,0.07351122469979054,0.09539173198526364
320,-0.10229267275171666,-0.1039730429206609,0.07792235942849465,-0.04749213471264418,-0.13881546061487735,-0.05582775659437143,-0.05194776009212101,0.08670276249660717,0.008659417444588405,-0.034210050230001454,0.07817201985174972,0.09537231496056435
321,-0.10413143134462338,-0.10303872030011893,0.07791848040543468,-0.04765254076836252,-0.13837619110506394,-0.0567209641245054,-0.05194866005900456,0.08654785384915366,0.008657678728407564,-0.03464614832728772,0.07759017928505318,0.09435124661401945
322,-0.10386286557260035,-0.0991004757206474,0.07794511291920302,-0.04761171283586381,-0.14297898821816876,-0.05461866229384389,-0.05194568624102386,0.08658654736823763,0.008658235715694282,-0.034658181409423956,0.07948308271906358,0.09045323477206484
323,-0.10389725664577325,-0.09968155940889116,0.07780829855343516,-0.047620341092796246,-0.14359973825322483,-0.051851957563014736,-0.05195613353331728,0.08658100009835383,0.008658290991046027,-0.03451413112723803,0.0826692668007647,0.09101280357923817
324,-0.10389062368733572,-0.09954396714284498,0.07838897180309008,-0.047618898953273314,-0.14744635603130074,-0.04957941877232224,-0.051929140767213396,0.08657516512331498,0.008651394567425828,-0.035545522703572946,0.08216722557710171,0.09091984876871083
325,-0.10395811192228624,-0.0995706722501823,0.07450001218888654,-0.04761904443912335,-0.14873569513069532,-0.04371335603704972,-0.05193619042773473,0.08657691261588328,0.008704874617603392,-0.044042243354720366,0.0822620237816851,0.09081066455627643
326,-0.10352535983689357,-0.09956682862073032,0.07350397188716122,-0.04761900578252884,-0.15485766591005615,-0.043415325790096826,-0.052464153237768,0.08671408366510959,0.008415534214815388,-0.048275725793920525,0.08225329332741589,0.09106296979907846
327,-0.1062174239143319,-0.09956696505388632,0.07358895646585188,-0.047619423216381046,-0.15554874747657252,-0.038810771447474066,-0.05679705329438251,0.085467113681667,0.009681606009352693,-0.04716127940875109,0.08226936691868728,0.08639761141082207
328,-0.10809128232606753,-0.0995678987215266,0.0735597473367908,-0.0476170222337679,-0.15994603792162143,-0.03848677964559924,-0.05576108954176416,0.08168518476236812,0.0016050898569316438,-0.05185414789207667,0.0820354258983681,0.08663184691213752
329,-0.11170345458713973,-0.09956235072911755,0.07387374330371073,-0.047627914917839465,-0.1603263040892577,-0.03260755345037497,-0.05882505496420086,0.0828170469882444,0.0035199526125838996,-0.052194732435251814,0.08379834270623389,0.08688308513905035
330,-0.11262048002595879,-0.0995899962061081,0.07173627254004952,-0.04758703885170735,-0.17086518924871877,-0.030312709620647194,-0.06088198944232203,0.0790276106182635,0.003980608359399473,-0.0567472979154488,0.08658109357353673,0.08441720344697594
331,-0.11254009260195776,-0.09947579948916675,0.06878335459583758,-0.04770364275032356,-0.17785093629586768,-0.027948980148759607,-0.06054833936335482,0.07778964765407552,-0.014966086142010147,-0.05595453507603992,0.08936495456347286,0.08191748321447763
332,-0.112914921806621,-0.09985421810318704,0.06967949537923196,-0.047580476751675815,-0.1792423593460083,-0.02222289229939526,-0.060616960250798005,0.07792491769699071,-0.01692273716218081,-0.05779891773797841,0.091149996012098,0.08229727881719633
333,-0.10980574802203888,-0.09565508431785523,0.06564607048832773,-0.05221927156233422,-0.1822342416641391,-0.021599931724877265,-0.061007446306978116,0.0779266831003383,-0.020091160419254416,-0.06635720341643069,0.09084330285439028,0.08225940245043686
334,-0.10394129559708211,-0.09079305046251147,0.06062543187041947,-0.05183302412011107,-0.1817411223516082,-0.021635836137492162,-0.06542964400082138,0.07792427486982903,-0.03425951729187871,-0.0732365400949048,0.09071248137085704,0.08230175024303102
335,-0.09733914844678405,-0.09098356296273313,0.05560664755772716,-0.0519814898502617,-0.1818323124840245,-0.02166374819446273,-0.06443828492744365,0.07789803464881338,-0.042920185190049726,-0.07354804948512869,0.08615089164637449,0.0815267250424366
336,-0.08082162048161638,-0.09088634711513502,0.05160715832302764,-0.05194010491265707,-0.18181847921082978,-0.021556516524313438,-0.06734064762652552,0.07803435330837935,-0.04330512333960025,-0.07859065838824739,0.08702823960168478,0.07737112496123984
337,-0.07042868559662781,-0.09090723589114307,0.052045272609642,-0.051949652277588215,-0.18171357406391556,-0.02207339414027967,-0.06952688343065858,0.0774970973004411,-0.04327084970666289,-0.08731047106859424,0.08444646647800341,0.07846891616318898
338,-0.060580389718721685,-0.09094055643660345,0.05192753984003398,-0.051947692023385734,-0.182644895361389,-0.018831290460484918,-0.06931644300049895,0.08151229236820777,-0.04387534359259061,-0.08602976887315758,0.08191653766579526,0.07508070993475345
339,-0.048555769164800464,-0.09080320631482831,0.05194314854640976,-0.05194822202743055,-0.17605934670545517,-0.01709613633157758,-0.06915231585773193,0.08240010962224391,-0.04807290152337347,-0.08879478643031721,0.08229141046108737,0.07338659427437064
340,-0.024250021693856278,-0.09111387090092338,0.051974259854605416,-0.05194956604928313,-0.1557400759632296,-0.017350012136584516,-0.07380575641969143,0.07772063217393986,-0.04750552483345937,-0.09120936612971561,0.08227586033472953,0.07360868629351122
341,-0.021498644867275526,-0.08643938883802971,0.051918216670877475,-0.05193266718485576,-0.1491320671702717,-0.01735637347887994,-0.07353920508417261,0.07802308219950765,-0.04761038336851425,-0.0909397407929655,0.08233189872784795,0.07358457502873209
342,0.0044040837286684256,-0.08687387939384628,0.05161948847617527,-0.05204056371030285,-0.13379949370316468,-0.016679483629045942,-0.07329295111322895,0.07789098982463843,-0.047735697319674794,-0.0907618640387496,0.08089151568121287,0.07376532133016195
343,0.022702310455224296,-0.08507808803827745,0.04741927411765913,-0.05150863728225437,-0.10891086666815888,-0.01222065944979384,-0.07574176165701872,0.07792976008519258,-0.047343853973245,-0.09552479851472108,0.07266605736086652,0.07226924975929322
344,0.060830466252256715,-0.08254047304401355,0.04627635283922797,-0.05485867163003412,-0.0938330775415603,-0.015107666380880251,-0.07846875616660132,0.07792050227896498,-0.05199776862331456,-0.1003703547282179,0.07385701783531348,0.06881764887200259
345,0.06470750996107982,-0.07732030338082832,0.0425955195068547,-0.05647337625656168,-0.07372998687860557,-0.0177727950603077,-0.07719545513559783,0.07792232912437898,-0.05233362343922056,-0.1055967170309515,0.07344058519916354,0.06935745467220664
346,0.08852845498032562,-0.06968708667597173,0.044306894399389875,-0.056259593051813016,-0.0545140103317737,-0.01684375475354584,-0.08593976120108249,0.0779220563812901,-0.05763240206247668,-0.10868757055702748,0.0739383230780741,0.06925580917858828
347,0.11748131027867667,-0.06925892848198868,0.036192294317335706,-0.056270405446032276,-0.04731401290707661,-0.021320162263203133,-0.0909816748876659,0.07792207273930456,-0.06352982549458598,-0.10768400267252921,0.0697613034458988,0.06924890358443478
348,0.14947105699329727,-0.0693197184940117,0.03446747038817434,-0.056328206393132026,-0.042986529432352524,-0.02161957573618935,-0.09086430841660996,0.07792209863119663,-0.07887982560472893,-0.11167340371388285,0.06474649305305047,0.06923487437010663
349,0.15600287703284194,-0.06802004529273421,0.0344626844165037,-0.05595799180806678,-0.03135271254744587,-0.021669917068356612,-0.09090792943344828,0.07792195920493486,-0.10180166148825308,-0.11263823245290233,0.06048614138458609,0.06988661493860311
350,0.17855686018469766,-0.05969086802530302,0.029417611714140122,-0.05833246851871301,-0.030400601747673735,-0.021634840707342094,-0.09098818830915822,0.07792266317941347,-0.1316908317738794,-0.11256180783837165,0.05944025021292057,0.07405600740436696
351,0.1885505424550562,-0.060848019233488544,0.024287064338076075,-0.06096397708700943,-0.02582250035388713,-0.021655247550894877,-0.09056816403145268,0.07791967199579557,-0.14748629669718463,-0.1125358856204861,0.05582830431221534,0.0734423154858612
352,0.19827314472334123,-0.06055547538951245,0.021308584274723895,-0.06053685944593704,-0.026082774093482565,-0.021611060523626206,-0.09391488213296235,0.07793008076361017,-0.16752165201912872,-0.1126366594739382,0.056257676627670596,0.07374441120257236
353,0.20798329035194077,-0.06060721645782671,0.02163319076856536,-0.060630907597614046,-0.025933429277680213,-0.021759296694407827,-0.0993163833025303,0.07790489458202791,-0.1868561057582797,-0.11214153472634765,0.056681225843804535,0.07316227455908438
354,0.20757235742020907,-0.06062336834166499,0.02193159265734667,-0.06063376675868748,-0.02600471635641447,-0.021385866815843858,-0.0995490827081534,0.07789663601038281,-0.20818947409024213,-0.11522609645154883,0.05233906830261362,0.07754224872018264
355,0.21814124819672698,-0.060624128514438505,0.017953677680132358,-0.05997067884307995,-0.024934896510320013,-0.02603715450978949,-0.09961507698586801,0.07851593182292406,-0.21775573749415983,-0.11712529279364589,0.05197325292473267,0.0779055188009442
356,0.24101562436248153,-0.06004601001186396,0.012958442884677592,-0.056113832071651326,-0.008738368084601001,-0.025887259531190556,-0.09934814000238007,0.08270474226064321,-0.215811130079142,-0.11685545827005507,0.05166069490064727,0.07793535933102613
357,0.25209745821186064,-0.05576930379095425,0.01249072028981206,-0.0544987380226365,0.0036222995553409237,-0.02598983967194186,-0.1010646091226426,0.0821294445478836,-0.22040131746907066,-0.11688209087558432,0.04471215161383052,0.0779901733763374
358,0.2611094116159703,-0.05669119970160682,0.008204331177967638,-0.051541229315075855,0.008672017134569984,-0.02605277548653134,-0.10688256300337254,0.0822759853777904,-0.22076583394987095,-0.11688499266514614,0.038571075361108854,0.07752084608575462
359,0.27578809548269917,-0.05411842887804519,0.00868295674696182,-0.052021846278774674,0.009255107289607557,-0.02560019600772894,-0.10841287778650242,0.08225439033728267,-0.22080262364206965,-0.11688104587894996,0.03652842160867569,0.08053277839635059
360,0.281378872694268,-0.048347713645731774,0.009081961168732748,-0.05193852252808536,0.030208306122775117,-0.028961569807254613,-0.10820182379841324,0.08223123648955045,-0.22076216820416486,-0.11689096739202678,0.03433899769778949,0.08250487076419236
361,0.2958785235678919,-0.04766774382928467,0.005468828521470504,-0.0519479815453925,0.0462806122724024,-0.03400984651615032,-0.1082250150809821,0.08224934533007276,-0.22082832064570518,-0.11684983069218034,0.03468595527044327,0.08221967680684891
362,0.3054744329415796,-0.04320289985476204,0.004114123572676716,-0.05195734871310717,0.03839118967531327,-0.03897524149262233,-0.10822640413889503,0.08271440876669763,-0.22057754066954588,-0.11700090266227313,0.034640270801746614,0.08225013295301536
363,0.28994927341966636,-0.03405860626929398,0.0043614364471553455,-0.05187788829763865,0.03341503101574899,-0.039442413653101575,-0.10822331126886975,0.0870899766953225,-0.22147806697359332,-0.11658760242287265,0.03412732503526773,0.08227888139126634
364,0.26097609114057857,-0.03510532523880376,-0.00026981671405524314,-0.05233140932465311,0.026057931974847084,-0.04348884095391808,-0.10823264016658514,0.08607079228915518,-0.21333332525949275,-0.12121431550156442,0.029778952733408956,0.08205022170869766
365,0.2534509061418883,-0.032782537307724804,0.00011275749934277189,-0.04949435688208994,0.0260922434765856,-0.044980701994617754,-0.10819208010039705,0.08907071303965172,-0.20328919420645047,-0.12113228515646085,0.030848687101142646,0.08368009960068805
366,0.22377765627831064,-0.02979420696497194,-3.097222178319927e-05,-0.04733574206460378,0.016467771845197838,-0.048046363757239835,-0.10834677532813052,0.09115696552043845,-0.18782197590392896,-0.12124371755415907,0.027608858099867524,0.08951159743143867
367,0.22106173121871664,-0.030846441917034215,-4.543987323177808e-07,-0.047651908125350965,0.012796353515983494,-0.04751103391903584,-0.10788901412540097,0.09095969041771886,-0.17763884807799873,-0.12120336072449074,0.026155341002415792,0.09110423316080982
368,0.2025235275468007,-0.026368926748647076,2.962309733788747e-05,-0.047623162777586554,0.013045405906605535,-0.04770838938605858,-0.11247484952795606,0.09083739092160256,-0.169952504295388,-0.1212135405803537,0.022162590877310217,0.09088429237299128
369,0.20433021142558938,-0.025980437183799908,-9.054662893515466e-05,-0.047719135212681486,0.012966974802778052,-0.04761042608162412,-0.1125110765442143,0.09548726135291111,-0.15980800335045314,-0.12121404797957182,0.021642531844425567,0.0909092153795322
370,0.20048034131306514,-0.02133029409204121,0.00011292395953340154,-0.04662377603596398,0.013013690293494253,-0.05227286058006361,-0.11236985447458657,0.09512507782086148,-0.15116676860212988,-0.12120595366849331,0.021631128961374726,0.09091019699038076
371,0.19359048719994035,-0.02177935529984246,-0.0045955115507393075,-0.04321023936499894,0.012913199594706791,-0.0515702474569465,-0.11404128090212419,0.09527176547182317,-0.1395778258142475,-0.1212156300636532,0.021584312162070723,0.09090864504863853
372,0.1964994018663722,-0.021563228284361916,-0.003591366763930459,-0.04097679694120814,0.009622166733743654,-0.053735343897375706,-0.11775519796826207,0.0952299594224973,-0.12981266804137376,-0.12131675308739756,0.022026815228508818,0.09090922658994717
373,0.18395218049432996,-0.02185894845906273,0.0018943968845291544,-0.039118999046222895,-0.01418310396203215,-0.056668016539233645,-0.11379661863313367,0.09523972363211618,-0.1294684618708149,-0.12022552701723475,0.019172236510683952,0.0909090164915086
374,0.18236639958069742,-0.01939790110237354,0.004767560987867873,-0.03528459572369182,-0.021815817048824813,-0.05620387131860718,-0.11241479636381012,0.09523784500516054,-0.1251110699224713,-0.11641242139538059,0.01703620797494864,0.09090926258614244
375,0.16386881511401816,-0.00952632455754755,0.003811535252209862,-0.034726077399666,-0.032571704654730596,-0.056286040982507286,-0.11252704299596167,0.09523811543295996,-0.12490528866983094,-0.11701639335410022,0.017353487117624397,0.09090864473458796
376,0.14765966891452953,-0.008672017759886807,0.007815359721386193,-0.03009812525803934,-0.053616990505162054,-0.05627726187495378,-0.11230892994859286,0.09523811773453156,-0.11345316518217549,-0.11677456633174794,0.017315105262724645,0.09090932191189106
377,0.11908392892452874,-0.0037238955981453883,0.008817144351695337,-0.030415532425915964,-0.058509917701028986,-0.05629151082163513,-0.10782947309804505,0.09523789491155388,-0.10429125172296366,-0.11954140623525425,0.017314658299847255,0.09091677580948113
378,0.10057937262374372,0.0013079675428424437,0.008949890932678417,-0.03027424071414493,-0.06889700304222522,-0.056149591297116,-0.108350398247237,0.09523932164409667,-0.10089567284575217,-0.13390592210761376,0.017316271581669002,0.09084292191717647
379,0.08050201062374843,0.004680361971869904,0.018725018654699152,-0.03027720078798996,-0.0937247776500858,-0.056998361488215805,-0.10819357141080482,0.09523216086753773,-0.08203063173726587,-0.13412113856159966,0.017317773004592682,0.09128309583899344
380,0.03832841741523145,0.00436134400257583,0.021838739123987,-0.03044141620414479,-0.09985610734991825,-0.0515898832258682,-0.10823170314642658,0.09526195453892423,-0.06111348730551259,-0.14148320401154488,0.017307314459253487,0.08850504723528681
381,0.0014075333050187536,0.003893729471563659,0.021700248621680202,-0.02985202722531792,-0.11807776640187753,-0.04517411699335637,-0.1082240234084791,0.09516133454823816,-0.04307573609651205,-0.154436683480735,0.01734865230942778,0.08628744212095234
382,5.889198059401066e-05,0.008055330235437908,0.02119107635090317,-0.034448136409591656,-0.11748448806848708,-0.03234505921009741,-0.10822521092733478,0.09538619745663109,-0.032668542093242006,-0.1554858566723273,0.01722470439639897,0.08662115968517715
383,-0.030325575529658384,0.008687187806855713,0.02500638176342437,-0.03485149579680481,-0.1222017376591365,-0.026002190659960858,-0.10822512065171369,0.09062620719645369,-0.013956216353514742,-0.15892928328169612,0.01739517270243676,0.0865783990433484
384,-0.05371053798379145,0.008768345447362512,0.02607661223793849,-0.04474807092767472,-0.11853648222945519,-0.026120406398822488,-0.10822509866106325,0.08648552063869963,-0.0007938910383108811,-0.15998418733114794,0.012739100188254677,0.0865787985966213
385,-0.06379999151889862,0.0077248871451737,0.02597747063190049,-0.04751727012331956,-0.11664614875369804,-0.024615200811433875,-0.10822511092673735,0.08537699988508184,0.012315272915266282,-0.16431892267745762,0.01309994017010324,0.08658076174376916
386,-0.08534326017651428,0.0035161398734735194,0.025970714551978302,-0.04955164732610493,-0.11689177627235699,-0.012795376621472223,-0.10822511032113753,0.0817765620093703,0.021806389102222382,-0.16444559235785228,0.012953528058228529,0.0865793736714657
387,-0.10332490996403383,-0.008789659131140565,0.025955057896417902,-0.052326195908505756,-0.11689454325094362,-0.009692577046597534,-0.10822509602313955,0.08235683265618637,0.040377382328119396,-0.16453283665920562,0.01299502454136253,0.08658262423306058
388,-0.11186536094504,-0.02570999811314205,0.026086863714510976,-0.05188174088393467,-0.11729575973011705,0.002793956423658243,-0.10822515045593192,0.08222476416905176,0.04519479870078075,-0.16449264098167168,0.012985438887541221,0.08657056719928335
389,-0.1207594428166659,-0.04783807096774712,0.02547777706646472,-0.05195564198201768,-0.11302413111433822,0.01339233242455103,-0.10822501079579551,0.08227204915170899,0.055774169011148234,-0.16450408834736344,0.012987243517186263,0.08660774542767252
390,-0.12563236103375014,-0.06483684837277529,0.029299252890086357,-0.051948323218667616,-0.09760416597400326,0.012551407583537375,-0.10822503300585437,0.08226574161847738,0.06625430581063332,-0.16450354957722932,0.012987000090494513,0.08654782237465783
391,-0.1254915355070032,-0.07192863027062352,0.03009664307901442,-0.05194759207919398,-0.10046360311208362,0.03135071691090685,-0.10822779855196923,0.08171230906920811,0.06991236000310055,-0.1644963451468778,0.012987006438573534,0.08624910794528855
392,-0.1255584097803692,-0.11425167563821377,0.03459219386550377,-0.05194822452956886,-0.09646542281987985,0.03623937775891548,-0.10820518470796599,0.07747365693765498,0.06864313302670477,-0.16451239967091622,0.012987022169802551,0.08207590584067076
393,-0.12552905340809045,-0.1234706333201213,0.03497852286942904,-0.051947997190747074,-0.09507532521274795,0.04519351004294771,-0.10833108407918468,0.07804727782568893,0.07796634665693188,-0.15933089069717613,0.012986974704139384,0.08073284681553419
394,-0.12557483054939794,-0.13840440824475528,0.03916158090413852,-0.05194809620898593,-0.0952493333635495,0.052403020273745396,-0.10776328308349395,0.0778853368162568,0.07762464525312335,-0.1401292515070205,0.012987189265641777,0.07791127653208826
395,-0.12543315166986893,-0.15835605365559904,0.040564586051302864,-0.05194792938232303,-0.09524018303817479,0.07632948150712272,-0.11144466833405883,0.07795875810167975,0.07911778437498301,-0.1325863927200211,0.012986328779630034,0.07503985220220395
396,-0.12576734156418165,-0.18173714674557595,0.043256778146459916,-0.05194836735040062,-0.09525053578096594,0.08541903966409561,-0.11268438409556883,0.0778390925764116,0.08269380858298454,-0.12791907880589293,0.012989073796012161,0.07339867773079585
397,-0.12111405123372605,-0.20286523455714667,0.046348183457055055,-0.05194793788677645,-0.09514980819332068,0.10280208465548599,-0.11255245473586843,0.0779518776198222,0.08214915441802771,-0.12233927166035233,0.01298407062318298,0.07360641695913518
398,-0.12145375432458563,-0.2081454438942917,0.047441112746270164,-0.05194225365041856,-0.09566994079342524,0.12298782095641814,-0.11257893831847139,0.07329728303032476,0.0822775743643082,-0.12145032154024715,0.01296723799517185,0.07359714988085186
399,-0.11999939384407605,-0.21972687420971496,0.05177450768227024,-0.05199673768871836,-0.09242124069528503,0.14571813200613312,-0.11230322336957808,0.07387096661440759,0.08222792203631901,-0.11720182047158882,0.013207905418737695,0.07359085322940567
400,-0.1163263656372895,-0.23029938059851426,0.051885174302279506,-0.05167465865692105,-0.0907201744392968,0.15537978077152534,-0.11426095496892467,0.07236204533579171,0.08224690092467515,-0.11691532463655961,0.011415312298947232,0.07359380009996969
401,-0.11744960176288141,-0.23112282123360814,0.052040223711974795,-0.053880859906622676,-0.09087059459579398,0.17210782723786797,-0.1171567216492935,0.06599286002804408,0.08275169129264347,-0.11685541741330448,0.008659640725888759,0.07359274248198892
402,-0.11361819993799514,-0.23620883002962845,0.05156057337333454,-0.05964124630309959,-0.09080126436781896,0.18010038422476934,-0.11731847629431463,0.06790926060476368,0.08702547846066971,-0.11689633391777841,0.005857003619540465,0.07359373855925837
403,-0.11244839992546365,-0.24511560379252081,0.054304075517121804,-0.060749963702066805,-0.08623040870306203,0.19148391955868949,-0.11302759495387514,0.0691130663427779,0.08645679227403284,-0.11686085181720123,0.004066673222830957,0.07359110894751346
404,-0.11254783283985521,-0.25072226480740534,0.05580069585316056,-0.06057120314457442,-0.0867234173968586,0.2072010304869214,-0.11271030509446364,0.07345265314903664,0.08660793316944584,-0.11696662941616792,0.007903558509736786,0.07359632228805986
405,-0.11215149183133914,-0.2605038659613552,0.06284083607590282,-0.0602953088156682,-0.08643874138358174,0.21250605611908724,-0.10318197414434555,0.07344636689006957,0.08657501899668951,-0.11660154344068427,0.021943799920281733,0.0736079809682336
406,-0.1077952756505727,-0.2686869988854017,0.0690808319910717,-0.05586975786671029,-0.08705137604121312,0.22297937956513417,-0.09073854204086977,0.07449721717438104,0.08658071399561294,-0.11751506531547058,0.023582586374762522,0.07340420719458497
407,-0.10835059892527137,-0.2706251127727264,0.07408922290995298,-0.056401641093840396,-0.08331112047692547,0.23062470771309782,-0.06818551961303192,0.07835389571735327,0.0865800898101514,-0.10355171288527405,0.036656320786631405,0.07498379472294213
408,-0.10819518855307377,-0.2948048162936287,0.08822227859918969,-0.056246289442849234,-0.0821280698061103,0.24008666881306454,-0.05127795917647355,0.07792815303198562,0.08658005722864263,-0.09470568380108757,0.04486151608100477,0.07847611943252683
409,-0.10823047623068864,-0.31523882852677293,0.09119199071409413,-0.05628378075383239,-0.08225186024549067,0.250112845179434,-0.03960891031706718,0.07747944865442659,0.08658009121762884,-0.08706324102138831,0.05733551809839217,0.077364871618967
410,-0.10822609530546942,-0.3384392832715771,0.10301978822591958,-0.056274615974210185,-0.08225433339033622,0.25458572499645643,-0.03345971698708059,0.08149249470645549,0.08658012222484916,-0.07641696552643541,0.07307381505878878,0.08143840318528861
411,-0.10822235944187775,-0.33523069545462036,0.11698507235282002,-0.05627957732737861,-0.08226701167013226,0.252252077431991,-0.013577793530808149,0.08230330133375177,0.0865799164681941,-0.07914612312992192,0.09811730835602282,0.0823240032701799
412,-0.10820821127008855,-0.3112563560593897,0.11559207671437124,-0.05628761103231189,-0.08215082561695351,0.22828288570259694,-0.012366213215461315,0.08223284120047351,0.08658069717604584,-0.07126670126637948,0.10840906459445745,0.08227313401443212
413,-0.10842005704278976,-0.3098253138457803,0.12862974805672495,-0.05614064671206702,-0.08270668741304402,0.21577094191292548,0.00647900818866555,0.08263109571135671,0.08657854437753473,-0.06911463096782303,0.11461335265527528,0.08206179907892992
414,-0.10682274189197369,-0.28839944636120385,0.1298445835269884,-0.05732779672321854,-0.07917184949253639,0.20677539550698185,0.010053069167222305,0.07941681329565388,0.08658004424936666,-0.0692794144859005,0.12929648630873716,0.08362339220488207
415,-0.10345347922108365,-0.2798082605622285,0.12991543300292385,-0.06313595524627462,-0.07778308400442673,0.19116307985718725,0.013031162564460748,0.07313312439959203,0.08661375116821105,-0.07391083683767145,0.1363957001575153,0.08691302317159237
416,-0.10399283983671334,-0.26843629383877754,0.13000956027777616,-0.06513521603086872,-0.07790077184495282,0.18892406786489463,0.01562566471517646,0.07099718877441162,0.08631274920932701,-0.07347052539484579,0.14150176241383416,0.08694322767695287
417,-0.10387199451997162,-0.26384826035377723,0.12898739749773258,-0.06508322876074346,-0.07763847851489873,0.17622778127467406,0.017685905404634578,0.06903863321416785,0.08837877847213436,-0.07362358633219543,0.1431493637740685,0.08318266405554653
418,-0.10391512812333131,-0.26011449258125924,0.13456590614158107,-0.0645350997850841,-0.0731883711855715,0.16529385031285512,0.017016662664080258,0.0692280137183332,0.09130046297897962,-0.07360227681153506,0.14261326664227922,0.08210572165135352
419,-0.10391906074427865,-0.259769593797673,0.11746831862080417,-0.07388378958386076,-0.07371874622446176,0.15553907738478268,0.016853843754488194,0.0691611714846984,0.09083724982554517,-0.07506232866481728,0.14729343592397212,0.08211771146130259
420,-0.10332498922021142,-0.25981255775444634,0.0866188234085289,-0.0780847996372079,-0.0735611529146393,0.1513347432549038,-0.007504194144759023,0.06458891287758209,0.09091816746665539,-0.09314228002707925,0.14707486418242485,0.07758599224686874
421,-0.09911658673555554,-0.2588958290993301,0.04858062066185438,-0.07784458666241346,-0.07360199256710492,0.15146593734678748,-0.040438949158446716,0.06505229058112606,0.0909090681929799,-0.09950079603287326,0.14733836833509875,0.07795529097334117
422,-0.09969006502762615,-0.25190988522879226,-0.006763319483001088,-0.07804607552717373,-0.07358432637757298,0.1520964214622,-0.10926445837619374,0.06493012120528739,0.09090867941804039,-0.10888804924264125,0.14656627200298383,0.07833563183180227
423,-0.09953918154692966,-0.24032356708623934,-0.07258565907730122,-0.07745464139581931,-0.07360787241982758,0.14708156246973755,-0.16549042810867912,0.06482336289988595,0.09090925389109294,-0.10698142654123066,0.14878488280300387,0.07510018829769222
424,-0.09957227256839826,-0.2372519458451464,-0.1118679535815039,-0.08121800542343102,-0.07363249760576089,0.1336901420081422,-0.20909575826947832,0.06534942505450105,0.0909090478816939,-0.1034906898584181,0.11002926558097575,0.07377883500133821
425,-0.09956651665048953,-0.20607742484386793,-0.14426633079996817,-0.08237133861226582,-0.07293599574115547,0.11430520498745265,-0.265911245742992,0.061094582576190534,0.09090908911611228,-0.10402222045289293,0.08077391164737868,0.06965408290797889
426,-0.09956705323868469,-0.19904793481734703,-0.19254435149660276,-0.08225315182170909,-0.06880727177944151,0.09914049898906564,-0.3118323659784793,0.06061969963021888,0.09090913307728926,-0.10375629430210254,0.042689417272522776,0.06928737443235641
427,-0.09956516941138725,-0.18240032862275074,-0.2567536592445647,-0.08213452483952907,-0.06937721053569405,0.07940192659915384,-0.3313286733286219,0.05947488685036956,0.0909089777624098,-0.10424043892070649,0.03144696891135275,0.06919464471862465
428,-0.09958407817721956,-0.16008959118023647,-0.2764190155778669,-0.08321483775443549,-0.06927100543850834,0.067512375306016,-0.35056742823479525,0.05216513315637564,0.09090910597756119,-0.09965967734167604,-0.006325473166310389,0.06958394820579339
429,-0.0994701236724839,-0.1305271234681408,-0.30083659752831016,-0.08803178359079496,-0.06915260546434134,0.04868502884462384,-0.3636237605471402,0.04495804727452705,0.09091141783234566,-0.09963264839534086,-0.0229738041734003,0.0672436925095353
430,-0.10001426248297764,-0.10808044501010981,-0.33669354907599447,-0.09614702769985843,-0.06954413264915127,0.013235424609024769,-0.37008488691097285,0.0338074972518801,0.09089023262164511,-0.09953384743496699,-0.041853332226031936,0.06499149452457799
431,-0.09658189458439138,-0.0780560125847541,-0.36202075938921446,-0.10005178944503552,-0.06491384867604354,-0.006099898008246506,-0.3788052947866188,0.02895709638611024,0.09101286861947162,-0.09959473743983752,-0.053080604744044906,0.06179942873040217
432,-0.09505517849487558,-0.06088015257441133,-0.3715739467360139,-0.09956617880493755,-0.06497984622660374,-0.016020051317350518,-0.3811429795984579,0.02222796431193294,0.0904491023041426,-0.09947825124681996,-0.05553109195212167,0.05731892886361574
433,-0.09525216281680032,-0.051728311531290955,-0.38477696412034645,-0.09951846118843645,-0.06518711462950888,-0.030496535315092874,-0.3809991618703232,0.017361004237758885,0.09411296698467886,-0.09990029548781054,-0.06069945865193487,0.043130796671777834
434,-0.09524140862653813,-0.031928188406975345,-0.38856988195314035,-0.10445121028588907,-0.0630837476855551,-0.04592076195404888,-0.3821329707008521,0.01698266151125866,0.09536922165594897,-0.09629328517659362,-0.0706635449291317,0.03898092024535654
435,-0.09523610450631377,-0.02072045298206763,-0.3900115833569219,-0.1092289029318696,-0.06069201918485149,-0.06412451966012764,-0.4027406296016561,0.012767197247911585,0.09523681882011266,-0.09100389407002987,-0.08072385089223591,0.03813302361958261
436,-0.09523885177542804,-0.021869548107978278,-0.3902739114636123,-0.11461639428778692,-0.05743431486084904,-0.07173887321356655,-0.41270567285413023,0.01153907388608301,0.09523246175123223,-0.09080931785327855,-0.08862458631336431,0.03223381133265559
437,-0.09523735639385168,-0.021720494133561658,-0.4191933975205198,-0.11685103372714539,-0.05645332413035396,-0.0733209745919935,-0.42323780840916875,0.00807788803133007,0.09524071829240813,-0.08457541584873916,-0.09513501707412166,0.03038586184581832
438,-0.0952404897840786,-0.02118392337994475,-0.43230508855219607,-0.11949058529805348,-0.052053082352157665,-0.07870465320726133,-0.44876762416400473,0.009243762562418077,0.09523546867976732,-0.07630034092328562,-0.10889747617917032,0.027450934879347216
439,-0.09523018315345816,-0.025585774524107822,-0.4600994932338168,-0.12466668303581428,-0.05201573594776629,-0.09416885136456897,-0.485725779743237,0.004897755946603864,0.09524707957326159,-0.06897142275760382,-0.1234514066593518,0.02220037023827317
440,-0.09525574961024373,-0.02597724920918569,-0.4861521560687059,-0.12974310980791814,-0.05191727711928508,-0.09523962449401828,-0.49240014471408516,0.004431903192030642,0.0952059766491315,-0.06419327756253415,-0.14723209227141665,0.01730813150762798
441,-0.0952561103016085,-0.030627411068201257,-0.5191755350458515,-0.12987571278355334,-0.05195098401971284,-0.09992034955921472,-0.5510789925679418,-0.00014973753322734639,0.09532207701340092,-0.06544453698447644,-0.1809127392503718,0.012727809152162654
442,-0.0947000120521823,-0.03015748218472203,-0.578812011941367,-0.12931415349161884,-0.051977344698458126,-0.09942788415505435,-0.6227915120713445,-0.0005576389882905181,0.09521429178790543,-0.06076835155888147,-0.20684505333812953,0.013268383808936112
443,-0.09038628893055678,-0.030440538717559223,-0.6237295302916102,-0.12325358261882786,-0.05182431505852468,-0.09960625938739705,-0.6599654371573302,0.004706381085334696,0.09985387631374312,-0.06043541851817396,-0.21854487738737105,0.011599870233454495
444,-0.0914281480112185,-0.029843919578622456,-0.6896729424482193,-0.10867608972659959,-0.0523349338640793,-0.09955753270753241,-0.7033634222276567,0.013060203022695031,0.09944980175081715,-0.05587909018009182,-0.24873412779319412,0.005640908710509458
445,-0.08835790242998562,-0.03346506138223538,-0.6470311094134139,-0.09028849148437473,-0.047852113237062774,-0.09957102676252087,-0.7223999375536322,0.03995974013822932,0.09960039609981625,-0.05632240360072304,-0.3107753380560567,0.004597822989576751
446,-0.08634109161263706,-0.03485137050784138,-0.6172783846293212,-0.07850451636581617,-0.0476632569231137,-0.09956092338956331,-0.661663987564583,0.05655732519467222,0.09955927016365768,-0.05667323387188713,-0.3392833537486933,0.00048202594227380376
447,-0.08652978895924207,-0.03459739008633611,-0.5863784249547516,-0.044829135053955305,-0.04754363138513613,-0.09956937636105358,-0.6500271343661466,0.07045170831045801,0.09956914837913385,-0.05345967971950813,-0.35491944758996685,1.4983045729279401e-05
448,-0.08664033235507691,-0.03923691536577474,-0.5622848456855813,-0.04303789279533902,-0.047943745186054876,-0.09967661409768788,-0.6171840287824674,0.11307972753545478,0.09956527860742301,-0.05173711107790369,-0.34922157701116746,0.001185728478538807
449,-0.08200445710552434,-0.03882893814476006,-0.5237528704837514,-0.021819716191714755,-0.04558551470168719,-0.09856084759041442,-0.5833005159245994,0.12722817911942838,0.0995676830513968,-0.051964160812809745,-0.3252640740221335,0.015065575802770197
450,-0.08230338398592901,-0.03909495527601611,-0.5152052687866183,0.003909516822608469,-0.04296227226660496,-0.09467236434306273,-0.5571897989050463,0.19467496569598455,0.09959764555932654,-0.05193976257057495,-0.3070906760279002,0.031170159735814714
451,-0.08256784902504925,-0.038497402760559914,-0.49963770408620584,0.020280167978796997,-0.04323918123810371,-0.09580253270018943,-0.5456405382315873,0.21757344253927452,0.09931148280844675,-0.0521186405231801,-0.2942055400758437,0.05934328352101865
452,-0.08001825711004965,-0.042090481416010066,-0.47895721310046263,0.04488009476113002,-0.04354323953325636,-0.09208941279798552,-0.5339924841098772,0.2560612134381994,0.10130497800749125,-0.05063601367611214,-0.2734489812128955,0.09040298671943374
453,-0.07747491785223459,-0.04343838596504504,-0.4796182546431609,0.06098906091341305,-0.03890879202093311,-0.0907634370738881,-0.4923904152705221,0.31590870847706254,0.10429591261895753,-0.04717075627908138,-0.27226284906984854,0.11534301423104096
454,-0.07835676755579933,-0.043284762182389566,-0.4591990364040106,0.06410458273291525,-0.03901106747745615,-0.09091425313857569,-0.4845032048068726,0.3433890864273716,0.10382115954840099,-0.04771571432735084,-0.2730442874715508,0.13305688813737632
455,-0.07380125622593536,-0.04328461066245156,-0.43174333009667876,0.07382439307297764,-0.039198573509856144,-0.0909139295347482,-0.4713543439920133,0.39468304937049703,0.1039060248578529,-0.047602451595303526,-0.2493728919802422,0.20511820000366085
456,-0.0736198524693775,-0.043296813634270515,-0.42985025867924087,0.08261699999440404,-0.03718724776818253,-0.09090691911720526,-0.4481139881494315,0.4166263807084845,0.10389590784929896,-0.04762082982069952,-0.2473883796216577,0.25029559398830425
457,-0.07376415536443366,-0.043263045392677904,-0.40115709027003316,0.08321502122155224,-0.034112990430680966,-0.09090985810045894,-0.4385563464021355,0.4630361470092187,0.10389575894148684,-0.04761916035068008,-0.24334283447002578,0.3175415405387834
458,-0.07216485151547593,-0.04341116371033274,-0.3473377095016771,0.0871543780353467,-0.03515421397128802,-0.09090831726667538,-0.433491789374829,0.4763738838144868,0.1038959217656053,-0.04761890624117649,-0.23767326673970393,0.36290108871102517
459,-0.06925792653298214,-0.04283237796488605,-0.3062198818887207,0.08618616075869166,-0.030834922070688282,-0.09091147918296426,-0.42370517089145465,0.49643780447004265,0.10389797978941322,-0.04761920076045549,-0.2354055940732505,0.3835321466151036
460,-0.06654550578508361,-0.0469889141282161,-0.2620810282345285,0.08917887752178498,-0.03028679250947387,-0.09090231717503129,-0.4067321280890481,0.5017788422451254,0.10388748366758101,-0.04761847343853081,-0.23296759272923842,0.4152178361136985
461,-0.06499297587692525,-0.04764973628667805,-0.22565839512746955,0.09811373709537104,-0.030282952958348635,-0.09091630488787195,-0.38386037361108805,0.5133914463471358,0.10392780498879295,-0.04762144741884413,-0.23442947891652954,0.47914134329305563
462,-0.06127695157817966,-0.04763570397991781,-0.22151444798440634,0.1081851786568717,-0.030328993481695796,-0.09099492247311992,-0.3680682536988308,0.519439910618806,0.10381105727841954,-0.04761071584129114,-0.20701203915514554,0.48432154417262924
463,-0.056240575760046305,-0.04761109170648103,-0.16912019088174735,0.11390725770114433,-0.030197246469517405,-0.0900087845333448,-0.34166153647068165,0.5291250439913848,0.10393801904969749,-0.04763899953149571,-0.20197141015759443,0.4858174467336323
464,-0.056398443488487424,-0.047621320919628396,-0.14590077637327237,0.12784290218880645,-0.030781858885506667,-0.0861133807499878,-0.3079929190697273,0.541337253880365,0.09926266344336569,-0.047628062820247646,-0.1529101985134157,0.49070929951833714
465,-0.0556965644443964,-0.04761908460125703,-0.09424569765210929,0.1413685651855821,-0.02719648631050592,-0.0866930831238719,-0.293410947708553,0.557382066235446,0.0999337840658357,-0.047102520673284166,-0.12379734523959836,0.49652224924231225
466,-0.04780659696203691,-0.04761677303574465,-0.08296882749109731,0.15453145152226552,-0.02615919770172434,-0.08655758120360554,-0.2399784503045858,0.5741145331260145,0.09782205226870262,-0.0428452412012964,-0.08830291061594733,0.4965345526091293
467,-0.04306260954730165,-0.047626144611228174,-0.04109796377904837,0.1605394945228917,-0.021862451779872772,-0.08658346641973001,-0.22717462354415213,0.5762369573860091,0.09483417091388342,-0.04340582787428151,-0.0696708436730283,0.511485219199058
468,-0.040253445510277944,-0.047609519283658405,-0.02251499399880992,0.1437032222287033,-0.021760504258210175,-0.08657986946422797,-0.18879162042893993,0.622994649057603,0.09534453444996208,-0.04329515945989767,-0.06153888548703047,0.5238582405795067
469,-0.038821386610814794,-0.04754539795064024,-0.002842942170244295,0.11323368531818155,-0.02080464559414073,-0.08658001026280802,-0.17330672340558326,0.6532108452818556,0.09514223418200421,-0.043176291566898756,-0.03217125645928583,0.5252723213316058
470,-0.03894612995038364,-0.048462744115777154,0.02205497521762713,0.09180960078544258,-0.01718663404988022,-0.0865801265756929,-0.15299813835122925,0.6559835100520265,0.0952862890734508,-0.043596944930425575,-0.010923924872543893,0.5538951240333766
471,-0.03859657692653664,-0.05238976422861575,0.040311280658653664,0.03569837517135731,-0.015347511065923844,-0.086580074185606,-0.11942475493079291,0.6076380652661776,0.09060750133989172,-0.03898106806292026,0.0038228330510714677,0.5589209360158003
472,-0.034440242249099674,-0.05195095991485386,0.06492474081554049,-0.028797701020136734,-0.012610387207336454,-0.08658008963702274,-0.1081124995898451,0.5638591331015178,0.09129101086810602,-0.03903756800316098,0.03294158560206047,0.5717654473057278
473,-0.03320197889361682,-0.05150731984188001,0.06994136546794755,-0.064539413583519,-0.013050646558120943,-0.08658008595864904,-0.10191898131886261,0.540425876376469,0.08907349621359466,-0.03892974135091273,0.03991369537474314,0.6053524143953638
474,-0.029859007607145445,-0.05552815358413174,0.08064540252895216,-0.06550463675797759,-0.012981413425261691,-0.08658008667687853,-0.09241389140414472,0.4813256359417662,0.0866387240056416,-0.038969934285502716,0.03837815605957743,0.6457374842239175
475,-0.030343693377683955,-0.05633123771052083,0.08896688840563093,-0.09868156604626263,-0.012988334358380215,-0.08658008657270334,-0.0808869090228039,0.4290426375850646,0.0835214732738068,-0.038959126378402674,0.04673778534728846,0.6038434859395304
476,-0.030452983265947413,-0.05628996173735227,0.09118914338767668,-0.11237692706692122,-0.012947083709646569,-0.08658008657832797,-0.06953206488055441,0.40769245547748123,0.08209087277238779,-0.038960811811068544,0.06104898393524407,0.5854397567530404
477,-0.026600630730694647,-0.05626950130965897,0.09073946399402766,-0.11739209635434779,-0.01327338418920178,-0.08658008658111598,-0.06937944816581096,0.4025565235431579,0.08225851519283514,-0.038962705835084405,0.060346794088149976,0.5237130323852468
478,-0.01715654194565235,-0.05627947172592141,0.09126082921183658,-0.1271097625346,-0.011115284276659691,-0.08658008657975808,-0.06843118219964187,0.40262781795548336,0.08233309236138302,-0.03895971095559862,0.060688797968667114,0.5118637268501596
479,-0.01609069344473202,-0.05627642739498092,0.08668711704180672,-0.12919264936669755,-0.008272415284167712,-0.08658008658016912,-0.06480629712885119,0.40255242145561443,0.08149780378263602,-0.03893505420090281,0.06058526800433986,0.4819806884544658
480,-0.007695497333764385,-0.056277274321097165,0.08664166852874632,-0.1358258026755177,-0.008731294939400929,-0.08658008658006945,-0.06296210052894352,0.4027813529423664,0.07576008061816521,-0.03919655535150701,0.06061037151654206,0.47569182282298744
481,-0.00883184628045971,-0.056276742862434594,0.0865506338530185,-0.14598085783875864,-0.00864286886362248,-0.08658008658008932,-0.060231482034074565,0.40080494868288424,0.0733328326508918,-0.037337921532224566,0.060605368885224026,0.45594610580605727
482,-0.008943011970228098,-0.056277583792239357,0.08658904574051118,-0.15346474076966723,-0.008660008592295902,-0.08658008658008634,-0.06066910738263737,0.38709543684767656,0.07351108361386288,-0.03420742181327547,0.060606116066724725,0.4545354769846848
483,-0.0057441097431046905,-0.056278942555185556,0.08657784548340282,-0.16370416050714703,-0.008768503419129298,-0.0865800865800865,-0.06059963773279642,0.35577253964434863,0.07396612627001399,-0.034746817074729874,0.06060605235472752,0.4549031703734917
484,-0.00029348348357457425,-0.056250671106444855,0.08658070683788387,-0.17356013318089308,-0.007659334218740488,-0.08658008658008726,-0.06060550635909659,0.353623627441815,0.06929810801697445,-0.034523896267898105,0.060606307370014864,0.44900716306376176
485,-4.829251490909678e-06,-0.05644895494346754,0.08657948259213907,-0.1961713299900244,-0.00386339417869034,-0.0865800865800823,-0.0606065763312251,0.29390912728270174,0.0685632476153723,-0.034748267820359155,0.060604411840861065,0.4146049224720805
486,-7.975283611105805e-05,-0.05542437200175541,0.08658099704895503,-0.22278633863515895,-0.004439615875754014,-0.08658008658010778,-0.06060587998120457,0.27248951884846256,0.0596488716693295,-0.030084790408646832,0.06061424942016907,0.4162451043663125
487,0.0008221903463746981,-0.061869539119938505,0.08658385664596743,-0.22552897434504027,-0.004307771700264463,-0.08658008657999995,-0.060606108780687847,0.2296332381025312,0.06125692616505029,-0.030412144203287608,0.06057260166377176,0.3758417563601858
488,0.006556237672473593,-0.06536671140700036,0.08653064767732509,-0.2574329093388771,-0.004330405624913205,-0.08658008658036934,-0.0606060499535084,0.15719911092353284,0.05805152234308089,-0.0302701834096322,0.06071527616138438,0.3282397370571484
489,0.008948740310433132,-0.06489640015118343,0.08689860689636847,-0.32388188754946473,-0.004331273850191954,-0.0865800865795255,-0.06060606251164977,0.10029338446339053,0.056332433393888215,-0.030308347624637164,0.06038933262248133,0.3179616267481819
490,0.008610384698587875,-0.06493852545895139,0.08452846600796804,-0.3511807363360342,-0.004348046585563104,-0.08658008657874099,-0.060606060376538595,0.0512503613738259,0.052897106898003116,-0.030312675832211085,0.06505503153223546,0.2604003879445993
491,0.008641744744362903,-0.06480208184108818,0.08189373873049906,-0.34191851525015,-0.004123664806514197,-0.08658008660294185,-0.0606060606025719,-0.009026962650289242,0.04767659849854938,-0.030268684059310692,0.06482599681345075,0.1906287218533436
492,0.008681339499231066,-0.0660129976360233,0.08231451924168938,-0.33765491882771126,-0.005787286711284943,-0.08658008642545202,-0.06060606061811642,-0.05434371535811903,0.04777578114046595,-0.03035687428031056,0.06505070315377168,0.18254726892855094
493,0.008981003826453594,-0.0713053216572361,0.08223969623607705,-0.3365434238586779,-0.009072613571785888,-0.08658008736321164,-0.0606060606015836,-0.08817848164065417,0.04655731679564094,-0.030596852314909728,0.06450804980697143,0.12861262999262746
494,0.013413725195428631,-0.0765849002555672,0.08224471384817957,-0.3332713111853635,-0.008655459843605625,-0.0865800833210234,-0.060606060606361464,-0.09634029247509732,0.04319405164810048,-0.03424277613618396,0.0676649957255265,0.0772222010795078
495,0.012768829112845312,-0.07810777091129498,0.08240082050886224,-0.33083365731795905,-0.008385228186771183,-0.08658009750517487,-0.06060606061018891,-0.115212134616177,0.041041370668933215,-0.029713221129226492,0.0694940173960816,0.052964116159870275
496,0.013457100756815388,-0.07790120482997726,0.08105967812871143,-0.3291569973266206,-0.012461192337999335,-0.086580063014067,-0.06060606058995083,-0.11181038256132501,0.0385161648118592,-0.030451553980644742,0.0692396994246405,0.012806676098998937
497,0.010080138366819365,-0.07791884960170473,0.07749298622144929,-0.3252538473876957,-0.017363029892073382,-0.08658005122070508,-0.06060606064981942,-0.11331153060973954,0.03936906140047664,-0.030272096959717786,0.06926239826755402,-0.022740702457169575
498,0.008451636757391717,-0.07796564972727474,0.07790116579792386,-0.3206103258978682,-0.0178804096465971,-0.08658087794435056,-0.06060606057742303,-0.10399140934934996,0.03469122684223175,-0.030308060916297196,0.06926584046432795,-0.05392283299952791
499,0.008689954511929962,-0.07762439163574304,0.07834443496445036,-0.30183435418439347,-0.022125471593554304,-0.08657450605712698,-0.06060605990674806,-0.10339207989660551,0.03432527535900582,-0.030302575196810993,0.06926347001836536,-0.051254572291629635
500,0.008704312702911166,-0.07987138646242661,0.07408339265872928,-0.2969751530881846,-0.021517546345090156,-0.08660896218772703,-0.060606066793088886,-0.09311578375939726,0.029864810051188,-0.030302964941332167,0.06926408455889224,-0.052102890332684185
501,0.007979242364512472,-0.0825891859909076,0.07358768880667194,-0.2759302080710191,-0.02167111836989026,-0.08645770225584534,-0.060606025157011266,-0.08109474146937068,0.030337724788640618,-0.030303077244204158,0.06926467789591832,-0.052041222853067684
502,0.0038918866793095346,-0.08230047923898662,0.07357332972357825,-0.23383417091225578,-0.02164794056827965,-0.08700075141270053,-0.06060622370104414,-0.07094320094263842,0.030724490430726857,-0.030303012491900636,0.06926185725903748,-0.051494276603710865
503,0.0043409347662030804,-0.08199307360883047,0.0735966332625406,-0.21885650424588063,-0.021625766706654524,-0.08266548121965533,-0.060605437577663596,-0.043530709809837184,0.027218786186590495,-0.030303045603737602,0.06926920260539995,-0.053014033292783085
504,0.004759204619591708,-0.08663372185910258,0.07361751577132594,-0.19146672762866293,-0.021643318328905932,-0.08228021699805745,-0.060607902002926164,-0.032998162109313375,0.025820063177793083,-0.030302982921408744,0.06926816108577626,-0.03442247226531906
505,0.0010378237856454408,-0.08648092768662387,0.07347214933738962,-0.17414111511345443,-0.02209365532677853,-0.08168629224961783,-0.060603603582898014,-0.03535510680365016,0.02597883153062885,-0.030303184962584447,0.06912057259252279,-0.034889611120957384
506,-0.00018690850705405516,-0.0866945891823474,0.07404982885390175,-0.14626870343532225,-0.026549070893809913,-0.07740453331524315,-0.06058719059884673,-0.011979755598345604,0.025953224226841536,-0.030302704080281278,0.07044238897809571,-0.03518822082041637
507,-2.1403838653288103e-05,-0.08613741571552272,0.06989754696406936,-0.14499128056453425,-0.025095779476601604,-0.07844265920214298,-0.060809095157505204,-0.005861700585196377,0.026208794620449512,-0.030302475115734882,0.07402966156872506,-0.029912339789906605
508,-0.004627159861998333,-0.08931526624422104,0.06923005596337936,-0.1242497255192587,-0.030820592961610174,-0.075306613786922,-0.059157066800779104,0.013234543236869008,0.024331715964898953,-0.03031449527248251,0.07358166501033796,-0.015054151322212751
509,-0.004195014085215288,-0.09066585722887212,0.06924837753787509,-0.11034782027121429,-0.03530008123889677,-0.07333173802192497,-0.05572567480513939,0.019564904443159867,0.021241093888280282,-0.030222995883547158,0.07329146876671627,-0.013577885892265353
510,-0.004462440167523021,-0.09491368506670315,0.06927188218496115,-0.09767641683045127,-0.03430085747722494,-0.07364598692992305,-0.0568349733679448,0.024308830705865606,0.02169210010651232,-0.030715579410198503,0.07718425628452777,-0.005205828702362211
511,-0.0038716213761219452,-0.0952686488750238,0.0692616647344211,-0.09173404592725257,-0.03874292000476032,-0.07359849896417545,-0.05273039471816652,0.02966045915698312,0.02172639216179466,-0.027634303877944952,0.08226376464272483,-0.004325958001245293
512,-0.007412254479847297,-0.10453492115119427,0.06926466467107642,-0.08698814587956175,-0.04337463774155942,-0.07306012865615161,-0.05189492456892589,0.030356666655477326,0.021560488204294587,-0.025760274415361575,0.0821928700390225,0.0008763776632647407
513,-0.008882147461003298,-0.10364877960118721,0.06926394660452646,-0.08214271078209821,-0.04407339102418767,-0.06908491042008029,-0.05198224707180402,0.03031095373678731,0.026221116826038157,-0.025930336188983053,0.08225881583232683,0.004438978574608695
514,-0.008576616132117644,-0.10396539853932711,0.0692640889987876,-0.08232800428750019,-0.04811031608469997,-0.06761281217318764,-0.05127711694114199,0.030296541956847233,0.02585839356899633,-0.025925128793690546,0.08232893929372803,0.005654882422545761
515,-0.013530397068882693,-0.10387809981279465,0.06926406752913804,-0.0822252908602521,-0.047498103108677615,-0.06439147475491343,-0.04707223535577529,0.03031089311572379,0.02602146084623393,-0.021320856996446282,0.08188185271066768,0.011591660478452165
516,-0.01740407782449486,-0.1039074359635136,0.06926406898825904,-0.08225793967562044,-0.0476417624974604,-0.06545748498374805,-0.04815841943054309,0.030272476800844838,0.025901889503598806,-0.021765900963878617,0.08514113212692298,0.013181226268950462
517,-0.018703566681632644,-0.10387386688090916,0.06926406945352233,-0.08224900056284035,-0.04762240329772385,-0.061096224504835143,-0.04487128479766432,0.030427967451107152,0.026218328296058295,-0.021611898501504107,0.09022853440118193,0.012962338028669054
518,-0.02218419142430756,-0.10390126930699198,0.0692640692008975,-0.08225346471352231,-0.047605915555118464,-0.06060087915575758,-0.043053106344029334,0.02988213142047767,0.025282687596472297,-0.021652491491345585,0.09522239767084476,0.012987189129836542
519,-0.0212182951492442,-0.10433453121898094,0.06926406928050481,-0.08224629547044081,-0.047575165522869056,-0.06059189324045536,-0.04333321645209204,0.03426491927535966,0.03442063297566714,-0.02164364494202208,0.0952092955697035,0.012979725717688888
520,-0.024748180607010294,-0.1087108749953061,0.0692640692605099,-0.08224591681175279,-0.0482893264414654,-0.06056493984220711,-0.04331068397815227,0.03461264179108621,0.03441116530499057,-0.021645223570058904,0.09499201570801796,0.013055283044191447
521,-0.030154551596790122,-0.10782900875507608,0.06926406926468864,-0.08239445543799229,-0.05249700278989737,-0.060877657055911936,-0.04273138585249807,0.03469410913917225,0.035625176274577286,-0.021645019583927016,0.09704741022354978,0.01260577287816022
522,-0.030421695578359807,-0.11021665089108519,0.06926406926399963,-0.08109290580518075,-0.05138120130317281,-0.058634451314981115,-0.03845632213280887,0.03434609779370201,0.03940947050025519,-0.021644390330341337,0.09960019763506842,0.015440032702956553
523,-0.035041631887758835,-0.11610391202420271,0.06926406926406627,-0.0773589054160375,-0.05479126058071251,-0.05275639766824663,-0.03937007752903226,0.03646519835374923,0.0388540434827674,-0.021650032376884867,0.10232010361231487,0.017599384166552646
524,-0.03428109234222746,-0.11666094299378522,0.0692640692640737,-0.07847925474498588,-0.05608653003256858,-0.05207677361709966,-0.03685239597774326,0.039487942047847675,0.03898174494686525,-0.02161747055632017,0.1074733115091871,0.017277952037685174
525,-0.03620913887456582,-0.12114990581819766,0.06926406926406754,-0.07468589613845267,-0.060176999985586364,-0.04774028661062,-0.03102912709220709,0.03838409836602944,0.03895852712834934,-0.021767761761505147,0.11252071414209783,0.01731687079754797
526,-0.04193430425478459,-0.12113947727160211,0.06926406926407011,-0.07338903815850006,-0.060595202664607634,-0.04320138854230556,-0.030454496174714595,0.04298482261403907,0.03896068636284859,-0.021194837791149716,0.11288191693932557,0.017309971675061223
527,-0.04359261724887582,-0.12122704729849904,0.06926406926406749,-0.07360708419102126,-0.06062074771486644,-0.042405686818935834,-0.025997328451037093,0.043266453676041386,0.03895474702228865,-0.025422370635490858,0.11740234201435817,0.017380528114845945
528,-0.04297890077395683,-0.12130206627814596,0.06926406926407533,-0.06898270402950035,-0.0606677797853679,-0.03837409502750454,-0.020961869545251352,0.0524261037778634,0.03902247882908736,-0.025989924056528346,0.11637438755829044,0.01694534783464475
529,-0.047623369691605175,-0.12076120237819761,0.06926406926405337,-0.06937852563134762,-0.060227607916441814,-0.039520499405384706,-0.01723278550443835,0.05273705504855965,0.03859980501876162,-0.025994373213777417,0.11932456124072587,0.019699427736777426
530,-0.047540977240000705,-0.12429754859610591,0.06926406926407618,-0.06923134708820494,-0.06305404136708094,-0.03588784781418736,-0.015627328338358823,0.056837761546632413,0.04129132581884172,-0.025953031762972093,0.12140241277844864,0.02194206941711146
531,-0.047655200684983204,-0.1256984601438486,0.06926406926435132,-0.06927173761419896,-0.06533779870371247,-0.03437874340787657,-0.012915437424081034,0.056029983413868355,0.04359529983626285,-0.026049313562508516,0.12145413685247328,0.02160109688319843
532,-0.04758121801003425,-0.1255339540819591,0.06926406926167189,-0.06926258920985948,-0.06456464607327717,-0.03473424306044078,-0.010326460942035152,0.056756013878546764,0.04324414632563735,-0.02564022005445929,0.12094216923394717,0.021648652783578626
533,-0.04775156861019628,-0.12553645855548845,0.06926406927761151,-0.06926428023203297,-0.06918737742474668,-0.030155261660160908,-0.005028043940647901,0.05254782812795501,0.043294263739244755,-0.02859215631759474,0.13485146908345874,0.021670464891874366
534,-0.047129259885260254,-0.12554359873238338,0.06926406920227239,-0.06926405931185121,-0.06919881115826476,-0.0295087384308071,-0.00016285110666777044,0.05192128358990335,0.04331444546153444,-0.03413871517486462,0.13460275346852385,0.021414976929379322
535,-0.05140612464896652,-0.12553863480152055,0.06926406949862339,-0.06926406309472569,-0.06929789078881979,-0.025371333615095644,0.004664539492391692,0.05193755196487724,0.04306239472488177,-0.034682380292175005,0.1404107622702464,0.023242111167236353
536,-0.05186854274301839,-0.12554985716231895,0.06926406857624592,-0.06926407257555693,-0.06922970145754392,-0.026573847216990684,0.010821654587141235,0.05189598362428865,0.044883137829149676,-0.034962742856536166,0.14508925304258785,0.026392897877453
537,-0.05650317752089468,-0.12550822582532348,0.06926407015239831,-0.06926406592284659,-0.06938531492428125,-0.02280913356627911,0.01789716975032441,0.05229903937764908,0.04803739421171345,-0.039372299126400376,0.15013867558463914,0.02589105039436215
538,-0.056160769523868836,-0.12563773738385486,0.06926407653026918,-0.06926408104294218,-0.06880052083812953,-0.021833106986355738,0.018905053952876526,0.04968779996957917,0.04753683723655399,-0.03881237158517677,0.15490124962653434,0.025986798769670673
539,-0.056319421422203385,-0.12542065596299612,0.06926399234289508,-0.06926402417885985,-0.07285477149172494,-0.017477154071717384,0.025059755797395947,0.0472982002801867,0.04763102678668354,-0.039110143581840714,0.16011932966189557,0.025972663300873392
540,-0.056236888376426264,-0.13009120388486087,0.06926453764198039,-0.06926420693964153,-0.07364908572080703,-0.017455495415913406,0.025813618455621197,0.04766897016441497,0.047618406248514614,-0.038492593033209704,0.1606576077312252,0.025968091972478513
541,-0.056403839236417064,-0.1297031154229341,0.0692618239304178,-0.0692638521660835,-0.07360494701140273,-0.01642376134055999,0.029952937579748977,0.04761517886735311,0.04761873185580679,-0.042579870159344016,0.17031317729371193,0.026032635910330743
542,-0.05587343100207096,-0.13025224688784956,0.06927303016443102,-0.06926294544424037,-0.07358576160030421,-0.012529973533238564,0.034862781299221095,0.04761789580752385,0.04761919512068263,-0.04333780423582729,0.1749052711511343,0.02562157335018485
543,-0.06031273026231101,-0.12761780306430967,0.06923547565101917,-0.06927768551665026,-0.07359545979874135,-0.013098999058448076,0.040800960992182035,0.04762257226076761,0.047619036782641934,-0.04330509344110607,0.17783350607089413,0.028236115575570195
544,-0.060576594641396454,-0.12522005947868972,0.06931805879981501,-0.06917809164911518,-0.07359245923593999,-0.012964409829385376,0.0484309517745157,0.04759999371118858,0.04761889316029901,-0.043267783712914586,0.17753481018932998,0.03055555768624585
545,-0.06063147379438493,-0.12559421648456542,0.06941932401873746,-0.06968473778758702,-0.07359320559317982,-0.012990489762869501,0.04748861818208112,0.04771147647759619,0.047619681025736986,-0.043383211329432195,0.17713155858379534,0.030463195751715362
546,-0.06059577115344274,-0.1255317272962787,0.0739564137776636,-0.06648964699944711,-0.07359305083548175,-0.01298676201903412,0.047338194985467215,0.04724396645393984,0.04761718944351406,-0.042851615874011796,0.18161837477364376,0.029992516001072098
547,-0.0606162209266166,-0.12550507877593964,0.07346994347454525,-0.06460902928185484,-0.07359307610206997,-0.012986944472783531,0.05061493027397234,0.05078475205945849,0.047621234492175264,-0.046178383485876336,0.1816927367314996,0.03927406534759373
548,-0.06057224880383278,-0.12594714101124788,0.07362540225870101,-0.06517825318538685,-0.07359307373550471,-0.012987052824939196,0.05616109824163479,0.05583135358894524,0.04764104913861129,-0.047791368200158516,0.18275588826497513,0.03954954760359328
549,-0.06072328508562449,-0.12261128779418562,0.07358601178038142,-0.06050008685509065,-0.07359307314703134,-0.01298699186355157,0.0564817489102172,0.060692922769787015,0.047396771813511575,-0.04765186111997257,0.18593026926506578,0.0438229285018738
550,-0.060309716804828314,-0.11604647901264359,0.0735943179733945,-0.060698779902969666,-0.07359307565703248,-0.012987059470670503,0.06611759605023503,0.060529984863990305,0.04918797065312503,-0.04780263231107973,0.19038104294995553,0.043156860086142154
551,-0.06492394609152656,-0.11693732019045963,0.07359292893123247,-0.060573951206539196,-0.07359306302616916,-0.012986839248132952,0.07081259477212756,0.060632937853320294,0.052369292486723645,-0.05232697283534207,0.1955021633276257,0.043318077749564345
552,-0.06485066682612325,-0.11724556806372224,0.07359306935667738,-0.06061419855265837,-0.07359311939439668,-0.012987556532902969,0.0735597615937972,0.06059652263507202,0.051864649383948025,-0.051821705707704356,0.1946750575640513,0.04328366965334934
553,-0.06503316136813765,-0.11278952283967587,0.07359308194440459,-0.060605898511857714,-0.07359290903206192,-0.012986077846602247,0.076248306275282,0.06061831634277812,0.05196037762327122,-0.05198828019939195,0.19484910084387078,0.04329386904259258
554,-0.06455335305824177,-0.1126012434328197,0.07359307092921355,-0.060600455415216824,-0.07359350807627052,-0.012983173654598184,0.07788343050372891,0.060568772650034096,0.051947333063199506,-0.05190757640204707,0.19495073597538906,0.04330432450316466
555,-0.0673085491898885,-0.11247686887286139,0.07359307173989282,-0.060620178423360295,-0.07359286401750009,-0.013037793392481772,0.08149400832129385,0.060694316678681456,0.051947747982161285,-0.05205984123057733,0.2002929834007361,0.043102008813873806
556,-0.06956677539550889,-0.1128819134265558,0.07359308538411803,-0.06061251754778452,-0.07358555381584973,-0.012660312739423992,0.08658758589215916,0.06064631094484255,0.05194820400526239,-0.05172218782020707,0.20356986134146238,0.04468113786766546
557,-0.06921881138681545,-0.11047751862579233,0.07359303008621772,-0.06023642543189697,-0.07365754501099783,-0.015100305962031163,0.08740017757357062,0.06488410891783918,0.051948005615525955,-0.05638270784143674,0.2050302820194583,0.04807715209794749
558,-0.06926694480003359,-0.10775547287716782,0.07359319064778358,-0.054660333148246185,-0.07322727293193342,-0.017627860312851767,0.09732217724373529,0.06789210467688839,0.05194806340604478,-0.05622600138219842,0.21106701773413977,0.04745536534720249
559,-0.06926474313124303,-0.10868526999333446,0.07359300173631447,-0.051923897818022764,-0.07592353195798247,-0.017367358218320278,0.09946127578786221,0.08110665349145864,0.051948048836049546,-0.05600797021277332,0.21197754795313759,0.047864274671408705
560,-0.06926734815692996,-0.10417107157287185,0.07359116950670312,-0.04986038811435956,-0.07823186231519272,-0.017113846678882015,0.10168459283309612,0.0824424326281883,0.05194805488673826,-0.05824024572867135,0.21594898992298997,0.04717616765533074
561,-0.0692407888209626,-0.1039332439152239,0.07360979247807029,-0.044590517843461,-0.07787502953592063,-0.02177672650787804,0.1069189077922383,0.08179659722223971,0.0519480486126255,-0.0609839969212486,0.2208727765124364,0.05646536412829413
562,-0.06937725776905819,-0.10382436494818573,0.07349745073568935,-0.039396969932815946,-0.07792531005305815,-0.02153361387110718,0.11211928924510935,0.0860293495385817,0.051948023192887244,-0.06051113725203424,0.2207083509490796,0.05727654256666455
563,-0.06880720306663447,-0.10421109391658223,0.074033190182577,-0.0389496283956681,-0.07792280974552886,-0.02176213085681058,0.11256530136785063,0.08660366746351837,0.05194835232604053,-0.06068270549752159,0.22080459256529353,0.06722939703781589
564,-0.0726971572346366,-0.10189082683157785,0.07061371144149821,-0.03894172989584229,-0.07792433872096295,-0.0212149902077593,0.11256747591777751,0.0868904648827175,0.051946240691927124,-0.060672623510570435,0.22076506130063586,0.06956699896820709
565,-0.07374085916293635,-0.0990770286688834,0.06898976329532186,-0.03900221682153289,-0.07790486817262542,-0.024399604993771667,0.11256443818613039,0.0922830584900382,0.051956603082753065,-0.06526480728172966,0.22081357736060855,0.06875669410717743
566,-0.0737177226962918,-0.10007204588907807,0.0694153778137223,-0.03876238186557312,-0.07800642144783232,-0.02619703599968831,0.11245959014079085,0.09568002018533626,0.05191488618176745,-0.06481432624637593,0.2206692678149054,0.07269606263915995
567,-0.07810359696385297,-0.09549827657100596,0.0647456152399756,-0.0398626589295018,-0.07758053751833269,-0.025955374472212276,0.11299552844801218,0.09470555817161633,0.052046876257634614,-0.06496786117973162,0.22100945875186262,0.07367893802586373
568,-0.07901573206032633,-0.09515380061889249,0.06503486623440255,-0.03288178271122597,-0.08097417273434185,-0.02598021939744872,0.10954770457167887,0.09829380216775031,0.05181781594471468,-0.06492772735518533,0.21634577314562944,0.07360008383992159
569,-0.08273774342272826,-0.09049108572239979,0.06492624232678404,-0.029964512336244704,-0.08634959311521062,-0.025813748004827573,0.10795886165364828,0.09973407543873379,0.05648793493435468,-0.0649363920194938,0.21666207731505133,0.07358654879109491
570,-0.08215074443325676,-0.09133477644600359,0.0648274803271345,-0.030323770452263595,-0.08656075268588057,-0.027241479557198224,0.10835887241759587,0.09955673537584912,0.056168049142441626,-0.06493490338866784,0.21545663279530267,0.07359422778268673
571,-0.08223739032184278,-0.088937588449924,0.06539964610440667,-0.03031101042601292,-0.08659826684966716,-0.030725698863886756,0.10369465823029568,0.09956197391919908,0.056310596439339076,-0.06493506414864605,0.2097046927842765,0.07359853540978573
572,-0.08233612589961234,-0.0860976570248663,0.061449527712975,-0.030299652323885817,-0.08657368362570432,-0.030327613477039644,0.10396144027786225,0.09958127979208381,0.05626870787165475,-0.06493502616503845,0.20755330422707483,0.07356760201070224
573,-0.08222331942870442,-0.08705951046933466,0.06052909215061815,-0.030299630243167716,-0.08658180640434779,-0.029900562562981885,0.10410883211712402,0.09949283014095857,0.05627933666134567,-0.0649354290289677,0.20772977378464116,0.07368030571061557
574,-0.08674546736802663,-0.08264164510691373,0.06059775866613853,-0.030325103109018398,-0.0865797022098196,-0.03423921115985689,0.10217312018091161,0.09991897997571753,0.05627488433931516,-0.06493306558925764,0.20803479382322113,0.0733958465066278
575,-0.08746087887019403,-0.08228859900914814,0.060612968979363586,-0.03021423122121979,-0.08658015667822397,-0.03460092118763672,0.09625234581290992,0.09817126681878109,0.056279695505978417,-0.0649439095310732,0.20338762275045894,0.07804947474439031
576,-0.09138202726111817,-0.08161702683556331,0.060603282987657534,-0.030583145620028198,-0.0865800776991648,-0.03506876620480236,0.09537311618335378,0.11018295438480177,0.05629679622093855,-0.06490290811056236,0.20384621818463444,0.08277072665091884
577,-0.09091042416382535,-0.07776540136625451,0.060608817854403245,-0.026422067455685757,-0.08658008662471722,-0.04067899956006388,0.09136831858994221,0.1127499840761909,0.056063298901961225,-0.06502060715047094,0.20105144866660601,0.08933822870191375
578,-0.09047285207612234,-0.07614579197470941,0.06059692256709103,-0.021585515196248895,-0.08658008671499323,-0.04322224629218984,0.08651702577278629,0.11258563160319728,0.05780482030121703,-0.06489439336460621,0.19382152438393072,0.09605231881662016
579,-0.09455071411978334,-0.07318741822433084,0.06063721654720998,-0.021013992604285197,-0.08658008856943228,-0.045830746130068,0.08602667680945889,0.11253262100901074,0.06100102542611303,-0.0695360575887651,0.19534899740877432,0.09505719241478927
580,-0.09528389682475498,-0.0736678874894727,0.06053124017744113,-0.016829554769152818,-0.08658007469016542,-0.04788471853680395,0.08108365761667947,0.1125612555701133,0.06064435401631837,-0.06915337051070922,0.1918920594128379,0.09527043223466825
581,-0.0952517161213392,-0.07357865194302089,0.060579118335797245,-0.017444119227277143,-0.08658014042952983,-0.047587715491818984,0.07338981229008017,0.11255225112161207,0.06024498550013678,-0.06927066565472656,0.18649370515748726,0.09523426323085825
582,-0.09523053824089607,-0.07359049473401522,0.05597878858658431,-0.017279935549208654,-0.08657988416479812,-0.0476185978988907,0.06919775841356847,0.11255455728809324,0.06476334664214785,-0.0693778405593151,0.18616388389664457,0.09523803247623705
583,-0.09524050347948587,-0.07373744904723899,0.05632422362102458,-0.017350767244785386,-0.08658067165762762,-0.047611128192241364,0.06374598579109754,0.11255388817254668,0.06488043071288727,-0.06881007763024714,0.18546178183152429,0.09523761093674285
584,-0.09523748281779147,-0.07238672252302504,0.05663056811206713,-0.01724946282720879,-0.08657938508659983,-0.04769179742732554,0.04865778538853651,0.11255446217882648,0.06496816410784063,-0.0729858742476712,0.1734999343116341,0.09524329284813268
585,-0.0952382255629156,-0.06919893331623567,0.053811352169971384,-0.017233010552158926,-0.08657347362685544,-0.047224981457841944,0.0431744629194218,0.1125545423404115,0.06490125622629933,-0.07361982854533347,0.16142554783079646,0.0952097749092915
586,-0.09523807286286996,-0.0668215534164295,0.051663830463951135,-0.012651492280157047,-0.08664778651595054,-0.05016316351069064,0.03881626388629643,0.11254333819525632,0.06505551898378199,-0.07361026284388007,0.16054056285388787,0.09536186790369251
587,-0.09523809804234222,-0.06465036797935265,0.05198740878942533,-0.013108176809325672,-0.08617165047292717,-0.05222239086526162,0.037805226813996125,0.11263128949753401,0.06447124769653698,-0.07358504406019667,0.15682743317576617,0.09479597017783535
588,-0.09523809605622614,-0.06497072754818466,0.05194658828170428,-0.012954151281945426,-0.08907999351673854,-0.05189262061854339,0.034523434852708264,0.11215008776452982,0.06854278210683272,-0.07359547998806568,0.15605187798972356,0.09908536004874288
589,-0.09523808018005454,-0.06493496246471629,0.05194676010652585,-0.012994543100534918,-0.08883338034525416,-0.05194994734721659,0.03225585693611975,0.11514993733872951,0.06931189989236367,-0.07359249220258772,0.1515194299384201,0.09956888211130908
590,-0.09523820079804099,-0.06494216809111865,0.05194863458503264,-0.012985065584310259,-0.08282592837704754,-0.05241481305656275,0.029663154416968134,0.11711251424499262,0.06927958730858215,-0.07359318937542315,0.15085109305026856,0.09959051098187052
591,-0.09523754375771137,-0.06486539360553471,0.051947878358621774,-0.012988709711768132,-0.08216486232535465,-0.05669725943338181,0.031245432453184088,0.11692827126941753,0.0692406597911025,-0.07359305616430828,0.14032832097938608,0.09954025102485348
592,-0.09524047838035576,-0.06532180860242708,0.05194809398439976,-0.012986928356432184,-0.08213785985777895,-0.05625632901391663,0.01732821846351227,0.11687890347003899,0.06936327616940594,-0.07359307473084498,0.13001612106520297,0.09967068495516242
593,-0.0952295568369061,-0.06244883524019967,0.051948043493539625,-0.012955056395469415,-0.07686142877882281,-0.05584684550630669,0.017185641775991675,0.12153741746576134,0.06880014023379759,-0.07359307398062581,0.12489230253935461,0.09911644797228568
594,-0.09526059714284714,-0.06035934447178885,0.05194805326511823,-0.013243844413600252,-0.07355394093104062,-0.05944534061385086,0.011614975680278935,0.1208371674042535,0.07229343629274458,-0.07359307338792409,0.1256854700024367,0.10270924234496588
595,-0.09522720135797284,-0.0605571928862617,0.05194805183039633,-0.011263230552491815,-0.07174531258057265,-0.0607457783201715,0.006884778180614168,0.12297135008625923,0.07350161121661615,-0.07359307365696142,0.12546149548631322,0.10411954985203757
596,-0.09484241830504155,-0.060647928483121435,0.0519480518054891,-0.008245084741410525,-0.06875141561234853,-0.06060280338664051,0.002078301859088808,0.12593746067345843,0.0775705307355781,-0.07359307357723169,0.1255730291863414,0.10385094967331178
597,-0.09048362052288868,-0.05600310730160608,0.05194805335059811,-0.008768168468541764,-0.06975572357524655,-0.06060079049998249,-0.0035568773133217955,0.1254650112593144,0.08238719696352159,-0.07359307359632009,0.12053796438479909,0.10852129722360869
598,-0.09103405005273156,-0.0563932401298379,0.051948043231180636,-0.008556024420089082,-0.06537095078615424,-0.060608295249048566,-0.003861070808662997,0.12555189583680712,0.08218284382771675,-0.07359307359255965,0.11649377261615308,0.10786399445784257
599,-0.09087899688190801,-0.05624349407037475,0.0519480944839327,-0.008741569771590229,-0.06494835020030126,-0.06060541761209332,-0.012713404187874304,0.1255406269247243,0.08222642201937584,-0.07359307359311565,0.11738805852912561,0.1099473192229859
600,-0.0909152004382517,-0.05628493271783237,0.05194787925210373,-0.00408856610582081,-0.06438895547530003,-0.06060620004770747,-0.017424989286598386,0.12554033146110158,0.08247821559273938,-0.07359307359308184,0.11427680418303467,0.11295341755324728
601,-0.09090792122769031,-0.05627554389998954,0.05194861756770441,-0.004440477948277727,-0.06043191111432097,-0.06060607656907502,-0.017257529739371655,0.12554566722829616,0.08133271686668792,-0.0735930735930691,0.11292546027177937,0.11247861996663608
602,-0.09090952729632452,-0.05627726798181748,0.051946886498502355,-0.004295552294112272,-0.059002919838632276,-0.060605938938083734,-0.01738008661381867,0.12551538880299865,0.0893978598353782,-0.07359307359307085,0.10581406692057228,0.11256138513258339
603,-0.09091111647763639,-0.05627704777667372,0.05194584857134897,-0.004337087608752241,-0.05571768371661819,-0.06060616704809113,-0.017083576662775463,0.12566102406145835,0.09105473319409635,-0.073593073593095,0.09534710236273056,0.11255662234087051
604,-0.09088523915670281,-0.056277049617901344,0.05199062036157661,-0.004327542948631753,-0.05683812505686014,-0.06060788511264796,-0.019451317325815082,0.12507632234253294,0.09117909161487786,-0.07359307359298496,0.09508123833675976,0.11260411353612672
605,-0.09105924325844962,-0.05627705929739245,0.05165314588991131,-0.004328726773177047,-0.052450706039187424,-0.06058924218805327,-0.028789432603098665,0.12915943197774896,0.09561811573636221,-0.0735930735933618,0.0893918389865491,0.11209026998360203
606,-0.08968774616820455,-0.05627705538280427,0.05386892922854729,-0.004329792448284521,-0.051991516010660765,-0.06070355981964678,-0.03435502899534327,0.12990973880014553,0.09512279893989053,-0.0735930735925069,0.08687628685155913,0.11576990779236496
607,-0.08069657989333316,-0.05627705649080511,0.0566541499818026,-0.00433357334072653,-0.04712081911419432,-0.060156080885964545,-0.03899336002647823,0.12982201140741187,0.09524493733234085,-0.07359307359167017,0.08245724863431383,0.12216461558382553
608,-0.07752954287662892,-0.0562770562350299,0.056208985978194945,-0.0042752456279666045,-0.04209899783970428,-0.06364951033684152,-0.04041060758211369,0.1306246872453976,0.09532298127582708,-0.07359307361648848,0.07415515125647013,0.12059002827608815
609,-0.0779606533731412,-0.05627705628343437,0.0562854614920784,-0.004665812735624316,-0.0386014637435637,-0.06510112962081023,-0.048664050006085584,0.13475647793803225,0.09495827225624699,-0.07359307343503192,0.07380501408853142,0.12491817494458238
610,-0.07791895069733053,-0.0562770562764304,0.05627710133327899,-0.002174414726780772,-0.03896936161485666,-0.06492595134605336,-0.04695415737528623,0.13364208151897747,0.09920177475383982,-0.0735930743935195,0.06947594085291459,0.12557383212816842
611,-0.07806367111081743,-0.056277056273883304,0.056276644722979684,0.00021064530476045025,-0.03927230702873214,-0.06493074426320798,-0.05046038230873517,0.1370807970828912,0.10402493365921603,-0.073593070255038,0.06446215122853223,0.12555666003426671
612,-0.07676407652093217,-0.0562770563073607,0.05627721878900656,0.00037733725531058143,-0.03581405304257812,-0.06493718567757573,-0.052261681634262806,0.1386305171057749,0.10387263647975595,-0.07359308484944833,0.060274025314562475,0.1255332149041103
613,-0.07313258848370892,-0.056277056096731295,0.05627701029830246,-0.0040878300437992305,-0.030419812223196455,-0.06493442279450604,-0.05171256021207029,0.13871989963506753,0.10358352749273916,-0.07359304874077302,0.06070867208420334,0.1255452220218476
614,-0.07369974959539478,-0.05627705712505446,0.05627706698740534,-0.004432333315816118,-0.030130328229953044,-0.06493521005218937,-0.056390447455732004,0.13407366990064526,0.10607311652234411,-0.07359304276366607,0.06057308746082488,0.12553217577855447
615,-0.07356707371052573,-0.05627705298558549,0.05627705422041811,-0.009040238562363455,-0.025762507678384273,-0.0649350793332056,-0.056183464813087745,0.1344297856893438,0.10855643746004695,-0.07359385543785306,0.060643702221904495,0.12557379097329682
616,-0.07361264948742997,-0.056277066171776906,0.05627705656796711,-0.008530448335076442,-0.024758277672856124,-0.06493493189464596,-0.056307774055331036,0.13311459286058258,0.10817505511997279,-0.07358747324359213,0.06050694084822854,0.12544324975670437
617,-0.07358218055249019,-0.056277042292548124,0.05627705626405113,-0.008671520086824345,-0.021194288087483762,-0.0649352593894553,-0.05627651188931568,0.1278664026658186,0.10822599146960575,-0.07362231655808925,0.06074514484212974,0.12567943329863018
618,-0.07331673129223565,-0.05627696010330284,0.05627705626832583,-0.008740016007165133,-0.021623959189479368,-0.06493640435871503,-0.056245313128567904,0.12263036944773692,0.10821017899487073,-0.07346796269887475,0.05606509464158917,0.1209951449195781
619,-0.06790381556871745,-0.05627812351185807,0.056277056281134906,-0.008351408993216161,-0.02205010452015768,-0.06492020035496016,-0.05639220246787616,0.12090102156992229,0.10841902118776907,-0.07402971056884936,0.056535715669997176,0.12152626444008595
620,-0.06458655775009331,-0.05627049273475411,0.05627705627582514,-0.012298336665007566,-0.017694397865772524,-0.06502648309464548,-0.056005813706600786,0.12150625884501808,0.10679912384720765,-0.06969073335351117,0.05509941802236754,0.11969330370022166
621,-0.06504990091692783,-0.05630852625697552,0.05627705627736267,-0.01733753745103011,-0.017329662610025085,-0.06449674549954994,-0.06064589436407705,0.11684391605300204,0.10334720722253517,-0.06926909330625895,0.04932551416224798,0.11645993035328012
622,-0.06479431409831247,-0.0561525306267476,0.05627705627697172,-0.01763359315519025,-0.017332174866368323,-0.06784585649960498,-0.060557556513101914,0.11693012066876483,0.10444164040046942,-0.06937364399332456,0.04737628823225168,0.11696966637020673
623,-0.06531710408188844,-0.05666375251037208,0.056277056277138436,-0.023297262932877937,-0.01703421159845568,-0.06945743923093933,-0.06036455964175178,0.11712652186344434,0.10035383981246294,-0.06815503678324641,0.047657244671247996,0.11686946307327818
624,-0.06081341494003093,-0.052163905576423475,0.056277056276936945,-0.02601734494321894,-0.019206250016091966,-0.06924868028969584,-0.062408075826635066,0.11507342088149738,0.09946411008915762,-0.06447174896587113,0.04761600778061226,0.11688426229580959
625,-0.06064927114242547,-0.05199372394218008,0.05627705627650245,-0.027956518940416047,-0.021699003509224987,-0.06926078975352107,-0.06532960768899036,0.11219264883474529,0.099337185224052,-0.06504062894116924,0.047618399805749397,0.1168836377566338
626,-0.06059218425478145,-0.05192036002610594,0.05627705628401121,-0.03378847772045727,-0.02432148074113791,-0.06926606259264938,-0.06486139271870553,0.11250833594495797,0.09484678224819815,-0.06491548884758745,0.04761944136830596,0.11687933322192127
627,-0.060529830085823154,-0.0519565376395783,0.05627705623270648,-0.03473569363722636,-0.029889835026014028,-0.06926342736430972,-0.06494486848779252,0.1128608509762412,0.0954211052901792,-0.06493762395081078,0.04761892082215065,0.1169063168863896
628,-0.06102478178029578,-0.05194801671445897,0.05627705649560408,-0.03462691033011618,-0.03032983877303651,-0.06926423148021836,-0.06493484305361846,0.10826831970042215,0.09437454744481559,-0.06493502515577726,0.047619079663014395,0.11676987429133519
629,-0.05787525062257946,-0.051939554424524956,0.05627705538214419,-0.03452214445381883,-0.030712924737941856,-0.06926403544765279,-0.06493469023654626,0.10830330662537796,0.08185327530685145,-0.06493480380071556,0.04761904093579164,0.1173397064981649
630,-0.056027413542705795,-0.05197667425633368,0.05627705924475334,-0.035620185554777306,-0.03488131384378338,-0.0692640747106645,-0.06493522443357443,0.10814701893845192,0.07766020955414217,-0.06493640965154746,0.04761904870574791,0.11340685394643821
631,-0.056340041119530525,-0.051894919306111786,0.05627704992427749,-0.03943159201347817,-0.035726467235715334,-0.06926406886969373,-0.06493501850783656,0.10850089329490624,0.07405115989899218,-0.06492778624642197,0.04761904752111973,0.1124275090012393
632,-0.056309577761600185,-0.05177726312828004,0.05627704681372348,-0.03882657378259115,-0.041832716949879126,-0.06926406951629192,-0.0649350759650252,0.10632886893769125,0.06919473313630231,-0.06496778972014064,0.04761904760480804,0.11236093130794744
633,-0.0552117066956578,-0.04724666971029678,0.05627726796133076,-0.03907325784558361,-0.04305284705657652,-0.06926406454007877,-0.06493506277096908,0.10047347456540191,0.06872436604567404,-0.0648135597640036,0.04761904762912281,0.10804050417871762
634,-0.046672769018206134,-0.04774291878389353,0.05627555974299328,-0.03869475988172554,-0.04687344896076138,-0.06926410069313228,-0.0649350652535115,0.09963615139242574,0.06328253605169473,-0.06527272757477774,0.04761904761569613,0.10698902200936208
635,-0.04815195495199524,-0.04758713428925796,0.0562848497734335,-0.04304218255444746,-0.047672031991867744,-0.06926391234032842,-0.06493506491655457,0.09558072962147765,0.05848578887104346,-0.060689038124273904,0.04761904761991097,0.10345012543328802
636,-0.045526680648451646,-0.04762583301058357,0.056243599360808465,-0.04779879766475733,-0.047632551099479205,-0.06926471391496526,-0.06493506492710031,0.08592211138799595,0.053512165008817475,-0.0606728673204073,0.04761904761886448,0.1038747870644277
637,-0.03984260540440844,-0.04761791029748806,0.05639530978019473,-0.04731472467790221,-0.047611145414486876,-0.0692619481007204,-0.0649350649392239,0.08197487453655318,0.0485433856419088,-0.06057580018686142,0.0476190476190769,0.10428215541066956
638,-0.03887736455426606,-0.04761916060433444,0.05597758469231668,-0.04921683069493698,-0.04762207892516923,-0.06926838997788133,-0.06493506493291673,0.08266445045031823,0.04365871970236129,-0.0606150434426091,0.047619047619047596,0.09989654788604457
639,-0.03894652484933987,-0.04761905761829971,0.060597387575914353,-0.05204893267850741,-0.04761587854787562,-0.06927318285710755,-0.06493506493971077,0.08002061668522545,0.03883741315130407,-0.06060386396367513,0.04761904761905376,0.0996331696900855
640,-0.038610550559436414,-0.047619054585236666,0.06055965834770813,-0.05431181198822884,-0.04762948938606965,-0.069098004574935,-0.06493506491785368,0.07762009995916942,0.03898755779906673,-0.06060665711375395,0.04761904761893062,0.09885011466005067
641,-0.03421287376145794,-0.04761893830219731,0.06038806351517004,-0.06001217042759408,-0.047584954983285,-0.070549623862693,-0.06493506498875203,0.07789720309130445,0.039285975601450474,-0.06060549393008647,0.04761904761985021,0.09509233561393161
642,-0.03475953187242365,-0.04761962049274238,0.062276140953886866,-0.06069930466594782,-0.04769175850346904,-0.07404305331696928,-0.06493506484148186,0.07805189281705578,0.036722772075025285,-0.06060669415678468,0.04761904761495712,0.09336807296955957
643,-0.03459222984129427,-0.04761664726303691,0.06546382417711712,-0.06080281158531173,-0.04772817648630739,-0.07349557436232929,-0.06493506457435445,0.07325333789402419,0.034739175129776444,-0.06061163538200302,0.04761904763616268,0.09051080064172518
644,-0.03467397967601778,-0.047627155460183444,0.06440951819763299,-0.06530928627269242,-0.05197461880071038,-0.07360989206925335,-0.06493506982052542,0.06894136112611705,0.031220364305009435,-0.06054813602626285,0.04761904756124115,0.09100599541955537
645,-0.034520413100501024,-0.04760117159967261,0.0686318785110463,-0.06479006285405788,-0.05428309534073667,-0.07359124895820436,-0.0649350332546194,0.06966633308032212,0.030131000687860662,-0.0609558038807042,0.04761904774649777,0.09083628085844568
646,-0.03482207349349076,-0.047596228952873014,0.06932301994940289,-0.06507979059928061,-0.061230907249411534,-0.07359296698729022,-0.06493522233054067,0.06721928045417278,0.029892147132324007,-0.05836332874697631,0.04761904778173719,0.09082491526379079
647,-0.030200375332957604,-0.04820882421292868,0.06961553511000564,-0.06446229452772463,-0.06262926187755254,-0.07359319933936961,-0.06493441698963828,0.06445912086140007,0.021023799881245624,-0.05600968307846901,0.04761904356721136,0.0861999674847694
648,-0.029691879376941836,-0.05240803162758581,0.07377658550553491,-0.06835181398127141,-0.06804018677357217,-0.07359302849535092,-0.06493722351970416,0.06541119505611367,0.020838077300532457,-0.056150357420112096,0.04761907656456685,0.08699362039821414
649,-0.025502912654579765,-0.05179694823680132,0.07499545146558326,-0.06935923433279335,-0.07319648336175445,-0.07359308588462189,-0.06493040913438423,0.060942991872466726,0.014580512089418326,-0.056556426978349235,0.047618896871146864,0.08462619635212633
650,-0.025986055568008214,-0.05209960870489019,0.07838125889858355,-0.06927714542692885,-0.07359672151337557,-0.07359307003855522,-0.06492838785416209,0.06062934048350974,0.013205076810930286,-0.04704204430029951,0.04761968996910722,0.08188540870947277
651,-0.026430767905356034,-0.051511745258762384,0.07782785035763405,-0.06909412116858002,-0.07349858313945612,-0.07359307713706739,-0.06508833886177724,0.060549079251483666,0.009547393113773468,-0.04312417311665135,0.04761682396595273,0.08231010957369508
652,-0.022552812943775615,-0.055867224101599694,0.07793763770018139,-0.07055254635084211,-0.07458728871075361,-0.07359306629600285,-0.0637208461215814,0.06084889131555291,0.008522750215293372,-0.04326049852099851,0.047624290752861086,0.08225782277794863
653,-0.021686627237030333,-0.056265854799656595,0.07791981010546879,-0.07364510368543564,-0.07839648598569668,-0.07359306911561289,-0.06017882897207255,0.0589955940826176,0.0084103567332097,-0.043700889242898514,0.04762228813577957,0.08225972398268408
654,-0.021729970639745293,-0.0562900682882995,0.07791797253556765,-0.07609222508850383,-0.07777986042626805,-0.07359326558856427,-0.06058358097296899,0.05379088241085233,0.004688881450659456,-0.04047789854965039,0.04748004642687922,0.08185483564427283
655,-0.030840078980480298,-0.05634355142123707,0.07797452831885016,-0.07820611622075294,-0.07806180714070304,-0.07359163576211993,-0.06102486362645739,0.04836603567131662,0.009243635672873318,-0.038673206659061245,0.04877440155888893,0.07631917783172686
656,-0.030886170257709077,-0.055879251301708975,0.07758292989017701,-0.07786683309176716,-0.07757312716092937,-0.07360073321634812,-0.05673607578403689,0.04780926567600009,0.008509088854638488,-0.03912898265356054,0.05240684881939165,0.07324962466985639
657,-0.03701169039291089,-0.058856141574577775,0.08007462132967372,-0.07792080632163982,-0.08208169874523775,-0.07355983616595553,-0.056278237054964764,0.043285091494484736,0.008689122162672485,-0.034340346640745416,0.0518447354496122,0.07370180937516121
658,-0.03890228905413631,-0.06083629645568272,0.08214293112679188,-0.07839302344493536,-0.0820429081221342,-0.07371085237491105,-0.05625547215256368,0.043496656800355554,0.008652959748758734,-0.030031865773297875,0.05196740517254895,0.07346157040207364
659,-0.04159978374982884,-0.06065099519750803,0.08558962145472802,-0.0826881994686491,-0.08401852631223847,-0.0732987932442015,-0.056286889194654605,0.04219155184114773,0.008658458470327085,-0.03039366884157419,0.0519442080634847,0.07388906498078127
660,-0.0471958599576995,-0.060612428124344114,0.08668036456858348,-0.08213441755470544,-0.09116539279667647,-0.077928642548125,-0.05626729508047902,0.038506919564165215,0.00865808168403724,-0.030281708870132994,0.05194791553869797,0.06925751193210404
661,-0.04763686543276303,-0.06527141444601332,0.0865838532978434,-0.08224712130281923,-0.0949466582161672,-0.07784126343598324,-0.05631043970043305,0.039066729890995494,0.008657894548649923,-0.030298465234349824,0.05198182815941979,0.06934462827462219
662,-0.04763124519187979,-0.06455393709099733,0.08661522207109308,-0.08236657874728581,-0.1004228922688521,-0.07795382422697389,-0.0561557808031428,0.03894025783493561,0.008658462295959578,-0.030334339231292785,0.051682226863526616,0.06923372698939298
663,-0.04761336049857587,-0.06673044088055874,0.08627951041969714,-0.08191675955206822,-0.09904264127727469,-0.07791319022537473,-0.05661262582979954,0.038965581905512546,0.008655832320790747,-0.03023424301291313,0.05373051837212921,0.06926546422427995
664,-0.047620656377785446,-0.069741460061026,0.0885418708863397,-0.08649669078734681,-0.10361741244668178,-0.07792411299431513,-0.05203102886578424,0.0389594806070498,0.008666845071745687,-0.03019565124165153,0.0566718469817016,0.0692951075778542
665,-0.04761918750994855,-0.06886504609889116,0.09083348425195352,-0.08650731287479572,-0.1038668866312604,-0.0779216990389954,-0.05201409958622812,0.03893594968129799,0.008629549710349243,-0.02579059603060936,0.05620355546496373,0.06914461764909847
666,-0.04761691221900099,-0.07277165455102155,0.09407158632829339,-0.08667188463268183,-0.1039206876174766,-0.07792212761511152,-0.051917964890326594,0.039191260689986226,0.008711163294172777,-0.024825495668032535,0.0562866963231321,0.06957901883055252
667,-0.04762600865388272,-0.0778989519889835,0.09537695470710163,-0.08621243702504654,-0.10388613719137213,-0.07792207708898964,-0.05195702885787028,0.03737260364932936,0.008826169630949714,-0.021340219011048826,0.05627689469117004,0.06496626580941135
668,-0.04760647679880073,-0.07786607912570549,0.0952360328639874,-0.08887586936996772,-0.10390622355063613,-0.077922075921665,-0.051945880791163385,0.0342084953840466,0.013400194831505544,-0.020069135617306888,0.05627666965259018,0.06500212363044801
669,-0.047576772975016834,-0.07795027270742727,0.0952323672905638,-0.09122357506443113,-0.10386221870529526,-0.07792207878533301,-0.05194848603623584,0.03472529959944964,0.012605734596019099,-0.010278763577197638,0.05627721165294702,0.06497152438524934
670,-0.04825589452102976,-0.07788638024756207,0.09524047862259714,-0.09086100638692374,-0.1040126091099571,-0.07792207749159093,-0.05194798809269921,0.03459239739638456,0.01479094994739688,-0.008751295982023505,0.05627704037730825,0.06456568086236747
671,-0.05287103555453162,-0.07805464197161673,0.09523740618738753,-0.09091250533605345,-0.10360926971521167,-0.07792207884648959,-0.051948052782242904,0.03467216079747551,0.01999799097004004,-0.004286426659629165,0.05627693129840679,0.06736559619043353
672,-0.062147789338120624,-0.07743676835166906,0.0952382584534071,-0.09091006212709311,-0.1082338434279961,-0.07792207469462342,-0.05194802912752091,0.03487811733388205,0.02528407266315137,-0.004287600138812776,0.05627755660516876,0.06955180484388339
673,-0.07298618725630933,-0.08176947252817585,0.0952380632553066,-0.09090854886228576,-0.10814664213597971,-0.07792208676945227,-0.05194832717094699,0.0393538988935334,0.026032826053254122,-0.005436905932911359,0.056275675120755014,0.06922443651400229
674,-0.07362150581290851,-0.08220486720962962,0.09523809994485542,-0.09090926285243787,-0.10824833217905877,-0.07792207146444942,-0.051946336545733045,0.03883629407677655,0.02598184590655429,-0.009127571145292099,0.05627806472584094,0.06926543398317635
675,-0.07366328676668663,-0.08685628521817212,0.09523809496320189,-0.09090904763784266,-0.10826134382140572,-0.07792194084927656,-0.05195636884810107,0.03899303906345222,0.02596822437930255,-0.008551631311228235,0.0562984624624867,0.06926536265423976
676,-0.07362112255851144,-0.08645783304975528,0.09523809512086376,-0.09090909974215287,-0.10802512183296371,-0.07792330810781499,-0.05191457599386478,0.03895206117412962,0.02597638027205497,-0.008678207784021095,0.0560849422784498,0.06926381092832687
677,-0.07813661051090744,-0.08661631663215372,0.09523809529741789,-0.09090909018228194,-0.11038528683793104,-0.07791501489027061,-0.05205592999402171,0.03896986758930476,0.025971330164855352,-0.008653723045298899,0.057652819620470114,0.0692623464717569
678,-0.07860018651890995,-0.0865698668128889,0.09523809521969956,-0.09090908956109016,-0.12024870786703831,-0.07795446116571753,-0.05173872460421797,0.03894590685983096,0.02598315473520156,-0.008658266454725052,0.06293109299749716,0.06927271887541422
679,-0.08460363880807413,-0.08658818624714894,0.09523809524290053,-0.09090908708621818,-0.12115797908807495,-0.07779971377716022,-0.05639998935045879,0.03892230763891222,0.025944648220651585,-0.008694792801883474,0.06821905133717884,0.06923123864936977
680,-0.08637849170028924,-0.08656140502339074,0.0952380952361671,-0.09090915354176861,-0.12570653717066704,-0.07827242976953502,-0.056180454616387834,0.039621232636473554,0.026030829759976688,-0.0083603127278731,0.06940045180382817,0.06935809128312238
681,-0.08976045185455384,-0.08659943234864632,0.09523809524136771,-0.09090866913981027,-0.12634421840136756,-0.07370596059133636,-0.05630998614631456,0.04374914657151575,0.02613009529250207,-0.010615183607679652,0.0692505247440853,0.06916550358746892
682,-0.09073535203871844,-0.08682128789691923,0.09523809523236973,-0.09091122998217677,-0.13002818150101614,-0.07366265959595196,-0.056268541894704316,0.043169158498245604,0.030658902805781256,-0.012408367872116433,0.06917388028773508,0.07382657099752445
683,-0.09511317752913552,-0.09222835169231117,0.09523809521965086,-0.09090012503506929,-0.13195496304811818,-0.07349501702018188,-0.05627830387545556,0.04331704186824454,0.030265657077283764,-0.019445113546062338,0.07016969376573766,0.07348177965867629
684,-0.09509165286888749,-0.0955797032155514,0.09523809550764038,-0.0909397180472756,-0.13456434914448592,-0.07400491460515213,-0.056278925904368865,0.04328321556031508,0.029901771686439656,-0.02129024411790764,0.07405925010988028,0.07362658128316298
685,-0.09611885369000106,-0.09515563291160437,0.09523809346006351,-0.09083821297743866,-0.13411383683420733,-0.0710816086711733,-0.05627199864812465,0.04329566410279572,0.03311789481819316,-0.03015756738404836,0.07348031623080432,0.07358496657396589
686,-0.1001147201068531,-0.09525389490118671,0.0952381041683489,-0.0908569599086906,-0.13425464813782167,-0.06978317898771388,-0.05627331152104659,0.04329380229881185,0.03472771697226251,-0.030082616414676387,0.07361554632421077,0.0735946981275256
687,-0.09902380984450122,-0.09523752422722931,0.09523805804750322,-0.08625870362641923,-0.1343687662764609,-0.0622906040350672,-0.056416247896476576,0.04315100923784156,0.03485289725900695,-0.031076784888288182,0.07358957990594844,0.07359279494376644
688,-0.10244500161372887,-0.09523574606975362,0.09523822153607696,-0.08670005322494113,-0.13892344800905043,-0.05647467891703777,-0.05513162830380907,0.04443406005850668,0.030242778826049845,-0.03682531059088797,0.07359346312535815,0.07359313805714558
689,-0.10419916273119771,-0.095218321742351,0.0952378059482526,-0.08654706086723936,-0.1382210868709884,-0.051749034420563854,-0.051495647321010495,0.04807903318437595,0.029237897509902206,-0.038785103262022204,0.07359454469443519,0.07359346793583435
690,-0.10368193821597137,-0.09544992736720767,0.09523785986607435,-0.08658759355074423,-0.13992644078739974,-0.05221450318835185,-0.05201952405260387,0.04751448975049941,0.019211343461627093,-0.04207867214814099,0.07357813696088816,0.073588916542744
691,-0.1083631410881693,-0.09372891428736749,0.09524616674035342,-0.08657869250859958,-0.14776742895502185,-0.05065730256704367,-0.05204761088129761,0.04763846439187518,0.017847771823199545,-0.04310833167926505,0.07368369636182417,0.07361834273284111
692,-0.10794373585921123,-0.09048033167888721,0.09517848671249017,-0.08658026986238937,-0.1583315804057074,-0.0454371766253575,-0.051638785556392196,0.0476164948438408,0.01228998933404743,-0.0474850174168313,0.07316158837232946,0.07347274722102438
693,-0.10965098364087303,-0.0909955412519753,0.09555513438517114,-0.0865800832448351,-0.1640007452625304,-0.040025252806218284,-0.05624320234348501,0.04761909407286233,0.00473054724018042,-0.04755598578563663,0.07649169679154014,0.0740659980094381
694,-0.11241075657579523,-0.09089752199819069,0.09304879647413229,-0.08658007926843346,-0.1688676601713192,-0.03908920502315811,-0.056195329922915024,0.047619149460525874,0.004353543320467018,-0.0476340939600612,0.07822038126820402,0.0699784333960239
695,-0.11584629214503343,-0.09090703130325076,0.0878804835369313,-0.08658008964534882,-0.1686619446548117,-0.03500350023685028,-0.05637454378786621,0.047619004891932014,-0.0005008817771359882,-0.04770887787699641,0.07773587718493577,0.06925386936017383
696,-0.11119411787086676,-0.09089280695210579,0.08266848326914418,-0.08658008570579243,-0.16970101509553578,-0.03017363243342107,-0.05589403726619788,0.04761905998653468,-0.014726437847088337,-0.04715281244714297,0.08236543479975636,0.06948355318704535
697,-0.10066724309247094,-0.09110714136480026,0.08224431097871882,-0.0865800867281246,-0.17540332944567377,-0.030378946141374447,-0.058667425161592984,0.04761904469319275,-0.01690147113731015,-0.05067830066723053,0.082943059264089,0.0739882308399354
698,-0.08649816168867093,-0.08946728771087244,0.082336370079862,-0.08658008677275186,-0.17777140002254746,-0.03027435472896523,-0.060872222661469806,0.04761904819024325,-0.020933103369966673,-0.05183438696756093,0.08700638045510856,0.07348992730670498
699,-0.06331801303024481,-0.08614409092566544,0.08131582945180275,-0.08658008591288144,-0.17747081578591772,-0.03033202172201244,-0.060657065208661334,0.04761904753579502,-0.029452254190608065,-0.0559581692447171,0.08680388248029945,0.07350869584182063
700,-0.05076613645700617,-0.08667040677917853,0.07725751341775633,-0.08658008734908279,-0.17739515185685778,-0.030209729763609583,-0.0605003598732365,0.0476190476236149,-0.03040336929312957,-0.06093461372581796,0.08407957711423411,0.07405225970038931
701,-0.03139669803458064,-0.08656552655555744,0.0789337985222426,-0.08658009457563462,-0.17357361647035896,-0.030594770889384122,-0.0651573901006835,0.04761904762122667,-0.030296312045389656,-0.06585358674743462,0.07891181352611085,0.07006601693686983
702,-0.025145453005824773,-0.08658141607178162,0.0718386576881477,-0.08658000639181114,-0.15018077343393785,-0.026404618037643976,-0.06482913714319566,0.0476190476179721,-0.030309432884977942,-0.07103669964205747,0.07379153500354539,0.06919868669075267
703,-0.003503693418844323,-0.0865805653267219,0.06891702016380205,-0.08658056631733277,-0.14531780090286198,-0.021519779266662615,-0.06494479605287504,0.04761904761937708,-0.03017153497429191,-0.0741392771168337,0.07362605598314848,0.0692531695963766
704,0.0013404806423248372,-0.0865762151195185,0.06929544676010463,-0.08657781550984629,-0.12698163930500245,-0.02191666739152175,-0.06504010936596513,0.04761904761896636,-0.031359951931555226,-0.07271318331957415,0.07356751098723746,0.06927134332788337
705,0.041817257824365184,-0.0866043931845082,0.06934310044600474,-0.08658902019039942,-0.09732984573210267,-0.02016074205918596,-0.06449092566386862,0.04761904761906465,-0.03681133494318488,-0.08026336967449886,0.0736245069808125,0.06926167786084624
706,0.062025486987223134,-0.08645987671649018,0.06844216403871563,-0.08655232308882818,-0.08307079544975586,-0.01730040064843765,-0.0684436319920031,0.04761904761904358,-0.04143782203322698,-0.0864511116877413,0.0734710616722897,0.06926468116064169
707,0.08832942934584027,-0.08707064362489528,0.06448835861935524,-0.08662711207118737,-0.07267407525606957,-0.014633384131121422,-0.06942125399456567,0.04761904761905023,-0.04899989310909315,-0.08652686703907984,0.07408392344216509,0.069263940053083
708,0.10606864598461638,-0.08303411644705529,0.06496577322565256,-0.08677986090649537,-0.05671805553001911,-0.012673685636285247,-0.06969011172410074,0.04761904761905777,-0.07061140948816004,-0.08712230987477186,0.07004734118531089,0.06926409064636523
709,0.1435343921686097,-0.08232717519717107,0.06525386244212322,-0.09128836830110969,-0.05103639621998947,-0.01317149840220553,-0.07847769466261749,0.047619047618915625,-0.10956018809798201,-0.09272288372046639,0.06933957300052261,0.06926406730523083
710,0.1748715485293549,-0.07764002627612293,0.06182980209937143,-0.09078500218202763,-0.03315090554484043,-0.008407876329499945,-0.07910855697795394,0.04761904761989623,-0.13147937739786472,-0.09556460265603081,0.06465155006038505,0.06926406929834926
711,0.17898176968206508,-0.07349910392019673,0.05649172735809086,-0.09094094325635568,-0.0351139590260994,-0.0038785599030408263,-0.08245569061173402,0.04761904761485152,-0.14550394997087104,-0.09516837796195098,0.06053662956675045,0.06926406499704135
712,0.1899886110683872,-0.07241611949024292,0.056333167878869154,-0.0909023389802334,-0.03451070914000151,-0.005811558574753646,-0.08441234898085516,0.047619047636248094,-0.16291711509917817,-0.0952503856968607,0.05926346317134632,0.0692640992563715
713,0.19511916414397312,-0.0685707100682523,0.055721625759325016,-0.09091009147657608,-0.034647337335376734,-0.008663533319421952,-0.09037352302311892,0.04761904756209521,-0.17409546871957934,-0.09523572437255515,0.05642153623459983,0.069263917257623
714,0.20465340695707376,-0.07028959364226911,0.05051634747411351,-0.09090929527560375,-0.034665303835934705,-0.011298742010523248,-0.09071928991313488,0.04761904773965375,-0.1925251049492242,-0.09523574358100428,0.051838000390868534,0.06926470123911362
715,0.20879525593361106,-0.06246281719057164,0.04530483680679431,-0.09090960972371447,-0.03454919937072866,-0.013232072102666661,-0.09530623828704408,0.04761904781493233,-0.19908494713855973,-0.09528155578717731,0.04036028008440104,0.06926195395251854
716,0.21578360363323718,-0.06036239208545349,0.0430283819157037,-0.09089790764160818,-0.03453345588926157,-0.012961190658532304,-0.09574414762893625,0.04761904346536698,-0.19933301985405621,-0.09493832103283482,0.038762722962680636,0.06926861158757626
717,0.22572089402032078,-0.06049291444537937,0.043223727374176665,-0.09098760960841024,-0.030504465821118463,-0.012985225319447733,-0.1000616831603692,0.04761907675979564,-0.20897812290401344,-0.09719771276005164,0.03884659263845493,0.06927109695323799
718,0.2382079597339662,-0.055955617932213424,0.04356423801842885,-0.09050225927749031,-0.026114329518182728,-0.012988049200850532,-0.09940678384353098,0.04761889663699197,-0.21369699536131753,-0.0999450445802107,0.034410657255455994,0.06910984067245747
719,0.25754200715820397,-0.056315188880427615,0.03892921777247697,-0.09353091228674254,-0.008429258227487713,-0.012992446144397615,-0.09972054808961568,0.04761969188560904,-0.2164280816810841,-0.09947174941555072,0.03380560358147483,0.0704858154120845
720,0.2727063051406808,-0.05665615527024158,0.03879641388133842,-0.09548377302827722,0.002853961299036291,-0.012955638557615352,-0.09912711970564843,0.04761679408888401,-0.21908852055517422,-0.09964496939610878,0.02786513501589393,0.07415680323275396
721,0.2869933005067411,-0.053620286599155145,0.031948483824093224,-0.09522749549768564,0.015429428502243223,-0.013120564738243553,-0.10345079348399817,0.04762458741607452,-0.22102566696409615,-0.0996265456966741,0.025742197638033183,0.07302551231114805
722,0.2978508728613766,-0.05170329009827417,0.025071452852045734,-0.09524140061633483,0.023855649984839866,-0.012528492995160914,-0.10389233037325882,0.04762000595686772,-0.2207485949535844,-0.10422258282230669,0.025908107663653424,0.07696452993704356
723,0.32071391304748437,-0.051977152622399554,0.026648264603245417,-0.09475866768635606,0.03900455484971539,-0.016993218260898058,-0.10395398105467626,0.04749288971737107,-0.22076808700586828,-0.10377563545410705,0.02622778012436797,0.07800294440614276
724,0.29599057543930046,-0.05195020913097601,0.02264598997679331,-0.0904625335574877,0.02010389498756193,-0.017359581544689542,-0.10360391959904662,0.0487031995599416,-0.22096973361104838,-0.1039289481692092,0.021585158782291565,0.07790897765954884
725,0.2775084107523573,-0.051909368260595855,0.021832921100686305,-0.09106094367024874,0.016336474489519352,-0.02202493672116399,-0.10576716318111423,0.0523888010624411,-0.21917448937569076,-0.10388873479756786,0.021888039847119338,0.07850919973804925
726,0.24842686908893058,-0.0522209204556943,0.0173846328752419,-0.09075759737494547,0.013123819692461883,-0.021306930781984264,-0.10813336717852128,0.05193947068682365,-0.2050738921373839,-0.10389743225226088,0.020353040332853695,0.08242072927729147
727,0.23792188574377343,-0.05013151649691009,0.01739654547498551,-0.09136544852459452,0.008886330352742442,-0.02316028149141261,-0.1114209346712088,0.0516064129282246,-0.1980557809691622,-0.10389596624386865,0.01729728718193925,0.0840038955110589
728,0.2326330738504883,-0.046980609243922014,0.017220587314934453,-0.0871438321052346,0.000668809933436393,-0.028918941787813825,-0.11237940406410712,0.0554659805171553,-0.17525592978714677,-0.10389610509309012,0.014698533976439089,0.08698896182536205
729,0.22009043686754337,-0.04859151267823418,0.017687544982736055,-0.08656047060010956,-8.303015783207136e-05,-0.03057561536299895,-0.116804119126625,0.06048614145289999,-0.16018304335734057,-0.10389547224363284,0.013143211600374275,0.0865064147659788
730,0.21850516716147936,-0.03976750360259328,0.015003718947864708,-0.08656200847406517,1.306334938734167e-05,-0.030075522927849145,-0.1168108558826888,0.06515673742556602,-0.1599583093693369,-0.10390116893935782,0.009150799324611741,0.08658906910751477
731,0.2091720940849487,-0.038952145694469066,0.01267473453758853,-0.08658818924489894,5.3249982579488054e-05,-0.0346727189301206,-0.11691121313727419,0.06467334612973662,-0.1442654039512418,-0.1038683816090012,0.008667570862873227,0.08658020246144836
732,0.2070474850402946,-0.03421019133301957,0.013034699839131997,-0.086577650079043,-0.000622328980451349,-0.03906040121090038,-0.11689938796295957,0.06620565964308218,-0.13321927451550983,-0.10401908648059387,0.008263977915606761,0.08657890900542374
733,0.20977506599158188,-0.03530388942019675,0.012983594976857575,-0.0865808272416159,-0.006032855603178999,-0.03996777580244707,-0.11676546729536963,0.0719869175318713,-0.13435579193262484,-0.10344728184546455,0.002779742564049346,0.08658584122340685
734,0.1878139915620745,-0.031008269239961337,0.01298570516935046,-0.08657934789919987,-0.010419790981935193,-0.04388039580643665,-0.11734360356475326,0.0738227661980216,-0.1345951435406276,-0.10768643209799647,-0.00033998715291776605,0.08654986627902657
735,0.18170215946032708,-0.025078403330623045,0.01299138377133036,-0.08658196532554241,-0.018168664819432252,-0.0427183434586824,-0.11324486729088575,0.07355825153031226,-0.12905684237744544,-0.10823843327668876,7.733843643022191e-05,0.08671257155958634
736,0.17076018187389547,-0.026553717390213085,0.012963036998323489,-0.0865774629968105,-0.02829175713092691,-0.04652997192840147,-0.11250905404915537,0.07359545491802928,-0.10960539069392518,-0.10824400676867495,-1.4236811454282434e-05,0.08610378654505023
737,0.14823513429103574,-0.022143278222545755,0.013102605060250338,-0.08656220107868576,-0.03816236724158087,-0.04774439824157154,-0.1125387900495757,0.0735938830152448,-0.1037535272787465,-0.10822016189017455,1.724487796547254e-06,0.09049458488861722
738,0.13156365576982704,-0.02163636726039151,0.012520364872297223,-0.08677884511337139,-0.052914721545675204,-0.04761813069950313,-0.11257630822024799,0.07359190481817736,-0.09326514827773237,-0.1082087307583176,5.914792996642362e-09,0.0908963791234727
739,0.12077346681101274,-0.021232501442738316,0.0164627925562182,-0.08515268488102168,-0.0863460328029995,-0.0476448706848183,-0.11246178072548875,0.0735979269705891,-0.08624603191222456,-0.10831001837847477,2.1743900849911106e-06,0.09553842214994504
740,0.07874006187156771,-0.016346961098830277,0.017393959485039023,-0.08168823374823894,-0.09538314629347112,-0.04736502834053233,-0.11298868583733095,0.0735702336052153,-0.07123895305204188,-0.10790396870421927,-1.843992816835327e-05,0.09518132673421963
741,0.05714606439039968,-0.00919159802848249,0.01732129220278618,-0.08285038236072718,-0.0981922519030233,-0.04935099958178994,-0.10969844269172317,0.07368448660324263,-0.04693512049788195,-0.11155284531054731,0.00010237421392297994,0.09489238369347694
742,0.04347046716370323,-0.0035077460392183425,0.017356012779508996,-0.07859337967471498,-0.10944366729692351,-0.05237279334943541,-0.10801810248340854,0.07330046444171227,-0.0364301299662646,-0.11684150321610616,-0.000457827291456963,0.09768437888883903
743,0.010305071080822108,-0.004827922727539826,0.01699819101667068,-0.07810913054327771,-0.11619198377536158,-0.051785211070325465,-0.10824432679574938,0.07744818219125116,-0.03094227950234378,-0.1173221653971112,0.003155300252959516,0.0998607166648935
744,-0.012331545915125414,-0.0007719398272795994,0.019366931695970622,-0.07360892574200291,-0.11697893936315558,-0.05219404488667752,-0.10822755212197477,0.08234636445679508,-0.01667046167453237,-0.12821649191290813,0.0044702440259367735,0.09950342250198915
745,-0.049195018838885274,0.004233556956043898,0.02155229339583843,-0.07839075597447898,-0.11688108193431454,-0.0477307951599737,-0.10822418329112872,0.0821805198473865,0.006292076165184369,-0.13478735174039785,0.0043259679683078705,0.09958343318126762
746,-0.05708818896137431,0.008863540376059017,0.02489599170229429,-0.0777639070661639,-0.11643625438434328,-0.04315463011531884,-0.10821938837894535,0.08226932665529543,0.018842974764566603,-0.13507026869320557,0.004352284620506693,0.09999205226996483
747,-0.07772332634599727,0.008631797054714193,0.026080941125857092,-0.0779614457718168,-0.1120884172623256,-0.04277522104945355,-0.10825701462941134,0.08227468536583346,0.029392002054195444,-0.14750575771440097,0.00408274337090222,0.10408014516707255
748,-0.09814329405963244,0.008310265989866734,0.02597170565641425,-0.07792202462515359,-0.11285654974689723,-0.03569646121616718,-0.10809127918403105,0.08212752886362176,0.046628389104103156,-0.15525590154476457,0.006024267993327293,0.10544268793503633
749,-0.1038677809585344,0.01105314976678896,0.026319273708602188,-0.07789318593513021,-0.11101960111438758,-0.025639106471646567,-0.1086797529906358,0.08267514266387702,0.055585223727444504,-0.16002000759025525,0.008946586902316304,0.10865569527658896
750,-0.10437226475524419,0.013232287283887485,0.031901794205560025,-0.07799131813865383,-0.10184146331575812,-0.015352297156675684,-0.1042077488577165,0.07830290242320795,0.07604026950947018,-0.1601425994400353,0.009034547700342703,0.10817293109804456
751,-0.11335750285576279,0.013090646159279677,0.03458317334034389,-0.07798358936621855,-0.09909702465473769,-0.009338230708960798,-0.10385021040234939,0.07793746946556654,0.07798206903441161,-0.15999345871144083,0.0049472265955067245,0.10814473502155775
752,-0.11229954456919279,0.012851713498743542,0.037024257361737097,-0.08257688668266926,-0.09980455271015852,-0.004433447208233654,-0.09920766818485142,0.07789600054794851,0.08724005250555968,-0.1616422757047841,0.004302409119036692,0.1083115597889076
753,-0.11261803491208702,0.010955760986827776,0.039226296669447,-0.08213099820226012,-0.09046298868166187,0.0011525964596898733,-0.09977104066627605,0.07795041286719533,0.0875163422432945,-0.16493698016380393,0.004311271092533572,0.10365353552956934
754,-0.11254300365871925,-0.015935816471897395,0.039015223144665837,-0.08228259490479604,-0.09134905393804503,0.01488822382225723,-0.09913472488623365,0.0778153811959563,0.091440825027285,-0.16441269819330862,0.004337303284293985,0.10400855737241772
755,-0.11254795857134506,-0.020416379620788037,0.03888211215724768,-0.0822499449341413,-0.0892623421644637,0.01882646143034505,-0.1021257048705392,0.07837583227147199,0.09079200939444447,-0.16451655992595773,0.004326074166325675,0.10386255789778122
756,-0.11257172500672705,-0.026678057792601708,0.043443826539284684,-0.08222983260159336,-0.08660010457901322,0.023644611461111163,-0.10416196427528862,0.07472374802313735,0.09093160036709012,-0.16450070333347325,0.004331816006637543,0.10390416471772262
757,-0.11258275978669662,-0.04792049566107058,0.04409613844433366,-0.08230953333390698,-0.08379125717478167,0.03153336506647034,-0.10386158170724541,0.07338070260972267,0.09090184939223571,-0.16450085677381193,0.004320379712362853,0.10389451220276771
758,-0.11192270907549022,-0.06383715421041306,0.04811746052203611,-0.08223415051871572,-0.08203246657268341,0.04168285020910437,-0.10389657328703239,0.07361875866067513,0.09090371875268202,-0.16447948480580263,0.0043539759232742205,0.10389633920172327
759,-0.1080599139858878,-0.07713356214555721,0.047506661029585624,-0.08732181092819927,-0.08227116654689218,0.051556399985604844,-0.103897541873432,0.06899699585390408,0.09105933745147589,-0.1544077379771418,0.004298280317835891,0.10389608998047518
760,-0.106475813108344,-0.10244799726002995,0.04760801697873381,-0.09095775189785388,-0.0822529393713168,0.06159524795102916,-0.10389550387231367,0.06931210908766545,0.08969274079437822,-0.13957884346019833,0.004044066279693892,0.10389609752240428
761,-0.10348288761878925,-0.13356439885172522,0.0477235325523441,-0.09260867374319766,-0.0822613007280487,0.06939302115770285,-0.10389630518428146,0.06959874024098152,0.08612561641166663,-0.13559415835347463,-0.0005242683146743891,0.10389611297704152
762,-0.10397265642515457,-0.15291546602029324,0.04744964217887084,-0.09520983470170927,-0.08217013651855774,0.08377002320484438,-0.10389592735549892,0.06690850107321665,0.08667996390769632,-0.1344199273483614,0.0008237234125477559,0.10389606587263042
763,-0.10388601371491149,-0.18469953510861228,0.05206524928439904,-0.09825790810072525,-0.08266437839522478,0.11249758105493522,-0.10389662245588606,0.06451495514188778,0.08656258441804927,-0.1301318297346125,-0.0045275285464233435,0.10389627973744595
764,-0.10389630234315539,-0.19349607320787224,0.05258934761739509,-0.099688720572541,-0.07958329671469898,0.12509203062441263,-0.10389464452300148,0.06532697618676753,0.08658205731383316,-0.12976848639712865,-0.009293922606515844,0.10389541826955691
765,-0.1038965027352568,-0.20126292860820091,0.05686508409839984,-0.09961210926502831,-0.07767591550726673,0.14012243623802864,-0.10389767111951342,0.06071864329830234,0.08658017108779668,-0.12515448533361637,-0.008558542116069259,0.10389818524181603
766,-0.10389594042088234,-0.21196271000966813,0.05570647865770773,-0.10019495076052794,-0.07795158319163475,0.15889314319059694,-0.10391426497086959,0.06066589257762498,0.08657996318363008,-0.12567627258741537,-0.008667885410119135,0.10389301414007884
767,-0.10389611977366045,-0.212766803581028,0.05916166081864085,-0.10904792608719893,-0.07792257679177172,0.18317433054034737,-0.10371783549224413,0.060576836358453,0.08658013151658263,-0.12549274782399203,-0.008677787042287907,0.10387714643039186
768,-0.10389624627241822,-0.22661441615400013,0.06060608895807883,-0.10798105185913416,-0.07792049877046099,0.1976303662431197,-0.10495524636848264,0.060616634531513086,0.08658007448353328,-0.12560551034899659,-0.008452209851407608,0.10411369817785822
769,-0.10389551550568357,-0.2230089810626348,0.06418217376523476,-0.10825488040550954,-0.07792268619651818,0.21148490688117821,-0.09713241149577002,0.06059556185326574,0.08658008924729638,-0.12534731401174384,-0.009929256856519984,0.10234007158038982
770,-0.10389787676551808,-0.23620909355769948,0.07384669160495054,-0.10833688261176061,-0.07792191681433094,0.22004978502381317,-0.08889600732924616,0.06063915884644589,0.08658008611047305,-0.1259716706127612,-0.0003281193256215644,0.0995698720295863
771,-0.10389345943417322,-0.24796024632786717,0.07845794659769802,-0.10784363318508126,-0.07792207229515619,0.23443522670484362,-0.07208974906698812,0.06050523474739925,0.08658008663367522,-0.11665916381720738,0.01267837781216581,0.09676535040438648
772,-0.10388057974093381,-0.24995318544472855,0.08470201132372623,-0.11234078932960853,-0.07792223766792164,0.2382654801753022,-0.06577083864507506,0.06077158635357169,0.08658008658215009,-0.11266466315156154,0.01778811065054275,0.09502600277478673
773,-0.10407633705648862,-0.25474716798350605,0.0945004593914735,-0.11250928685580812,-0.07792161260991858,0.24205798974989742,-0.04246266002877041,0.05609488134399141,0.0865800865754102,-0.11044146074759809,0.046261486450125316,0.09525651435980843
774,-0.10258482156945863,-0.268938316752078,0.10719049510627734,-0.11258186541642509,-0.0779225061558826,0.24721823179989683,-0.03611011773261988,0.05656988398260419,0.08658008659179595,-0.10140004432519949,0.052188470713453464,0.09524523039724318
775,-0.0986979828757144,-0.2745176581338166,0.11929229397558411,-0.11254351644108966,-0.07792845512319121,0.2568070817435856,-0.009494261142366641,0.05485086116340399,0.08658008652433496,-0.09712683287240487,0.06266943592586788,0.09518622560402162
776,-0.10243766061079637,-0.2912618816263118,0.12537572805826575,-0.11256460714811613,-0.07786209046236103,0.2604480855648653,0.002084682376483604,0.051544215152592686,0.08658008681773029,-0.09216032152873017,0.07183367523844358,0.09555823105775368
777,-0.10410539058006081,-0.3134028162019645,0.12554455433553902,-0.11252010707130544,-0.07827412261606431,0.270031852285693,0.012329373583070373,0.0519175804165171,0.08658008575612376,-0.08693303641189926,0.08504686539741199,0.09315972294809952
778,-0.10387345220650174,-0.31823141571564845,0.13526444697838194,-0.11266449689141099,-0.0756776289417599,0.2645550309020009,0.021407342738062045,0.05233605124232923,0.08658008851113608,-0.08658424851795872,0.11008639894128222,0.0904390138988334
779,-0.10389476085836653,-0.3168316871407392,0.1387250344013494,-0.11232494541279574,-0.07326805878450704,0.2580243656099116,0.0216632716714772,0.04795627189498163,0.08658008796457851,-0.08656242184632672,0.12133415080285352,0.09137063176526254
780,-0.1038976980209104,-0.30062606001026354,0.13847629461630498,-0.1169815191471381,-0.07364463319820659,0.22764206122735314,0.021646426337494147,0.04767577283920331,0.08658003367211572,-0.08658770531243268,0.12099970150011562,0.08684803476709742
781,-0.10389549873028815,-0.280883525489801,0.13852197688233472,-0.116793107621225,-0.07358881150947114,0.21192986180110812,0.02164618762646753,0.04697404383487243,0.08658047924931936,-0.0865737003374554,0.12567215069936372,0.08660567003834363
782,-0.10389640857829284,-0.2763495806138067,0.13859726710188755,-0.11689351936065336,-0.07359253723405769,0.2056415533368855,0.02162733455238196,0.04286400801514289,0.08657800882757763,-0.08660031006731927,0.12544670297655516,0.08669611868242307
783,-0.10389543039118458,-0.2718728566486215,0.13832657174821497,-0.11698944093945172,-0.0735900929152901,0.19223026513736968,0.021738689223610046,0.04330144749565438,0.08658902083282208,-0.08650841707562447,0.1255502932540183,0.08548139315264425
784,-0.10389840671783648,-0.27495257097235654,0.1348404393964066,-0.11639612130345367,-0.0736155338615386,0.18962393493772273,0.02124645444425449,0.0437223348588342,0.08654896928447142,-0.08676844584746778,0.12565188545898584,0.08020873221514192
785,-0.10388998542740613,-0.25890463597478225,0.09522371125876478,-0.12027453062086005,-0.07348052838318396,0.17741435151459822,0.019649886727739777,0.04000813753573312,0.08665382019470154,-0.08650795795937996,0.12505024230526612,0.07480726182229251
786,-0.10389961761253493,-0.2500232590216005,0.05343866250890178,-0.12112312967879595,-0.0740589653711293,0.17298024803093678,-0.03259746165416747,0.038794532733842126,0.08662523925131271,-0.10160985030192887,0.12905574574089904,0.07373930545269142
787,-0.10399702191612567,-0.2510708717140413,0.024754024235232906,-0.12558779885529878,-0.07020992424318669,0.16917094913406516,-0.07395027734910024,0.03894390931447923,0.0912327074840497,-0.1140047054266219,0.12977594386712205,0.06979077564385412
788,-0.10294515167965737,-0.2508593197838769,-0.03199607636346036,-0.12999425852717472,-0.0691605096668457,0.16877409618253794,-0.13025623200990524,0.033777621402799066,0.09078845571062474,-0.1088875819360857,0.12954461128776454,0.0647730997744064
789,-0.09910058752885346,-0.24174469863658118,-0.08104978171281861,-0.13061408640530253,-0.06925556021809777,0.16356715069035604,-0.16586607097971207,0.030438406721652142,0.09094193274940496,-0.10313789249087996,0.10847066353020919,0.05980712258658907
790,-0.09967985647453642,-0.23271608182995118,-0.10130407952141997,-0.13645949005131272,-0.06941068281648757,0.14958725480805216,-0.21090737970983775,0.02723312244016665,0.09090177797723581,-0.10407282805570124,0.06575177337716151,0.054974768499761864
791,-0.09954433900283068,-0.21956684668953144,-0.15278044346691064,-0.13881357800843705,-0.06811918976826346,0.13903069584377942,-0.2532240051297647,0.018346629714866135,0.09091039555324223,-0.10378448138226502,0.016683320373238865,0.049510629065238926
792,-0.09957077343370498,-0.21699961570726967,-0.19340628716780134,-0.13847477577571995,-0.06446771113732153,0.12529264692713302,-0.30551672312831557,0.017192147375924345,0.0909089386779361,-0.10397811175606499,0.016913877370292103,0.04779590358789338
793,-0.09956660388950136,-0.20210065832665508,-0.24399323274887966,-0.1385338261558231,-0.06507334614516325,0.11434066281459057,-0.3300568655947146,0.01732696199442834,0.09090908830703553,-0.099323119495971,-0.017840414411662342,0.044301660068840815
794,-0.09956593118910154,-0.18550389176594245,-0.2611469532421762,-0.1385290403044965,-0.06479495839361786,0.0929314446815178,-0.3462075405329085,0.01731971237334313,0.09090904826692896,-0.09967490213831369,-0.02551830949364757,0.043187144372583815
795,-0.09958067931820509,-0.1424360287650005,-0.2907050488152756,-0.13855451657193346,-0.06526077484053065,0.07710662050053249,-0.34639574928897826,0.017414817495321252,0.09090947403766035,-0.0995590855144822,-0.04792384668033198,0.04328635126933417
796,-0.09948111897039538,-0.1399607337783993,-0.30989125236287685,-0.1382916060236833,-0.06066177447450175,0.03060298804142502,-0.35279507980121155,0.01636166728527032,0.09090703085241154,-0.09945735810245297,-0.04931434472910537,0.04325711589018422
797,-0.09999082098757174,-0.1057410082895849,-0.3167515131380754,-0.14014912705733137,-0.06064854689009633,0.023547587371068476,-0.36176699874924095,0.012520714742293276,0.09091801037208977,-0.10001709362978227,-0.06774427486473572,0.04357519309917009
798,-0.09681836676770485,-0.08492372582710059,-0.3401125524699865,-0.14327439219282487,-0.06081154416917368,0.005546890609816325,-0.3636431985837804,0.013098342543529953,0.09087776385471047,-0.09593796596463516,-0.07199054067916492,0.041392773212875746
799,-0.09500919263336338,-0.07065110343557106,-0.3462025913293156,-0.14277501742502074,-0.059006171411240926,-0.00040635634979112453,-0.3644361658411986,0.012966872716352818,0.09098490879594608,-0.09516429596849184,-0.08560344293886143,0.03857232851760362
800,-0.0952590690150707,-0.057808078159644144,-0.3488326287164374,-0.1428675469052072,-0.05585462014896471,-0.026785997079556638,-0.3611405855649744,0.01298426756196091,0.09094044652215214,-0.09494276738260553,-0.09989585710796049,0.03906634691512206
801,-0.09523452476932198,-0.03593809909533897,-0.364224925261942,-0.14285908151350285,-0.05636341511488688,-0.04300132562042591,-0.3927616400620793,0.012994999980980255,0.09555494870690955,-0.09049435858051473,-0.11931036565354379,0.03886217603119446
802,-0.0953776524747055,-0.030195030695575057,-0.37100293492485215,-0.14287747576172632,-0.05625878295918265,-0.04768300095510115,-0.3985491801430498,0.01304845164913942,0.09511805754181582,-0.09092480520062533,-0.12994991347027193,0.038920008660165845
803,-0.09409575247187911,-0.016387607382335502,-0.3819358709845936,-0.1426341176141721,-0.05628597060202416,-0.058805919721345495,-0.4243685363867531,0.012272230512342877,0.09527088518168536,-0.07716229353111728,-0.1404088657930224,0.034720780728747756
804,-0.0904428176809893,-0.01766686615272429,-0.40961166051887854,-0.14443033443797373,-0.0563223930379482,-0.07603885581385546,-0.46069958049581283,0.007350908943999334,0.09523135246756376,-0.06842252625544933,-0.1636815399566176,0.03135103398848914
805,-0.09103880418028691,-0.0172265164804878,-0.4360324683394286,-0.14712224189193396,-0.05570605231458221,-0.07974943387517384,-0.49386692089283607,-9.749186850880058e-05,0.0952371685727317,-0.06616337530119944,-0.18823731964384252,0.020185818678372897
806,-0.09080128654935246,-0.017304833496528414,-0.45431650150064445,-0.15021761600754155,-0.05007520599283218,-0.08275726058333437,-0.5071049457978989,-0.006997864305776889,0.0952434515760687,-0.060916159009046865,-0.2056665008150883,0.022168734516998516
807,-0.09115031671682411,-0.01743018901457688,-0.5230283586403605,-0.15093798828849017,-0.04732578510773179,-0.08173934698983382,-0.5618659551278793,-0.015416826347854833,0.09523985436354844,-0.0561367602771469,-0.23624200013749283,0.01926440470994215
808,-0.08671184143156394,-0.017016573544703754,-0.5634685250904666,-0.1596379060085858,-0.04756533361259335,-0.08611042236532754,-0.6026019801468517,-0.02149869434082979,0.09510462074507658,-0.0563621522004209,-0.25067481113291934,0.009406726901036487
809,-0.08206797122692723,-0.021640589289632223,-0.6010454256259565,-0.16010867229782713,-0.04801176315842298,-0.08658124500605688,-0.6787730564485862,-0.021579824847130315,0.09637453839424852,-0.05624960996543814,-0.26831863025199093,0.008660888766189482
810,-0.08232855133414173,-0.02155644833874056,-0.6253544937254529,-0.16004984625251528,-0.0436397895134304,-0.08660090438788605,-0.7036024931870385,-0.022383480190871413,0.10002648579435114,-0.05628401423977515,-0.338636209686146,0.0042136548087785474
811,-0.0822541314478754,-0.021751829937218733,-0.5857646331351751,-0.16149166063786932,-0.04334103819530022,-0.08657175645940568,-0.658828751739498,-0.026178727625233576,0.09946379546375009,-0.05627559635197054,-0.36568846477990347,0.0025269896785822606
812,-0.08212874258204143,-0.021222902877455912,-0.5545873631003213,-0.164872388878089,-0.04264215482298309,-0.08658256939287928,-0.6261075768374554,-0.027570653579687226,0.0995857893225522,-0.05627729906221281,-0.39388217173045587,-0.006771943948272462
813,-0.08274896901455818,-0.024251557914425494,-0.5206614146884027,-0.16474785447107945,-0.03874850140145563,-0.0865789147637837,-0.6106888512712233,-0.03291412001489462,0.0995648180740291,-0.056277028208120645,-0.35471261330355597,-0.010856366541938766
814,-0.07855708115652904,-0.025803395728299525,-0.4906997863127909,-0.1615483565254163,-0.037495526135205605,-0.08658249605933813,-0.5693895600133038,-0.03828622006615895,0.0995670756821641,-0.056277038364303894,-0.33557122118702704,-0.016410021138808722
815,-0.07804938312090434,-0.02973363917110773,-0.46552494484263923,-0.15613081725787015,-0.032104883918167966,-0.08657392054083861,-0.5580545302077924,-0.03881127719565464,0.09956720126471291,-0.05627729808512225,-0.3183832590243051,-0.017420542950652967
816,-0.07347967711058401,-0.030315383563522043,-0.4681928235931096,-0.14189690241536088,-0.026868454684586585,-0.08658300185448731,-0.5536278644032839,-0.03872622837777818,0.09956715630532034,-0.056275452626970035,-0.3075710042957555,-0.017314163243298823
817,-0.07293083422277816,-0.03032619127713171,-0.4523145546430313,-0.09172993927833582,-0.02586539524839146,-0.08668851008384028,-0.5189427206988794,-0.025709043945560204,0.0995665664938815,-0.05628513501496164,-0.2893277126968631,-0.017330379786268845
818,-0.06910402897053698,-0.03027628251414726,-0.434729766445181,-0.0881647225934625,-0.025976845479928345,-0.08557181465180508,-0.49930405961549734,-0.020436744610592524,0.09956947994844266,-0.056243510994872244,-0.28758124444117883,-0.01716064503272294
819,-0.06725757406135172,-0.030406145530402093,-0.4290412331908473,-0.0760054157013962,-0.026087875280798135,-0.08177890128316635,-0.47412706735804444,-0.0013550962478987014,0.09955862687734975,-0.05638949943991879,-0.2744928843862566,-0.018200625498050505
820,-0.06499385301355849,-0.029847426832282586,-0.4254084991113563,-0.06273820963991655,-0.024984141857310103,-0.08239275127435114,-0.4465076253934781,0.02484612896648626,0.09958822788287597,-0.05603307456610814,-0.26830735386248533,-0.01045432695168411
821,-0.06168919913533949,-0.03341585298049011,-0.39691430791280335,-0.035499936111848096,-0.021080488105088977,-0.08210851335109945,-0.4444323644886626,0.04351892506148223,0.09957006372839415,-0.06068866538092774,-0.260384035274919,0.02005318083262814
822,-0.06035763349808057,-0.0347837096612888,-0.3767377099020004,-0.01346772349794438,-0.022207360545533694,-0.08259270983313724,-0.42598497990229933,0.05866385679706157,0.0990729074841043,-0.06052558950032853,-0.259668334960001,0.028607955478139664
823,-0.06050384307692014,-0.034626085724250785,-0.3651023476838189,0.030203258347433683,-0.018572437604669787,-0.0780049409558067,-0.4242401123869335,0.1252460445339011,0.09479345384167578,-0.060559885382132916,-0.25974321737908806,0.0595908492062834
824,-0.051282646181414045,-0.034627221043792046,-0.33068713525464927,0.03221694061492048,-0.01714980309154308,-0.07798916858529834,-0.41306458073907526,0.1576738054674588,0.09536150477473389,-0.06100673568534396,-0.25380938531004643,0.09990419054297837
825,-0.05246914589694706,-0.03463412603709282,-0.276439244575392,0.06026477728703222,-0.01732764475689338,-0.07789177882140622,-0.38903578412717205,0.20055982903834163,0.0952101586352904,-0.057963469693931666,-0.23547628696904901,0.13042063988176902
826,-0.05002175542990851,-0.03463189343918452,-0.25786897193019753,0.05970114004203463,-0.017330194890261046,-0.07793102621107872,-0.379242000247539,0.2585200432095552,0.09524320596378431,-0.05605844265314725,-0.2229704145301248,0.14463311975478654
827,-0.047563079154609396,-0.034629870484997105,-0.19118943040819147,0.06460168086161874,-0.017204542651363567,-0.07791998390958893,-0.36976615671109647,0.29318188597348704,0.09523742786069367,-0.05623251497300376,-0.20694491785619856,0.21311253620633963
828,-0.045022622743013434,-0.03464081502537641,-0.17750179890454992,0.07604344673169487,-0.017984208670104373,-0.07792232734132105,-0.3371569744659494,0.3396288839449352,0.09523809185968811,-0.056241786731103555,-0.19378800949608854,0.25199184650110196
829,-0.03927799457930516,-0.03460653056957335,-0.1526118174408728,0.07813602265692107,-0.013038514632990708,-0.07792250823641281,-0.3188099357049417,0.3752694666069824,0.0952388270812037,-0.051630762482482134,-0.15850970126629832,0.2940734367539792
830,-0.03902777030023462,-0.034660947200488325,-0.09906075348283738,0.07792847162893178,-0.007852160365368548,-0.0779215242495073,-0.2907983953485169,0.40564046891663125,0.09523252858419175,-0.05206792839426181,-0.11808150321719543,0.3952390767193617
831,-0.03447434355296573,-0.034944954853164706,-0.08743582050648337,0.07814761032584548,-0.00917329279438716,-0.0779161310945599,-0.2636368707363853,0.45316886572467874,0.095268360056524,-0.051917019680285635,-0.0933187104804275,0.4349176129522724
832,-0.03380128876974398,-0.039377442450945904,-0.06081551991959783,0.08364753813451557,-0.004605729575667154,-0.07798141972472276,-0.20392020711050207,0.4727452383467625,0.09510497771060626,-0.05194606770437747,-0.06754816266659076,0.4589233785752571
833,-0.030077428294272675,-0.038810642789408094,-0.051745920712634376,0.08640895905135977,-0.00435872217334237,-0.07756870794002949,-0.20215619887758807,0.49106536908989434,0.09571519423578002,-0.051980784569183265,-0.04920656889362335,0.46864426667132625
834,-0.028540506956303315,-0.039110478342883226,-0.00678896483131514,0.09010203322093095,-0.004305356634749064,-0.08019516343672622,-0.16557335424994643,0.5048534314370219,0.09130410390802013,-0.051860241144402436,-0.028903834326647768,0.4807417159262143
835,-0.02303806324729587,-0.038493472922973775,0.017248677475821046,0.10188924262360656,-0.004331708678094982,-0.08256762853681528,-0.1298166326954321,0.516159723059498,0.09091085316048593,-0.05196668242149751,-0.015572209367579956,0.49329456816845596
836,-0.01832773393094879,-0.04258831547954804,0.02796380836109433,0.10608690319115496,-0.004356144328677127,-0.08220263333558972,-0.1196760664381275,0.5189668693834734,0.08638350223537035,-0.047448546396058604,0.011774381897398463,0.4937631619545995
837,-0.013186507732691184,-0.043337521339043325,0.04613331871351378,0.12853106612463677,-0.0042050728492131215,-0.08225502088730353,-0.10913992171241255,0.518799031140463,0.0856157344709382,-0.0466932214275467,0.02567427719367603,0.4931388455269228
838,-0.013064666506155124,-0.04332322811086213,0.057031809650532166,0.14912545430371135,-0.00476217730994398,-0.08225716407819877,-0.08516033927501966,0.5422928235481239,0.08175406230093987,-0.042792158048443274,0.03498917100863071,0.5074452811837656
839,-0.012281672965200446,-0.04307450911417834,0.06850951906210627,0.18092271064688037,-0.00044287472348764805,-0.08219483831840801,-0.07212249179593383,0.5521203717556352,0.08236366528128101,-0.04340815524831391,0.034889689776350555,0.5099452151938637
840,-0.008142990929375014,-0.04478175392997412,0.06901024386783208,0.17916557072153255,-3.1516724983559434e-06,-0.08259312047232037,-0.06927226794733239,0.5658079175993007,0.08223269815092228,-0.0432592911014597,0.04210392169257327,0.5179458571693395
841,-0.009084082676119043,-0.048049515613409026,0.0725705847399864,0.14176436600839606,5.680201306768636e-05,-0.08004758600173845,-0.06757065280562792,0.5934302278454535,0.08224740855702035,-0.043317027924134784,0.050678760739020945,0.5507831794221886
842,-0.006396816289468076,-0.047531123288829524,0.07781607380465602,0.11614597296336873,-0.0002866073617641867,-0.07759349844841995,-0.06211136275375723,0.6330569347358435,0.08225174517997672,-0.043271921096177016,0.051629341591918725,0.5592458831261498
843,-0.000774868188000746,-0.04763285690505045,0.07786127808758551,0.07936898581192185,0.0018341982883331594,-0.0779736751070111,-0.05739699919358014,0.65772401331946,0.0823821119871377,-0.04291816968194337,0.0555937286653176,0.5855596397181724
844,0.00015538453014034683,-0.047617953357564115,0.07815257533081454,0.01599655428761903,0.004277123446891626,-0.07791800419574946,-0.052190029812019305,0.7050375791430896,0.08109502549571244,-0.038537288912822015,0.05616635102862161,0.5903628159966133
845,3.7112620367046836e-05,-0.047618788536371595,0.07643370358441863,-0.000976928133725245,0.00735977599360162,-0.07792118476625907,-0.051970351077896826,0.6650090570208538,0.07787764631318052,-0.03908608729131691,0.060786884599440066,0.6591452896991276
846,0.0045381519301985595,-0.04761946041201915,0.07316339765568955,-0.045680424731633,0.008825710188781824,-0.07792268498931171,-0.05192824808175746,0.6136681248865322,0.07538963732957284,-0.03893059208830296,0.060546512943544066,0.6226737674049653
847,0.005036264783380735,-0.04761729171559711,0.07367366386901295,-0.07760701569452731,0.008649564764016536,-0.07792145007950081,-0.051954941511562575,0.5271409466042052,0.0737789238556502,-0.03896926066565077,0.06031192057402884,0.6233955038963607
848,0.010919775404225346,-0.04762741099189726,0.07360712844644453,-0.09367521167435687,0.008653192789174825,-0.07792434771857092,-0.05194622092490592,0.5009837013964321,0.06971938631768526,-0.038953306900483445,0.06273075770141226,0.5728323142717798
849,0.013238077654259446,-0.0475854051016745,0.07354099463007635,-0.11830930774352275,0.008661476741732739,-0.07791310126396107,-0.05194845553342019,0.44759689324883534,0.06927479925090371,-0.038969238316082865,0.06527743872116504,0.5311532886504494
850,0.013062028074182913,-0.04772650903367324,0.07343202296570367,-0.13219505102175844,0.008650157015506822,-0.07795072581959059,-0.05194798007777183,0.4218104465132296,0.0646183937780696,-0.039040841492685316,0.06487949853032612,0.5254192599074106
851,0.012629570884679274,-0.047421308293055194,0.06891119106844873,-0.1281007064916709,0.008692021875445563,-0.07786936542569999,-0.05194806050754397,0.4121926195348131,0.06508080023732855,-0.03809405653931951,0.064940039422881,0.4867943763726424
852,0.017237580271757143,-0.05208752903208053,0.06930474780919735,-0.15605858406881018,0.008524487307867762,-0.07774867993850092,-0.051948052116429506,0.4068786725058043,0.06479524716146129,-0.03415877718500097,0.06493580512232557,0.4803508839534758
853,0.017576441065879467,-0.05189640436001511,0.06964821840582912,-0.1661662929338267,0.009077519955063524,-0.07321981792313209,-0.05194805148248828,0.40234992097372513,0.06540539894809771,-0.03477752552568385,0.06493454618737925,0.47025855490429447
854,0.022080539399356676,-0.051663430487731046,0.06657513333349493,-0.1787921863172257,0.004524341667631273,-0.07371699039031154,-0.051948052128711286,0.4025525193985722,0.061727999761500875,-0.034487121098173035,0.06493523930218777,0.46773716824682293
855,0.02153592293529642,-0.05400356422908815,0.0646940114641711,-0.18914061158539053,0.004194102462923228,-0.07356118505510072,-0.05194805188418664,0.40336138266234817,0.060497590082862214,-0.03500759644733084,0.06493500936698587,0.46515826958323253
856,0.021560394289186866,-0.05663096462033161,0.06496286233182796,-0.20122929171963752,-0.00039862859316841287,-0.07359984611196116,-0.051948052022397884,0.39755053933715095,0.06060143422419086,-0.03050847864913876,0.06493512062469758,0.46327095635836285
857,0.022103205428216772,-0.056217674540198104,0.06493597176867,-0.2181214808406876,0.00015415095971874315,-0.07359194040154307,-0.051948051716880314,0.3890668079955471,0.060132783713398176,-0.030414184761919826,0.06493491131177773,0.4328351873269678
858,0.018111152215902038,-0.05628325871195423,0.06493339771133319,-0.23946642583606365,-0.00014429288606823394,-0.07359318555637764,-0.0519480525635376,0.3355273137675056,0.05609532956710224,-0.029491538669259267,0.0649353732291103,0.4041740301409117
859,0.017247473067087266,-0.056278350694972175,0.06493578700607025,-0.25968744952126976,0.0004649626397468767,-0.0735930837595106,-0.05194805158500018,0.31226428054330085,0.05464784704097998,-0.025517820848611962,0.06493573213915145,0.3893706526965227
860,0.017305586094502636,-0.05626371888170567,0.06493434858247199,-0.2631089579747068,-0.003331137506695394,-0.07359308062986714,-0.051948041790041366,0.26015054982310126,0.051521127453261796,-0.02608821113392103,0.0649230845171628,0.3682611894812496
861,0.01733509356145819,-0.056364925138882124,0.0649374904788652,-0.301893374504947,-0.0045027105600443035,-0.07359296388973245,-0.05194814069448345,0.22506060469058564,0.052029829879495386,-0.025952550212742117,0.06501688688057833,0.30728833025367
862,0.01723348287616753,-0.05583065744956901,0.06492641441788136,-0.31453057379877875,-0.004376364682820584,-0.07359364772452233,-0.05194754586467993,0.19115174453879502,0.05193158242162884,-0.025970237427766565,0.0645186185360435,0.2896169578143032
863,0.01772174094434887,-0.05911410157880884,0.06495817799974771,-0.36220501864366406,-0.009003337293556716,-0.07359067056377101,-0.05195037281163734,0.12572392238184407,0.051950226517624765,-0.025987807451169145,0.06764709924411923,0.24471295820609104
864,0.014687281329610058,-0.06041794959943518,0.06492188402957175,-0.3740045292195796,-0.008273645659939212,-0.0736011783507911,-0.05193921678904342,0.049677566022629974,0.052063206311171215,-0.02601954277487512,0.06949752403686388,0.1841309108545148
865,0.012617592166725452,-0.06455311560598638,0.06454342048335426,-0.36878086414455213,-0.010460650552350195,-0.07357528088228027,-0.05197400228704976,0.027942552225493873,0.050901423276194624,-0.025273062266546954,0.06923885785374762,0.1343670699577749
866,0.013312366108954997,-0.06491266343390482,0.06019775207290927,-0.36376397703049657,-0.013465940966468838,-0.07356958643285452,-0.05191462388856183,-0.02229237022453648,0.04715505539873286,-0.021184813589112502,0.06926254649295112,0.08960479948441705
867,0.00864447123653382,-0.0649532324397805,0.06063314322297452,-0.36373785014052457,-0.012584870354567203,-0.07418669977599235,-0.05166885479802804,-0.11779865910354073,0.04772838013840747,-0.02175568614633561,0.06926582565850156,0.04183147076702397
868,0.008380720394896974,-0.06498309490331416,0.06102549728041603,-0.3629710880702599,-0.01643724543440513,-0.07837824938656819,-0.04721686605436926,-0.13980673312602054,0.04759038827995397,-0.02165541756186113,0.06926344338197263,0.015163042795697218
869,0.0028139526695983796,-0.06463900271303238,0.057591798567852556,-0.35747592502277564,-0.021592294579709424,-0.07779241264849224,-0.047745725122609,-0.14365219065024115,0.047644605827768256,-0.021530252397865008,0.06926422656603473,-0.02371912559118533
870,-0.0004407283687389404,-0.06711303389814743,0.05610207758593972,-0.3535649010381223,-0.021622943788302998,-0.07798249966467025,-0.04757956822858363,-0.13931488260223548,0.047609784571890704,-0.02189481393575991,0.06926407857548342,-0.04790311725400081
871,0.0005682641688540236,-0.07283780217027741,0.05628876890548013,-0.343741677218959,-0.02142105952855257,-0.07780128239422517,-0.04765887642994891,-0.12764326742213014,0.04718987821103244,-0.01724865915958902,0.06926391542614774,-0.05389977371895416
872,-0.0032468953771961516,-0.0736717196301451,0.05628086036323123,-0.34436674224014846,-0.023311256783851635,-0.07819524782331258,-0.04751250522770861,-0.1256555290611586,0.04285506587148133,-0.016790174387681527,0.0692644453208226,-0.05678587017157191
873,-0.004112787252779146,-0.07359562512737648,0.0562750043362677,-0.31350105276753526,-0.025971301491123058,-0.07354919348743608,-0.04780943743802145,-0.121456399709891,0.04341237380043655,-0.01249189225570208,0.0692643152873219,-0.051906202707677165
874,-0.00855772540414031,-0.07358046073539146,0.056277702611602275,-0.30184428944512126,-0.028785003095944447,-0.07364198471531846,-0.04314550628657895,-0.11601979067014291,0.043270066854464426,-0.013146538836217837,0.0692539735769465,-0.052200125851269624
875,-0.00889687711036142,-0.07365504087544592,0.056276893797071056,-0.2618922741582363,-0.030713120387424533,-0.0738406393188199,-0.0433893282431799,-0.09896997742201041,0.04326315375214873,-0.012833884502930456,0.06933945570150715,-0.050463038472028154
876,-0.013422422488355687,-0.0732719614208038,0.05627709028498726,-0.2356523808397172,-0.0299482295123875,-0.0717457118890809,-0.04325852430815057,-0.09385450710288087,0.04337573696779212,-0.01342020218047882,0.0688630151052603,-0.04875800823835238
877,-0.012859512770508218,-0.07582975227597342,0.05627705066154719,-0.2206253719842687,-0.039238458169297614,-0.06888012358876117,-0.04329055592552634,-0.07216441691770657,0.043249402613400996,-0.00905749308452786,0.07184917483219583,-0.03744102660691319
878,-0.01298693530509082,-0.08100483425922071,0.056277056817159395,-0.19221542999049943,-0.03949964975546553,-0.06932574558142209,-0.043321642458356645,-0.06432650859738673,0.04789556173405097,-0.00867210489772723,0.07381738415893774,-0.029171277175350806
879,-0.01311362269294515,-0.08621394624196298,0.05627705633832799,-0.17837174971429523,-0.04382367366732464,-0.06927640463179095,-0.043178080015962114,-0.05401067884082665,0.047502771625851065,-0.008597139323934374,0.07365055127728865,-0.030613670632835616
880,-0.012561061443120119,-0.08657884494625315,0.056277056227809624,-0.1622073553229092,-0.04313181405554569,-0.0692663885528617,-0.043537554110215544,-0.04432365046089782,0.04765238544154705,-0.008946336343107536,0.07360299942393661,-0.025953196474206207
881,-0.017093700561280595,-0.0864698513429453,0.05627705629395694,-0.14680011734050924,-0.043410718147838555,-0.06878042770772491,-0.038887373892027455,-0.03447505935989577,0.04761130295254879,-0.006804089524878339,0.07797621376419057,-0.015782483239902355
882,-0.01742332344955538,-0.08767845770220478,0.05627705627258805,-0.1335414881244128,-0.04297964964099932,-0.06448678550791541,-0.03906210045008988,-0.029074431738435987,0.04762050928885356,-0.003944000402778788,0.07997246088764531,-0.008241784023370939
883,-0.022071255280772577,-0.0913174869509737,0.05627705627803863,-0.1331027757414224,-0.04702331625095038,-0.0650889457383866,-0.03884648448418959,-0.019873477102411677,0.047618851238033,-0.004399287342444082,0.08764886602106084,-0.00709080957529817
884,-0.0212177274059946,-0.09104730500190783,0.056277056276881475,-0.1304270644574779,-0.052001563324815,-0.06477392207046055,-0.03940025097665491,-0.015387465671885477,0.04761905255560913,-0.004320164542873822,0.08586763607382447,-0.0037592552565307792
885,-0.023599709057289732,-0.09004480945073388,0.05627705627707734,-0.12270723242323926,-0.05188585119519655,-0.0654209989145621,-0.03625127041374952,-0.011032070794483605,0.04761905486172861,-0.00432901565174228,0.08994167081483277,-0.004888778047337538
886,-0.026432564911295805,-0.0985161146261684,0.05627705627705681,-0.1128113978816198,-0.05194998679089294,-0.06102821223536401,-0.03481298367894148,-0.0018217918728134805,0.047619044540094704,-0.004329408761235142,0.09072064352994123,-0.00041808344313870507
887,-0.02558980728470409,-0.09959009439408517,0.056277056277048494,-0.11254838591407318,-0.05205593472952587,-0.06062845424299338,-0.03080288272116582,-7.062368629216298e-05,0.047619048505557184,-0.004328867276532363,0.09520808257838086,-2.0584978014384463e-05
888,-0.029569997763600114,-0.1000317633051815,0.056277056277107454,-0.1125529073255785,-0.0514541686756926,-0.0560943365232172,-0.03030157287128687,0.004321027767722434,0.04761904741243385,-0.004328910640441788,0.09521745654248928,0.004621715146039469
889,-0.034633609713198975,-0.1043807618907419,0.056277056276782186,-0.11222008424962598,-0.0552894393692848,-0.05532054502744266,-0.030392265202789367,0.004114147870931427,0.04761904765820025,-0.004329614774714318,0.09477017743519008,0.00427737008221334
890,-0.034606396750918755,-0.10340489575479699,0.05627705627826616,-0.10674136574650304,-0.05609742013245756,-0.05172542760222981,-0.029322204136487798,0.00547833542105092,0.0476190476137422,-0.004326731325223718,0.09863472798225244,0.003956596016373315
891,-0.03440026526695474,-0.10632771315094075,0.056277056272630556,-0.10355641806202112,-0.0605651389907255,-0.05008433836134888,-0.025193958207486825,0.008739860822655099,0.04761904761919724,-0.004335153461892924,0.10483651836873921,0.006888473239160792
892,-0.036326981480656294,-0.10862818317854168,0.05627705628913973,-0.1039754692471458,-0.06053059467300764,-0.044174599792739154,-0.027488044368646027,0.010947724730277723,0.04761904761923725,-0.00432526810108663,0.10325790616996657,0.008461537838419428
893,-0.03937129863300926,-0.10785238978931451,0.05627705626811971,-0.10388080184025855,-0.060621582731348746,-0.043185755250726716,-0.016466151461009944,0.013419369043231209,0.04761904761896609,-0.004227754671095414,0.10776626376083996,0.012468616392442098
894,-0.03888138884741331,-0.11248801056943643,0.05627705609315726,-0.10389838873094048,-0.060694808503012676,-0.04329338675498288,-0.01291499057413006,0.012602268999705447,0.04761904761907119,-0.0052920194566245145,0.1081804945461661,0.01294359113874445
895,-0.038970922072999396,-0.11251298225316372,0.05627705793416474,-0.10389588981586846,-0.060158382231668375,-0.043290102939965505,-0.008732380576846034,0.0172228693974215,0.04761904761904209,-0.009221423989496057,0.11285159799468289,0.01759695464689217
896,-0.038962762602205735,-0.11234306321972128,0.05627704670827769,-0.10389430635277368,-0.06362967851232094,-0.04331962853505719,-0.008123431906074941,0.017253185950496634,0.047619047619048706,-0.008101679310881498,0.11224857293565967,0.017175857568383558
897,-0.038982315223016796,-0.11420154873502233,0.05627710060509588,-0.1039124696280048,-0.06510925163461943,-0.04311195440677007,0.0015570349085930644,0.017345497393016898,0.04761904761904738,-0.011725950656616312,0.11391619188034997,0.017450745778546606
898,-0.03873735317440379,-0.1172650499466139,0.05627688531884907,-0.10380034659355716,-0.0649231729638879,-0.04410765583853644,0.006059191090635679,0.01730588251679712,0.04761904761904768,-0.013213995573082074,0.1194457020479127,0.016855428931050423
899,-0.04052352998342565,-0.11692560307801847,0.056277572015366956,-0.10434340138621967,-0.06493099281759512,-0.03747498522283312,0.009239153627141729,0.017324420429600317,0.04761904761904912,-0.012905405202048933,0.12358494952319002,0.020388193102251994
900,-0.04326091124998317,-0.1165429827283477,0.05627628354726005,-0.10091696458336959,-0.06494095471197489,-0.030980597496492828,0.007776946913446066,0.017291270924547384,0.04761904761903432,-0.01786432166753468,0.13309293422534418,0.021805118785959282
901,-0.04616718616243736,-0.12110357551016172,0.056272521716592555,-0.09941237886550393,-0.06491057691582572,-0.026044370750768982,0.015522138609019279,0.017389979446241734,0.04761904761912333,-0.021948645299118073,0.13423913334801474,0.021637297256988958
902,-0.047442136426610965,-0.12117223752320955,0.05632975110747163,-0.09953623920907205,-0.06505073016220193,-0.02569892238276794,0.02153361017249231,0.017202484901494106,0.04761904761870349,-0.02155952208949595,0.13407288947652934,0.02164218581328631
903,-0.051629250322715634,-0.12101585152575312,0.05594763749318595,-0.09932182887191603,-0.06446853638694247,-0.021198624449548086,0.02150631324651418,0.02205762435946469,0.047619047620329154,-0.021636102314078667,0.13582294612389176,0.021630939548116554
904,-0.051916687017777595,-0.12278410979556889,0.05839090156856336,-0.0950437992255568,-0.06840313211818962,-0.02180305118338876,0.023116865319475505,0.026258878076611886,0.04761904761551083,-0.021762057836028713,0.14508476356471364,0.021739998034736748
905,-0.05197841617433798,-0.12596362419094148,0.06095030602519085,-0.0939386821590959,-0.06934543810234033,-0.02149567482700257,0.03196474806339072,0.025882744313941494,0.047619047621613134,-0.021279497185142184,0.14936816714354503,0.021198958866855043
906,-0.0519159210493118,-0.125458832701811,0.060555856524491275,-0.09046896562089987,-0.06927141984673806,-0.02210280109015935,0.03918477966089868,0.025997720728149456,0.04761904767433907,-0.02578778267769541,0.15426608212099938,0.024647273725311523
907,-0.052067255396351445,-0.12554853366090768,0.060595885421837616,-0.09088264679855498,-0.06925737192650668,-0.01802390003826749,0.04348005982007195,0.025966746168442308,0.047619047123820216,-0.025855973443696147,0.15982202080730876,0.026155190522810286
908,-0.05144999389096562,-0.12554708606266218,0.06057458368139304,-0.09130080126415954,-0.06926644502679115,-0.017238087387417046,0.04662802710421316,0.025982687409816557,0.047619050454034834,-0.026796090696106164,0.15994890942667914,0.025953838558907295
909,-0.05533687070662689,-0.12559553816006258,0.06122907968857225,-0.08687372575672368,-0.06926329009719302,-0.016996075987940534,0.04776694341342923,0.02595828464755536,0.047619034690593684,-0.03084855275478099,0.16926329272232993,0.02589488481535439
910,-0.05610237237765004,-0.12490728814594941,0.06539130040841826,-0.08660124316112539,-0.06926485080582892,-0.012833181876651969,0.04776238864709806,0.02593848502920371,0.04761909594289865,-0.02976203711356674,0.16859192836632403,0.026826850173587744
911,-0.060591813028221336,-0.11923193311881576,0.06481330063613504,-0.0867196482478452,-0.06926178966570075,-0.011411560904502531,0.05226536759144394,0.026620660723880377,0.047618913263957806,-0.0331737871245384,0.16899819535968605,0.03074455563601482
912,-0.06052481214362646,-0.11657174094020997,0.06496210673586918,-0.08531896114448913,-0.06926973396042377,-0.009078968490944563,0.05218147757576482,0.030739301112881437,0.047619153063271885,-0.03494146141902412,0.16834748159268795,0.0303042544568527
913,-0.060639235016250265,-0.11693775638501369,0.06493004547533868,-0.08179609869372591,-0.06926375459785904,-0.0028833655256238267,0.06270585407815513,0.030292195920897647,0.047621081391510396,-0.03441558609065669,0.1718741301202065,0.029871356060259306
914,-0.0605970172417165,-0.11690075226845371,0.06493605483309856,-0.08235337482494437,-0.06914622033935748,0.000417222718867352,0.07001659520230301,0.029864907515623897,0.04760059337015931,-0.039057534458132724,0.1730370794174286,0.03386270897391096
915,-0.06060583000556826,-0.11684114110360316,0.06493513827233124,-0.08222458850078243,-0.0702995162438913,-7.16376783028356e-05,0.07168909436908896,0.03363277089187337,0.047725196992603726,-0.039634920414340656,0.17716829747807664,0.034727280967818124
916,-0.060615112359323584,-0.11664716210031696,0.06492607417633375,-0.08227400314769266,-0.07405768400694063,-0.00024180857380819688,0.08127214441958272,0.03474763618383704,0.047133366641698766,-0.04347111157886022,0.18221752398500457,0.034880007610855523
917,-0.06057817805193713,-0.11217708548579387,0.06500522150295893,-0.08226276077205438,-0.07348427916270253,-0.004720849946557283,0.08659007471078271,0.03463928579182905,0.05083464219364312,-0.04520932764137775,0.18605216364661356,0.039345958472052314
918,-0.060643638183776806,-0.11258299987489061,0.06455204808094593,-0.08169576335181067,-0.07361205646493019,-0.00418161556798079,0.08707003328070709,0.0344185083830397,0.05176031444977356,-0.04811935080801082,0.18902764348978413,0.03883692104483852
919,-0.06088848858861046,-0.11298780658670537,0.06738336079861518,-0.07774521976889173,-0.07359672533777481,-0.004476376955331027,0.09124482318472855,0.0364120549220469,0.056185540718759044,-0.047153551495574986,0.19526628806362487,0.0390004918478038
920,-0.06511360454586229,-0.10956678664737853,0.06955374135202984,-0.07625936589597479,-0.07358535606726728,-0.0038567162866419025,0.09180954538862172,0.04743350989743805,0.05620461054155123,-0.051630716947241646,0.19749507135356573,0.03891954585047486
921,-0.06633747365420326,-0.10840973846721824,0.06921714089089594,-0.07308138841698468,-0.0735147417683677,-0.007862197959504743,0.1006626993123692,0.055035408279280204,0.05631003966886471,-0.05188519665421832,0.1993527707878116,0.03907317675112224
922,-0.06930325139379453,-0.10416972112428681,0.06927162701056151,-0.07399890303504361,-0.07443975894743017,-0.008721527394460889,0.10445962791983886,0.056452320922177945,0.05626554277996489,-0.05261646022393051,0.19913663804875173,0.0387643340324413
923,-0.07198040063751183,-0.1039895220780821,0.06935563464866017,-0.0700971271936082,-0.07838840354773521,-0.008665384753877159,0.10358392351097494,0.05623197224521848,0.05628807872704215,-0.05672721374537277,0.19921555380071354,0.043407443704894536
924,-0.07382788396449393,-0.10315315208649233,0.06835598860496464,-0.06496853446318303,-0.07780612322180247,-0.008700392004071834,0.10814708760783154,0.05628903913528762,0.056243684062940634,-0.05615637350188214,0.20534958882650015,0.04371808087860193
925,-0.07356769293996893,-0.09902084738416886,0.06446852333639755,-0.06499368830183293,-0.07794612560083675,-0.008338266647445506,0.11304923603710067,0.056679739084610645,0.056370007634171715,-0.056311883146142695,0.21260142466631612,0.04958102187305149
926,-0.07358890160494612,-0.10014030449627485,0.06504871671078033,-0.06486470022194366,-0.07791815593026814,-0.01074589809712943,0.11821048299307553,0.06103269143159471,0.05619354119310824,-0.05624189534780065,0.21400271828896858,0.051835960594974376
927,-0.0736394555756544,-0.09661622851257406,0.06491221823197216,-0.06521193435076335,-0.07792244202579363,-0.013335791664848665,0.12157603139279716,0.06048829718244859,0.060847216086612185,-0.056346963117402595,0.21685038804105522,0.054685576005604246
928,-0.07328199000659756,-0.09542550389364209,0.06493813483715517,-0.06302520282330218,-0.07792213023393656,-0.012927271084539867,0.12113376491106877,0.060603964276779415,0.060555801863122614,-0.056346051401781526,0.21635638176312078,0.05650296950809772
929,-0.07558525842645798,-0.09123628102376827,0.06493562731564799,-0.0572545360797099,-0.07792197871919776,-0.012996649531888737,0.12119646888991487,0.060720570006864594,0.060273729415891215,-0.06092681773798973,0.21651344736728154,0.056255696607835734
930,-0.0778426046722134,-0.09098579678450258,0.06493912530145772,-0.05614762374091434,-0.07792251205073264,-0.012998007440010336,0.12130495827312467,0.06025645868044189,0.06295720131719439,-0.06056145965769001,0.21659515271476404,0.056275354491062836
931,-0.08109630572696165,-0.09016578197848796,0.06488415199280029,-0.05629311604777029,-0.07791993997194584,-0.01281507323361471,0.12109546947382277,0.06478877348580221,0.0652360041851383,-0.06023687962993817,0.22115495773216198,0.05626604831672282
932,-0.08238951981441354,-0.0864329797228889,0.06525864568755858,-0.05636094124454937,-0.07793104239611517,-0.014298266404679905,0.1257605921663887,0.06479682037276087,0.064892311607102,-0.06319394420255543,0.220568764293332,0.05636378146633888
933,-0.08224870047674394,-0.08470886468208177,0.06285461926194619,-0.055388247467995595,-0.07789120689438,-0.017771835832954615,0.12537652599030608,0.06585163506818482,0.06493696211560393,-0.06519341223746317,0.22125228309252645,0.05583573249058867
934,-0.08223763740154937,-0.08174077324879175,0.06025396962340567,-0.05172689399027256,-0.07799583884015417,-0.017186291626601524,0.12591336399175898,0.06947539104186876,0.06493585380755382,-0.06490372511801039,0.21794648032387007,0.059105086667612446
935,-0.08231879621597946,-0.08273681396777335,0.06066598675681875,-0.05033195710894855,-0.07795116551049745,-0.017444239443937314,0.12335404420396957,0.07088861060342322,0.06493895814677,-0.0649348806335134,0.2165226901151503,0.060527319867997795
936,-0.08188254091756166,-0.0782496619233376,0.06059946635819073,-0.0442300938737424,-0.0825579838485823,-0.017075298020684998,0.12078554521469703,0.07695651516080626,0.06490910390577069,-0.06492750733070178,0.21273646249249062,0.06433561627216547
937,-0.0845905085668445,-0.07793805692449624,0.06060508765491556,-0.043562001311771965,-0.08213771649781298,-0.02173629473310682,0.12157068754720712,0.0777288298321788,0.06505580032542939,-0.06500587489623307,0.20774758598442875,0.06933407670865978
938,-0.08688673894748682,-0.07806710038307181,0.06061759525589779,-0.03917205388462135,-0.08225662862251752,-0.021540847261701742,0.11726491852530745,0.08190199728730002,0.06447701894034305,-0.06454676227738648,0.20740072437746035,0.06908513745332713
939,-0.08654009441761977,-0.07660407063101214,0.060528086830762544,-0.03885718858323839,-0.08236606939713807,-0.0217573580045073,0.11230929610706213,0.08700874912506881,0.06863773438870108,-0.06743282117523976,0.2017522498312835,0.07021590901087768
940,-0.08657315372644568,-0.07354881983140739,0.06101025272806564,-0.03364750100330651,-0.08180066978815372,-0.021225406126987374,0.1071584973996462,0.09667908098847779,0.06929229201742512,-0.06953993025619203,0.1987277083411,0.07609936033100809
941,-0.08651647960469884,-0.07102513077796842,0.05800683169722684,-0.02894062468645177,-0.08599912039726901,-0.024314626177397037,0.10386667637841865,0.09948839316968304,0.06927482128888089,-0.06922745729070288,0.19954878147782304,0.07772861292175198
942,-0.08735598754750967,-0.06900380232462264,0.05601830666174486,-0.023560009784978884,-0.08660423847592867,-0.026216320863004936,0.10186075116454674,0.10155321019808046,0.06931770539875325,-0.0692648487458369,0.19619229030968616,0.08122377091472123
943,-0.09137376177429349,-0.06929486305689228,0.05630967480112899,-0.021389556684450386,-0.08659727583095629,-0.025945621134458877,0.09952566421019758,0.10426605534536666,0.06890455206680629,-0.06926548100645388,0.19078377908144192,0.08235757348297959
944,-0.09079079864131519,-0.06926643617812554,0.0562769714992183,-0.02161315119506162,-0.08657210526218548,-0.025972062742646167,0.0966554868220601,0.10383261971783332,0.07159799758061307,-0.06926347341542592,0.19050396679666465,0.08225421173407753
945,-0.09093427952379839,-0.0692233245744378,0.05627555850224758,-0.02181254921205721,-0.08658249334732569,-0.026004072420749074,0.09111096288573663,0.10390324350937719,0.07389723571308993,-0.0692642414373668,0.1898993998740896,0.08228334562149114
946,-0.09090479802644215,-0.06955046673439318,0.056277659426206696,-0.01713786108848278,-0.08657949756204301,-0.025765287568228937,0.09086141343724399,0.10389703536640452,0.07354871512768583,-0.06926402870416642,0.18571247640477032,0.08196777579038414
947,-0.09090954847988611,-0.06737622539663335,0.0562768817088288,-0.012891174357767552,-0.08658020671462194,-0.027452279444801157,0.08556775860500544,0.10388394553613592,0.07359579571023309,-0.06926407731313185,0.18621448535568444,0.08413821738348336
948,-0.09090912028955403,-0.06458702270403996,0.05627710866128531,-0.011870547814066268,-0.08658006735979391,-0.033282964438397386,0.08241606187807564,0.10397923642926538,0.07360055492255145,-0.06926406749962537,0.18635053901824028,0.08692772532413427
949,-0.09090907271194704,-0.06488888423419618,0.05627700337000249,-0.008179624029619892,-0.08658008849818494,-0.034819151161692846,0.07900910336868514,0.10346345727542085,0.07353143902779183,-0.06926406993320323,0.18368587740426776,0.08662831245872264
950,-0.0909089956631932,-0.06520678702890348,0.056277185401561916,-0.008756539996509816,-0.08658008825580414,-0.0346094048009009,0.0699932368892358,0.1066196846994021,0.07395322452663813,-0.06926407825422255,0.17405520940079325,0.08630329125918715
951,-0.09090964894247727,-0.060582679971276455,0.05627692273830022,-0.008669660525930274,-0.08658006824808072,-0.034631738279573596,0.06992080460782792,0.10804517601312832,0.07127076145029092,-0.06926398461868845,0.16877384949940305,0.09093099327512158
952,-0.09090666349960701,-0.06082065584079218,0.05627543387147551,-0.008582628320713478,-0.08658020373603871,-0.03463247971663535,0.061796472154396494,0.11206250233427631,0.06895797330618862,-0.06926456466932403,0.1596917866403774,0.09081570702244941
953,-0.09091780146057589,-0.05945634987570552,0.05629284097319094,-0.008655831268076118,-0.08657950472208022,-0.03463717702730728,0.0562750268365369,0.11255349372381042,0.06930856475038374,-0.06926176423283702,0.15956400162627732,0.09101772709585547
954,-0.09088607155290271,-0.05582520805337083,0.05618345552438773,-0.004018113402092279,-0.08658249175295406,-0.03460195374989524,0.050763385293244076,0.11256811259044872,0.0692617233264097,-0.06927293786695234,0.15342546693719553,0.0904868862450938
955,-0.09092076241652398,-0.056379757132465354,0.05671832201844114,-0.004568023882477655,-0.08657197854294249,-0.034764489147733675,0.04246155340174743,0.11261461000511298,0.06926288371206457,-0.06923771910515138,0.1516186717450498,0.09353255061190176
956,-0.09130917660266977,-0.056258080055268146,0.05335071423965598,-0.0033163193156929157,-0.08659838978903962,-0.03415632966429239,0.04380793798269488,0.11217471855568618,0.06926461471367674,-0.06929945130435818,0.1486501914296289,0.09517941720252869
957,-0.09559914629169552,-0.056279599028286546,0.05175414787053398,0.005260298379545203,-0.08659719027546497,-0.03854897246851204,0.041166139221237005,0.11499836617812623,0.06926406384542325,-0.06953767659226993,0.14356720713805335,0.09873795957064588
958,-0.09547648885688348,-0.056277014203021565,0.05196511588625665,0.009246569620403457,-0.08603494748136939,-0.03894996199231388,0.035865844632372655,0.11717057040004865,0.0692633299495529,-0.0739949643665824,0.13853238562017764,0.10388393953721183
959,-0.09295759441936649,-0.05627468417397056,0.051954787751298116,0.008339979037170323,-0.08180310273904849,-0.043599504998982824,0.031156535686371112,0.11684288164427788,0.069267054553661,-0.0734681344430435,0.13767570021396644,0.10372300077983036
960,-0.09059123687108638,-0.05629562013303515,0.051896882304855806,0.01282878226600608,-0.08237380525446203,-0.04316928704931441,0.02600055798300436,0.11688475807062573,0.06925533644220931,-0.07362397897609725,0.12908339751776152,0.10497249190460185
961,-0.09095140708741682,-0.056174538358289096,0.052266518003750935,0.017522549510400852,-0.08222548603053295,-0.04329828291934757,0.0253370012528326,0.11688438006268156,0.06927420406925938,-0.07358691059615768,0.12917994696847557,0.10868225466491294
962,-0.09091648982645677,-0.056734942203386055,0.04990020562635626,0.017002303509582175,-0.08224715953989355,-0.04340430822769901,0.016329489461149788,0.11688254433678806,0.06936867393982284,-0.07359353935264193,0.12002068084960213,0.10811934948193616
963,-0.09096775332426973,-0.053118585991029546,0.04726172823574529,0.0189325183496254,-0.08227499139802648,-0.042842005557409545,0.018306962551325287,0.11688325670503351,0.06815238387035669,-0.07359388827383474,0.1169145380558956,0.10824490969372953
964,-0.09015720913759151,-0.051805895190587994,0.04768052738741484,0.022029288950827966,-0.08223647077122237,-0.04706881685078215,0.012591980614269265,0.11688322832113633,0.06601440734568735,-0.0735970280060967,0.11300898519069091,0.1082228631307642
965,-0.0861179786833069,-0.05195195537229542,0.047612347098029556,0.021683090754458696,-0.08184075202911535,-0.04763461974886226,0.00835891595795209,0.11688253304300432,0.06992344519929758,-0.07354213751860847,0.1126300066714225,0.1082249181607075
966,-0.08669103073505462,-0.051953047938754215,0.047618670232170424,0.021291583496980925,-0.07773166364348846,-0.04766626579928865,0.005560254527803604,0.11688490150744174,0.06867438950932028,-0.07391877940439068,0.10305380451777071,0.1082176472351164
967,-0.08658742638304406,-0.05194709978510497,0.04761950810995006,0.025781426745923354,-0.07645279920201141,-0.04736655063694752,4.376349324771681e-05,0.11688047248536754,0.07301097584731171,-0.07148818031420984,0.09831976639880297,0.10829093719461672
968,-0.08647468071085317,-0.05194153576023641,0.04761888063448542,0.02586032346679809,-0.07305743701520435,-0.049292791379781466,-0.0004696312524188109,0.11686705734966442,0.07354514792868597,-0.06891745410574791,0.09520377452756629,0.10785106858138148
969,-0.08682274470298275,-0.05198047386835235,0.04761909305812118,0.026774942097568675,-0.07401447928598022,-0.05236562187057285,-0.00925170205785202,0.11706782903325198,0.07848512070547901,-0.06932335578709059,0.09292571812067832,0.11062562374798914
970,-0.0821785654617496,-0.051826027176225274,0.04761903731233048,0.03084816194587511,-0.07034595147529896,-0.05183642491590287,-0.009906791531716391,0.11553814410020767,0.0823281645894037,-0.06925451149327579,0.09066026611105182,0.11281631510685852
971,-0.08248276230548164,-0.05229191935110834,0.04761904973145459,0.029756210563472864,-0.06504212142534076,-0.052051387694324436,-0.013148141174546147,0.11168427641397854,0.08369739523892689,-0.0692530607347346,0.09077103597499694,0.11260453888356091
972,-0.0810634579043905,-0.0477141489717444,0.04761904679265875,0.03316223282160283,-0.06480190501236106,-0.05186249195594676,-0.015352203480231322,0.1154816139870492,0.08714334579095527,-0.06943544239080664,0.0910755000948887,0.11247089995627027
973,-0.07747108784495256,-0.04768433198463691,0.047619047776383865,0.03484118503181157,-0.05938947721131663,-0.05651989036119922,-0.020707577965621355,0.1170790599391331,0.08603081113818087,-0.06795898126180155,0.08173646854363478,0.1171280247162132
974,-0.07802444117510304,-0.04758891532079767,0.047619058778247327,0.034608137316795004,-0.056183169098687306,-0.056169207203821694,-0.02559235130277822,0.11686426310811149,0.09024514210050079,-0.06448635665302903,0.08272067693646294,0.11677000894261645
975,-0.07790501458777863,-0.04762803189225087,0.04761895534415697,0.03461955543693964,-0.054693294264308544,-0.05628456766565739,-0.030550305862811954,0.11688074437494407,0.09094703931410697,-0.0650320342984593,0.08050301489773916,0.11691724659493652
976,-0.07791850432633056,-0.0476168489033979,0.04761956334315326,0.034802319883251054,-0.0487873363256839,-0.05638925878193487,-0.03475095796568123,0.11688831108987736,0.09092446446833274,-0.06491836329506301,0.07787240013798105,0.11687288866405392
977,-0.07792610074437943,-0.04761964260961862,0.04761671174876315,0.03334586616661697,-0.047462099907318984,-0.05581893689612451,-0.03579855869244694,0.11685908746953903,0.09090026283609831,-0.06493687308893485,0.07534288547465502,0.11689292021129898
978,-0.07801997005968052,-0.04761848698981553,0.04762784176399569,0.02985227996909241,-0.04763121686864646,-0.05994550510009449,-0.039548591168142036,0.1170023030942377,0.09091812548579162,-0.06493516926406219,0.07000733519858932,0.1168588546508052
979,-0.0769847335962744,-0.04761965640967734,0.04759364302386334,0.030401692783002105,-0.04761310871287091,-0.06064293077799863,-0.03839075966407942,0.11638363962984746,0.09087702880233353,-0.06493499573299928,0.06516353811687327,0.11691232854510239
980,-0.07313197618829972,-0.04762473189648001,0.04764900638496005,0.03028512575457327,-0.04777110061846955,-0.06062328039285322,-0.04233245355112617,0.12035007838892142,0.09103119363268132,-0.06493470885747692,0.06043375850665316,0.11716095921932838
981,-0.07368060702394597,-0.04756077579972214,0.04791524416093956,0.030306374450864156,-0.04641445756441038,-0.06058257886415946,-0.04339052368154226,0.12105022197639087,0.09054632931459886,-0.06493714434993089,0.06070329563940177,0.12183840415581955
982,-0.07366984408414198,-0.04796907887507954,0.05235347039220837,0.03030403455796084,-0.04283407030668302,-0.060702257679241006,-0.04329237799654761,0.12559136886022054,0.09507867484352964,-0.06492612894368137,0.06051116540272579,0.11955019804637476
983,-0.07329107376787213,-0.045366405014717975,0.0518230776946338,0.030266575704968098,-0.043387956260104325,-0.060162369538829086,-0.043321233292903376,0.12544915042089336,0.09512549706322512,-0.06496621742440203,0.06093680682830362,0.11648724745815
984,-0.07409411774371656,-0.04297004626542573,0.05197903114337151,0.03057373070410806,-0.04328813812143729,-0.06356795953707957,-0.04301501895536934,0.12557555698672612,0.09591131433647235,-0.06485993649466296,0.0581061169631657,0.11696508805695563
985,-0.06011522047699432,-0.04333905294857131,0.05194166256403641,0.028507665025420466,-0.043248964704163534,-0.06511796326734332,-0.04512012111946342,0.12553159861021346,0.10156854508656508,-0.06490598810737014,0.05248259880949611,0.11686370342636293
986,-0.06090673372426768,-0.043286578299973136,0.051949082092226366,0.025462172804014024,-0.043300488990835106,-0.06492212008945009,-0.04797668232301299,0.12554345207896914,0.10417751237548331,-0.060293807903598604,0.05191343557798462,0.11689460167700456
987,-0.060529256895781904,-0.04328907873614787,0.05194796040903019,0.02648257407278568,-0.03793551181986952,-0.06493137383943307,-0.047666255638534556,0.12554012116335683,0.10395729109564829,-0.06072541438940417,0.05194277726684979,0.11695002850718145
988,-0.060518818818072584,-0.043290309795969116,0.0519480365586433,0.022172686718544676,-0.0285406536054669,-0.0649371045936808,-0.04731349195398037,0.12554276297409186,0.10353505983090948,-0.060572979881161775,0.05189874652601148,0.11607584765587564
989,-0.06106706677742147,-0.043291615283124356,0.05194807935356091,0.021625721295221757,-0.0257514393155868,-0.0649344549879034,-0.05191264478181976,0.1255404758131085,0.10806390643474091,-0.06061358977296505,0.05228644684114314,0.11208345474929984
990,-0.05722171968373201,-0.043281683724223356,0.05194793319731964,0.021183447625585414,-0.02591136574118752,-0.06493506358090337,-0.05190547359815361,0.12551259108114826,0.10816781255479083,-0.060604666551187944,0.0497571458356625,0.11269307678623339
991,-0.056177523468723574,-0.04332343196110558,0.05194863135176292,0.01713487263900701,-0.026422869422420888,-0.06493567449550432,-0.05171527332477908,0.1257825463712472,0.108269527203633,-0.060606241673926885,0.04732018723140601,0.11243919863224727
992,-0.05627322145955423,-0.043185577729448185,0.05194564742337029,0.015797767138293683,-0.022293371978527023,-0.06493306044891423,-0.05370786546544433,0.12389856440150054,0.10812361077251544,-0.06060605818546718,0.04756741455895518,0.1128427626285214
993,-0.05628397411563481,-0.04346721027544395,0.05195619340443843,0.012416544878717267,-0.021614973430179228,-0.06493847280237985,-0.056237881801474626,0.12067939515189524,0.10866644675566368,-0.0606060539145724,0.04779164128467557,0.10862956142842968
994,-0.05626921475859943,-0.0387973518991973,0.05192955053666035,0.013563516285933072,-0.02170304900264301,-0.06494969668126227,-0.05926345993869836,0.12174992706036102,0.10527308201207804,-0.060606056843016,0.04312446175487932,0.1037801516272956
995,-0.0563072265007258,-0.039063782746991293,0.051931580081908214,0.009186859010919275,-0.02083496773212049,-0.06474491344175937,-0.060779711540245494,0.11750816467658447,0.10367320677463382,-0.060606097961294125,0.043406968818958246,0.10392021036556769
996,-0.056147291514142016,-0.038927704991037884,0.052493176034690524,0.008735266511778778,-0.016822127926717664,-0.06633754671848333,-0.06059840417952343,0.11684974785539466,0.10396722977221556,-0.06060588878850445,0.04316906656770649,0.10419938639983502
997,-0.05675022986110326,-0.038969512057759254,0.05672550974494638,0.004099902305673217,-0.017556270704968097,-0.06970394482450502,-0.060622927552915054,0.11686750955748738,0.09878674078694123,-0.06060669855780029,0.0437283318072943,0.10178295411147067
998,-0.05244454805481791,-0.03895921897043719,0.05615385580644464,0.004380890637022849,-0.016799205621138468,-0.06917174258959757,-0.06039244556633165,0.11689192406249041,0.09064259991605902,-0.060604291948609355,0.04046046985647555,0.09924656472616074
999,-0.051979265008088735,-0.03896148122814615,0.05630507267417892,0.004682559468900819,-0.020900854396091344,-0.06927972064178542,-0.06212247465074676,0.11687405249174215,0.08802630939000164,-0.06060749637406577,0.038751080598475526,0.09954411835183632
1000,-0.047005135462829674,-0.038960724027921334,0.056271838620706956,0.001915350813531098,-0.021554934393946578,-0.06926161882737096,-0.06536458811893443,0.11691547823042168,0.08169359360242835,-0.0606321718542844,0.03898044948101494,0.09971273885520276
1001,-0.04299434102635054,-0.03896019614480814,0.05627774842018787,0.0004683194240907892,-0.026211030079441866,-0.0692608112630165,-0.064847175444826,0.11675784899895987,0.07983482169967762,-0.060367285702451014,0.03896361035801174,0.09494622244029473
1002,-0.04337185254144636,-0.03897395639710153,0.05627704127659011,-0.0066658375048857564,-0.031022994417513664,-0.06931149598282353,-0.06494901155074399,0.11727277116959325,0.07442879370919177,-0.06224920896575185,0.03895914168527183,0.09059214499564901
1003,-0.043302509361761415,-0.03887523382119885,0.05627702931006795,-0.012919922133331138,-0.03634486176157932,-0.06894983363310182,-0.06493390490818667,0.11277714273516617,0.06947526927600833,-0.06523113007581455,0.03896166726028938,0.09131480305409702
1004,-0.04316064744165472,-0.039391324858886086,0.056277069386222574,-0.013112466729524687,-0.03890552644275918,-0.0713076663598837,-0.06493484586962871,0.11258153523816603,0.06425874117588559,-0.06531413357708017,0.03896091604916552,0.08883632420927265
1005,-0.04370489171508342,-0.03616749519210519,0.05627704316842161,-0.01843809302780306,-0.04152619478843445,-0.07394844423760104,-0.06493520504656308,0.11272531934173334,0.05551888299693951,-0.06127325064386071,0.03896090142308312,0.08625360749599911
1006,-0.03913918996005958,-0.03451895908404523,0.0562771017961998,-0.02195742709212278,-0.04355504780813872,-0.07353308666063596,-0.06493501900682958,0.11111171035681716,0.056745983573992395,-0.060574332446138975,0.03896160496276471,0.08656009732517571
1007,-0.03880202016609202,-0.03442460096849727,0.056276886155338365,-0.02167050988081766,-0.04325756042949496,-0.07359918241874612,-0.06493507674158486,0.10819493301926525,0.054470165997915126,-0.06064798200778942,0.03895985112571591,0.08673849509329255
1008,-0.03441008631414447,-0.03906598989523369,0.05627755576527371,-0.021205493853194684,-0.04328977620026269,-0.07359360132084551,-0.06493506241330074,0.10558608856108596,0.04856917145332092,-0.059963152317613365,0.03895878810084136,0.08202267580001267
1009,-0.033452699842525406,-0.03885297250388682,0.05627640345817124,-0.025041378584585296,-0.043291856628353095,-0.07359258629669836,-0.06493506536388387,0.10354347597244494,0.047860021320472096,-0.054338558242918784,0.039004678156009547,0.07782373288525447
1010,-0.029738013781965486,-0.03907540434442078,0.05627184606750494,-0.026124582611778437,-0.043287958862624945,-0.07359324247777749,-0.06493506488998033,0.1041591352266019,0.04348377637670025,-0.05139047148201325,0.038659390580530244,0.07676494751663868
1011,-0.03074956356029964,-0.03853805357489065,0.05633255248699234,-0.026078542401576872,-0.04329811835997764,-0.07359303179999158,-0.0649350649317292,0.09948205856826078,0.043345371638930784,-0.05297193026031548,0.04093504393245696,0.07299877819695479
1012,-0.027350694905150838,-0.0416556113363268,0.05593851855872983,-0.030679955392505072,-0.04325475531211354,-0.0735930709444449,-0.06493506493996096,0.09961259168152761,0.04325171400500323,-0.044663368282146065,0.04365647090668369,0.07419839589482016
1013,-0.02194114030166817,-0.04352480105920817,0.05844421276976326,-0.029897392414229035,-0.04342096086773516,-0.07359311398328836,-0.06493506492315448,0.09984799660057064,0.04334996122157929,-0.04334197914737766,0.04322646527254333,0.07008249982768901
1014,-0.02165264471146017,-0.043269103938625944,0.060941364292477866,-0.032214443770731016,-0.042920047018736585,-0.07359297943353643,-0.06493506499096187,0.09755832939618192,0.043045577583387645,-0.0387431048097585,0.04329697612395522,0.06944139942277715
1015,-0.021628489064786947,-0.04329453043948649,0.06055851566768363,-0.03512833212541593,-0.04753853841877247,-0.07359296905495964,-0.0649350646975949,0.09532228841052723,0.044244868852160606,-0.03926812507560473,0.0432902956132007,0.06488124375762533
1016,-0.021651287156347156,-0.04313195175701653,0.060596561599775535,-0.034126813388913116,-0.04789506254169714,-0.07359594590229455,-0.06493506576658101,0.09201680181797592,0.03602870872856432,-0.0375460947662799,0.04329245211736339,0.06445385746266899
1017,-0.0216434064937475,-0.044570153839242094,0.0605657568280951,-0.03852770178632432,-0.052210363399907936,-0.07357233445834321,-0.0649350628842603,0.09078368032285736,0.034651368566035415,-0.03396352090733689,0.043269472005982065,0.06011768487106629
1018,-0.021644795597229274,-0.047677558498818204,0.06127575594464709,-0.03895901064529956,-0.05309152386292442,-0.07370165013534029,-0.0649350646411179,0.09090826631343955,0.029888370302713057,-0.03568908995187655,0.043398573880322526,0.06073965078910979
1019,-0.02164727529681386,-0.05010806493859308,0.06537256148969527,-0.03885014959366481,-0.05848520815399077,-0.07312843440376492,-0.06493511114389992,0.09091288485979306,0.025104886793379192,-0.027497458573168765,0.04282541736051959,0.06056797966120456
1020,-0.021638530339635448,-0.0523331418246539,0.06492547883413269,-0.0400855493532122,-0.06388463913335041,-0.07690145530779517,-0.0649347021412131,0.09092551549765121,0.01972510456996563,-0.026045332672039803,0.04659841193932685,0.06064233225674616
1021,-0.021651132768890184,-0.05163830624353153,0.06449548867659552,-0.043447046926738335,-0.06467596682015808,-0.0780329605337268,-0.06493704616666857,0.09080678801823813,0.017282107903459458,-0.021522073056363986,0.04772995742242907,0.06053111465467186
1022,-0.021732433407060242,-0.05631067577754068,0.06827924817256334,-0.045305813380534916,-0.06905738404506474,-0.07792454640983927,-0.06492625624841974,0.09136682647046018,0.014999470405032609,-0.021241345069401615,0.047621529132169244,0.0605701659093645
1023,-0.020758256102258142,-0.05619670581337052,0.06937011792192549,-0.050628408843076046,-0.0694000479616104,-0.07791598228018765,-0.06496746174881961,0.08776201765128984,0.008993558068015235,-0.015501250090642208,0.047612266136743374,0.05595760618156887
1024,-0.016854163536204298,-0.056287288859368866,0.06926700446142253,-0.05579004142043226,-0.07397740630312476,-0.07792438377002925,-0.06484601020444708,0.08643328321001169,0.00895106588558179,-0.012586860994216928,0.04762655099375126,0.05641681803220944
1025,-0.01740828223642437,-0.0563820792117893,0.06925791430208716,-0.05631211074350245,-0.07354847048634411,-0.07792144388442229,-0.06500429587825862,0.08658542557561906,-0.0003184067441702475,-0.013398568744529825,0.04759057333887132,0.05613742939830594
1026,-0.017381595738516335,-0.055783593760399576,0.06926675289886626,-0.05665634855273688,-0.07318556026555917,-0.07792221797007852,-0.060355327808940956,0.0865830711001185,-0.0005265587477712103,-0.009967704712185829,0.04774051323433944,0.05674920620932628
1027,-0.017039368640556354,-0.05963980373904441,0.06926141435615318,-0.061003665384791364,-0.07639061691646687,-0.07792206344668431,-0.0607188297974584,0.08659462118307297,-0.005201177092000324,-0.00459161078714454,0.047186810212738406,0.05302202253712157
1028,-0.021194755557525424,-0.06043182465183563,0.0692730653422203,-0.060579626644015554,-0.07781820898123765,-0.07792205154909161,-0.06057256229885489,0.08648410031405265,-0.0020090823727546363,-0.004368942700011901,0.051449650054520256,0.051845628559919726
1029,-0.026039609640422564,-0.06493268388459641,0.0692318702393018,-0.06018824692288347,-0.08164207450564982,-0.07792207873000315,-0.060614145886513184,0.08702741765633573,0.00030346289044659786,-0.0038155852912689415,0.05194927192160135,0.051947621750839314
1030,-0.026458557469655624,-0.0648322470698223,0.06935078581916762,-0.0636009203789614,-0.0866629202615915,-0.0779227093222548,-0.06060441484644829,0.08357933546450468,-4.9334048606044346e-05,0.0013929911299273546,0.05247148774756431,0.0514846155136499
1031,-0.031758307332377944,-0.06510974434713036,0.06920898004629569,-0.06511325640476577,-0.09102889221441281,-0.0779170247744047,-0.0606064063574272,0.08207378504409629,6.821485552919833e-06,0.006600022594942307,0.0564450355396128,0.047176337434641086
1032,-0.037048900714043556,-0.06415313207009725,0.07385214093154871,-0.06492279893898763,-0.09193912219263965,-0.0779498013305761,-0.06060590015625865,0.08226328764034055,1.716516113372066e-05,0.008957440787481046,0.05792899732231649,0.047743647825900834
1033,-0.03879323775015087,-0.06990905753282642,0.07347952438091662,-0.06493132981004285,-0.09569836038560933,-0.07779903790762258,-0.060605098790061936,0.08225480527225484,-0.00019922213670695658,0.008604470827655456,0.060998716254350695,0.047590394677799436
1034,-0.042241956591861106,-0.07414518538101161,0.07362655848666562,-0.06493703797081365,-0.09524899654072445,-0.07837017990068629,-0.06061676649004473,0.08224904466149024,0.0014521222590749465,0.00866555513982819,0.06064428748374685,0.04762441156185647
1035,-0.04340691627867471,-0.07352550460198276,0.07358502475169736,-0.06493488126174911,-0.09481016074424187,-0.07412213204756943,-0.06053990002412363,0.08225172528809124,0.004771313022816595,0.008659040619261224,0.06030354440190202,0.04761833558758449
1036,-0.04329197595476549,-0.07359191537191564,0.0735946778626667,-0.06493299234417037,-0.09900941372740536,-0.07358223213214786,-0.06092568467168098,0.08225092074556856,0.004206660258969822,0.008621182578448957,0.06489158145151139,0.04761906269141877
1037,-0.04327486082338964,-0.0734886697726854,0.07359283047579632,-0.06494399746272517,-0.09958618426043563,-0.0735739101579397,-0.05821159271114203,0.082251115948618,0.00444692960419411,0.008931319060590139,0.06475313299607606,0.047619075048055785
1038,-0.04336176335808257,-0.07458721991087314,0.07359308951896791,-0.06490631936341959,-0.09958469037373172,-0.07359634227481897,-0.052594460293887355,0.08225107672824367,0.004157617365345107,0.006841118670635717,0.06596632535470649,0.04761903607023331
1039,-0.04291258281507013,-0.07848799108869461,0.07359307254986662,-0.06498989811820145,-0.09956357492670466,-0.07361908951345275,-0.05184011390682623,0.08225108276758464,0.008832509040958251,0.003843826322546842,0.06979417927404878,0.04761905094580931
1040,-0.045701185173993096,-0.07735788218042819,0.07359313970329662,-0.06508774949867008,-0.09954296006214054,-0.07346520135670447,-0.051788617739772905,0.08225108231672967,0.008542340216085955,0.004749055842113934,0.06882170089514372,0.04761904683998671
1041,-0.048005589419763524,-0.08105947132092761,0.07359264778182492,-0.0696274094986812,-0.09968985367997928,-0.07407071686435493,-0.04726082474545998,0.08225108220131372,0.008763212660434573,0.0007088109162783441,0.07195599921602461,0.04761904776824683
1042,-0.047306580346196295,-0.08239908217748579,0.07359513989193951,-0.06914088006003283,-0.09908921645054311,-0.06978149622941075,-0.04774049957199507,0.08225108226795637,0.008300150491929226,-0.004315415099340525,0.07746189474133135,0.04761904759827283
1043,-0.051758599810976046,-0.08224540840119068,0.07358474594456421,-0.06929635460500942,-0.1032149448618369,-0.0692964106290352,-0.04758722882076813,0.08225108224665845,0.011202200313979614,-0.009220428259399758,0.07795756392934886,0.04761904761984306
1044,-0.05667026394582186,-0.08224619199807363,0.07362004505476002,-0.06925704437810044,-0.10387505569507637,-0.06430458071680357,-0.04762592401709262,0.08225108225205083,0.016342555139535895,-0.014461922849186886,0.07830077086142788,0.047619047619715076
1045,-0.06180115190618072,-0.08225443745840372,0.07353947670468679,-0.06926529727713625,-0.10884061831521114,-0.06025324764461115,-0.04761800544878501,0.0822510822508925,0.021464680446230074,-0.01727797151398763,0.0826728173635693,0.04761904761875048
1046,-0.06525857904993775,-0.08224342579521852,0.0734702244705788,-0.06926392987422819,-0.1175250689819783,-0.060990689209170355,-0.047618799494212743,0.08225108225115065,0.021608670248702434,-0.01978430289527628,0.08210170031432532,0.04761904761911777
1047,-0.06504646581365163,-0.0822835829330336,0.06874479414547173,-0.0692640638010474,-0.11675553942143499,-0.05855841992375724,-0.04761872635537578,0.08225108225112478,0.021667401998248476,-0.021591514529205658,0.08240122935586756,0.04761904761911172
1048,-0.06415167977648423,-0.08212823235505576,0.07064901447420113,-0.06926407789259999,-0.11651874723622097,-0.053421061867022036,-0.04762991813462394,0.08225108224969027,0.021637708190323544,-0.025108700061107124,0.08178679394218781,0.047619047618728115
1049,-0.07156478677830652,-0.08260589787230864,0.07401342731845312,-0.0692640660685736,-0.11961097810099415,-0.04803476507084041,-0.047538944707329306,0.08225108226132363,0.021647427379699952,-0.03021546344567805,0.08594128539017121,0.04761904761998195
1050,-0.07782046805666536,-0.07804435027084457,0.07350037724534592,-0.069264070140468,-0.12152290579749943,-0.04770828144042031,-0.04804399668572234,0.08225108219675552,0.021642251937283613,-0.03525545123931598,0.08661218165024237,0.04761904761800359
1051,-0.07797326077291795,-0.07798305868070267,0.07360959083828952,-0.0692640690654874,-0.12100896516197784,-0.04315137429525349,-0.044948695964623,0.08225108248733104,0.021652627686240666,-0.03903787745692011,0.08659048664254743,0.047619047607597324
1052,-0.08398461596720116,-0.0778924387063243,0.07359118839423238,-0.06926406930079326,-0.12569787962167273,-0.04233454963944142,-0.04346539431584833,0.08225108140482379,0.02163208203825251,-0.04060555423721962,0.08663087575965339,0.047619047732671366
1053,-0.09137485889761295,-0.0779310668485739,0.07359307869405475,-0.06926406925928565,-0.13011513448888498,-0.03954638860707138,-0.0394963503791962,0.08225108445013904,0.021590511854327483,-0.04328133383321451,0.08623343052519078,0.04761904694361266
1054,-0.09276165655044963,-0.07791984961603489,0.0735905750480351,-0.06926406926413989,-0.12978689698777396,-0.03213222647815914,-0.03895337735857663,0.0822510815617939,0.02239935577513539,-0.046240771427695344,0.08883332801335121,0.04761905078864592
1055,-0.0952020062693568,-0.07792269713636363,0.0736130898180353,-0.06926406926426631,-0.1298637542066889,-0.0254639693032269,-0.038941666284060844,0.082251040913136,0.02644701453033721,-0.047860886270665884,0.09131547914734665,0.04761903534451475
1056,-0.09843758127519642,-0.07792146336933606,0.07348433796843615,-0.06926406926398745,-0.12999726199692682,-0.022491210842772662,-0.03895242372534013,0.08225142673724019,0.025816345302701976,-0.04753598649302511,0.09059001031188858,0.04761908437098406
1057,-0.09977393477515488,-0.07792284168373054,0.07407480670659296,-0.06926406926409287,-0.12939641274659874,-0.02158831204494208,-0.03905661719398557,0.08224915362582039,0.026160983814293937,-0.05252714799406646,0.09493828527666728,0.04761899675015977
1058,-0.0995772505230784,-0.07792754936125498,0.07035625727943172,-0.06926406926406359,-0.1337741638408106,-0.02160736382378097,-0.038517309281871887,0.08225981350835618,0.02545515298307511,-0.05613985529283677,0.09971603537470872,0.047618681198198
1059,-0.10406369491161767,-0.07786215724154696,0.06935359599190453,-0.06926406926407079,-0.13417494505471184,-0.021873477377841462,-0.04200782376080747,0.0822183067120386,0.03027259980103563,-0.059278980207621186,0.09948353116999162,0.04762306149250787
1060,-0.10483198444936985,-0.07828922519253662,0.06509554788281405,-0.06926406926406783,-0.1388433188938101,-0.02008515606105637,-0.04355100501427604,0.08234487490919143,0.025868331405517635,-0.06582511914798755,0.09961826832975369,0.04759445342989529
1061,-0.10872026878129505,-0.07559687325958446,0.06053019336533989,-0.06926406926407067,-0.1381977315480345,-0.017190609147118577,-0.04317192433755294,0.08214866633195235,0.024744455986339647,-0.06469058204587569,0.09943428509983977,0.04773669895921058
1062,-0.10811681008255586,-0.07372969423075094,0.05969882362820226,-0.06926406926408495,-0.1400082345874061,-0.015016390448490534,-0.04775805832756003,0.0868057506944883,0.015314878201318665,-0.06517072162261202,0.10006859723896988,0.04715454864160699
1063,-0.10821600733197707,-0.07007107425221308,0.05614466366515247,-0.06926406926391453,-0.1448441864358328,-0.009001374393150028,-0.04838525761292665,0.08647439518298254,0.010426995917653961,-0.06462261082079257,0.09588290458841742,0.05119243054930047
1064,-0.1083135657819903,-0.06920402774017372,0.05410993191791476,-0.06926406926499018,-0.15294317876273453,-0.008952883690267432,-0.05245478775049183,0.08658850918684065,0.009332528725178573,-0.07390423124360605,0.0953612239341575,0.05200406952385979
1065,-0.10811644771233017,-0.0692506826086302,0.05160940211117607,-0.06926406925972421,-0.16000414354714362,0.0003534854745120257,-0.051791407274017265,0.0866902061657929,0.0015356025771949707,-0.07418348961515181,0.09078185139482192,0.05196053240566962
1066,-0.11279649075032819,-0.06927220093702163,0.05199352960257166,-0.06926406928110447,-0.15992435780350378,-0.00017542925701160956,-0.052106327997918304,0.08611777608793778,0.00010604147149988197,-0.07842864959071473,0.09024844220896963,0.05194058198622296
1067,-0.11210583785280527,-0.06926070673309866,0.051955244938591244,-0.06926406921141676,-0.16922879310588756,-0.00017195711091496797,-0.05153212477407639,0.09015666310138203,-0.009500936838313552,-0.07791361418193943,0.08609627563248715,0.051950448659734944
1068,-0.10438382895339555,-0.06926858922992178,0.05200807333058649,-0.06926406935124374,-0.16861439631785163,0.0016801300052810301,-0.0561074323440296,0.09096654459894737,-0.023350663298492592,-0.07745053579255724,0.08662377455473101,0.05194744780261963
1069,-0.1009748378873757,-0.06924835468710676,0.05118232484799681,-0.0692640696580278,-0.16890803047068065,0.007556699086025584,-0.05644166415004122,0.09092096987760148,-0.025817696988475334,-0.08155166183734813,0.08688604967656248,0.05194817688031848
1070,-0.08547548895141317,-0.06931377466528703,0.047156298556767826,-0.06926406425226449,-0.16877135440846852,0.00870345782915128,-0.061001635658284196,0.09090174333661785,-0.028015753891794344,-0.08212718864742968,0.08349709106626657,0.051948034207991975
1071,-0.07476515534067135,-0.06917322039788153,0.04772839053484979,-0.06926410129475397,-0.1690068059403462,0.008835500226073073,-0.06055977591652202,0.09091148141343107,-0.030776610538281308,-0.08673887601309704,0.07805816413238664,0.05194804894726279
1072,-0.05783989118284205,-0.06895800885801154,0.047629992645512646,-0.06926391144152011,-0.16827068575707094,0.004167962036063802,-0.060212285650776236,0.09090847893227276,-0.029854554754808037,-0.08647236726459744,0.07777453874958828,0.051948036102521036
1073,-0.04742025220307422,-0.05916079821407518,0.04750520463531012,-0.06926471413564134,-0.17316667161370242,0.004638936996352723,-0.0633892316910822,0.09090922188991518,-0.0343653833541347,-0.08661558290953117,0.07319683371951437,0.05194828419776738
1074,-0.03531834630775264,-0.05597086419586819,0.0478630826368544,-0.06926194394409914,-0.16399920454569308,0.0027590754061406477,-0.06513671489309415,0.09090906600346402,-0.03454211579630004,-0.08657151149394696,0.07373984072747448,0.051946527886527934
1075,-0.013985237502128243,-0.05678768388813719,0.043222467899267335,-0.06926850621644554,-0.14887932230771653,0.00044522192430042427,-0.06495608355586127,0.09090909929692931,-0.03542177662427916,-0.0865796292770847,0.07347837511360729,0.051955639540874086
1076,0.0004161197592893253,-0.05335626407211184,0.0427498381089016,-0.06927194158098492,-0.1367740139078566,-0.0056007991555427515,-0.06501139271089736,0.09090910196290905,-0.03916422525504244,-0.0865876903841014,0.07393287934842056,0.05191695012982709
1077,0.037745851240206796,-0.05214110905517932,0.0386093406759679,-0.06910594173075016,-0.11763417631926554,-0.008701401640895853,-0.07027197319767768,0.09090887240390193,-0.04059323257413041,-0.08656377397615428,0.07057767660965113,0.052050064036729043
1078,0.05099412931870742,-0.047945209064657004,0.037990007622626,-0.07049993945543667,-0.10136319250778353,-0.012637535046626323,-0.07360829152291266,0.09091061114601098,-0.04617540917407436,-0.08654806324467176,0.06510001016796303,0.051742383262627666
1079,0.06901128736869563,-0.04765167537150832,0.028980043496500144,-0.07404545576150316,-0.08366569172855005,-0.012952028536519089,-0.07554622307043726,0.0909012447858317,-0.05075322418878177,-0.08721377030249,0.06482523174597926,0.056426096490388856
1080,0.10387147587683274,-0.04759144925593469,0.025560168126570845,-0.07350130345754045,-0.06802614897400018,-0.013016541841069967,-0.07781925673111706,0.09094246616838766,-0.06290791769155483,-0.09136517622519373,0.060225393519845224,0.05552724125721248
1081,0.11292718890270408,-0.04762862353068762,0.025972919123877197,-0.0735799935628406,-0.03032010649949464,-0.01297719463986953,-0.08127264098694204,0.0907928264595885,-0.09649113013142076,-0.09079599064504211,0.06075712219308914,0.0515233032300054
1082,0.16108655995585527,-0.04761600141761153,0.0259695328392703,-0.07366669125990113,-0.031216059549766924,-0.012987990412193015,-0.08208927920687394,0.0911920465521327,-0.11125059707082605,-0.09090208595294377,0.06046270969395424,0.05205179116213163
1083,0.1638132253172197,-0.047621942843166155,0.020841340478235628,-0.07361306633576613,-0.02720378632342345,-0.01299346571310405,-0.08660074698976361,0.08656055657033357,-0.13992120439473196,-0.09101876411816201,0.06107011892999748,0.0519573918678156
1084,0.19333257665556283,-0.04761101233824786,0.017274105572478802,-0.07822756565857436,-0.014283956316860903,-0.012963445705264576,-0.08652562803172126,0.08666186506676726,-0.16056041716307312,-0.09064781089956207,0.05724492345510958,0.05183938766041984
1085,0.2073738887441461,-0.04763641978057045,0.015570681302514704,-0.07780218570515536,-0.012892139007166176,-0.013038732898824451,-0.08635361623034046,0.08654833322268414,-0.17540785071548542,-0.09529524346750262,0.05611236097302065,0.05219420939778024
1086,0.21181194717081517,-0.04764273379464024,0.01301874735462083,-0.07796273140634508,-0.013001830455992838,-0.013057714863218287,-0.08831302288502274,0.0865890219406039,-0.18849849668061527,-0.0951501695807085,0.05617357448990899,0.04753804588835784
1087,0.21165522350804644,-0.04703282231763686,0.009948320917223355,-0.07788149012005893,-0.012995370350388247,-0.01814513424595805,-0.09143237849846977,0.08657786464041797,-0.2024970403043184,-0.09527044830938106,0.05178979772724515,0.04770712410765995
1088,0.23019346946503655,-0.04275767743246076,0.008493151708369454,-0.07804402714403606,-0.012974430535325593,-0.0228913391850975,-0.0903834446704353,0.08658109553680385,-0.20779332546877374,-0.09522932299337333,0.05067694540794415,0.047611569927111824
1089,0.23761070243417473,-0.043813915689506024,0.008665519581789708,-0.07759397291350559,-0.012853521262746836,-0.028377879325896117,-0.09469367992021803,0.08657834481677468,-0.20833831941477737,-0.09523989955651894,0.04797889838689486,0.047496903723517885
1090,0.25902436695645736,-0.04064193308160843,0.008662776599792211,-0.08218476005944447,-0.006479741138349528,-0.03012961835762507,-0.09525548815129585,0.08658126379027532,-0.21363276503188888,-0.0952383425079197,0.042306101171690834,0.048173642362188365
1091,0.26043604298592604,-0.03862856291276928,0.008656889094248188,-0.08218055014553119,0.0003740960310007246,-0.03358561765076784,-0.09525614148690084,0.08660648117267959,-0.2188526099720155,-0.09523662916605737,0.03888019535673274,0.04397385961996635
1092,0.2563604989723891,-0.03920208851127353,0.008651786048068832,-0.08229806877772118,0.0029788824903774587,-0.034735297296362,-0.09523011130751087,0.08634456858081313,-0.22104391511354393,-0.09523796807053554,0.03509578938714991,0.04683813230999784
1093,0.2864675586654742,-0.03454694505607434,0.00869026446943116,-0.0821466666175903,0.017581498845101486,-0.03462940005269669,-0.09524045284061393,0.08819518443562768,-0.22078519309164313,-0.09527154820162125,0.034646399672100384,0.05197900186116039
1094,0.3067194103152939,-0.029626223685446054,0.008531441726859065,-0.08269331153526717,0.02557009244452651,-0.03488620120148663,-0.09523752918537472,0.09133562979819541,-0.2206831236240035,-0.09497387347366897,0.03460803998220333,0.05189080178060218
1095,0.31634450095388694,-0.024725384142994866,0.009047982920839352,-0.0792675525132173,0.029498618339979937,-0.041738900789167435,-0.09523820767354686,0.09079302671944078,-0.22554668193538827,-0.09700837907315481,0.03462183540284046,0.051969360284726734
1096,0.3267863054770086,-0.019454367110790145,0.004530049131525351,-0.07764945929940625,0.04878862589570949,-0.04841221090903651,-0.09523807830885211,0.0910196882350297,-0.22725290877148438,-0.09996414560584413,0.034736300879068864,0.05194223075014878
1097,0.3310205313426691,-0.016888184471249828,0.004318013178726474,-0.07806808588275199,0.05814052585232791,-0.047441142988457065,-0.09523809635353848,0.0907744104542506,-0.20770916956198596,-0.09949254476713741,0.03416941264937736,0.051949357268748365
1098,0.3017489144170445,-0.017811966440866092,0.0050399717774090025,-0.07340206048192031,0.035192990527448224,-0.04765113367472904,-0.09523809561278725,0.09543769988875708,-0.2014810694885261,-0.09957713623239363,0.03789950189607277,0.05194781780003143
1099,0.27651911390433387,-0.013431049973713513,0.009130516114506793,-0.0736426951063337,0.034510772558283866,-0.047615473048291446,-0.0952380950309111,0.0951318299355865,-0.19484106951186894,-0.09956682542763287,0.03908045217348648,0.05194807485116
1100,0.2646773492274126,-0.012989056128399616,0.008535189558667215,-0.07389795042475018,0.03600614865252252,-0.04761907821711752,-0.09523809534692933,0.09526965572661678,-0.17725904816374258,-0.09956575125845993,0.03896182240003944,0.05194805125207446
1101,0.2404534049785389,-0.013099399798478085,0.008690535537920745,-0.07143489738291911,0.024543355953314958,-0.04761016500594166,-0.09523809499998828,0.09523859770610733,-0.1611549282196247,-0.09957566470952715,0.03895518988160395,0.0519481926392343
1102,0.23377301058949787,-0.011844214230891246,0.008631605670444334,-0.06892465354783374,0.02151739296444057,-0.04769016961846944,-0.09523809612997101,0.0952044574865071,-0.15120866162807134,-0.09951947304940094,0.03896332283405214,0.051946937785445166
1103,0.22830980057560893,-0.008478961293340564,0.00870574922118735,-0.06932137311151675,0.0172473844049233,-0.047231795380990864,-0.0952380924072924,0.09535047486720152,-0.14649007802481082,-0.09978347022952108,0.038960401233940255,0.051954115186518865
1104,0.21997621675528417,-0.0067156786577035445,0.008726383101033294,-0.0692549542322579,0.012813086480265575,-0.050118609409490755,-0.0952381005078328,0.09502835574712461,-0.14088476059223465,-0.09875492118096732,0.038961184732744576,0.05192131480955163
1105,0.22134330811210004,-0.0008280821545158525,0.013902257489830788,-0.06925087297537626,0.012805790762773274,-0.05225850963376456,-0.09523811133283169,0.0996677988239425,-0.1394414795757152,-0.10671420035938413,0.038961011680733196,0.05204468229794724
1106,0.21780142685974974,8.255905434499027e-05,0.01772352779192772,-0.06945208349547842,0.014376538650260642,-0.05181397440953905,-0.09523785368524992,0.10002450769830644,-0.13031661835346464,-0.11244225912924263,0.0389610430831106,0.05169546974620387
1107,0.1994977745912563,2.352568600610125e-06,0.016830110428709837,-0.06786370244914487,0.0037183552543075308,-0.05197910221202651,-0.09523969594269947,0.10539580305814894,-0.12472968650319528,-0.11748819175699295,0.03896103872527836,0.05623175859857611
1108,0.19159564299077567,0.00023388836403605588,0.01989628153458868,-0.06490721448345742,-0.009087888354346632,-0.047619367421179844,-0.09523004633556983,0.11055557756952802,-0.12267401743351034,-0.12091230994235738,0.03896102751418405,0.061278295693341776
1109,0.18170542719076957,0.0065825639391991556,0.021997727174906077,-0.06230718938603884,-0.007331437680588142,-0.04512876597425427,-0.09527158336501267,0.11284748666478225,-0.09901402076675425,-0.12549046703665048,0.03896113304078429,0.06503588278456567
1110,0.17891129826308036,0.015513403480606055,0.021370204738408668,-0.06038448214346368,-0.029545691628357688,-0.02980845829159959,-0.09512485479980473,0.112503004592241,-0.09977631704693106,-0.13777694942757537,0.038960514719466786,0.06652953517676412
1111,0.12498222378095447,0.017526795952161542,0.025955395837574346,-0.06056586253949545,-0.04823133755877231,-0.02529536620155154,-0.09549301879781515,0.11256014966503972,-0.0911017863197236,-0.1385851404702446,0.038963393300567625,0.06981278855362193
1112,0.12173332306325664,0.01729465131831063,0.030989943283748222,-0.06053874504687293,-0.05577207946951831,-0.026818308604985883,-0.09084588528817256,0.11255472954117918,-0.06454071475673613,-0.13851952265433254,0.038952345616553745,0.06873116700640378
1113,0.10012542022591574,0.017267755084359168,0.034727794997191135,-0.055946123469222286,-0.0708109988567689,-0.01884205527465656,-0.09099727714929272,0.11254336713339563,-0.047158513400543764,-0.1385287098504887,0.03898482392542188,0.07303970372263256
1114,0.07294851798720181,0.017352978115180176,0.036233458603366346,-0.05639835048220754,-0.08578049529305788,-0.008929939743325174,-0.09087676680007314,0.11262980874422779,-0.04659288100965014,-0.13852829634445848,0.03894464435978136,0.07361042606439093
1115,0.039190491273034124,0.012159960080518062,0.03939301442167003,-0.05624399204774968,-0.11025115127302831,0.0052226039175465285,-0.0909179123122501,0.1121553687195025,-0.01934078444601655,-0.13852835841168493,0.038577349479320545,0.07361087153584306
1116,0.023501556099050653,0.0015775110661467185,0.03887489382645791,-0.0562843543562879,-0.11523597974799668,0.010438521295044264,-0.09090710046126912,0.11511689506433019,-0.008201708091814522,-0.13852620547595096,0.03420545989908503,0.07358966288818496
1117,-0.009827485039866047,-0.016127731032998506,0.03897990331747039,-0.05627629285927322,-0.12925572468218333,0.02016799251635011,-0.09090945711722782,0.11714811453154052,0.005443071385234812,-0.13853755164276768,0.03475682182614294,0.07356893417792637
1118,-0.04254725136028055,-0.030191543483499953,0.03895302003919449,-0.05627566583178677,-0.12980204625482533,0.02045066172259916,-0.0909090433639731,0.11684904123714626,0.013389375657007582,-0.13849076989033396,0.03460262127717371,0.07371371294467181
1119,-0.06189955372479227,-0.04894631190587352,0.03887825787637625,-0.056277388948063854,-0.129229283257458,0.03233987369186207,-0.0909090914811503,0.1168834570485534,0.03227664255362626,-0.1386450577923809,0.0346371611002548,0.07313631636821308
1120,-0.0896675333835162,-0.06820653032426292,0.03983265219922876,-0.056307795122163065,-0.1250293629486702,0.05368831539022342,-0.09090910211075506,0.1168844235465876,0.05007836113609763,-0.13832799499988585,0.03463297619867356,0.0773018690532282
1121,-0.09917741807777128,-0.07312922966793335,0.04373643063349504,-0.05602458588904012,-0.1257877271410081,0.06485923506871481,-0.09090901471586345,0.1168838183396656,0.06276585981427185,-0.14292785183229187,0.03463028629689968,0.07795079213673843
1122,-0.11229926720325899,-0.09727636478463478,0.043270367168223474,-0.057978582312562685,-0.12501618684277188,0.0713928741068007,-0.09090951056614767,0.11687604603163863,0.07688294028620181,-0.13651805831436342,0.0346089044133014,0.07793908471620041
1123,-0.117219451983096,-0.11827211194685731,0.042938020498245154,-0.061013249133991795,-0.12722129633486925,0.09803345768592475,-0.09090720015404839,0.11691572651390686,0.08238101917425991,-0.12942385036955414,0.034854808135906086,0.07791375547544585
1124,-0.12112568102690827,-0.1364677261252791,0.04656414322380629,-0.06052774822003588,-0.10971776701710183,0.10347977353787287,-0.09091615464444068,0.11676114296497707,0.08744326063328224,-0.12797385916965098,0.03307235565526361,0.07792629346166183
1125,-0.125715608405615,-0.16178425257783777,0.051582182540381244,-0.06061591814177124,-0.108308155416631,0.1325215566352844,-0.09088905979895351,0.1172290280856972,0.09224811371725004,-0.1251516331085534,0.029765104456534526,0.07791306039252212
1126,-0.12546702998701953,-0.17931668884942772,0.05635478563524318,-0.060606973929451934,-0.10759050086731745,0.14534650259461995,-0.09092956415625816,0.11266147037915338,0.09761088764310662,-0.12560587253400007,0.03083880826519481,0.07795464041805461
1127,-0.1255618774744994,-0.181166521270443,0.05683229505230049,-0.06062423651114452,-0.10342901643675997,0.1646135900554836,-0.09116745941424105,0.11261616541661658,0.0998490193124816,-0.12553480321054217,0.026663511980351894,0.0778260923131147
1128,-0.12554048342533639,-0.18138100174395314,0.06174837467483619,-0.060427449340515735,-0.10429130159494202,0.18116174759300932,-0.08823204441974601,0.1125256207454061,0.09951944342514286,-0.12554039757180863,0.02590249399110491,0.07804623966427816
1129,-0.1255246040525515,-0.20005750160264268,0.06961867685461054,-0.06189778461847612,-0.10183809499164892,0.20069691156263825,-0.0763367341859446,0.11255631872028539,0.0995719433284287,-0.12554254984011132,0.03129224156249123,0.07336197387824794
1130,-0.1255937958353545,-0.19809425943509346,0.07303203701650769,-0.06716799890503355,-0.09597892702641062,0.2134563608000329,-0.0647074983704714,0.11258373081372115,0.09956752206394179,-0.12553504649514083,0.04510711274206032,0.07391516573492178
1131,-0.1254616056096385,-0.20353767378513157,0.08303364541054804,-0.07245950124156104,-0.09545549807925041,0.21919591058488375,-0.0529709154017464,0.11243038501990729,0.09956671331369761,-0.12557107495300165,0.049088361343415605,0.07204247083469832
1132,-0.12508131263589425,-0.21531348517702106,0.09435553308400048,-0.07371467330316489,-0.09096424861825107,0.2294551792525715,-0.04264319165460875,0.1129350004704526,0.09956723311311935,-0.12541616007450376,0.06804662549460985,0.06884425564255939
1133,-0.1160578916270631,-0.21887003010388525,0.10405932289051047,-0.07362832049081759,-0.090990776498954,0.24028785887925672,-0.022409247933866595,0.10843022736202937,0.09956706456403255,-0.12596374644291913,0.081435812333573,0.06934910927268838
1134,-0.11745691401646832,-0.22711949248996768,0.10909800468688508,-0.07382454350799204,-0.09080882551721509,0.24225527064457975,-0.017014643131182276,0.10827123944315187,0.0995671070991552,-0.12157796748951039,0.08925392747962606,0.06925090314559348
1135,-0.114738492754391,-0.24175213716079166,0.12118855361062547,-0.07811699211233591,-0.09130784015190624,0.25022103047937694,-0.005805545488060463,0.10819744098414959,0.09956709828739072,-0.12123120668245335,0.09834149023729455,0.06926505107444396
1136,-0.11221673209029716,-0.25208448962380364,0.13123233088581915,-0.07919575737987068,-0.08847267163477446,0.2646323958114572,0.006735706926127394,0.10823415831375756,0.09956709969915747,-0.12118802671677441,0.1265600038050997,0.06926434325693183
1137,-0.11260441817871128,-0.26455876216978896,0.12868407769127557,-0.0827242533576662,-0.08672895725629481,0.27006114182393354,0.009494873095788234,0.10822223903751546,0.0995670995776901,-0.12122085286792506,0.12514119856904438,0.06926363083329896
1138,-0.11256524191085893,-0.26798091724831047,0.13638437246971008,-0.08215073133455143,-0.08299982812871516,0.2784856627874388,0.005826683166110564,0.10822800771042702,0.09956709955734934,-0.12120966500970513,0.13487250012336682,0.06926596498045737
1139,-0.112575283005501,-0.2934522891694998,0.13876746501967957,-0.08226849242934146,-0.08219908709487242,0.2870769450409503,0.029407328617081195,0.10821710876672856,0.09956709956766159,-0.12121309198075465,0.14399895737880872,0.0692550931296625
1140,-0.11199080591903655,-0.30774202036654436,0.13852917608998003,-0.08224814187717513,-0.08223566303990341,0.2815083062422412,0.035124468176265376,0.10824132461311028,0.09956709958143371,-0.12121046152111563,0.14262174700462937,0.0692999026805345
1141,-0.10776966674417844,-0.2994659822668108,0.13879721063419567,-0.08224845236763739,-0.08227390467039157,0.2541145851663826,0.034677503372991886,0.10825728845312413,0.09956709950341337,-0.12121594732688956,0.14289306886939562,0.06915098847812805
1142,-0.1083767070027722,-0.2656246718845351,0.13595178589388981,-0.08229775843874516,-0.08215601156668537,0.24750337333817268,0.03458034419015275,0.10759518678662613,0.09956709978159113,-0.12121323704546574,0.142857203652284,0.06946279362228858
1143,-0.10807344260037234,-0.25937342090490806,0.12033845400420995,-0.08193019030337233,-0.08270289914602177,0.22885506558907695,0.0347235711641372,0.10346089045459514,0.09956709910776916,-0.12112119107603948,0.14286918777006144,0.06483108421708737
1144,-0.10867613530731944,-0.2440326783847938,0.07333315871942114,-0.08431015971511906,-0.07936277942507924,0.22181620757242,0.03299628801951539,0.10390775928189709,0.09956709882164821,-0.12201789289348078,0.14268613330837118,0.06430520165978272
1145,-0.10442461362202217,-0.23790307252416046,0.0473964739025111,-0.08645462829842909,-0.07800477964305083,0.19859384168156943,-0.008166422550190964,0.10433455571819358,0.09956711547994698,-0.12798842438011734,0.1439665017514827,0.060109184357714444
1146,-0.10388146189992019,-0.23605216966030212,-0.003563013980977525,-0.08994927976363992,-0.07416851764615127,0.192915364440934,-0.06253989295424332,0.10058143017780997,0.09956698820436795,-0.12933405120202035,0.13538586418025111,0.06073304359040001
1147,-0.10387546425278747,-0.2337415215142351,-0.07597093006732704,-0.0907486842833032,-0.06919196399043598,0.18711875291266364,-0.14740403015059947,0.09945565331910852,0.0995676720448623,-0.1358728952354341,0.11515507241961656,0.06057876193360396
1148,-0.10392231020648866,-0.23072783924780602,-0.1060015343936945,-0.09526773662114159,-0.06948320966779314,0.18683502487214113,-0.1818486294222577,0.09956507819057679,0.09956469596523981,-0.13972427525935538,0.0651187846697,0.06061233380628275
1149,-0.10379013382906098,-0.22537523001406012,-0.13556276213847412,-0.09518447247161117,-0.06803381291465552,0.17799740863628943,-0.2024573973677551,0.09957289772851784,0.0995752073726368,-0.12563706671615646,0.048453305668727166,0.06060201785151892
1150,-0.10437525394544789,-0.22529072064858083,-0.17896713350467403,-0.09499834863991088,-0.06447629966372183,0.17734284017710497,-0.2721770017669311,0.09956629072599986,0.09954950420370937,-0.12608922755707666,0.015201408420835474,0.06059665551580167
1151,-0.10079471097814398,-0.22237657606520073,-0.22922605165208143,-0.09704297437548072,-0.06507178699599503,0.17384514829753284,-0.3145991504266602,0.0995596905253372,0.09954100710326991,-0.12239203842605242,-0.026124420549098575,0.06075895697506921
1152,-0.09976017346462462,-0.20608025293354038,-0.28069223554140615,-0.09984206252343789,-0.0647903206094676,0.1649445347560148,-0.33924271800383515,0.09960244267251642,0.10018067872206614,-0.11117670492230498,-0.046046153666908354,0.059421310906315104
1153,-0.09545497843476683,-0.2067313018371155,-0.2968170763497334,-0.09994063741362606,-0.06526029016521392,0.14677477491888394,-0.35006995571084165,0.09943788465040096,0.10435297041296786,-0.11291381591704339,-0.06585865159340916,0.05470813473226827
1154,-0.09528656741102343,-0.18192182289198244,-0.3309211293493133,-0.09579006854053645,-0.06061924082795913,0.1331937605970281,-0.3546605580048732,0.09991516593963246,0.10377505836507907,-0.11234702347846598,-0.0747828333321238,0.04594803183507302
1155,-0.09520878014989798,-0.16991475169965195,-0.34240106362465894,-0.09522263960435978,-0.06025747594105324,0.12722708276788874,-0.36777538529947146,0.09527994886706131,0.10392241644027157,-0.11296913917825492,-0.08102768828014728,0.04373753069318938
1156,-0.09524764096943535,-0.15348010906195464,-0.3569317208123643,-0.09522033000073422,-0.05574684780306688,0.09771388200268821,-0.36771450610072004,0.0949016587551964,0.10389155547312835,-0.10825462196136042,-0.09002809772592656,0.035296705167345496
1157,-0.09523563549519783,-0.13331802674777038,-0.36822108664211,-0.09523419974497273,-0.05678344390265165,0.08578032263516787,-0.3682167816681101,0.09062772678100105,0.10389661765779701,-0.10732219154216258,-0.09525748096758442,0.034600623189316955
1158,-0.09523862612149778,-0.0990563389466321,-0.37730346706007456,-0.09530554896362108,-0.0538699608017185,0.04824595089971702,-0.36708103278995036,0.08977759154142627,0.10389616743791176,-0.09301347771442321,-0.09581340525973299,0.029443903390055114
1159,-0.095238000274622,-0.08696263987015979,-0.3795152997910024,-0.09491776298096054,-0.051652589792306774,0.040746367564860775,-0.3738730489797351,0.08378499223501178,0.10389526318718424,-0.09083221144709977,-0.10966270884579254,0.024407653547772693
1160,-0.09523811229705256,-0.07731194760428338,-0.38148710893391446,-0.09777793186585254,-0.051991939193309036,0.0213597797931618,-0.39007307112562684,0.08206514148811961,0.10390184771007048,-0.09090257765239618,-0.12405121809517251,0.02127616352844694
1161,-0.09523810201932897,-0.06117553892628061,-0.41623905138322137,-0.10349532466519,-0.05194525358282877,0.008902974455630878,-0.4038747028113436,0.0821884163899581,0.10386640726565445,-0.09100609775027231,-0.13029980107604247,0.021726031618780443
1162,-0.09523790040193546,-0.05260931764188968,-0.4376349044806047,-0.10380127955645904,-0.051945953474088966,-0.014839637161577159,-0.4200019174911598,0.08237319495367465,0.10402159051046017,-0.09061225356403786,-0.14204873367988077,0.021629835609211674
1163,-0.09523951743694274,-0.027975571618014547,-0.4590382785470094,-0.1084617884773475,-0.05195959446646666,-0.033917560366302224,-0.42338680229686587,0.0776954713439982,0.10346900573751565,-0.09129021629232721,-0.17433811835721416,0.021649048295613146
1164,-0.09523054398045827,-0.017136350254036644,-0.46902720451093405,-0.10790332030863548,-0.051881035338896694,-0.039113858253023,-0.4815175821028114,0.07823869367149609,0.10786117727038386,-0.07734721245752052,-0.19526167283405366,0.021647301806503063
1165,-0.09527113478524595,-0.008065247865345775,-0.5240162668480837,-0.10974171781002313,-0.05226861727299414,-0.04860370274351722,-0.5069700517725687,0.07640659788963958,0.1082109076484981,-0.07758669230753956,-0.21120225550983832,0.021574722265867475
1166,-0.09511793332966881,-0.008948143353126227,-0.5442085516898574,-0.11297849537948312,-0.04954955080213295,-0.06301885522752192,-0.5873258412701855,0.07317070898209552,0.10809629143780805,-0.07167849533766536,-0.23757749912048404,0.022158914167000235
1167,-0.09556502346134967,-0.00819554854442371,-0.6084746262850523,-0.11246635636385394,-0.04393923132220184,-0.07932510349835559,-0.6114732641932882,0.07367126696847942,0.10944797579916492,-0.06762890076901563,-0.29291334708072253,0.018173167360311257
1168,-0.09098009004585138,-0.011283082705727133,-0.6514182330883956,-0.11256832254688336,-0.043179243392397336,-0.08219641049840001,-0.690636881762817,0.07360936585487697,0.11300986923181501,-0.05883896935058492,-0.3197964185442344,0.010079804892177364
1169,-0.09097593186990535,-0.013208275046466388,-0.6625373688208219,-0.11255277832870826,-0.04314385950644643,-0.09046370705333183,-0.7038956492566917,0.07353900927906684,0.11245439327392893,-0.05586168940740689,-0.34783446241236493,0.005276862344428305
1170,-0.09087873639532994,-0.013032601775227415,-0.6225303930646098,-0.11255366285267043,-0.03860932361906193,-0.09095219860671942,-0.6745580529057335,0.07340677664877268,0.11257147664329428,-0.05642609946309921,-0.38876363314640905,0.0041628258864722404
1171,-0.09091986930419957,-0.013011062613953224,-0.5883325908373231,-0.1125579333884179,-0.039081935636314624,-0.09090973295475148,-0.6558718350250563,0.06908152222320137,0.11255219053729897,-0.05156324163934721,-0.3936742873342984,0.004306339337587873
1172,-0.09089852275874356,-0.017631234234916658,-0.5522075680210672,-0.1125298527382984,-0.0389289794017759,-0.09090684255786019,-0.6156163594832018,0.06798929557127197,0.11255401643821596,-0.04733241771647172,-0.3441734840183469,-0.0005726508357057479
1173,-0.09094216750283869,-0.017176518527447775,-0.5158140586708432,-0.112675297661643,-0.03896813254279156,-0.09090995352084581,-0.5950557565178578,0.06478771803770629,0.11255423816447027,-0.04771132693755326,-0.3186094699876968,-0.006716676788200189
1174,-0.09080825442977748,-0.017454620738200734,-0.4893031707248945,-0.11205208954142125,-0.03895972743428569,-0.09090885191932606,-0.5651546260123503,0.0626724635589388,0.11255406727482037,-0.04759567762798918,-0.30683343979375005,-0.015152944046981054
1175,-0.09107958173600522,-0.01684682417643934,-0.48000923681886143,-0.11606946794209953,-0.03896129284010624,-0.09090914516913377,-0.5478866457709565,0.057297936858729984,0.11255412462985076,-0.0476239544851552,-0.29249173539429957,-0.020429617083222253
1176,-0.08640938952153276,-0.020544464755679732,-0.4686382009851124,-0.11671416409007893,-0.03896106066185258,-0.09090908090410849,-0.5049750614678551,0.052423119421471445,0.11255411012883794,-0.04761820435523753,-0.2712884857484259,-0.02052230145316102
1177,-0.08686274677085774,-0.021771257030627683,-0.4442799991070184,-0.12127154693116898,-0.03895876774714564,-0.09090909222852228,-0.49746621027505666,0.047485202321389884,0.11255411220313032,-0.04761919895245868,-0.2592835087312887,-0.03318953113762655
1178,-0.0852065970443838,-0.021644320090670837,-0.43208808651801617,-0.12158180089219266,-0.03897870624375387,-0.09090909089288018,-0.4693245226201244,0.04302385976211186,0.1125541143658785,-0.04761927079001732,-0.2597693280116938,-0.03463331966461457
1179,-0.08181436936550134,-0.02167122227122125,-0.4226771506785381,-0.12690954763173615,-0.038864600069478165,-0.090909090008717,-0.4573269610511998,0.04340525262095031,0.11255411437350506,-0.04761569145150496,-0.25059824837820505,-0.03976282752743622
1180,-0.08233738956846291,-0.021388544644641554,-0.39378884637976724,-0.13216518872575733,-0.039391182855387306,-0.09090909780711005,-0.4379307442387598,0.043161183672791904,0.11255405759416792,-0.0476413976997395,-0.2505367808357187,-0.04363593160084652
1181,-0.08226484146653369,-0.023390252256891748,-0.36724926421941106,-0.13408910864015214,-0.03594224220672175,-0.09090905290633515,-0.43351687535414857,0.04373959174420317,0.1125545125778593,-0.047506555651953414,-0.2443462951176725,-0.04292507810598739
1182,-0.08218247292995895,-0.026374446093433007,-0.36331446835485554,-0.13724769576026236,-0.03420155907233182,-0.09090926045354987,-0.41849093962319855,0.04010176725173525,0.11255201559762884,-0.04808565412929944,-0.24273817621422433,-0.04532049429533567
1183,-0.08220365159017588,-0.025896944346184197,-0.31929551815626,-0.1390426981724895,-0.03491796262750646,-0.0909084695379623,-0.4119487527456219,0.038661539222535755,0.11256306130039975,-0.0442119814780454,-0.23882512283067409,-0.05104422323098878
1184,-0.07760698206533877,-0.025988753078803023,-0.2877027550970674,-0.12991058638815442,-0.02095779762466596,-0.09091076479938152,-0.4026227091110292,0.03898081455826281,0.11252325307401205,-0.04319896743051781,-0.2392646180080841,-0.05209158086922866
1185,-0.07803579134621046,-0.02597118508830242,-0.2301142432679252,-0.11562272847530264,-0.021973219422271175,-0.09090814941775269,-0.3980615507143859,0.030052520385699368,0.11262535227108796,-0.04328393752882478,-0.22098104263274826,-0.051923057866705154
1186,-0.07791822628922113,-0.025896421565652694,-0.21999724092690498,-0.10437791019381741,-0.02154476739162841,-0.0908808215453713,-0.3900870949553695,0.036513890329938736,0.11261563012381355,-0.043296643088008624,-0.21465446403419813,-0.05735137304066286
1187,-0.07780047670051282,-0.026723653603587038,-0.17816625214656653,-0.08268620802787256,-0.02167144394383328,-0.09115445534701722,-0.3691905848279588,0.050368407175419,0.11721439815693308,-0.04328766906101442,-0.19917970010761873,-0.057065805482573076
1188,-0.07839476702539394,-0.032445628114467134,-0.13773895936401678,-0.05478441793791357,-0.02163278427553476,-0.08923179833998511,-0.31919676694726434,0.081220716458172,0.11676186201429807,-0.043290821959554415,-0.17598784012652155,-0.04035450784809867
1189,-0.07410313665800328,-0.034931371565650335,-0.10784438218075874,-0.04776157437498788,-0.021668343284206134,-0.08617119957160395,-0.2925952624690075,0.09414299834950425,0.11691584176555227,-0.043289262351528274,-0.14311088878506995,-0.034450235032841614
1190,-0.07362643154483847,-0.034574333733198306,-0.08109675270185053,-0.006382657739241116,-0.021604995465962694,-0.08665890461172072,-0.23350362223185847,0.11349684374576917,0.11687587325063391,-0.043292294028017424,-0.10108223715538248,-0.026047291458777613
1191,-0.06865107785323911,-0.034640175144720155,-0.055918518236497995,0.008458261451633819,-0.021501171339791212,-0.08656896683681652,-0.22078226778906357,0.168229648723343,0.11688443833247436,-0.04328474707426148,-0.058365328685393195,0.0028550970827401333
1192,-0.06479915917787027,-0.03463168547910935,-0.010275280089191421,0.033979493559134336,-0.016427162522710273,-0.0865805635144542,-0.19538143666242266,0.1785783768804244,0.11688286637316458,-0.04328729966994993,-0.040023989115927375,0.03795669484131384
1193,-0.06385773780457142,-0.03463178682467343,0.025289589312400645,0.0702836903492625,-0.011318772026119476,-0.0865804250777023,-0.15863268065998865,0.26180760182552865,0.11688303374169744,-0.043425875583454294,0.0019105084389653628,0.0716324159686652
1194,-0.057793029957513585,-0.03463214850654852,0.029307462826463862,0.09044421394272419,-0.008329724618271419,-0.08657993104187986,-0.13180793371891653,0.3047874506787311,0.11688599745307025,-0.04215369869993416,0.008161835542223227,0.10845266985738569
1195,-0.056541508763329085,-0.03463200071763811,0.05134854326439841,0.11073443971085037,-0.008602469427631338,-0.0865801328386145,-0.1008261634474969,0.34766487197135937,0.11686186009212249,-0.0385005048418778,0.030943102186991343,0.17450571407388063
1196,-0.05264896159559472,-0.034632042981496754,0.07262211987304554,0.12955118672603455,-0.009099632247559868,-0.08658007548848815,-0.09346009102370813,0.42205645209932585,0.1169954265932406,-0.03906766714658509,0.0401929843954425,0.2254082834398709
1197,-0.05207606375789241,-0.03463203215600385,0.09350934360833536,0.13416472929232162,-0.004649844837559593,-0.0865800887647747,-0.07615068412237606,0.48193825602322476,0.11640071564262341,-0.03893332245729758,0.06009400301364696,0.2867745638721554
1198,-0.04749791944041656,-0.03463203742759834,0.09525050628496334,0.14230686524665742,-0.004291886973535708,-0.08658008625868995,-0.073814178776522,0.5162120526476559,0.12025736232197659,-0.03898541336896229,0.0693454924737995,0.34141111462060764
1199,-0.04721127699732212,-0.03463203154848202,0.10025282787219793,0.14749826399742724,0.0003435510786989937,-0.08658008659850044,-0.0597617852612057,0.568447292513217,0.12117391172250158,-0.03895693599663566,0.06903760463012511,0.39663260913599496
1200,-0.04148141287428048,-0.03463200505954092,0.10417886890440196,0.15172132255975576,-0.00014766155204798994,-0.08658008658816345,-0.05656772821715292,0.5769484259142125,0.12112038001993235,-0.03851348824479487,0.07836277536085094,0.4386808441017922
1201,-0.03864122908792129,-0.034632336115850544,0.10381236229139115,0.15247783297982406,0.00014025912594996495,-0.08658008657605945,-0.053792282675156115,0.6107329765790438,0.11189893658363227,-0.03419527397855931,0.07771725060572203,0.5033007744634403
1202,-0.039030704935276626,-0.03463022683520325,0.10391625479525991,0.15848278823321194,-0.0004681115570869453,-0.08658008658131636,-0.04462171319230378,0.6139486854895579,0.11279398272280265,-0.03475633793669867,0.0778954416104876,0.49671636113833273
1203,-0.03894966522485175,-0.034640565750362604,0.10389223430531419,0.16126300494080625,0.003175792680123849,-0.08658008657978625,-0.04313268531263853,0.6214173319573263,0.1125085527765559,-0.03460309155941342,0.07834908653136766,0.509403904420182
1204,-0.038960052173906294,-0.034598807405052515,0.10389620870014674,0.17891144606215675,0.004470096498254715,-0.08658008658014699,-0.043308838471950585,0.6333963480856741,0.11247955759528469,-0.03463769984597927,0.07495969925442639,0.5186126412754444
1205,-0.038960011672831196,-0.03473251525450595,0.10389681407345926,0.1814180226651514,0.004325282320683637,-0.08658008658007733,-0.04330308880301304,0.64397565475755,0.11286337646839298,-0.034630818302198,0.07341044463863187,0.5226462502782018
1206,-0.03902179428692864,-0.03448569990468836,0.10390072700192933,0.19999879588913377,0.004349493255759979,-0.08658008658008723,-0.04332441022527125,0.658259364818273,0.10894070884421686,-0.034632397072739816,0.07360588501061988,0.5282003434142662
1207,-0.038398090479580836,-0.039154559779389496,0.10384300981779397,0.21287480181115195,0.004103680974429187,-0.0865800865800867,-0.04265099725418575,0.6586580964639054,0.10387581259519275,-0.03463914169910276,0.07359690670882042,0.5293791158227744
1208,-0.030690130032991127,-0.03885451896203168,0.10422678045640393,0.23070425387502447,0.005892024120940091,-0.08658008658008721,-0.03849753656820304,0.6708152556210368,0.10356314758287237,-0.034568403712279705,0.07358988825269291,0.5594819456247659
1209,-0.025147516880733516,-0.03899453103247025,0.1017748126536428,0.265089507877998,0.009197503120355765,-0.086580086580082,-0.039111834276846294,0.6982750984064563,0.09792716522791403,-0.03499783550016686,0.07360071108666927,0.574702427206501
1210,-0.026589847806650458,-0.03895255138907143,0.0992211665050565,0.28200927060652015,0.008119260985386574,-0.08658008658010873,-0.03880964610854828,0.7233481285145213,0.09492984296209106,-0.032285223877864075,0.07355927283160525,0.5861012129595864
1211,-0.02214244259523048,-0.03896339300535927,0.09962682018700686,0.25852274542715237,0.012248485660709098,-0.08658008657999858,-0.039395577187913984,0.7368848377812224,0.09522285768619711,-0.02999910511599083,0.0737266669722263,0.6042749094389949
1212,-0.02169950618071341,-0.03895875255478308,0.09955713595796699,0.2384083625043121,0.013082191766239785,-0.0865800865803613,-0.03504224505894571,0.7596691384865629,0.09553571314131638,-0.030347659028589612,0.07317604558931623,0.647505103073672
1213,-0.016924943321762587,-0.038964454669287246,0.09955762012410704,0.1681508695983414,0.013217989729520714,-0.08658008657962413,-0.03464179570941036,0.8179850071101418,0.09164445740771233,-0.0303003861007719,0.07774513790664993,0.6611459387415249
1214,-0.010909884956253469,-0.03897594042699218,0.09972942559674465,0.12515622758271092,0.017688549616609296,-0.08658008657805656,-0.034609481100573374,0.7415059188429057,0.0865654233029716,-0.030300339066741205,0.07808555237513158,0.6938757136102014
1215,-0.003732126553933001,-0.038769095733780096,0.09831763022096919,0.044868695694121316,0.017217447608523864,-0.08658008660624222,-0.03464059201008379,0.7179542496368776,0.08612089501733773,-0.03031924589870837,0.08266293434565262,0.6758042393908945
1216,-0.0028009499132874323,-0.04037374579357485,0.09477657444661738,0.02153912505345081,0.017232698918848596,-0.08658008641284423,-0.03462966093702754,0.6651952959877022,0.0817455450937745,-0.030209194169276737,0.08211771953611793,0.6297076392107596
1217,0.0033956239772285433,-0.04369864448071844,0.09537185691505574,-0.005188653910123431,0.017778419964307596,-0.0865800874008291,-0.034632577611010025,0.5805601743036374,0.0825598437691213,-0.0307452213287315,0.08228489921982717,0.5747098328561909
1218,0.004072745944256021,-0.043322908098782455,0.09510394933518726,-0.02279785181484681,0.013887821065770403,-0.08658008325964002,-0.03463193296566215,0.544142356297066,0.08059010868069266,-0.027351408084883788,0.08224400497427077,0.534844787099477
1219,0.008389539358524132,-0.04290359501942935,0.09552325078462673,-0.048809697511508765,0.012912852044818363,-0.08658009725905412,-0.034632048241037466,0.5273081321253827,0.07102717215296432,-0.025781556286471767,0.08225223942047367,0.5155599291181536
1220,0.008632950405003142,-0.04734609375113,0.090891732443853,-0.05202374415404265,0.013003852191072357,-0.08658006644227999,-0.034632034294647014,0.5153050567249488,0.06927158309991051,-0.02599864246764482,0.08225097594133918,0.5029104393351446
1221,0.008502207556716549,-0.04758022637615074,0.09098994108899539,-0.0520720621004818,0.01243042190415618,-0.08658002651373758,-0.034632034122955284,0.5013729704278168,0.06487882155628802,-0.026039505076248068,0.08225106783334506,0.48867628782292766
1222,0.010015804109763295,-0.047680505095428746,0.0908788388317394,-0.05188686745693448,0.008124375794169716,-0.08658100048321467,-0.03463203485035362,0.5026644354451495,0.060405379144800514,-0.025199121357376314,0.08225109277384585,0.484031981120802
1223,0.013028803984854894,-0.04737958165839177,0.09091059333974336,-0.06348863068410705,0.009201142454392375,-0.08657402819857181,-0.03463203456830541,0.501109324046171,0.06054349785674261,-0.02109265223010101,0.08225107877051652,0.4801430025745659
1224,0.015544287794792416,-0.049246398054697944,0.09093988546803801,-0.07451760881395887,0.005983049570785848,-0.08661043072118965,-0.03463203464720707,0.5065691111999716,0.061368919521139244,-0.022187007404304487,0.08225108294599319,0.4665163750666181
1225,0.017590834715579037,-0.05506634561051622,0.09078840270817132,-0.07830223603385648,0.004382618764834552,-0.08645502832644715,-0.03463203462905037,0.470844477401934,0.05550511187726241,-0.018794712943008596,0.08225108294714008,0.4450524866665756
1226,0.017263169118345342,-0.056440442193547,0.09124459039819297,-0.09513800712976171,0.0008702865326180745,-0.08699353007861033,-0.034632034632475835,0.43691827024883273,0.05130202868920683,-0.0170088076356681,0.08225107934016848,0.406898786505565
1227,0.017311520589539504,-0.05626050426328187,0.08666547963664414,-0.12488228570932779,-0.004313659328142096,-0.08257018510861701,-0.03463203463200828,0.4310438983562767,0.05232149433271749,-0.01752905904440608,0.0822510883345347,0.3488711000954044
1228,0.017795432628423116,-0.056275587023849875,0.08664537237825677,-0.13696952303875107,-0.004687688108008052,-0.0822790227860422,-0.034632034632023814,0.3420689736054838,0.047605662421514455,-0.012846905816114902,0.08225109409921333,0.33645122363382707
1229,0.0220643924024534,-0.05627839188053171,0.08655013024699194,-0.18428207389425977,-0.009108717621087649,-0.08222567765586274,-0.034632034632040766,0.32002132328288047,0.04718982985063632,-0.013084975019247125,0.08225085619646622,0.2774787720398121
1230,0.0216227252642307,-0.056276594969080385,0.08658906525242141,-0.22094124545937602,-0.008526773102391264,-0.08225989570655921,-0.034632034632028956,0.2547831291761626,0.042832668606705426,-0.012954023452404475,0.08225264101696404,0.24007873081648426
1231,0.021218601829433616,-0.05627716748185333,0.08657790315666533,-0.25980597471799916,-0.008689330882755556,-0.0822487580965953,-0.03463203463205403,0.2057124381231418,0.043315812413271884,-0.01299759664128607,0.08224310866826413,0.21597787151135142
1232,0.024736750239130224,-0.05627707593286368,0.08658052758064548,-0.2799829605225767,-0.008651791160363735,-0.08225158750660783,-0.0346320346319594,0.1722653721027185,0.04372283789199286,-0.01297624025757602,0.08228455214759818,0.1633712263337142
1233,0.02613451398918085,-0.056276904061688865,0.0865800179892348,-0.30659639196820615,-0.008658979383924036,-0.08225099465264839,-0.03463203463227069,0.10433864032907031,0.040039037263823525,-0.013017046310615576,0.08213753303646644,0.10104682937922252
1234,0.02596522455929025,-0.056277405918664085,0.08658009185566125,-0.3466280833865273,-0.00865789697215579,-0.08225109192536059,-0.03463203463161736,0.022036500725908792,0.03884019925492979,-0.012924810437422846,0.08250461396619677,0.07780152143601915
1235,0.025969799870926197,-0.0562774586998293,0.08658008781592429,-0.4046212782868067,-0.008657632968453422,-0.08225108280814747,-0.034632034630498396,-0.021687442316757916,0.038960095075765436,-0.012874697264122636,0.07785085017523782,0.020626769802370527
1236,0.025976122852596505,-0.05626628064297906,0.08658008586786095,-0.41573942272276904,-0.00866190987752531,-0.08225108027191556,-0.034632034653244465,-0.04059322161191767,0.03896698861994498,-0.008308101653151424,0.07801227656144731,-0.011916989431452762
1237,0.025973379313688674,-0.05635465135078526,0.08658008667537419,-0.4154193324158281,-0.008634059124047341,-0.08225109211050546,-0.03463203449391116,-0.13771593322863146,0.03895873171464713,-0.008780424664222849,0.07788949213692552,-0.07414228704110012
1238,0.025974184110627966,-0.05587135294000133,0.08658008721554168,-0.4161930836487856,-0.008773737185401755,-0.08225103185099215,-0.03463203531990276,-0.1590845462225664,0.03896168118733487,-0.008625514691737512,0.07793099109162144,-0.09653457645753417
1239,0.025974004924014714,-0.0589043917190843,0.08658008375504174,-0.4121126686061201,-0.008191601058575831,-0.08225129744813499,-0.034632031794278914,-0.1779206147645161,0.03896088195478064,-0.00866512898673873,0.07791949534090939,-0.1332537244830409
1240,0.025973991330886608,-0.060856762601242134,0.08658009593113522,-0.4134369117154971,-0.012133176170327907,-0.08225033419705048,-0.03463204411448134,-0.17777106932501036,0.038961109660184234,-0.008656764442053785,0.07792465489386172,-0.14836016356329873
1241,0.025974103374236102,-0.060575131078762494,0.08658006692892367,-0.387606761249175,-0.013066920554166082,-0.082252865281141,-0.0346320139967757,-0.17351892647761688,0.03896092438717339,-0.008658132963631467,0.07791671818814777,-0.1547867088140056
1242,0.025974221128954415,-0.06060462369060621,0.08658005348603787,-0.3809589528673024,-0.012994673997335057,-0.08225200202909622,-0.034632006915279824,-0.16844067653813388,0.038961029682681156,-0.008657998966132853,0.07791933314970163,-0.1558313035086286
1243,0.025970803916147384,-0.06064430716897216,0.08658077193842374,-0.36825967019038225,-0.012979575021766722,-0.0822052800785297,-0.03463269894941328,-0.14978279605901074,0.038963519156625645,-0.008658533512726036,0.0780587133087437,-0.1552673619688497
1244,0.025995811704923745,-0.06032884554370661,0.08657529076267771,-0.34205330714356325,-0.012994220248456726,-0.08259715271809676,-0.03462730107016238,-0.14609228977820213,0.0389414736400799,-0.008654062017216716,0.07677807954648741,-0.15187622128140385
1245,0.025862850490913684,-0.062445429927145545,0.08660493372413887,-0.32059252546060224,-0.012961408273600336,-0.08004026118940043,-0.03465675056017453,-0.141502002901485,0.039067473723235,-0.008678963369594717,0.0731336491446786,-0.14611984002667935
1246,0.026445137656532537,-0.06532238141566182,0.08647386436151892,-0.2919782637093786,-0.013093457157977184,-0.07998522288690829,-0.034525900317346474,-0.1313955869000285,0.03849335311472404,-0.008567202515710252,0.07369686497089298,-0.1373671167343913
1247,0.022658582631694554,-0.06486221022945886,0.08695354200282678,-0.2721041806211225,-0.012614335775623873,-0.08297240653487124,-0.0350062808979365,-0.11825874318099248,0.042217210371728604,-0.0089801121702865,0.07357355030745501,-0.13864463380835465
1248,0.02158084640056045,-0.0649496478417948,0.08287050386629209,-0.26785271913368486,-0.01670037704597749,-0.07848760671456756,-0.03092622968927198,-0.11676763312946405,0.043358607613892465,-0.005094883085041388,0.07359698145668883,-0.1387546376768361
1249,0.017316017316017316,-0.06493506493506493,0.08225108225108224,-0.26406926406926406,-0.017316017316017316,-0.07792207792207793,-0.030303030303030304,-0.11255411255411256,0.047619047619047616,-2.168404344971009e-19,0.0735930735930736,-0.12987012987012986
