,I,aVR,V1,V4,II,aVL,V2,V5,III,aVF,V3,V6
0,0.08260869565217391,-0.07173913043478261,-0.1391304347826087,-0.06739130434782609,0.11572052401746726,0.010917030567685589,-0.11353711790393013,0.06986899563318777,-0.06060606060606061,0.06493506493506493,0.023809523809523808,0.010822510822510822
1,0.1472697633363234,-0.07372184994748521,-0.39887603573133307,-0.0652027122979626,0.07678830875620478,0.014758012438597874,-0.1663580677226456,0.07066195387222698,-0.1877511519899831,0.06604402894839749,0.01920675355147135,0.008535156763548515
2,0.20455542299409493,-0.10195362912148748,-0.6382036970883891,-0.06499499798609736,0.03577675500213279,0.06093954566404467,-0.45357895778092555,0.07357519916883136,-0.25581105339726073,0.0589061874816081,-0.013388709947431278,0.008972199101852369
3,0.23030079776394236,-0.12639264473903186,-0.7939644267370283,-0.06681599296186755,-0.04275914804708404,0.15840193585127327,-0.7077362152967169,0.06922710565119872,-0.3868918317207131,0.03357328293006792,-0.063705135245921,0.0068276327125065175
4,0.26496306911101014,-0.19219161173680613,-0.9436769689900526,-0.07011834793563458,-0.05451812983231751,0.24942372177285002,-0.9043986595062112,0.07033882924127882,-0.45020329965021927,-0.005095120249935599,-0.12170928873105717,0.004691860048691734
5,0.2844227956968846,-0.2391744214101302,-1.0205738187646782,-0.06897980971450911,-0.08211573856070484,0.3175512551594734,-0.9288722584724551,0.06728132850020772,-0.45957214738553853,-0.03258618617234775,-0.21293101700915634,-0.0011117306271853083
6,0.2976414253297839,-0.2739272182228716,-1.089445675974186,-0.07326187963093804,-0.1013839630366337,0.3805471560467279,-1.072194988492846,0.06170468975468989,-0.46229435827646936,-0.060533244223486805,-0.28776420361126653,-0.008315592849155068
7,0.2997699193310115,-0.2866616208561684,-1.1142461200843743,-0.07378629503161387,-0.10386965850848057,0.405592692249741,-1.151421319708725,0.06105949484549117,-0.4633110469015495,-0.10676486569429453,-0.3147427141885693,-0.008683249872221242
8,0.30876716549263944,-0.2869192686722694,-1.2362938967403694,-0.07839774191212148,-0.11364919192145534,0.4155803701014271,-1.2101629554497482,0.060984153825312366,-0.46343196339965126,-0.11708472465576361,-0.33365041514623145,-0.008662963544131867
9,0.30852095006191765,-0.2873854541489333,-1.268149179817305,-0.07814715607272138,-0.11326217567180387,0.4238066560267342,-1.3066410281535297,0.05570949699621633,-0.4679016835783489,-0.12237549699404095,-0.3432694260771066,-0.008654831380930525
10,0.30876420162654744,-0.2928619217307861,-1.3212535859353192,-0.07837483319841285,-0.11467471406330405,0.4260956873906004,-1.3100894739269495,0.05197699245173318,-0.4674117053628888,-0.1256562421210892,-0.3782121812682149,-0.00865909423330164
11,0.30867570332445343,-0.2959950047453071,-1.3584161514584783,-0.07784823413640632,-0.11835807840987213,0.43326947874697325,-1.3979426653192137,0.05290859534989135,-0.467563856961946,-0.1270579258833366,-0.3967958213054,-0.008657578413364238
12,0.3087008230383572,-0.2955713205572508,-1.3723014581401003,-0.08082231103869894,-0.11779553952328216,0.43210551261476055,-1.4818361560002085,0.049711167250647476,-0.46752560589430847,-0.13311641485745365,-0.40430411226847685,-0.008658711715347463
13,0.3086934115229507,-0.29566831585303227,-1.4054321701541297,-0.08289246538419984,-0.1179259087645603,0.4323517167151733,-1.5073595634260901,0.0477818692718565,-0.4675336790720189,-0.13394524015905285,-0.43901595836421203,-0.008655756895172121
14,0.30869978686669003,-0.29564965043899327,-1.4148570860608585,-0.08254629162888748,-0.11790042707446105,0.4323098557572201,-1.530090034532987,0.04806846771425575,-0.46753235316623537,-0.13812817333389915,-0.4624235430830363,-0.008663685804557725
15,0.30868707344223567,-0.2956523795139557,-1.4331615021388375,-0.08263179968502912,-0.11790417968121567,0.4323143638790879,-1.5328634265503156,0.04803435401667657,-0.46753247337286036,-0.13851493010601296,-0.4806740396115496,-0.008656762562958666
16,0.30868627150535183,-0.29565221600195773,-1.4577888906401284,-0.08293492885567416,-0.1179037531544893,0.4323148358571456,-1.532827762938103,0.04801245619205281,-0.46753167660941963,-0.1385518995188708,-0.5205377143033701,-0.008548846179720185
17,0.30894851225785597,-0.2956521458274686,-1.4932234274510523,-0.08734829846614076,-0.11790725559364791,0.43231281617412043,-1.5327380249545013,0.048209109509405865,-0.46753870329543723,-0.13851907554248238,-0.5559796855575737,-0.00963302550210098
18,0.30657822499692317,-0.29565219125828707,-1.4934621965834851,-0.08692305502938209,-0.1178814397221727,0.43232267862665913,-1.5326188071159814,0.046796320411403594,-0.46749823906270815,-0.13853114553434073,-0.5842192597869073,-0.013461715525724702
19,0.2870810682218183,-0.29565212942516733,-1.5084059203855604,-0.0865513860880089,-0.1180196174063199,0.43227726678924017,-1.5334323313561748,0.04080916974738906,-0.4676867040790311,-0.1385253483679009,-0.6089774565128576,-0.012835982050327864
20,0.2646580731068754,-0.29565235378654237,-1.50574572045651,-0.08977577863169725,-0.117401982678769,0.4324550828259563,-1.5299959052147782,0.03953101522919106,-0.46694824167459204,-0.13853642377557715,-0.632114419982069,-0.013157647732649146
21,0.26221854994043975,-0.2956515277468836,-1.5491214003656895,-0.09149853426938866,-0.1197559857673293,0.43189574509499046,-1.5418918113167022,0.03573406935505666,-0.46927124004751736,-0.1385048727188644,-0.6545484499195524,-0.012525936593977277
22,0.24644491213784275,-0.2956539624928512,-1.8388613963554434,-0.09135189727034815,-0.11251406861620519,0.43293141647564315,-1.5122421750850616,0.03486282411861536,-0.46496995921535983,-0.13855429638132885,-0.6787268198930969,-0.01721086161807378
23,0.24375692946531613,-0.2956503429334758,-2.0572184415871217,-0.09136556851422177,-0.18843179325106418,0.4360120823904877,-1.9416567683130177,0.03490493505243897,-0.5274379625081647,-0.1388020966039769,-0.6838474393001949,-0.017731333550792837
24,0.23004702153771342,-0.3013035761538737,-2.1611582508877474,-0.09579859161306785,-0.21766113814173757,0.509107719929029,-2.142463428961571,0.03520653696013006,-0.4604523055980743,-0.13578666388318744,-0.715632445151436,-0.03228305467003054
25,0.2255511767421994,-0.3121092507882903,-2.2957827561155497,-0.09688671416435828,-0.19936611550223635,0.5359445449740062,-2.262631971282369,0.032899086495892196,-0.47153283700779147,-0.15788763379257506,-0.8236415574088982,-0.0332944839553494
26,0.22076010443296226,-0.29517608088135705,-2.483903604154418,-0.09876638047049931,-0.20023560015503852,0.5648158113817903,-2.416854853968626,0.02174578152498861,-0.4687080401059454,-0.2142385506283563,-0.9064425293221934,-0.03055871520085177
27,0.21341089270549513,-0.2784528343606847,-2.5491112246659666,-0.09512384389043624,-0.19478837665865084,0.5430784986886327,-2.5588005581546613,0.014461350370270763,-0.4552029934782275,-0.25138105315938386,-0.9749247725542002,-0.025550650858316454
28,0.2079368129505011,-0.26354763354119065,-2.5947618223632105,-0.09575600805788084,-0.18653605021876637,0.5082896238985445,-2.6381425915109737,0.012266139656236453,-0.44133113230370624,-0.26583263491075293,-1.0084292843313418,-0.018166252778097122
29,0.1886776503828899,-0.2546895167036805,-2.6817864043986646,-0.09563953408786664,-0.18325511951392232,0.477390563995948,-2.6956347890241763,0.0203167417942256,-0.4151687842553968,-0.260820628713367,-1.0681057147880724,-0.013716463275944446
30,0.18068499669648141,-0.2443319113419612,-2.741412281777385,-0.09564801695679316,-0.1799362645747344,0.4716229998525292,-2.8129399876412386,0.030485578348354168,-0.3852039899092068,-0.24214070795609322,-1.0866433364652779,-0.008689652300115182
31,0.14968994005339117,-0.23915418420562656,-2.723456016062805,-0.09562378037106146,-0.17476230759996195,0.46419745863081907,-2.83323603256273,0.03535712131997715,-0.36923143157911775,-0.24126191134836725,-1.1019081873037828,-0.002833952365194891
32,0.1434366251928617,-0.22926803913390809,-2.6887818027588883,-0.09599460252639878,-0.16941862531813276,0.4368052133104318,-2.891913904966407,0.040945685710260415,-0.2949844661245064,-0.2259860573946863,-1.122784870689701,0.00892926396914434
33,0.11787003326170464,-0.21962788849481446,-2.636209451263808,-0.09315955529957914,-0.15352400781484657,0.417123748346327,-2.838274912192429,0.05317101854680771,-0.2853747583918562,-0.21744197977950597,-1.1346343717744085,0.01445793099440729
34,0.06471000062599397,-0.20933820613628823,-2.5690955928791337,-0.0847845928390357,-0.14324735861375362,0.3968724443517635,-2.798130459494288,0.06512166308066557,-0.25453469884591046,-0.20520333245628017,-1.1565057371630083,0.02924819701878892
35,0.052871054526854276,-0.2016060620747074,-2.5231541823402397,-0.07756710034448841,-0.14292057347739814,0.37470061681927463,-2.716286325673316,0.06317427061678113,-0.2362495748030317,-0.18892915767890434,-1.1844605497920186,0.0356695525936797
36,0.02806722604426556,-0.1799302621493418,-2.496466027523863,-0.0701593736619685,-0.13468411290167828,0.3322291110631765,-2.646874023163633,0.08367867778184342,-0.22474161194045303,-0.18299007607527154,-1.1941291737597532,0.04287819718513153
37,0.010223850146499337,-0.17537057395626182,-2.4454245804159034,-0.06942495511379962,-0.12404567632514521,0.3153165980054406,-2.6007875764709403,0.08713486490080981,-0.15838162029520447,-0.16499603155839757,-1.2440717664928969,0.046727130147832904
38,-0.02749634261909309,-0.14989766824868428,-2.4319948948797663,-0.06959365169264742,-0.11871587687357246,0.28083445830246145,-2.572488881697697,0.10099123469072147,-0.13865197461119924,-0.14624601218265307,-1.2932731867113658,0.06574068046491643
39,-0.05167630321161852,-0.14324520436540308,-2.385043877061936,-0.06491249192348941,-0.10919437058120031,0.24289216307885492,-2.5139119360979194,0.1052668656212033,-0.12038241053236946,-0.14123707678446726,-1.3290606016944282,0.08060475641530444
40,-0.05666323199595711,-0.1239214325530688,-2.3248044346919934,-0.06566981965808139,-0.10360555510586332,0.22300109370875176,-2.4711388808367665,0.1113764215043265,-0.06868404996832819,-0.13110124832612682,-1.3407394800419072,0.10151704666324084
41,-0.07000565024242811,-0.10595531676989198,-2.310526424654068,-0.06276534537898763,-0.0804867215730059,0.21487339208313308,-2.412685389398152,0.12371539456194094,-0.06302521725011516,-0.11882647367492123,-1.3637752906893417,0.12844320372416324
42,-0.09277612959707528,-0.08224668156965144,-2.2479337999379,-0.051052904122807545,-0.055222117706157786,0.18056772578894498,-2.355159215652246,0.13777508357339444,-0.05770868000509476,-0.1068273735750015,-1.3976664831565802,0.14010345822359324
43,-0.09739047532769657,-0.08325799047831456,-2.2244231785333235,-0.047804388278437124,-0.039747787233656934,0.12918561687194244,-2.301626508454618,0.15992889593404677,-0.02879222904564778,-0.09643586793020784,-1.3725853592580943,0.16285106082929504
44,-0.11498458697890984,-0.038909832600217485,-2.1372225030047853,-0.04437628410031804,-0.019518455063529207,0.11424130002062771,-2.2856658650945074,0.1801256180284452,-0.006781305289893449,-0.09533138118402813,-1.3546979014201685,0.19955152316373362
45,-0.12083426989443928,-0.026902208242888172,-2.0979281305701813,-0.04338931365248325,0.0009028401962930159,0.10017440896735305,-2.2485814504769075,0.2092500627647392,0.02186649701545193,-0.09079515294770356,-1.350301544788637,0.22470854088524078
46,-0.1216822188477356,0.00630441230531369,-2.040334084438828,-0.04346118072261073,0.012265674612119493,0.07946055202280598,-2.208209226585735,0.22542745648893683,0.02856642423291398,-0.09048230148682951,-1.3168907634069915,0.25516477759177814
47,-0.12567028239897307,0.027056175072827364,-1.9664770888541634,-0.043648286275744935,0.021980961065468138,0.049562897182407535,-2.1632928460810867,0.25894009602961265,0.05740545756165922,-0.0851074802301771,-1.2874988151881528,0.28987770621563974
48,-0.1352570877079724,0.044473926530756776,-1.8745464800129374,-0.04223170062896991,0.02659741749778908,0.029107349630125536,-2.1295007430722426,0.28878129397400776,0.06932409501530105,-0.08003577171900773,-1.255462230970284,0.2982647522499025
49,-0.1399107457007899,0.04536335956891868,-1.7926635675401539,-0.03898467317764968,0.03321004800300775,0.012965534900725805,-2.0935242710530204,0.3305549631463159,0.08846548630975715,-0.07652046919322485,-1.24674506693962,0.34308158426183016
50,-0.14485762774738273,0.06715099322999905,-1.7034623131199231,-0.03708002666801291,0.039426163202515706,-0.008841095747452612,-2.0487594419215527,0.3487767075169847,0.09848757434494151,-0.06306631258771064,-1.2112657682800851,0.36744476698898687
51,-0.15010346502839464,0.08209435499129857,-1.6485986846971679,-0.03171793152573004,0.04360128842314191,-0.019278818406637907,-2.0207152121208147,0.3745268471287115,0.10670093839021616,-0.061477706481050026,-1.193331270151144,0.40912202524770264
52,-0.1524816091349275,0.0852960820249488,-1.5552576602571604,-0.02672091128850518,0.050786103864405234,-0.04678670019646115,-1.9959405323449544,0.43640594125716403,0.11239128205041664,-0.043350194835513736,-1.1656063127418335,0.4358613719046428
53,-0.1521148896687433,0.09094287195960629,-1.477294050920902,-0.02205969448125745,0.05968747897604887,-0.06631218431613979,-1.9266961271260699,0.4820094450264484,0.11725428605013226,-0.03687592905908843,-1.1398119089901129,0.6369730419313605
54,-0.15218242114014077,0.09125229423745507,-1.4141913662067986,-0.012827486377644219,0.06126499599352148,-0.07746941646744264,-1.7203685623770582,0.5118256373038329,0.12237023955000824,-0.01507276129867479,-1.0994898977383973,0.6444915699823143
55,-0.15217355172657016,0.09615132773649018,-1.3216512174106925,0.004144101286913817,0.06115114256817945,-0.08688386040811145,-1.5539175641709555,0.5943388890092304,0.12557822902635482,-0.01811764133962977,-1.081954245409912,0.6662325108164107
56,-0.15217504009143182,0.10033693600011892,-1.2734337280224568,0.045369720062416324,0.06112279390195163,-0.09773150477886536,-1.4826528309642135,0.7224869578149047,0.12755646386679456,-0.0008600194829897234,-1.0482519154565777,0.6674170544712935
57,-0.15216014124672494,0.09959017227506131,-1.1643658409949897,0.05483780426839558,0.06113978626548245,-0.11055139022630991,-1.4286158224677814,0.7114208957012165,0.1302085800246521,0.01045985577756201,-1.0280227346721251,0.6766264639750118
58,-0.15225882123353157,0.10204511493043797,-1.0898026927048088,0.07427737635370582,0.06113416375751322,-0.1141491553474548,-1.3358353839379615,0.7236937668892518,0.12991801887441565,0.007359051254057378,-0.9860046453158939,0.68139065207329
59,-0.1517576503157767,0.1048349758146389,-1.046810687396486,0.08476399238243232,0.06113563973722416,-0.13396079484461626,-1.2187286775251052,0.7395204907064078,0.12962671743961401,0.021008337808994942,-0.96457850442997,0.6995958296293686
60,-0.1548087745703665,0.10384882192878266,-0.9523177311462123,0.09474015741144573,0.06113536451018227,-0.13980740341587336,-1.1326159875734998,0.7509710483255924,0.13425738777595225,0.026454592343600643,-0.9036467573205471,0.7010738505683638
61,-0.15678793718756004,0.10824544253401551,-0.8652697460216141,0.10001488443989534,0.06113523619208649,-0.14444663843124214,-1.086746199922254,0.7559023728009432,0.13414988820772472,0.035232048121905876,-0.8776690601934141,0.7190592373344077
62,-0.15648421445344984,0.10870153277287707,-0.7856007720142612,0.0999539708183884,0.06113558372015488,-0.1437876879503818,-0.9939941515973838,0.7610997050912743,0.13396003740180693,0.03543532010291184,-0.8539014078905582,0.7320139124108946
63,-0.15652354109046496,0.10871446006712726,-0.7342208698685443,0.10001956502380369,0.06113656514865026,-0.14553507848813343,-0.925840848841922,0.7752743417561644,0.13596456332519738,0.04147112361040745,-0.8038763318439972,0.7695469417597405
64,-0.15652441420214705,0.10868768608359716,-0.6844585685851088,0.09998596814723394,0.06112136461589639,-0.15135348635311047,-0.832049087036321,0.7899294385903849,0.13893098457491693,0.04366738176597318,-0.7813855063580621,0.773766923982711
65,-0.15650671619399378,0.10869802263810557,-0.5916445451599494,0.10004138925148763,0.06122401745564451,-0.15302971894822154,-0.7498800035422121,0.8089895858152756,0.13845063701265367,0.042818474905354134,-0.7254882294433437,0.788869475881233
66,-0.15660807465208065,0.10869506553909188,-0.5183149055810983,0.09984623994701099,0.06069345260530102,-0.15287553844978247,-0.6823095356423458,0.8235183400600101,0.1385380552968792,0.0472263929768326,-0.6691878432133038,0.8345164892737126
67,-0.15610630281683863,0.10869577582967381,-0.4358974760577536,0.10046908713312072,0.06386968190579694,-0.15276177384182235,-0.633906245654204,0.8406124496062876,0.13852914838630753,0.04761228201434784,-0.659991572944497,0.8562613261507168
68,-0.15918372479990195,0.10869563100350739,-0.40475251009015,0.09571882630000167,0.06532877550258974,-0.157714949022208,-0.5595509459521947,0.8749336163053463,0.13854441327581657,0.04754648686266395,-0.5651144222688482,0.8797934760765957
69,-0.16124098890542593,0.1086956545190244,-0.3192603856796497,0.09509077570149523,0.06926762809216605,-0.1618673537557613,-0.4945857971892435,0.9154190416701148,0.13836121608357174,0.048424357915945127,-0.5249376465884537,0.9021550115321305
70,-0.16052991522493348,0.1086956522889235,-0.2775177095315671,0.07497730801040113,0.06990266053261306,-0.16148003899379518,-0.4445068909532213,0.929018296788409,0.13973608155541728,0.05414810090296295,-0.4693237912489735,0.9153145610345548
71,-0.16516609529168907,0.1086956520154795,-0.21172186303086285,0.062128295563774374,0.06996666493733893,-0.16159530225320684,-0.406814800322318,0.9608362676954973,0.14499367082190834,0.05657319109327298,-0.42081329066091017,0.9587769700896066
72,-0.1651545201541883,0.1086956522333395,-0.19370409882542944,0.027107806028840817,0.06903866537223519,-0.16156694996883064,-0.32424374143057755,0.998911126901812,0.15024820672194297,0.05622042921205358,-0.38812161067218937,0.9839123646910789
73,-0.16523361755900057,0.10869565215718774,-0.1299053230831867,-0.017470530204895203,0.06503609621710729,-0.16157347150839704,-0.2754952597154381,1.0316424985911516,0.1516935896353195,0.05628196239310994,-0.3774545396088984,1.004400384712159
74,-0.16528193895861742,0.10869565217757118,-0.08513383753153474,-0.021930059695492908,0.06562166182695975,-0.16157071023663538,-0.24216865535539228,1.0486742011942274,0.15149498013351093,0.05628105737928113,-0.3254210003133365,1.0310976654815238
75,-0.1648714778130604,0.10869565217441196,-0.049446681360501385,-0.059763514367837764,0.06547602249021094,-0.161570477229733,-0.1992034528711591,1.0817693429018527,0.1515129172651077,0.056316114691612094,-0.2984018560900974,1.055816405680502
76,-0.16763883747088199,0.10869565217003589,-0.007926657977235742,-0.08223448607714604,0.06550693388283801,-0.1616111151519481,-0.1406395241937809,1.1140795014879346,0.1515439273459729,0.055867909758534874,-0.2694228627278055,1.0663682334472855
77,-0.17271505644182125,0.10869565218096666,0.03610700162951182,-0.10545623700383856,0.06550157000197764,-0.1612915567837659,-0.1178131699573728,1.0959327264521908,0.15131775485496318,0.05916072196473609,-0.20701057560049488,1.0843257901808285
78,-0.17797941338058063,0.1086956521978412,0.046235040676078906,-0.11228740903865765,0.06550219167579333,-0.16339822453540026,-0.10521476675611456,1.086914751734272,0.15289708366605892,0.0658132380252935,-0.17938833430409434,1.0669779298683504
79,-0.17824725612163334,0.10869565183452408,0.09384602052334651,-0.12751269038122018,0.06550220972060221,-0.16630577326775814,-0.047975239648072675,1.0838760068252595,0.1588563015265279,0.06474855487619831,-0.16630897727442015,1.0277567257936167
80,-0.18288984303614358,0.10869565441680473,0.12399848039727758,-0.12841205787810966,0.06550217223635468,-0.16598524582129345,-0.013556065729109926,1.0550329276183252,0.15990617013936317,0.06496690777108353,-0.14889710427506764,1.0099021193608835
81,-0.1824885678944669,0.10869564073805564,0.15452030896853083,-0.12848282831633445,0.06550218673582242,-0.16560465413864842,0.0222678136767504,1.05003756728563,0.16395202383379567,0.06493156101527335,-0.11930854657467818,0.9842160124063808
82,-0.1826510312863034,0.10869570137873757,0.20103220537649527,-0.14992548042841614,0.06550218259446411,-0.17020292230072698,0.03173670225118658,1.0193535504043094,0.16446327861384746,0.06493473619998183,-0.07426515128936366,0.9661535484457563
83,-0.18256827716558288,0.10869547281096968,0.22785969000859185,-0.1756901311857312,0.0655021835160102,-0.1702891296647284,0.07419958684178882,1.0024981117588694,0.16937732518062387,0.06493806727109115,-0.0670667595554953,0.9563161569959047
84,-0.18273687006825892,0.10869616040045156,0.25493936078720586,-0.2093973879939188,0.06550218359260868,-0.16990372753377586,0.10550821102369579,0.9027610134393995,0.17350586185923741,0.06491528065850444,-0.030462252037989898,0.9427183486170133
85,-0.18218576370857556,0.10869504216630911,0.26207857841669446,-0.2229012057137776,0.0655021829198567,-0.17329006382209006,0.13435988879195754,0.8826792366496019,0.17273128858675033,0.06503869020344515,-0.009083404939708219,0.9359830809738352
86,-0.18656467018612582,0.10869015838900617,0.2977319050843621,-0.24371204148402928,0.06550218305836605,-0.17989732615344456,0.16330723586200988,0.8602030666563296,0.1753383615431065,0.06448353848927427,0.028709165385737687,0.9237559620992679
87,-0.1869536229128746,0.1087523548674649,0.3463534118514698,-0.29371126431168676,0.06550219639402874,-0.17894589918774598,0.193494484251836,0.8482435732804517,0.17783675060762713,0.06807648584932639,0.04166805706522047,0.9182597487944568
88,-0.18685351802956657,0.10834963611169117,0.3781381353907832,-0.3176717947224973,0.06550208630061541,-0.17876978922919706,0.22017568137697055,0.842662855394408,0.17740045844782115,0.06949788059333092,0.042961422950094114,0.9039425014102528
89,-0.18798994154592724,0.11084053673418312,0.3866577481149159,-0.3442676879034131,0.06550270995460321,-0.1828497832330981,0.24559951059178992,0.8203455630929104,0.17756159304328212,0.06918291651141958,0.08788978705927482,0.8937016165621969
90,-0.19141744678050288,0.11294549026226233,0.4067598428437046,-0.3791026281853833,0.06549980497299668,-0.1878367793989502,0.2688054772319443,0.799787215561158,0.17759519696700948,0.07382780578099528,0.09565458209875446,0.8751313951207106
91,-0.1934178628785031,0.11629479014808125,0.43261665510567765,-0.3952058211444146,0.06551135674893062,-0.18770977725068388,0.3049423846753769,0.7803208316517136,0.18198170573758649,0.07348450436760395,0.12397510743505351,0.8549960741335791
92,-0.1960319480139104,0.11752405533544781,0.44707173113531656,-0.4054515281016297,0.0654733620896988,-0.18777559365759103,0.311666193038648,0.7646456787279157,0.1830252139604205,0.07362644905769807,0.13436134208545794,0.8258339445233182
93,-0.1955366623291665,0.11738869294445443,0.4595763253929198,-0.43282343740637186,0.06555820814451685,-0.18787687904032677,0.3439111333788937,0.7363281636360808,0.18581865779283988,0.07358252849571124,0.15134908967087982,0.8119493552362964
94,-0.19577737072746548,0.11738541818460146,0.47342340437994396,-0.46211033005307756,0.0656280727220448,-0.18729417756512082,0.3464420594639628,0.7009789755984168,0.19119533260735433,0.0736043496106117,0.1650702938894147,0.8041499416797109
95,-0.19574195512743248,0.11739804500086341,0.4879870626012927,-0.4660641113970242,0.07016650738940794,-0.19103091428721922,0.3604156593551182,0.6851170798507866,0.19490116958783313,0.0735622651676664,0.183075076505825,0.7866419001240252
96,-0.205340429718056,0.11736533791817745,0.4968094262703975,-0.514503004927082,0.07005070539284562,-0.1921304067879947,0.3705436995419749,0.6617236076613655,0.1985835162584329,0.07365187050893156,0.19328825143292533,0.7594183318613493
97,-0.20974516981476088,0.11750962306964945,0.5017034275263784,-0.5414981005107995,0.06798761944041551,-0.1962534299725488,0.3708398341645368,0.6388411307674613,0.1990763601578897,0.07374300571954616,0.20333724918779675,0.7371224083556313
98,-0.21473282501429092,0.11692051524811548,0.5046881722778268,-0.5706199355702221,0.0655815628943374,-0.20566922033831622,0.37507805010839185,0.6239519583507832,0.2036302255419167,0.07811225231138558,0.20360096969847358,0.722293481699837
99,-0.22001120049385547,0.12086087742683134,0.504399858092323,-0.5782566592512266,0.06235578762942552,-0.20483414828813187,0.3755468845030975,0.5941605343065312,0.20421944228358885,0.07904302162487523,0.2091659485702075,0.6906422325616615
100,-0.22200031992099145,0.12181511366988655,0.5038965156937453,-0.5924253497157639,0.06131603897693835,-0.20679183963215708,0.3758804005219567,0.5627135310005458,0.20829495696611391,0.08273902381988461,0.2122070133809438,0.6744217182387681
101,-0.221695216178299,0.12172817168136335,0.5082921796312966,-0.5977513300402756,0.05697112432516967,-0.21016396727461117,0.38139739425813857,0.5459634368338435,0.20766725000305097,0.08214173555224254,0.21373547620947173,0.6116117551400749
102,-0.22174372788252292,0.12223536869927334,0.5086672640579512,-0.604928696167557,0.056815707542690205,-0.208982404251685,0.38426619080388913,0.5143657251209258,0.20781831722920702,0.0822712358547061,0.21988447642061973,0.5537554809115227
103,-0.22173935297526573,0.1265328206476802,0.5133419997803428,-0.6063074975278822,0.05673985557034219,-0.21335918311261287,0.38647330317770046,0.46497714772506815,0.20778791985662712,0.0822484395282131,0.22023336290160334,0.5164353110698884
104,-0.22174092395267225,0.1259422854396329,0.5126778061929124,-0.6107429926621184,0.05677771296222501,-0.21361849227666604,0.3891111060164356,0.41360116219655346,0.20779250326636567,0.08225113004878512,0.2286045458866464,0.47383841415204786
105,-0.22172394512687066,0.1262017386046243,0.514715417442076,-0.6256751784708132,0.05676812242184582,-0.2229314649228816,0.3882072919135084,0.38126468654295875,0.20779196576918538,0.0822512574290629,0.23380989659355597,0.44276769010494077
106,-0.22182053685328426,0.12575679664256853,0.517161468211499,-0.6508852737220379,0.05676015427402956,-0.22224819486630915,0.3927467047905598,0.33209016870959573,0.2077974843265141,0.08225046324700244,0.23375460351898816,0.40345706352735333
107,-0.22137536503329389,0.12925518712363263,0.5220481239799067,-0.6562951611432891,0.05680080154705343,-0.22487830934125913,0.3929369180811079,0.2837509355749032,0.20775543265542576,0.08225433854268784,0.23357498004525426,0.3523897423981977
108,-0.22439364450412952,0.13469044323930934,0.5330331487477163,-0.6458673154992638,0.056678717939588646,-0.23433945837253303,0.3937296049244731,0.24969237884314538,0.2079829760115211,0.08223617909801266,0.23519955905349588,0.30594009387123694
109,-0.2294747162135575,0.13501900474415107,0.5386921533590773,-0.6382187256571369,0.056864141601961404,-0.23549246369795088,0.3974780139873311,0.2208916835371365,0.20696867567471486,0.08230857161596787,0.24112761886616707,0.28563864119433807
110,-0.23456803912019844,0.1448303849650413,0.543496331931196,-0.6279266928689624,0.05218775752524315,-0.23913015550389993,0.3998222441350225,0.19320223770808836,0.2138314339421506,0.08207505868164124,0.24226398384198453,0.27050541373791237
111,-0.23475981102640778,0.14803625813348237,0.5477142979021796,-0.6084700773349414,0.05250551855986233,-0.23997122860240064,0.4146581597897066,0.1753696353420915,0.22028779947910343,0.08602935769609843,0.2459513364234695,0.2620800890961375
112,-0.23479922083601504,0.1477429817349275,0.550580288065178,-0.5798589888254725,0.05238537528355401,-0.24448233983293471,0.41979531771418005,0.15051082681917566,0.22497614582660924,0.0955126952338576,0.250962686964742,0.21563167796099236
113,-0.23479554673266895,0.14795778647560356,0.562978445144405,-0.5708274059173084,0.05232696363452018,-0.24482759609205737,0.4219503739970216,0.13506734870574627,0.22953221905176993,0.09506445623898707,0.2555429301806353,0.20771388242360952
114,-0.23468080984889086,0.14738771983234128,0.5712460605018428,-0.5484686857098326,0.05274404190921659,-0.2493308679088398,0.436414718879836,0.116770881727373,0.2302524843658957,0.0952954782600134,0.2559833311627037,0.19351883432880507
115,-0.23595284144680795,0.15150655295999332,0.58453994728735,-0.5392261613537643,0.04949778227483367,-0.24893545036473758,0.4419914461944791,0.1094802475524155,0.23425856588999028,0.09522297673482923,0.26185130249943933,0.1790873992385336
116,-0.24813500520256565,0.1522774637305382,0.5907625536787018,-0.5287626557306754,0.044017726657232144,-0.24817732450433821,0.4562212785037327,0.09155742473911918,0.23364474548556416,0.09524201961212948,0.26400068767160245,0.15737538517666813
117,-0.25630374986474147,0.15271294088368756,0.5912375144816652,-0.498802079669295,0.04366146841238918,-0.254249045990113,0.4585046980054188,0.08093514907300778,0.2337914425132036,0.0952352860655153,0.26664652157328833,0.14539184744646105
118,-0.25654026920823414,0.16148104609678365,0.5958204764103214,-0.4778574544382488,0.043654461863137956,-0.2616541415054121,0.45955074700740367,0.06435839982885096,0.23376208125994224,0.09524353743999826,0.27144442523789014,0.12317011910303569
119,-0.2565328165527245,0.1617552951021942,0.6053556138738085,-0.462438317072191,0.04367403096235948,-0.2619458660444353,0.4708427445265666,0.05758627703115272,0.2337666354089491,0.09523937844492177,0.28066844544400443,0.11933587509330933
120,-0.2563999351996897,0.16730245838449528,0.6092677822623238,-0.44485171949144325,0.04366634652643543,-0.266760662934559,0.48327498656291473,0.04856233443500447,0.2337662762706011,0.09511417377610745,0.285763970261539,0.08819253072106187
121,-0.25744164641207284,0.17258788204339695,0.6181958971943231,-0.42710975523705613,0.04366856565067813,-0.27572271334921017,0.4884316024060168,0.033316137587230586,0.2337662289855693,0.09629321439527905,0.28584193999335733,0.06376384998044882
122,-0.2631345534238021,0.17379880761837452,0.6292012999364773,-0.4126424946307343,0.04366802779578812,-0.27486113598703016,0.4979899717396934,0.009637992012383235,0.23376602989875997,0.10000518527670975,0.293955948926481,0.048680982751483706
123,-0.26563258441485005,0.1774439474158524,0.6332237788205544,-0.3898037292133539,0.04366813856578527,-0.2753526546885102,0.5080846661619799,-0.0052402175366774925,0.23376734379601588,0.09957662629631134,0.3058433916574331,0.017825156507928513
124,-0.2647086635189311,0.18257290033422827,0.6379167656930279,-0.3840358379336771,0.0436681208286743,-0.2742969567336806,0.5158725902449923,-0.02705705183561122,0.2337614618778646,0.09913987507871316,0.3096714915033301,-0.012841358326902407
125,-0.26889206297714946,0.18245636664076753,0.6470070272682461,-0.37076491337627937,0.043668122480209424,-0.28113959118027765,0.5279647414109889,-0.0393277630062668,0.23378329458826283,0.10321020127484734,0.31480569371338873,-0.041780823257818726
126,-0.26964326876114253,0.18359088453947436,0.6568638404972887,-0.3687917847043144,0.04366811005424222,-0.28804786890963824,0.5477405555730662,-0.062423369787062415,0.2337208995456293,0.10397266395289476,0.31970060961858304,-0.07749876630772329
127,-0.269723821351107,0.18707214642495354,0.6666760411537674,-0.353129571864261,0.043668215857601035,-0.28816208808670896,0.5539350773114848,-0.09288655614394808,0.233793561952982,0.1041671558422192,0.3245794380428178,-0.09335775869336828
128,-0.2749571133450926,0.1890112310205974,0.6764855055497899,-0.3435552158373291,0.043667611029220295,-0.29276418497817935,0.553450687840544,-0.1180070597464646,0.2345097813814434,0.10860871305710323,0.3291501729943511,-0.12161804574708339
129,-0.2785991050945287,0.1916830129791401,0.6862138511516958,-0.33981210130797246,0.04367044317438929,-0.29321067827308445,0.5709757429794962,-0.12521816546054626,0.24326238839443845,0.10810934206666781,0.3294682142976918,-0.16000073673316323
130,-0.2781702200028436,0.19121775158269227,0.6963635791827426,-0.32050343697014017,0.043659124191049184,-0.2987404186851432,0.5809047871227593,-0.15112826303942511,0.2421739969835168,0.10822550781603829,0.3364533182548909,-0.17247454826103115
131,-0.27828164280805673,0.19136170152848928,0.7048182339182034,-0.3073985866188989,0.04369662873119736,-0.3035517075416552,0.5886448078896117,-0.14772002174720195,0.24248611740048082,0.108343500740853,0.34625227944904474,-0.18406458374196474
132,-0.27825683890636416,0.19133601533074931,0.7234151059744388,-0.2926513058567825,0.04361114525531712,-0.3084289175687608,0.6123314037363699,-0.1486393153859347,0.24240927542221782,0.10780969056104249,0.35728859866325313,-0.21129576943329362
133,-0.2782614794490797,0.1964451113896947,0.730054987337677,-0.2632502860200791,0.04355736657355782,-0.31374605952837975,0.626552565812076,-0.1484761837775335,0.24243370470853629,0.11219690472478906,0.3586872710625162,-0.2116874154638382
134,-0.2782608171131436,0.20030263029207074,0.7444381837194975,-0.2554098811422107,0.03896420231678276,-0.3145175643603707,0.637242725242499,-0.1483586859561705,0.24241017998448777,0.11253707595788053,0.37103559637425754,-0.21577282338308254
135,-0.27826076292668733,0.20000597304682538,0.7574002337201844,-0.2334055791935224,0.039427461007307,-0.31456629468646846,0.6584752135540997,-0.1486443260547694,0.242384857058788,0.11258005612847452,0.3809380365937758,-0.2164967290374119
136,-0.2782618890626659,0.19958066110244388,0.7653131210838068,-0.2142458920220372,0.039239838153791465,-0.3191759260315555,0.6707738892478031,-0.13867611940283575,0.2430599919510773,0.11252585241347356,0.3834529447015685,-0.21646327283211386
137,-0.2782545808501302,0.20294224528915,0.7846016013754856,-0.20023363329593155,0.03943230930577499,-0.3183595053037211,0.6941039112060982,-0.12562924515852153,0.24728391519694792,0.11266089606863657,0.39996694538649114,-0.21644253286751308
138,-0.2782919524564491,0.20465430487673497,0.7989967007084399,-0.17709279581378753,0.03883783340452942,-0.320721549365784,0.7029395634460539,-0.12729213643559567,0.24625384907101128,0.1120952731487842,0.39901547205006,-0.21645427026466724
139,-0.2781298283804635,0.20411936835134514,0.8088782581579623,-0.17059333720820133,0.04297527964600197,-0.3236133883971162,0.7141956703999849,-0.1243892279299762,0.2492550289856692,0.11569878379085474,0.40768493556971813,-0.21644145900585948
140,-0.2787302918138625,0.20877443777636528,0.8068283422635124,-0.1519095104067648,0.04372164851036184,-0.3227467586321194,0.7428643757267817,-0.12241557533000218,0.25178195881780985,0.11704095959133205,0.41704511374624814,-0.2164840068804677
141,-0.27441458618869224,0.20921713939068798,0.8336288614834113,-0.14424149019316318,0.043678699690444085,-0.3267145744650493,0.7566599117824013,-0.11887261127469129,0.24721222947414484,0.11686910834616723,0.43116339950623933,-0.21633500308689307
142,-0.2739507584768518,0.2135299857135714,0.8436126667779928,-0.1299276023639772,0.04366774995927899,-0.3318464718147616,0.7804983818299436,-0.11798406419597365,0.2467456375425089,0.11678832287381076,0.4414338827328033,-0.21672813866551874
143,-0.2690225759422881,0.21290548660970413,0.8502458262275379,-0.1231582231951282,0.04362723796543019,-0.3317134821022997,0.799277874634667,-0.11350378332846593,0.2468108499649007,0.11780770201639185,0.45058998322781274,-0.2121062800137458
144,-0.26527408096476274,0.21309775901071387,0.8731060793755068,-0.1097012117982564,0.04388566434882486,-0.3329230091270213,0.8197915463773946,-0.10908110964761396,0.24604822381623587,0.12133443872369487,0.45063577727662285,-0.21216748707487462
145,-0.2629215650339348,0.2129504994705629,0.8918955430069372,-0.10420598718462153,0.04273624320386749,-0.3363478823963603,0.8301724563631764,-0.1082132103760282,0.24034815726529749,0.12327692111340847,0.45753040771189074,-0.21234454926193025
146,-0.2533512337518174,0.21329630128482205,0.9020000340392561,-0.0997607377894532,0.05007836989461652,-0.3384163633456741,0.8435225083485435,-0.10431009858649389,0.23785187944128655,0.1259120189755051,0.46848889663950516,-0.21044570153082884
147,-0.2529635022505374,0.20898716849049798,0.92235115940657,-0.09942765422773744,0.05270642424266301,-0.34099238305099044,0.8627753962206315,-0.10492110232313859,0.23790112830027452,0.12545212598105698,0.4735023649717219,-0.2074084880301982
148,-0.24555928382827552,0.2042755520832139,0.9292621866907911,-0.0918870762229219,0.052384156995645255,-0.34045489773461046,0.8955370706170213,-0.10477996692046798,0.23888621610935468,0.12560484483358145,0.4904128253548175,-0.2077521540914062
149,-0.24342583103791285,0.20367870619169223,0.9472505481969802,-0.08379486127186536,0.05239106036162534,-0.3407961277936285,0.9187239540616828,-0.10480714253979723,0.22986915823258833,0.12566398460835557,0.49742922105585113,-0.20815075453189205
150,-0.23928571537438115,0.19950774141722563,0.956199803380991,-0.08236424770151551,0.052433672456391495,-0.3360805686464582,0.9442996002258734,-0.10480321026235909,0.22934398630127026,0.1302165281632749,0.5117319539786984,-0.20365871951715747
151,-0.23476915850989594,0.20014887567636533,0.961814765120889,-0.08288521949416496,0.052231120684767776,-0.33668918941056825,0.965847986504172,-0.104803427481457,0.22468994515983082,0.1297486434314715,0.5248353042030566,-0.20350849592045925
152,-0.2334010742964348,0.19988270880356793,0.9924826316472164,-0.07848681910382936,0.05368449366195874,-0.33362937258294356,0.9819142904565312,-0.10480353798229605,0.22526629815415544,0.129902889877818,0.5316775042921256,-0.2034324814238226
153,-0.2236245576846555,0.20031806638718655,0.9999860635557999,-0.07373689272052364,0.06215123867618311,-0.32662660865529347,1.0066145778360551,-0.10480344910648473,0.22498216174655258,0.129862735278884,0.5457048204674515,-0.20349463046335178
154,-0.22186716794943262,0.19649421971251974,1.0223422261312403,-0.07421095272039087,0.06895661209809055,-0.32762308624358477,1.0369962416963254,-0.1048036524381151,0.2254919781202159,0.12987150612101392,0.5546549508683877,-0.2033491598269098
155,-0.21946003629456873,0.19132976997915707,1.0383073141267258,-0.0723690554839784,0.07348449567552953,-0.32778794106201287,1.0616777195340614,-0.10480284388900835,0.22214147134771517,0.1298699451762388,0.5651325034755731,-0.20392955305878965
156,-0.21403070101659974,0.19094885555972554,1.0388183018176662,-0.06958571268638751,0.07858079479187192,-0.32395312731459974,1.0813105829777558,-0.10480573851029946,0.21711775524154545,0.129870134887909,0.5707861433252536,-0.2001436900154452
157,-0.20958507152639047,0.18697568821372368,1.051838165354264,-0.06677435193311927,0.07897013906324966,-0.3187874831855902,1.1110078740724711,-0.10479793034404522,0.21213455938323866,0.12987014678792017,0.5757551253473419,-0.19901784103890205
158,-0.2001007609272123,0.1840283919044447,1.0796415462620426,-0.06538896299957116,0.08294309396320369,-0.31839004358565476,1.1272893284095546,-0.10480365231018847,0.21185354323427297,0.1298700401742526,0.5830112411525877,-0.1991343592592996
159,-0.19559200302777302,0.17767379747784465,1.0771544937892463,-0.06130301327671458,0.08595699774545994,-0.31415473839501057,1.1469901406459353,-0.10491919757321105,0.20654169961113822,0.12987062615945036,0.6149679893081524,-0.19914124013521434
160,-0.19502855992484242,0.1760921465121515,1.0823478935626152,-0.06087632738569255,0.09214686939911117,-0.3131658092989263,1.1573886724223512,-0.1037928976458218,0.20186602252560532,0.129867836619989,0.6212098310874085,-0.19911934036685364
161,-0.18938840761590306,0.1703052528067906,1.1104311890169114,-0.06085599130411264,0.0944633712641092,-0.3077667149330672,1.1909074187428208,-0.09996471237584359,0.1965198536845246,0.12987904510368098,0.6363947393744555,-0.19920507472640056
162,-0.18580769779865203,0.16930523631216315,1.1238954772912177,-0.060805564746514114,0.0958809771621486,-0.3022566396300978,1.2039324439382697,-0.10055834512678291,0.19445176301043862,0.12984248247113886,0.6550354047747361,-0.1988141710811484
163,-0.17393840413542525,0.16947841534777006,1.1432180704622394,-0.06126688789271899,0.10008866096087853,-0.30174870392563674,1.219603565077727,-0.10038043128136653,0.1951656095181832,0.12991848981160115,0.6584333581287903,-0.2016284088076486
164,-0.16901306111456785,0.15512001085148094,1.1480014071496938,-0.0584002509732921,0.10045646606847337,-0.2933364921701029,1.2481556142414736,-0.1005425635698495,0.19079623896647988,0.13004876028042944,0.6579140720769012,-0.2073509089772021
165,-0.16649641025120762,0.15239592974754418,1.1565852483053232,-0.0566703037348204,0.10498529753586128,-0.28342161610262284,1.272303077423528,-0.1002644222940076,0.18574789443941134,0.134567050348369,0.6629317793881119,-0.2076637126675092
166,-0.15218155745184003,0.15023510589045738,1.1649164259694638,-0.052954661684930945,0.10580453343842736,-0.2794010841203483,1.281952627516837,-0.10495811842008691,0.1756221387574165,0.1340759450541529,0.6778809404622668,-0.2122823365954939
167,-0.14740984950475697,0.14881213832902593,1.170941032220531,-0.0521112006877253,0.10904136532907976,-0.2784015479986166,1.2955656721427091,-0.10470360058419158,0.16676323615975966,0.13423152630012158,0.6835627181361315,-0.21202059169256796
168,-0.14239663934063795,0.13876665110395858,1.1941832367034342,-0.052165047433817884,0.11318420525140377,-0.2733704309273822,1.3196892649329808,-0.10483677786640913,0.16456144818210694,0.13419198807990376,0.6905661368712933,-0.21213231635777685
169,-0.13709475953812827,0.13498754720105827,1.1910967867091138,-0.05214841776453334,0.12153514618897857,-0.26556550548491636,1.3290626621870059,-0.10479473010680669,0.1622702754660046,0.1342004203517921,0.7104429024154447,-0.2122305156064645
170,-0.13502654119794727,0.12663325845344797,1.2076141237833882,-0.05238701934927412,0.12236225272100527,-0.2582794190169876,1.347822758893911,-0.10480543775499325,0.15695667112956344,0.13419898118152077,0.7176517792663496,-0.2116253101239408
171,-0.13141101956492393,0.12602071963100686,1.2160813759709694,-0.050681833184468894,0.12226127461760906,-0.2574227782086037,1.3676102783690052,-0.10480313757061373,0.1520914649967688,0.13419913419944254,0.7225079319806325,-0.21552530560410796
172,-0.13218945722430617,0.12143648568643337,1.2294528762847214,-0.04470509901422842,0.1222700231141986,-0.2576554426099508,1.376097660934185,-0.10480354161929507,0.14719828131292143,0.13419897933618297,0.7272465455742809,-0.2162816223951537
173,-0.11080659983528414,0.12111685099624508,1.2304068916591746,-0.043750300640632574,0.12227089777704213,-0.2483376474267356,1.3874956514742254,-0.10480349231199808,0.14272580760590262,0.13420042670961288,0.7407096607627556,-0.22075638923913518
174,-0.10433297563609582,0.11407733537730409,1.236469194138505,-0.03961664816315342,0.12227469812403055,-0.24048527309590514,1.4164489275008987,-0.1048034449191068,0.1421222472594696,0.1341919737064908,0.742934502137113,-0.22059434117099977
175,-0.09935993533289347,0.10296514377923885,1.2508770682154495,-0.039155006227971384,0.1222485133680599,-0.22391626551106328,1.4192786484071125,-0.10480387938946331,0.13678113923204535,0.13423152390062248,0.7547891151545273,-0.22176548936147417
176,-0.09416245563516629,0.09991391460281064,1.2588031939252755,-0.034160350926119,0.12236941044702798,-0.22057695874163552,1.4247120865293126,-0.10480132734202915,0.1314509596281821,0.13407623082874934,0.7526563950499208,-0.22567413014466386
177,-0.09192122819815278,0.09663013524562553,1.261175189950398,-0.030142759267462356,0.12189850800092611,-0.21594885513913487,1.4404926356360312,-0.10481344039048587,0.13007264494180681,0.13456473795949317,0.7554898526417119,-0.22449654106635977
178,-0.08503846959342459,0.09156350715999872,1.2606946897828768,-0.030503590796089244,0.12565224914262862,-0.2064761377592277,1.4510180205094447,-0.1047649623407917,0.1263131806591369,0.1300442496139968,0.7646942034454662,-0.22830106572183936
179,-0.07439962728439055,0.08683700466838218,1.2633699364904147,-0.03050925351959306,0.13067636868111332,-0.20525695461597762,1.4630099347038463,-0.10492306292229059,0.12545465725561503,0.1299238168406607,0.7703042199027527,-0.22896619957647105
180,-0.07366494383400604,0.08671802435839344,1.2740336876166773,-0.03005429204875688,0.13548864920811887,-0.2004578412756031,1.4745290549702663,-0.10459053077406276,0.12538914574911872,0.12979156011151513,0.775088005271881,-0.23740580120340488
181,-0.0743723827489435,0.07924755214487533,1.2604577645648039,-0.03169057602682767,0.1352897797873269,-0.19651851874486476,1.4860990928970275,-0.1092169740402748,0.11998910245068234,0.130196356552686,0.7814815948077523,-0.2424390160606037
182,-0.06507690860639254,0.07425914710409953,1.255047813429723,-0.018317337999552215,0.1354190561389914,-0.1944986760307008,1.4932920069324107,-0.11046440901891996,0.11741914476458579,0.1278345616717556,0.7948232344407034,-0.24308141637450156
183,-0.059327613457399515,0.06668861543249556,1.2397837268762733,-0.017370262508159918,0.1352556795779348,-0.18300149395459073,1.4933262046979394,-0.11855389031848798,0.1112823890885579,0.1250579298310055,0.7966775701001212,-0.247005057643192
184,-0.04551841364205088,0.056684457724843894,1.2344722930266505,-0.012608075665889056,0.13583796426575112,-0.17672536496978566,1.4828686734636471,-0.11961332354414062,0.10050189415253459,0.1260285780252305,0.7963959651197547,-0.2481514005646915
185,-0.043290164901803846,0.0567553424803769,1.2331000876209357,-0.01345898676713707,0.13218481005847518,-0.16783115119437667,1.4668540713787375,-0.12265224586619582,0.09637676011649318,0.12157280239090545,0.7969412367976105,-0.25410298755350424
186,-0.043867757776364445,0.05228947804061989,1.225063642188373,-0.011247530681485539,0.13084818752401156,-0.1656568535730163,1.4587309514949094,-0.1223931578371857,0.09183292990562442,0.12121750070494659,0.792713454681306,-0.2555887886718189
187,-0.04084370947361671,0.04730166969481294,1.2113068954923867,-0.008200823343328454,0.13101391283633987,-0.16592923109994054,1.4500397147278747,-0.12175211464826628,0.08223957218678478,0.1214600072355291,0.7878480825970605,-0.2554085887363688
188,-0.03579372141069977,0.04326069039176495,1.2001190944548001,-0.009143393410718003,0.13100813186902197,-0.1611933390115972,1.4314297283661888,-0.13088756521898376,0.08157438710798491,0.11900784895050978,0.7736465989597526,-0.25540204473524925
189,-0.030622454851570932,0.042717905585033834,1.1994177398294568,-0.005236792952689056,0.13100289541047033,-0.15373292854864068,1.417632478126669,-0.13539019412084158,0.07182500240665739,0.11162661328052385,0.770134776645603,-0.26107254399369867
190,-0.030373133369634275,0.03471192028725374,1.1798196906267155,-0.0002557705954260677,0.1310017063000983,-0.14299040089071446,1.4020092685045407,-0.13627398907310026,0.06775928983409438,0.11276932670754447,0.7610393778841634,-0.2748101141954974
191,-0.025297372839467466,0.027536925869987124,1.163712716000052,0.00443094998743385,0.1310203780969539,-0.14283115098139845,1.4011378246137391,-0.14020360860143655,0.062211854397711534,0.11251414320246725,0.7502068587749513,-0.2772580179601462
192,-0.020502605902939883,0.022453828316283616,1.1502879762250262,0.005063952729199364,0.13093701151343057,-0.1337043102752799,1.3795872900234831,-0.13971536993827643,0.06036466315060028,0.1125552575279326,0.7457907566191084,-0.2766710803941058
193,-0.015660847055098206,0.021885175731491534,1.1369394921612768,0.008957436981402533,0.13124094690633992,-0.12708313955771974,1.3653355274644343,-0.13938666688657292,0.06066233841032614,0.11255920655689293,0.7422168320749686,-0.27964201867834276
194,-0.010329883102661516,0.01736143473910966,1.1122651193649673,0.010156300407992898,0.13038159472164873,-0.12653791125118433,1.3543699641800133,-0.14301934607591746,0.060572745144383926,0.1126122924119998,0.7237102085040469,-0.28475928340119633
195,-0.00846403809825319,0.01190010200078371,1.1051417699026476,0.016253974259866816,0.1396232997997008,-0.12622616268183331,1.3407397357374022,-0.14808521454775445,0.060434115946610904,0.11192162727638755,0.7181599960831455,-0.28979165201233825
196,-0.008688140359115425,0.003746897256151163,1.0923179857682952,0.0171968622341845,0.1396045007590809,-0.11653874282621339,1.3164291479685026,-0.15295104338930102,0.05523479534927007,0.10630948453237603,0.7093085959585838,-0.2898978203511425
197,-0.008779595962175065,0.003308734837425584,1.068553102653321,0.021120734649721543,0.13981311559872853,-0.112205907170768,1.2994057268416017,-0.1525837365439283,0.050928329361751914,0.10346290509200326,0.7092950660338284,-0.29199062448863466
198,-0.003945749855472732,-0.0027706530919126373,1.057436111125828,0.02607611879323557,0.13962805836139616,-0.10703924647182037,1.270763352885708,-0.15419335972465323,0.04299329747853048,0.10442063743766108,0.7019800157070215,-0.3043469774981846
199,0.0049336212920890535,-0.004576618072381246,1.032674431848073,0.03571015946176891,0.14017738065591764,-0.10225106212772275,1.263464415263666,-0.15725835194962018,0.0391566744456,0.1004423868473873,0.689609411309411,-0.302888609994128
200,0.004219307415371059,-0.004307885481331776,1.0261569101246621,0.039451750378241265,0.13693671137513772,-0.09688102734860056,1.232841571877786,-0.15966849539884967,0.032667262018511146,0.09942483177417913,0.6715654548136508,-0.3021599782529745
201,0.003986404471439734,-0.004355903594947561,1.0035009050122201,0.03851043770061487,0.1351358596672347,-0.09593005044814959,1.2243701732241996,-0.16198974047588152,0.02644886007920732,0.09945562700824563,0.650841692890567,-0.3095684808914079
202,0.00690277826305692,-0.004356676467645804,0.9851324860897006,0.042938209546542074,0.13539988122479765,-0.09605028899259176,1.20248939031792,-0.16118999228057862,0.021630996206255717,0.0949048031078227,0.6449952059003969,-0.3117128073331724
203,0.008546730542307878,-0.004189873717173025,0.9637232375491681,0.054013145540275274,0.13537143257508433,-0.09092924811749968,1.1807424969450375,-0.1658981010271918,0.02120493169897177,0.09535677517778213,0.6402471498806712,-0.3159096384797741
204,0.012286718400941692,-0.00555392450197893,0.9526697683848991,0.06010154229126253,0.1353696955871351,-0.0869549053079427,1.1483690898330188,-0.1662671680943251,0.017103477414014252,0.09520634924718492,0.6332967004145783,-0.32079037742231764
205,0.013133695369668755,-0.008881545790995753,0.9184682571941459,0.06479384412131543,0.13537177498454564,-0.08773585544952912,1.1323905022064231,-0.17052661007277878,0.015769965268750817,0.09524305404487965,0.6191838828631667,-0.3259317887883949
206,0.0131829380509355,-0.010546741000517335,0.8928331061232709,0.06963018325736972,0.13537100632517782,-0.0852344108784737,1.1033911519881312,-0.17173124665324133,0.012424300471192494,0.09524530444234987,0.6097880708191517,-0.32935753304165255
207,0.018445526709294977,-0.01658225638865932,0.8828344044330708,0.06999830002536808,0.1353712154994512,-0.08007268164484631,1.0745559813146108,-0.1751472822157929,0.013532350986387956,0.09521517746041346,0.5825038720085958,-0.3289690794773145
208,0.02178201806775663,-0.017148008004980765,0.855060696861939,0.07537539811928311,0.13537119407809592,-0.07471216326578438,1.0589166293790002,-0.1745408366204743,0.009311727160034027,0.09525396258408199,0.5751246380681213,-0.32880780936970816
209,0.02350766778298951,-0.02155361450045709,0.8263653235683188,0.08022281734108479,0.1353711035445943,-0.07429846726360133,1.0413741848460007,-0.17480002585681179,0.008614728507437677,0.09560147063030974,0.5681366891990194,-0.33172150318837285
210,0.026505106549555863,-0.021707724016381307,0.8167038983799723,0.08481195122315284,0.13537134081638477,-0.06940419625634946,1.0007067080545782,-0.1744516489929052,0.008644721516641266,0.09998054601369641,0.5443473967983458,-0.34150682531186777
211,0.026004935467939295,-0.021573366950074807,0.7905496712580031,0.09263280868970315,0.13537140698236733,-0.06544707936600125,0.9702570663849454,-0.17913164669694814,0.008666835171526149,0.09946745862236746,0.5341210420880551,-0.34195059961387164
212,0.026099873940752374,-0.02311359013546856,0.7655526118750966,0.10361254439729146,0.13536597445524434,-0.06401189050899203,0.9511237046219378,-0.17928837954597354,0.008646175288957858,0.09947919850132766,0.5125927823500224,-0.34185674548269657
213,0.02608534622006233,-0.02614103599889046,0.7327982316658778,0.1042628254059024,0.13540832491939958,-0.061550038001556166,0.9221141719634007,-0.1860429828856116,0.008705030850137125,0.10002518133358576,0.497871373521537,-0.3433191930407538
214,0.026082512538140555,-0.028560991195134652,0.7228182450131678,0.11415118524854061,0.13517405171278912,-0.055583318555238494,0.9076595944149017,-0.19481298939796024,0.0084672225985741,0.09601903406883225,0.4853371984785058,-0.34608943034059586
215,0.0261354626729606,-0.030841928207958825,0.6924493047386878,0.12241335078372952,0.13624761689647585,-0.05233536905782183,0.8791476363386963,-0.1967273610415613,0.009302456327348118,0.09517127013153578,0.4746546634040402,-0.35084404284609444
216,0.025781707281095714,-0.03007177512788879,0.664686504554757,0.12102002666259694,0.1294191404638822,-0.04848684881336862,0.8328903704632549,-0.19643485382633574,0.004203210641032312,0.09522847173312204,0.45634999538557697,-0.35875398339502085
217,0.028007997885849525,-0.03470345712907912,0.6427098278523727,0.12539875675807136,0.12583571515579636,-0.04804769957192282,0.8269158374772031,-0.1965981707712057,0.013080732410331796,0.09524505890356089,0.44576236994679513,-0.3593467864474195
218,0.03082317712065933,-0.03472348798437832,0.6227113562152814,0.1359230330496114,0.1308981095940851,-0.04797401252979451,0.791817171505752,-0.19643784567529793,0.012519679631604578,0.095235730429236,0.43039530995527675,-0.35932359366909544
219,0.03036013276225859,-0.034795864192474976,0.5932045343496031,0.14594736805089842,0.13128145417991652,-0.04831050876085661,0.766714723577022,-0.20114047738213175,0.015362525209007563,0.09523872194036145,0.4112973062758547,-0.35964944964056506
220,0.030445720210717918,-0.03486393560648829,0.5868500934696779,0.1518995252037681,0.14078966778171642,-0.04628318972931472,0.7239656198724577,-0.2005385539002258,0.021776798226273823,0.09523795618028318,0.39885958140010386,-0.36403272002899056
221,0.03043412622831796,-0.034354485119546696,0.5533977811994364,0.15671068344233413,0.14676407501651292,-0.04325895319004571,0.7071501321070682,-0.20243796548297122,0.026321879340081306,0.09523811978176026,0.38802121418055063,-0.36360882784594084
222,0.030434516571790093,-0.03755023855539432,0.540730154585641,0.1707909528871203,0.15370638627673963,-0.04374831092124668,0.6829536924298633,-0.20566561337426859,0.030724944024510294,0.09523809412157347,0.36612739657389876,-0.3632069280807029
223,0.03043485446273325,-0.039368033675632144,0.5246028697993932,0.17523553797321312,0.1526470058301288,-0.04365618169876116,0.6682956067431648,-0.20515968957263717,0.03318910962478444,0.0952380949129996,0.34755878611296054,-0.366584687628071
224,0.03043517349378025,-0.03910157824294968,0.5140870389591764,0.17800705725277022,0.15284469762556338,-0.04366887317263487,0.6353136437962327,-0.20522595334168084,0.043031381345824224,0.09523805340484871,0.34250748578134954,-0.367882264496036
225,0.030432651366064885,-0.03913031070995555,0.4927428117871804,0.18262769557594816,0.1529264404154577,-0.04366830162649895,0.6079272636124932,-0.20529853812243415,0.043130298828143745,0.09523843818430187,0.32345540416163326,-0.37174632201994545
226,0.030443755492720104,-0.03912379250100344,0.4672724886278726,0.190159248993099,0.15271510183658685,-0.04366900944975852,0.5870931549303768,-0.20534836157979713,0.04413095266908921,0.09523617967353772,0.3147842597288193,-0.3766908900405693
227,0.030402897939585227,-0.039193969597156285,0.4621482321750175,0.19511694974181593,0.15739792917186712,-0.04366182453136264,0.5748207680731622,-0.20994855191782225,0.048051285207423536,0.0952468226733258,0.3013378827575193,-0.37655873464366346
228,0.030521574758620707,-0.038774762623664555,0.43880136898946265,0.19557822753550214,0.15707754108894312,-0.04369889034083569,0.5433827686007623,-0.2094866503600904,0.047588235440776,0.0952047185004095,0.2858286436464963,-0.3766461584020805
229,0.030353305016487128,-0.041368937201685954,0.42653072315670804,0.20036043943911175,0.15738861152484485,-0.0435426142546906,0.5235535440441794,-0.209632050171928,0.04730202179167213,0.09533875701708842,0.28799578085454086,-0.3766185905781925
230,0.03500360618720368,-0.04393453700961536,0.38847803790191465,0.20500841995294616,0.15645839492097802,-0.04408808575250569,0.5105610497301761,-0.2096351032965247,0.05060322021649546,0.09508164090510457,0.2687936332856029,-0.37661824165111635
231,0.03467611373446861,-0.04302147670009934,0.3734367644209551,0.21146220897659712,0.1621056456221748,-0.03967818972485954,0.4854428949561692,-0.20947833202678218,0.05600623029091962,0.09973208181084005,0.26031739955980404,-0.3766470473422812
232,0.03481439174612091,-0.04753454260359156,0.35700824699607414,0.21988393201761472,0.16954567916082353,-0.03931970131780724,0.4825915380473634,-0.20996723358164562,0.056266988550186955,0.09955144443048942,0.24653378065478807,-0.3765570760830247
233,0.0347821091902017,-0.047807882348722124,0.35064393228285407,0.22409677914752701,0.1735799233320164,-0.03914327413626011,0.46377372592948507,-0.2053131639982238,0.05628307519329729,0.09905305325870384,0.23572366677751266,-0.3766865200206726
234,0.034750965267374034,-0.04774259847202909,0.3302122670703052,0.2296978302172184,0.1832839019079617,-0.040411537059854626,0.43790398839953215,-0.20498066790172081,0.05634915327569163,0.10318591665010088,0.21837175822465507,-0.3717585172662627
235,0.03489925909460108,-0.04867660834261696,0.3183566295383978,0.23029310318792062,0.18329330011295136,-0.04420939320722649,0.4170961167170243,-0.20042915141694145,0.05585962225202814,0.11176239179332653,0.21400610678793483,-0.3675503400962171
236,0.03447655462718501,-0.054411434206335874,0.2995403214253031,0.2347213410324215,0.1834580375919364,-0.04321994215678709,0.40187089596646774,-0.20103443858065198,0.05887031254787382,0.11235329149403264,0.19996647174111615,-0.36875087999353584
237,0.03907546363379836,-0.05681715170673574,0.29409804325402944,0.2396281386769995,0.18359438629082567,-0.04637612128817755,0.391923528747292,-0.20071592339020367,0.06034581286951643,0.11620423016694043,0.19151270522901603,-0.3635701267123874
238,0.03905868357663898,-0.05647138726257982,0.2795384774760025,0.24459365543688633,0.19628247813923,-0.05190755440293345,0.3745234299152834,-0.20137586025396462,0.0645525196940562,0.12123698429009815,0.18647951491713496,-0.3588486741181657
239,0.039217911555148546,-0.056504585492113894,0.2695430685076496,0.24938321871527375,0.2093598002027408,-0.052459303178756016,0.3530256695753819,-0.197299452477237,0.06463685524610246,0.12115252164415619,0.1863950899654337,-0.35675849424626976
240,0.03878364868693615,-0.056562636586463697,0.2655668709988488,0.2548744603527264,0.20960714336998967,-0.0527118261689167,0.347796475754808,-0.19659314141279707,0.07856655517495388,0.12123503211704934,0.17199098521039802,-0.3469224285768389
241,0.041238690086643257,-0.05672166726949345,0.25739774552637235,0.256316398226686,0.20960696749212263,-0.05701687956910135,0.3370046151442515,-0.1919675123569209,0.07758975557571454,0.12120556004510179,0.16360968697832942,-0.34641998343708724
242,0.043837995525160954,-0.06124692430732115,0.24092289905946535,0.2600073386547835,0.2096069868728748,-0.05773843968844464,0.3218299832676294,-0.18749111865863533,0.0780489509748026,0.12121412573359336,0.15708617627774646,-0.34475284180729066
243,0.04341316014107335,-0.060702346021216304,0.23501147950918796,0.26094487305037245,0.20960698704672617,-0.06386201069318083,0.3032303536787858,-0.18817532039850657,0.07778020692454983,0.12120998393703909,0.1496509045337359,-0.3307768284829837
244,0.0434866657464587,-0.061122168447141384,0.23022472937160451,0.26086325569050506,0.2096069929118168,-0.06528337373212019,0.2836200847111016,-0.18573978286550097,0.07839664744339224,0.12121747717251576,0.1395871734760777,-0.3293260916784066
245,0.043478149582224714,-0.05992923864760923,0.2242795826587318,0.26112318338519447,0.20960695130593038,-0.06891919068121183,0.2824684559824769,-0.18384577681424447,0.07448102155897636,0.12120560860110347,0.1265780260600532,-0.32643580473641
246,0.0434773277001509,-0.06733039104317277,0.2082461372451859,0.2588272221413619,0.20960715144140818,-0.06997100541385722,0.2683271516015,-0.17748194298690245,0.07351850549907415,0.12115404332614647,0.12568192925945254,-0.3247852079347075
247,0.04348313599183846,-0.06982839167484409,0.1974294914870784,0.2493005733031973,0.20960633899252187,-0.06987932106201827,0.26476741007080096,-0.17093190761897067,0.07360751667146131,0.12186204803924754,0.12115060233515634,-0.3211320770678854
248,0.04345141576008343,-0.06957444192569456,0.1931966525087231,0.2481683624778642,0.20960908902415593,-0.06972250532215069,0.259577389295525,-0.1660398398932153,0.07306436271751608,0.12720690496851922,0.12097611125673198,-0.31631318431758976
249,0.04360359702093179,-0.06986827333317863,0.18870414537873975,0.24446804051390733,0.20960246072264999,-0.07099413915238789,0.25425399929293957,-0.16597920167256405,0.06874150606813516,0.13188961900321858,0.11463120087640384,-0.30710852739227246
250,0.04297579250817598,-0.07429342103188119,0.17959788095551932,0.24400006636737906,0.20960168349181008,-0.07480609804029008,0.2507063637548956,-0.16602575552068624,0.06977892963812733,0.13727070722962464,0.10413869008521845,-0.3060445166802697
251,0.047009751722492825,-0.07394107870178085,0.17412693564687284,0.23505116193636647,0.20974386620354674,-0.07366578816717045,0.23200320868967847,-0.16506868819343232,0.06675803019846842,0.13875245897165445,0.09694018732317118,-0.2966151376718378
252,0.04766178995707393,-0.07320375197230726,0.16409362683767786,0.2349810324972134,0.2085185760948123,-0.0774190417733613,0.22684655105677237,-0.15726522980241683,0.06466835013575585,0.13839988712999438,0.091924946207076,-0.29194506726776503
253,0.052187780794534865,-0.078933351122799,0.15141721884623843,0.23383629566851397,0.20476557271298976,-0.07875648806642334,0.2217429242274167,-0.14944109940320507,0.06493514857677436,0.14311070793911734,0.09080550993997502,-0.2901926363455907
254,0.0521169533113926,-0.08646402349183242,0.1510578831179437,0.23048904977360032,0.20537831518702826,-0.07859312396473135,0.21614061601172108,-0.1482317241198943,0.06497643154230628,0.15209250878716968,0.09088760403195228,-0.28669298971238466
255,0.052013226611561436,-0.08700876793637458,0.14772791369176652,0.22714143963785316,0.2051169410186191,-0.07858109509772757,0.20250998399135006,-0.1487474267174153,0.05975553615900276,0.15130351658266325,0.09058980246895205,-0.28555197701660895
256,0.05348575748996801,-0.08695644832276876,0.14522542819419745,0.21586113473865676,0.20555389822161352,-0.07877560400086733,0.19562679825874135,-0.1440575525888644,0.051501987812388274,0.15158574430416416,0.08638169934415542,-0.2856426828815459
257,0.05874276913738542,-0.08695403823701678,0.14350805541074035,0.2096182707692528,0.20125024217467496,-0.07737079348079175,0.19656894214281828,-0.14372633379452388,0.05044987268043345,0.1514443040885923,0.08526213864612155,-0.2743634033003289
258,0.06398963165327848,-0.08695754096125467,0.14004406677629808,0.2049697627318478,0.19625516841837212,-0.07206154330313609,0.19672146960418327,-0.13859939929316015,0.04829713515081074,0.15172738403537503,0.08165782547528716,-0.257469723336835
259,0.06539426643145757,-0.08695622218974479,0.13482698176768126,0.19998612431119497,0.19195196824548888,-0.06679003924836853,0.19210590146369594,-0.13187990808939548,0.03977515889151075,0.1483976324561247,0.08285242222772059,-0.2526431451887384
260,0.06519591436258829,-0.08695659527248221,0.13459269059479023,0.19982053634819072,0.19147107566849067,-0.06524645506748336,0.1867117636958969,-0.12333328704943775,0.030314467759596658,0.1386714022386155,0.07865932370274552,-0.24091976339936877
261,0.06521577823898367,-0.08695650614711697,0.12919882424467563,0.19326326696179655,0.18430184436215238,-0.06568856019122994,0.17741724113337418,-0.12249146170540702,0.03068748764923062,0.13870300285007817,0.07808752070413433,-0.2381827655047088
262,0.06525245446217796,-0.08695652514386452,0.12565760442263782,0.18512201164104614,0.17370012238551363,-0.060956786071504586,0.17301827957505853,-0.11880208118757274,0.021384523245079466,0.13783442563006254,0.07353035147399985,-0.23427472914912667
263,0.06496415925781993,-0.08695651974672805,0.12662390609845628,0.17816433958787778,0.1670776941104642,-0.05668064754995329,0.1680685701872606,-0.11376622512668706,0.017321909219680923,0.1320527973119307,0.07312151287293228,-0.23394598034288036
264,0.06686154860181963,-0.08695651923322649,0.12324277103599197,0.1702479235875321,0.16236975921165764,-0.055612645092823904,0.16257566632623419,-0.10912812625099856,0.016126342012199615,0.130313763076374,0.0687742296140813,-0.22457916638415085
265,0.06999032286329133,-0.08695657760918699,0.12184464321847632,0.1696970621424063,0.15746934194474385,-0.05231209061189222,0.16173056929889956,-0.10787004405046345,0.012963008174204158,0.12461004745388259,0.06942922564879832,-0.2186962089116305
266,0.06947441036749497,-0.08695612415163237,0.1180947537217043,0.16571819427917692,0.1527429042680132,-0.04998082907560411,0.1575734794145963,-0.09788274234347062,0.010341755691530114,0.11727419430278074,0.06909260635264372,-0.20286829009799773
267,0.06958835018752535,-0.08695862667838401,0.11309451949606268,0.1559543540192979,0.1523361285580579,-0.047764668491210485,0.15255611909489686,-0.09661668064568503,0.009278182705322251,0.11684406482020011,0.0697843210365373,-0.18952973805395099
268,0.06954627301306754,-0.08694719436279086,0.10858666342743098,0.14674003158820595,0.14687694095684448,-0.04798135532668657,0.1481786557559945,-0.09100089715864251,0.0011287309592625154,0.11686159944396263,0.06532935285153613,-0.18608192159097905
269,0.06954120929700258,-0.08699168628420922,0.10786718553325456,0.14209244827453096,0.14224267322312453,-0.04812475470976083,0.14855087633035718,-0.08342504878335467,6.456360688744667e-06,0.1171702487035236,0.06507962359367639,-0.18294844983490258
270,0.0701337106635528,-0.08685052329226668,0.10389527062454372,0.1375546212164314,0.13669362596691478,-0.043518155536818794,0.14854946525306512,-0.08293777746658947,-0.0049570705708137175,0.11469062307572717,0.055797789526809013,-0.17844222780157334
271,0.07409120853416719,-0.08713124398684043,0.10426935015645329,0.12962058244570124,0.13552147077651583,-0.0429254524726437,0.14716557104571074,-0.08297778851221367,-0.008549468374243203,0.10537109477983414,0.05651918616243936,-0.16431086977687245
272,0.07549279642634746,-0.08250010062868059,0.10513314121163765,0.12280754564840025,0.1318021672428506,-0.03868781733154861,0.13440936753577576,-0.0825896066612334,-0.011315854346308185,0.1038366847604156,0.0561157185156163,-0.15392233545734244
273,0.07870809534499218,-0.0821111999996562,0.09792068603491691,0.11783474893395436,0.12677389317730922,-0.03994422553973139,0.12701853034603786,-0.0770737776676759,-0.019939026006290703,0.10189505298948986,0.0567303329512917,-0.14169839390152103
274,0.07816940646562807,-0.0771019695892649,0.09149045274218362,0.11738392687705283,0.12215116272423462,-0.03608978956054913,0.12239444490751021,-0.07381374663314391,-0.024670795439928873,0.08815001747482458,0.05342184603978627,-0.14308664037464125
275,0.07827587716773438,-0.06979048183000969,0.09130738563211666,0.11162605262193724,0.12168251949144336,-0.035724654497660824,0.11781013542040655,-0.07467187989621366,-0.026092889918074895,0.08228179224055894,0.05173600206483463,-0.14323178137659598
276,0.07825939610555666,-0.06442366892476725,0.0912696526626551,0.09165102074633985,0.11622172863644274,-0.02324837540140167,0.11710346352857481,-0.07150230263908645,-0.029283772572310757,0.07738551217557811,0.05196979239943248,-0.13980493910992198
277,0.07826071139908813,-0.06567994055353986,0.09150216083691907,0.08017173586355976,0.11145393862253758,-0.013009094605449033,0.11296556742252886,-0.06620623824795868,-0.04350565616481996,0.07216787840262874,0.051949869143119505,-0.1383277390115687
278,0.07826105769186277,-0.06175441189923856,0.0899761163354917,0.07795598346068505,0.10648929912371499,-0.012767492208974425,0.11401630409957741,-0.06146046510173662,-0.04391023467470478,0.06963548212505175,0.0519463056174725,-0.13858184509322308
279,0.07826044748836503,-0.05659990394371624,0.08462392559402139,0.07871529348341773,0.10156857071370526,-0.0070376309830129805,0.11097953347971762,-0.05159836137629002,-0.05537197986344774,0.06466819219607342,0.0519486738651283,-0.13337759467735313
280,0.07826283792938303,-0.0565647553358529,0.07980073501270431,0.07495805964731554,0.09664842462198678,-0.004068977659722937,0.1058970431757583,-0.042489370724299355,-0.060935088200889956,0.06024008901190708,0.05194788257304664,-0.1187415163050955
281,0.07825225166241749,-0.05650032113106785,0.07498124573771772,0.07029583783070309,0.09171642808513547,-0.004309234752986964,0.1006539379615847,-0.037616820354054614,-0.06264810340923145,0.057648835447756355,0.051948090583357524,-0.11091855268729367
282,0.07829336191875566,-0.056529633017879596,0.0698347033290649,0.060754174855989704,0.08668526502254714,-0.004832218337111589,0.10038683931223147,-0.03457928940599259,-0.06799020056610497,0.048330496882082054,0.051948044667560804,-0.10578203008495238
283,0.0781618660172036,-0.056514047545888305,0.06959604145781788,0.06058841872178244,0.0827943807870702,-0.0004811051540284184,0.09532523529354608,-0.03492579753186545,-0.07311530380837028,0.038804607910026226,0.05194805288541091,-0.1039677882444681
284,0.07843543204186829,-0.05654668447076334,0.06912867621721597,0.05512874262122092,0.08192118897779015,-4.1626767578138105e-05,0.09018474972272418,-0.03522651686940017,-0.07363197507659484,0.037879174852343316,0.05194805197132096,-0.10091012060381094
285,0.07376924656932349,-0.05643726858323785,0.06391686277910244,0.05025953737235591,0.07559026307376117,0.004792151391953712,0.0873044133016979,-0.031256394954961846,-0.07399968324039904,0.027936738475472327,0.051948053029109695,-0.09573183193619646
286,0.0741671599970268,-0.05673217420038329,0.059075623081054,0.04595033968274793,0.07526858203912849,0.010807757604464851,0.08516172082731285,-0.026185322464347488,-0.0778667786741176,0.02607854318406913,0.051948041732614365,-0.0908578932323421
287,0.07269699940925707,-0.05220046719909995,0.05438007731729897,0.03709857447559634,0.06422684681864597,0.018419594764142618,0.08052531532781243,-0.025871787191767425,-0.08094906060659053,0.023817867920976746,0.05194811172147514,-0.08607507962750369
288,0.0690341804227453,-0.04763484336629671,0.04855425341042083,0.0343121479571542,0.056788289751323696,0.016782051922726877,0.07085356488553392,-0.02051144804435418,-0.08700248172232795,0.017959310555484997,0.051947770713439964,-0.08006325510008364
289,0.07000755608560257,-0.047842417144948336,0.048833328071075724,0.035040287594874764,0.05672602008994578,0.020541844724676087,0.07006886524452775,-0.015690206868663764,-0.08939824746421549,0.017459699258542283,0.051949165758439754,-0.07097485298569302
290,0.06689486180243154,-0.04817839189426495,0.03557283078383561,0.025525868189353918,0.05157005840943377,0.021630900642468788,0.06080357516164017,-0.010812254343157605,-0.0907472232890522,0.012952112558312833,0.05194448285751523,-0.06941702504307239
291,0.06136840958899022,-0.04550682903208232,0.03488054434269238,0.02093641248342507,0.04773109696611887,0.025893812066515153,0.06054031522947202,-0.00544398104736197,-0.0949268745449148,0.007941742262853255,0.051955130542868995,-0.06658559849172574
292,0.060832767285843414,-0.043517554626947404,0.0346352785278087,0.015947672068486917,0.04802686736893908,0.026176245948207187,0.05656905404971133,-0.004155951188007625,-0.09520658374602894,0.004177553204480466,0.05196352840325722,-0.061496108016536676
293,0.06086113811836994,-0.04033246310725751,0.03529818975050847,0.010614275949906606,0.04846050341597847,0.026110939046191894,0.054785495949459515,-0.004484345499998891,-0.09526808172816885,0.003025475305223978,0.051650594267823084,-0.05637839891945528
294,0.06087477085606066,-0.0352696124162975,0.03156402374919385,0.008622840332535431,0.04505656767206792,0.02712212002207603,0.05234016725509763,0.00040460864710385687,-0.09520790531115163,-0.0025047068711999323,0.04474045362992675,-0.05607427849049296
295,0.060867792769790104,-0.03039850832869331,0.022853437458349075,0.006264332497218314,0.04339775556185645,0.03292138832659782,0.04957189326940683,0.004702390204311142,-0.09534766100382343,-0.0071211294599320156,0.038168162897070125,-0.05168260376979198
296,0.06087018373492639,-0.029982765888486203,0.02150323720021797,-0.0035580154007252376,0.0438293466023692,0.035230882805246166,0.04394244111937647,0.003951646335033392,-0.09477742553667896,-0.012563157336867359,0.03914303612826936,-0.05103384973281189
297,0.06086881147651875,-0.025545650361558103,0.022048227076290432,-0.004352651367846508,0.03904664738499573,0.03484021553558499,0.04367090740589722,0.006444343996592547,-0.09844482010888003,-0.012893128726053239,0.038918360080138985,-0.04513280659616267
298,0.06087194533418116,-0.026599749078078178,0.017712065115178505,-0.004810310606910063,0.03467720258922881,0.03505126668193134,0.038379215139945445,0.009059748111472376,-0.09972742701583577,-0.017543260598217238,0.03898985333156807,-0.04293915519823284
299,0.06086278765697957,-0.023668238253571127,0.012790466066104305,-0.009110085270194085,0.035029845046094764,0.034861112081623485,0.02778472635151503,0.008793526361515872,-0.09954737478674985,-0.016994286494977466,0.03894470099927269,-0.04364985495772182
300,0.06087865836565559,-0.0214262441625852,0.007691234603850107,-0.008579393792484655,0.03488148041269899,0.039185930485320326,0.021468362343701364,0.008439761343103572,-0.09919928330532,-0.018835309143280122,0.03857739037118287,-0.039656091135946966
301,0.06093365189052706,-0.021816134201220184,0.0042070633294165796,-0.008701648580455528,0.03506398950389335,0.03441865713999235,0.019741131056163104,0.013109841568519562,-0.09482394483680678,-0.021757979453746423,0.0343981154121524,-0.03462241673442715
302,0.060130918439035626,-0.021685350837287586,0.0029557939616023108,-0.008780787057232788,0.034474637431341104,0.03499223812772802,0.01697871446768706,0.01351714026481768,-0.09535716091738061,-0.023890470575049817,0.033461966843733044,-0.03468963766584358
303,0.05610573147004649,-0.021551746440734352,-0.0029573430729353473,-0.008410527210632075,0.038645132159593754,0.03537232348794547,0.017921722779996787,0.017682388082825663,-0.09523249769254978,-0.029556078407421027,0.02805507993034586,-0.034610390030388204
304,0.056415209954477206,-0.017200705845376946,-0.0045577780024510595,-0.01258400585331815,0.03934803116859214,0.03188472959208843,0.013352701604313318,0.0190202430470639,-0.09514622559738099,-0.030550135569886866,0.022825390944159488,-0.034631464040098904
305,0.057458633499538746,-0.016263394305221418,-0.0042967703455943675,-0.017477581368959463,0.039318287843330135,0.030761143698125656,0.013121389673031053,0.022284337965828092,-0.09554805208661252,-0.02584124620811469,0.021502812239288877,-0.03466283059219653
306,0.04996393948640479,-0.012580356293534326,-0.004376317764936317,-0.017365582939516924,0.03924152703869462,0.02649056814302378,0.013250821334157756,0.021743881647194607,-0.09133640266431485,-0.021400129765329522,0.021620911702484324,-0.03450900187149484
307,0.0478645243439358,-0.01303161790984942,-0.004567455821026827,-0.017122871962037642,0.03963544693093536,0.02623598306416976,0.011797366073548903,0.02184807769625392,-0.0863797663281876,-0.02175409542546178,0.021542501624780063,-0.03500432332515366
308,0.04360442374432519,-0.013472684524991877,-0.00950437161432609,-0.019260800504338788,0.03764875026355116,0.026173167566932207,0.008704491219956367,0.021832963904210034,-0.08144657227853526,-0.021515579955579917,0.016323734197774747,-0.030500209696471214
309,0.04354222458050583,-0.009285347851456517,-0.015758767769683123,-0.0221319395789923,0.04975651356466499,0.026211890730199604,0.006144499245052882,0.02183381296169688,-0.07664163899228758,-0.02211002116336218,0.01265506300948789,-0.030347653242185968
310,0.04344603532529111,-0.008663980613534862,-0.02454017950882202,-0.02166440608355113,0.057856500227345016,0.026190490245568004,0.004553977800710376,0.021834212237307426,-0.07122209136733125,-0.01849261202420157,0.013070125343651153,-0.030272272744273396
311,0.04348849365843454,-0.008680484606008008,-0.02629259367783969,-0.02174970736973682,0.0566151918197946,0.026234922432165495,0.0005159300125677849,0.021834011579259058,-0.06941707692426533,-0.017167341564382495,0.01299318719548318,-0.03033596551278964
312,0.04347560128552714,-0.008704321624296268,-0.026013957689842302,-0.021738637006839916,0.05677542446743185,0.02608169541459157,6.418394776178116e-05,0.021834073471687605,-0.0661102818108564,-0.01732177649791614,0.012897373295645711,-0.030181125377252472
313,0.043478853402871484,-0.008686971273651856,-0.02618994433895706,-0.021738815484765698,0.05676889283106683,0.026513835209266694,-0.004530543733561287,0.02183406096676339,-0.06471244805414156,-0.017303758470660274,0.013231903002836927,-0.03080270641325172
314,0.04347815017806667,-0.00872668352023908,-0.026004911609104717,-0.02173928239610249,0.056807142014117996,0.021880047969479698,-0.005084367218126312,0.02183405233088956,-0.06498116576974738,-0.017473109921451624,0.008736858709920303,-0.02687147270210348
315,0.0434782761678973,-0.00857006094156117,-0.030494832734644133,-0.02173907663662357,0.05652608551415478,0.021918931454092454,-0.009330914442771242,0.021834084243423584,-0.06034896464591961,-0.016156093551635737,0.003833620332891897,-0.02614460739331218
316,0.04347826026982818,-0.009129448141514635,-0.03200311277410243,-0.021739176702542884,0.058422294035867385,0.021678551589861098,-0.008171092761969655,0.021834059819712547,-0.060733540023471005,-0.01036701979868095,-0.0010890943722975464,-0.021649767583539512
317,0.04347826036338026,-0.004809635813792561,-0.040074220380413944,-0.021738988461596376,0.06424092295433421,0.02255713417531981,-0.01157714429191505,0.02183358452185623,-0.06047698936409611,-0.008411494085212981,-0.006026372127199914,-0.02173451028862688
318,0.043478261113324215,-0.004341223596705529,-0.03899766918732953,-0.02173959549379272,0.06568336432073066,0.017302827013799395,-0.013325329034902775,0.021837902902816057,-0.061060160341593395,-0.00869838497097559,-0.010755492601925064,-0.0215455848119162
319,0.04347826075089923,-0.004328751966422296,-0.03871600507421442,-0.02173807513864554,0.06547886671680866,0.012319747436503256,-0.01307340584245314,0.02181268012648516,-0.05766112911134647,-0.008655048617698089,-0.016392787641063764,-0.022023737660405145
320,0.04347826110622239,-0.004355934599711617,-0.042469280809184995,-0.021738357248605292,0.06550246780340314,0.013598685500374416,-0.013098574917744826,0.02193154240349097,-0.05610947364370267,-0.00865995228939121,-0.016797059859152762,-0.01931528627204313
321,0.04347825997192489,-0.004345409841042533,-0.043598671275586906,-0.02176749961675057,0.0655031954737957,0.008974819370595084,-0.013137638976039414,0.021459304101309508,-0.0562437309996673,-0.00861655211199207,-0.02527164136195926,-0.017036383824057654
322,0.04347826395871134,-0.004348424647878484,-0.04347647283158899,-0.021527676552925718,0.06550175482048974,0.008768411359018723,-0.012834306312929356,0.02518348079144032,-0.0561192164711923,-0.008944562107307477,-0.030360046467777846,-0.017256893763823743
323,0.043478252950251914,-0.00434769978318436,-0.043473148392195377,-0.02318218321150317,0.06550231414232542,0.008708533739128355,-0.014836528187004514,0.030231256247821227,-0.05158565685017284,-0.006796670875678062,-0.03030503353280998,-0.017496362905191503
324,0.04347826450283167,-0.004347847747539884,-0.043480444001743807,-0.028437411262139733,0.0655021368782616,0.008742051487393215,-0.017848408539787742,0.035053566907825164,-0.05207130623690989,-0.0038294734778532066,-0.03001676660987942,-0.012884339334074981
325,0.043478394541612606,-0.004347823674094412,-0.04347760667112344,-0.03371446984793875,0.06550224925278657,0.008731924423518694,-0.0175088020439992,0.034905487741148565,-0.05191529153491351,-0.004811244221314128,-0.032232806263988896,-0.012395796859718259
326,0.043477114249548414,-0.004347825971252023,-0.0434784242658351,-0.034917970067775056,0.06550198746008462,0.008731716458013869,-0.01710799636055953,0.03462953469229277,-0.051955367398945296,-0.0005841324649123638,-0.03500882259729434,-0.008165326518551508
327,0.04348485293636742,-0.004347826316393655,-0.04347822573547771,-0.03478273699592195,0.06550262150375624,0.008742043767133457,-0.021639580742868494,0.03701764627719473,-0.05194670744228114,5.459749914736479e-05,-0.03457081301473238,-0.008787829845834977
328,0.04344717742611226,-0.004347825524646902,-0.04347826779277696,-0.03483559219051005,0.06550251158358025,0.00871170618676359,-0.021789085867610077,0.039212295826699745,-0.051948226883086715,-0.0045723699573847094,-0.03461928180427439,-0.008629342789629029
329,0.043603863995371084,-0.004347828796228466,-0.04347825827717202,-0.034070119165643446,0.06549043046303568,0.008741206606870179,-0.021861801918267858,0.04254453200682458,-0.051948049249964934,-0.0042237672099778205,-0.034639439107659396,-0.008662678397980838
330,0.04305264673356249,-0.004347814034700919,-0.04347826014062066,-0.02997187937000925,0.06558978557259894,0.009141875362395807,-0.021821859110210753,0.04380724169021961,-0.05194805527809642,-0.004359978249758673,-0.035038381495749574,-0.00865886301422319
331,0.047401328217257774,-0.004347872002271508,-0.04347830530804451,-0.030556410236846028,0.06502782117096549,0.013529622380412908,-0.021852468422637515,0.04366482353414866,-0.05194796653158805,-0.004322214376659137,-0.039369846612906066,-0.008657600661228039
332,0.04782727290020121,-0.004347685106972504,-0.04347791925454074,-0.03040774209780225,0.0682929633521002,0.01297435447361331,-0.02176617308644415,0.043553716992876995,-0.05194855095964555,-0.004327528998663975,-0.03893105270770957,-0.008629154612628715
333,0.047845740021493555,-0.00434807645596106,-0.04348013871239787,-0.030439745576687424,0.06720414077609631,0.013130978460843538,-0.022070537085583118,0.04464805583074145,-0.05194575220207737,-0.004338094246318789,-0.03855401955844284,-0.008897787593914304
334,0.04781794222995804,-0.0043486531088708456,-0.04346968273230485,-0.030434157692477346,0.06525177272394782,0.013094226829594985,-0.02122314552589919,0.04850529216111256,-0.05195695820946557,-0.004312812022635446,-0.041882301510235136,-0.007049207360979818
335,0.04782851259694639,-0.004335966764341797,-0.0435118008970364,-0.03043478313137364,0.06552654474602687,0.013101425438019641,-0.030495196503658364,0.04791865180130835,-0.05192052194747633,-0.004267994941759229,-0.043587384418706354,-0.0039061674523947
336,0.047825443113029886,-0.00442637762521914,-0.04337025927169031,-0.030434279632078353,0.06550484212848039,0.013100351706990483,-0.0304261603628304,0.048067262749897505,-0.05199596854180891,-0.005192644005715108,-0.04308876036918587,-0.0044176968800801915
337,0.04782638816231762,-0.00394683052863304,-0.04370691806373288,-0.030439273948543583,0.0654999433936657,0.013100422042767111,-0.030628559642950862,0.04800296742314102,-0.05212668233158518,-0.007835193305926587,-0.04774018788165507,-0.004307211762496586
338,0.04782548926683504,-0.006876902674478275,-0.039057009752883246,-0.030409126996119303,0.0655029769538076,0.013100446520224168,-0.030549571094307486,0.04808589768780478,-0.05664406681522408,-0.0036462614573720565,-0.04786022232601703,-0.004344518875487216
339,0.04782742372834418,-0.008979633458345841,-0.03921366093525648,-0.030554046169476514,0.06550196467364121,0.013100433371144232,-0.030572141660602122,0.04820373616680265,-0.0561539838460768,-0.004920620855163428,-0.0550027265344888,-0.004376600817031522
340,0.04782664872582316,-0.008654006441534566,-0.03911767199628232,-0.02996512985374483,0.06550223535860908,0.013100437608111814,-0.030566758090469732,0.0527417107203858,-0.056309522355611936,-0.0009905444058757194,-0.061498928177352044,-0.0036188768042273597
341,0.04779395461776818,-0.008698111422794102,-0.03903789349798259,-0.03396464037598096,0.06550216996614655,0.013100436248507373,-0.030567840381222,0.05244072623604361,-0.05626981177174804,0.00011270334899638975,-0.059935815024581555,0.00015089928896930765
342,0.04807251872111339,-0.008696322892389058,-0.03958158756149559,-0.03484600763332679,0.06550219486372395,0.013100437554162863,-0.030567669484304512,0.051610771340054845,-0.05627853850374952,3.070920459729283e-07,-0.06404754830320068,0.001836667620387623
343,0.04621416648424875,-0.00869889521846361,-0.03612421961642968,-0.03476063835151492,0.06550216800710235,0.013100434563207804,-0.030567683414020597,0.057654537935927716,-0.056276453562169974,-5.497384519770892e-06,-0.06475775341100104,0.004611414921867757
344,0.04305014046982393,-0.008672697744098817,-0.03459354352682899,-0.03535196665178628,0.06550210582522946,0.013100437031706002,-0.030567701983714633,0.061665069182879215,-0.05627712983064125,2.5352426516189622e-06,-0.06924985303370998,0.004693797638137059
345,0.043567971943637485,-0.008808458988083955,-0.03479686612534112,-0.03965887728595126,0.06550312310953152,0.013100478364970925,-0.030567580133306033,0.06106515703962062,-0.056285655629007905,-2.562285943343194e-06,-0.06918410658286842,0.0005073126279097509
346,0.04346307529802962,-0.008227793804906198,-0.0347750027924977,-0.0386183434304213,0.06549618716629477,0.013100095922125942,-0.030568233402025687,0.0611369474901542,-0.05620681496814845,8.893086450745997e-06,-0.06929693844672198,-1.1080266422249397e-05
347,0.04347963776236511,-0.012010978646005982,-0.034937180259906365,-0.041623816698176296,0.06553221422954167,0.013102342094506444,-0.030565297925484743,0.06113809062791329,-0.056669806563115856,-3.317183753788616e-05,-0.06925499546105778,-1.918155521753422e-05
348,0.04347801563895628,-0.013168122845392146,-0.03360760439092847,-0.043877365148862486,0.06537464013018812,0.013091734299414215,-0.030576461102304223,0.0611342813599366,-0.05383871867327855,9.83959753322892e-05,-0.06926401962361386,8.251820800425938e-06
349,0.04348751041010164,-0.013040875196047746,-0.029971315128365247,-0.043104382966492244,0.06596098401281789,0.013133878966064126,-0.030542707372322765,0.061135221000783196,-0.05209489410894168,-0.00014179894227838471,-0.06927265823671733,-2.3232358785432026e-06
350,0.04340975503878036,-0.013037984670878742,-0.03054295899445434,-0.04768422924690148,0.0616807189740247,0.012998380869438409,-0.03059739936161802,0.06113760166811389,-0.048393114509827154,0.00450950308085427,-0.06923651176479996,-1.1956126026194744e-08
351,0.04384717479708952,-0.013050022514870672,-0.030413516339361926,-0.04761917315510288,0.06113224925064877,0.013268986344726237,-0.030846512893078392,0.06112633074590154,-0.047559024735840665,0.0042809392259482194,-0.06930969636345072,2.271063990391244e-06
352,0.04117429391341761,-0.013017736589377526,-0.030437596866810263,-0.04950991488385631,0.06141401176345125,0.008573699660287756,-0.035332458636265954,0.06116392021723659,-0.047606920236648656,0.004014710258181656,-0.06946495005441795,-7.5280497638546714e-06
353,0.03874409366017236,-0.013161074396934093,-0.030435315374684368,-0.05711657734941966,0.06589798331968295,0.008834511494179218,-0.03480893989664224,0.06108149188886944,-0.04762581316505987,0.006502495418978226,-0.07391796370219361,1.4242107211659028e-05
354,0.039381147492467454,-0.012575053286367502,-0.0304385089859207,-0.05836702096349544,0.06543801401927374,0.008700251755414756,-0.03496665701874898,0.06098834737605666,-0.04762249100325822,0.008549838356615377,-0.07378086568409196,3.8733575825781476e-05
355,0.038725928745719035,-0.01650150980743848,-0.03038797597195603,-0.06127925116499208,0.0652270302582075,0.00874235671814849,-0.034927363304737315,0.056423464071202106,-0.04758984349965673,0.011991811650162857,-0.07163501622096154,-0.0006370158849512275
356,0.04805811899566628,-0.01748580483172147,-0.030735450389897324,-0.06080262445849418,0.06772902242106942,0.008731702512744396,-0.03493632366519138,0.05681208543767626,-0.04774372893150318,0.01309267172549522,-0.06888734089730797,-0.004782988187444369
357,0.05329205904824024,-0.017394834681495643,-0.028534397533877074,-0.06086396304081269,0.07351915017033125,0.00873397073728166,-0.03493293836063215,0.05714259669304732,-0.0471870945060853,0.012990863315988989,-0.06933194268043466,-0.004214568088833468
358,0.06291316234632538,-0.017385313596957563,-0.025695566214157996,-0.06086570873526888,0.07419132490135545,0.0087335812864542,-0.034934107344787274,0.05418114530647546,-0.051506975123218876,0.012983090802750787,-0.06925561580656005,-0.004323179817284789
359,0.0768496724071934,-0.017393927879279188,-0.02616455317894518,-0.06121489589322767,0.07850689019292612,0.008733624394150753,-0.03496719966160049,0.052120794734639334,-0.05194747010639753,0.012970106970832921,-0.06926405773536738,-0.004443273781099655
360,0.090670255008582,-0.017388728851108017,-0.026069318778082457,-0.06666389851013484,0.08771224388676686,0.008733627399001952,-0.03468060927932403,0.052462926072504065,-0.05825394869405072,0.013089948324973046,-0.06926447476416597,-0.004011213572511375
361,0.09320223671812596,-0.01740013981522074,-0.026095688941516065,-0.07000770087039399,0.08782437611041545,0.008733616635547921,-0.03661022359982513,0.05238484408981227,-0.0762534662629431,0.012529515540462189,-0.06926390595532515,-0.00859988480859602
362,0.10585076742865732,-0.017358014423898394,-0.026156432897894755,-0.06902948407576331,0.09381423811720457,0.008733663353734258,-0.03972171735027023,0.05201360545561984,-0.07800542967510204,0.016111160094209282,-0.0692641163765146,-0.008616426190178234
363,0.117129868748321,-0.01749434000660719,-0.02532443044560809,-0.07259269089634683,0.096151082161315,0.008733449112861396,-0.0392168374249499,0.04779940510854069,-0.0925095263196303,0.017471699562637825,-0.06926405779516599,-0.008460773540545086
364,0.12248446036449097,-0.01720210450368791,-0.021275049320768482,-0.07407125519956638,0.09799249670909524,0.008734292876944412,-0.039312861950648474,0.04686187327522307,-0.09898161245833643,0.017307791298162234,-0.06926407239050257,-0.010194487950940245
365,0.1455147033249882,-0.021865292431711862,-0.021860295215852883,-0.07394383082301485,0.1073115370602335,0.008731611567094334,-0.03930359613610073,0.04140894251411609,-0.11360075689647851,0.017311753941113027,-0.06926406627121667,-0.013416309828527602
366,0.1495806930882373,-0.02163201375466391,-0.021712074602727872,-0.07408120950570544,0.1130154232601605,0.008736760433111493,-0.03931367350645816,0.03614499048571477,-0.12112781153459641,0.017318392631323634,-0.0692640734114614,-0.012906326970765112
367,0.172686699101709,-0.021858563868691505,-0.021744189877306447,-0.07867174363301166,0.12244980071303355,0.008749800296844686,-0.03912819317238821,0.034768925544483784,-0.12594910819009605,0.017313621966051435,-0.06926409052597617,-0.01297323400058694
368,0.19217042046467228,-0.021284552626562068,-0.021738431285738026,-0.07784190259231955,0.13637303521582678,0.008537974991989715,-0.04058049555620039,0.03494690639263775,-0.12996126936080402,0.017324535001309,-0.06926381217115646,-0.01304207937255434
369,0.20927861882038737,-0.024455398192533683,-0.021739157681469726,-0.08018757792839358,0.1505954670557571,0.010143154001471002,-0.04409768823568631,0.03492717799104866,-0.13110605756989044,0.017282507533203255,-0.06926570010888085,-0.013111685904490555
370,0.23316869725799533,-0.025619854602682266,-0.02173915354193332,-0.08311899513884127,0.17536950783683616,0.013304516369427909,-0.043689828476155865,0.0350917461858695,-0.13478096105257653,0.01742483982710785,-0.06925600191444171,-0.0176612301567428
371,0.23442551351632154,-0.033059116386358,-0.02173911967242413,-0.08206192153896344,0.20013023117596263,0.014997639732913935,-0.043241223090847374,0.033719255770627565,-0.13363641183283526,0.01709142320031705,-0.06929754325845103,-0.017200163707376103
372,0.24825606464691613,-0.03918632742634998,-0.021739133761731408,-0.08652181206101246,0.21908334061159015,0.023748854849401126,-0.047500140818609655,0.030107531636214546,-0.13754064385739218,0.021739752678394852,-0.06914932875358275,-0.01731992212133145
373,0.2623479306564824,-0.040036306771232634,-0.021739129585400575,-0.08691381448410554,0.2489033191170392,0.03395472414592153,-0.04805410335213383,0.03066386363347331,-0.13868908643360325,0.021553691128039065,-0.069540555963451,-0.017433537154792438
374,0.31261853576048815,-0.05898863417534727,-0.02173913062454555,-0.09159277459174155,0.2860848592054429,0.03930104112088245,-0.048077456947463265,0.030580335590322787,-0.1385420918111602,0.02167760421976758,-0.06491768069841534,-0.016866279831291287
375,0.3351414984073419,-0.0599150362232789,-0.021739130385365516,-0.09094721049837452,0.31105980874019346,0.040304580977626625,-0.04780379401110429,0.030481890791468198,-0.14364436844689077,0.02163560394689808,-0.06501457658502703,-0.021108889671154738
376,0.3462620391464562,-0.0667134415494371,-0.021739130478922526,-0.09294899807824089,0.33175096907860874,0.05688559528627,-0.04955791341293122,0.030639822854025237,-0.14729799658365963,0.02164961732971281,-0.06490373790796496,-0.02165582858224312
377,0.36132765565110636,-0.07673622314445112,-0.021739130424652097,-0.09564116640326023,0.36155228834611824,0.06688253134009804,-0.05284735990688239,0.025966310401576716,-0.14853657161340686,0.021635314858245516,-0.06494400980948885,-0.02148490897018758
378,0.4037151137651707,-0.08500426952246495,-0.02173912969284579,-0.09841415764350049,0.4537680948509457,0.07889897758328808,-0.052275703800701276,0.026248296927002944,-0.15307896829625578,0.02167011070763995,-0.06493294403968256,-0.023384874579898376
379,0.412326483599346,-0.08694854222523363,-0.02173913658971281,-0.10023361172607251,0.4982434639293948,0.09396663157996635,-0.05252797996646827,0.026540605574251523,-0.14315847075534058,0.021628351882728804,-0.06493548544894334,-0.031337731746672655
380,0.4504350460286194,-0.09122355709586488,-0.02173909553098075,-0.09997498286255717,0.5335561071235411,0.1029485480566699,-0.052161550754068406,0.02388739313564306,-0.12860083559577806,0.021247199713517517,-0.06493500150572148,-0.029602574451658505
381,0.4841039879771009,-0.10234610466013003,-0.021739293310814055,-0.0999989602622219,0.5658372238284153,0.11315154430090713,-0.0568403074296727,0.021951267871467055,-0.10870726303532943,0.01718172821707611,-0.06493506849819855,-0.03333374133404706
382,0.5078274149715221,-0.12284265662475745,-0.02173848003007293,-0.09999092812631039,0.6007373886554963,0.11817837797849297,-0.05668126196866761,0.018406671056886592,-0.10233417100715256,0.01556060749598161,-0.0649350600077681,-0.034439320382598705
383,0.5220539551922331,-0.13743734095415816,-0.02174129167677947,-0.10007756800253918,0.6302317384710613,0.123448977314681,-0.056800368068877845,0.017314700271823896,-0.06970358639391025,0.014596204294507668,-0.06493513556272058,-0.038616757240996065
384,0.5575750538591078,-0.16849078636794354,-0.021734126262074983,-0.09958517184600683,0.6483220090036268,0.12644324699260776,-0.05676159535971861,0.017346786984695682,-0.0625950762509707,0.01964418979987205,-0.06493461874018586,-0.038906940412702
385,0.5542049659103349,-0.17262097312970867,-0.02173685842609488,-0.10256592976171228,0.6581837749006432,0.130222429047969,-0.05676180316204305,0.012916135155659958,-0.0521515348975403,0.0312586988896288,-0.06493725552220309,-0.03956015944379756
386,0.7196324249156268,-0.19845134758787353,-0.021861226594209568,-0.10418748908094762,0.6646898069521611,0.13898077249472218,-0.05680117823245077,0.0120555980584074,-0.041631535761453564,0.04706553720599782,-0.06492604002230455,-0.04380699695261464
387,0.7574796906661999,-0.21602965342651753,-0.02072419221046768,-0.1079977716685567,0.6799485512124197,0.1394724933639372,-0.05667193453653295,0.0081303049804644,-0.03857986815667057,0.05262907298798025,-0.06496569962691377,-0.04277456483946604
388,0.762499718974162,-0.2350679549145697,-0.016948683067173547,-0.10874174129114379,0.7004212860473197,0.1435607505200968,-0.05690358413324474,0.009312078138237218,-0.039006197212528695,0.07107206488794006,-0.0648630692188517,-0.045825348063754
389,0.7869309453454261,-0.26030361450482636,-0.017388051026776666,-0.10871007103994762,0.7097983640326004,0.14856112585655326,-0.05221476138100917,0.005517547431527717,-0.03896208746795497,0.07579922110616626,-0.06490123887821435,-0.04790287743222323
390,0.813752784340401,-0.29640320175736157,-0.017825508856990697,-0.10868670082815582,0.7246518622868034,0.15787614664170183,-0.052505077278648796,0.00422182602986457,-0.03895577062158435,0.09815605109614692,-0.06031071151460307,-0.04755598849425402
391,0.8357087919669391,-0.3227717737334416,-0.013901291401228427,-0.10870440590781132,0.7310378224277773,0.164983488461857,-0.0523715559211587,0.004372033748573758,-0.03898289780184305,0.10873637673777213,-0.06064885311455077,-0.04764419449168389
392,0.8459540797269688,-0.33111633522044437,-0.012901311055834587,-0.10866459182962952,0.7574016978490896,0.176294633184117,-0.052394150621617015,0.004348573714633063,-0.03884746693724501,0.1387648072884726,-0.06097953166996627,-0.04793642166584807
393,0.8623602239390892,-0.37454017061976475,-0.01295377590591917,-0.1088218664043274,0.767801573810151,0.17309576821765824,-0.05246738880530873,0.0045805798547353905,-0.03875954189245447,0.1511192243034563,-0.05808803897040904,-0.05235360652244264
394,0.8715689177338248,-0.39283054625000313,-0.008341564914682907,-0.10826013651531803,0.7906532502520924,0.18359806833911566,-0.05216874434247497,0.002874897189563601,-0.019242808609775692,0.1730230245569699,-0.05643340125193933,-0.05182335292128077
395,0.8951712189941049,-0.43151559076568247,-0.00908028915973961,-0.11259965722368073,0.8267855933084479,0.19188261840710152,-0.05298319317751069,-0.0004483695094990471,-0.009087859237717575,0.2109645961394746,-0.052646195528811085,-0.051979147842190376
396,0.9060819348951665,-0.4570642994053293,-0.0069363963788509845,-0.1130452263587264,0.8497525087005449,0.19599857701672904,-0.0436859098637867,0.00012677180120529836,-0.0005215419266465238,0.2297216206909919,-0.05190429940611189,-0.05194210115727693
397,0.9351766390133044,-0.47308843436934334,-0.003964727445786581,-0.11295214458679517,0.9058309661693068,0.21039288858053132,-0.0438106858636832,-0.00012649941567234902,0.0039052459205192575,0.24656480690686997,-0.05193802264073492,-0.05194702403899569
398,0.954446676956942,-0.49586761566300624,-0.004339547663200588,-0.11401596920302604,0.9297817699801386,0.22188567775766527,-0.04366805311009749,0.00023870998300085707,-0.012893207483266084,0.2562662008204688,-0.05190295216062297,-0.05195253863087163
399,0.9682360439042742,-0.5116773506675402,-0.004615170540693582,-0.11786221846324356,0.9851469006800458,0.23851077434566711,-0.04307997198157032,-0.004444561009732597,-0.04876634201129849,0.260065368024927,-0.052273587580827806,-0.05195428478385598
400,0.9914996830376063,-0.5282581167737878,-0.00043766271868196194,-0.11727685478847018,1.036156472111577,0.2569084087825203,-0.03233926239205132,-0.0042779787144403125,-0.06967940465608827,0.2625183307672772,-0.04986432940196355,-0.05180073813067003
401,1.0184546638237482,-0.5302316826452004,0.004436580768598244,-0.11741481066991288,1.0173252509167183,0.27752667392807945,-0.022688469128137167,-0.004399193131530718,-0.08805428027247776,0.2724445491469488,-0.047295661967304295,-0.05311191238578113
402,1.0322996028229885,-0.5366523417962316,0.004281542250112274,-0.11738747078738948,0.9912393767951032,0.28791481456592294,-0.018588619209053,-0.004357872639126158,-0.1504468910564973,0.2728582844084413,-0.04757100040294349,-0.05663365480127948
403,1.052013572800592,-0.5556285412156866,0.004359911969145579,-0.11739166669122376,0.9655809043919433,0.31239999026244497,-0.013311223826538704,-0.004368879681067279,-0.18072055814290755,0.27765553003110743,-0.04786408358424275,-0.05662908324562245
404,1.0527094522325435,-0.5701992150083925,0.004401534309472819,-0.11739134890132726,0.9420836568104833,0.3278777027859935,-0.013154159974246966,-0.004366413494004078,-0.269819124845946,0.28583234887010567,-0.04323894732265957,-0.053162169514218136
405,1.069181635121046,-0.5815178493295562,0.004086938148773249,-0.11739126931784319,0.9459515877463257,0.35633571410146503,-0.012608523778299203,-0.0043668699675795345,-0.32352677748370423,0.2959279333014042,-0.04352298502495413,-0.051789721477357706
406,1.0789268570578998,-0.6093666265367508,0.005322838962271458,-0.1173913165199976,0.8903389897566915,0.3641026215060616,-0.016690281015731837,-0.004366809095259598,-0.33880263001139566,0.30990102585642165,-0.04205090083834104,-0.05195714106681491
407,1.0800798399421816,-0.6334841571673522,-0.005518298500996953,-0.11739130105511032,0.8583470452821688,0.3892895544907904,-0.028401989507135364,-0.004366810681491789,-0.36135472516896666,0.31801044063955525,-0.039109308441935345,-0.05195784655659715
408,1.0831450265613851,-0.645507616480765,-0.025071699873389704,-0.11739130509936065,0.8412199081167475,0.4091666019210932,-0.038503232198977624,-0.0043668129966490795,-0.4071060349087199,0.3404515965284745,-0.035663833013249525,-0.05189033409804202
409,1.0821215663674728,-0.6687997539990786,-0.04488691698289409,-0.11739130420467622,0.8109735433604922,0.4245670058510663,-0.06533141630326825,-0.004366811987343638,-0.4368189176026621,0.34218071887387225,-0.040728994822472726,-0.052283173457895626
410,1.0864708018292397,-0.6809624318629064,-0.06833203110374943,-0.1173913043681419,0.7620755736748438,0.44423629861866887,-0.07258926291970445,-0.004366812287679129,-0.47776977302755763,0.3695002089311329,-0.043034460729636216,-0.04982865526103489
411,1.0869753164017355,-0.6956612658419171,-0.09249941269851925,-0.11739130434685933,0.7210525439676407,0.4494081995330526,-0.095558657368605,-0.004366812214069182,-0.5012074359295003,0.3707506299822842,-0.05155421982044153,-0.047260747571003354
412,1.0878347053739426,-0.6995801273077538,-0.11915918062488653,-0.11739130434722864,0.6791538212134062,0.463998284217338,-0.11281781752574574,-0.004366812229595308,-0.5342445633678791,0.38069570246047607,-0.06210051439462041,-0.04770901962252663
413,1.0957893493661053,-0.7618413165935762,-0.15909612439418414,-0.11739130434811355,0.6653745867199198,0.47240424686135585,-0.16336701583144325,-0.004366812226171291,-0.5427110369752205,0.37563741828308345,-0.08593562918342189,-0.04754629724404254
414,1.1000058245451785,-0.7867612307129693,-0.1887421391971488,-0.11739130434773715,0.6231187791164868,0.4800306041533477,-0.18610529045299723,-0.004366812226405953,-0.5622112889054964,0.35688103284095085,-0.10003697779657109,-0.047552484613274465
415,1.109869033112155,-0.8169126049707714,-0.24528327710618944,-0.11739130434784856,0.5885371653752999,0.49472746387489763,-0.23372400914837516,-0.0043668122461870875,-0.5943405590571725,0.34685026918548684,-0.1118482375875596,-0.04297027792165851
416,1.1102719781753665,-0.8315367141283337,-0.31037704516319226,-0.11739130434782127,0.5506469651324128,0.5162739294472216,-0.27976653708020427,-0.004366812087614613,-0.6135361096254351,0.3379538192554115,-0.1294652656513303,-0.043408646469157194
417,1.1201537447808196,-0.8453125962082864,-0.3819917954623351,-0.11739130434782692,0.5325905109228612,0.5331610707137423,-0.32901290465759075,-0.004366812970149282,-0.6370889084646792,0.3323343734497037,-0.1530520749679588,-0.04325886401746397
418,1.121924334152469,-0.8480482688299517,-0.41719693966320504,-0.11739130434782599,0.5074470948992666,0.5606567448829267,-0.3569667299863556,-0.004366808945126319,-0.6429774633755544,0.3119896313843176,-0.15962447381072156,-0.04328898546711448
419,1.1217416875056407,-0.8478085315144557,-0.4713223728887107,-0.11739130434782609,0.46072731982112763,0.5765889723121959,-0.42395474393420646,-0.004366824413576751,-0.6846546919281031,0.2917069375100082,-0.1782688518377814,-0.04332117963090624
420,1.1215337020339229,-0.8427957872264612,-0.5260112912599748,-0.1173913043478261,0.4347688853438303,0.5807504623765415,-0.43070023026480475,-0.004366777125472918,-0.6996034748617259,0.2780630331348269,-0.21408310003698663,-0.04319624255301742
421,1.10638346586,-0.8379836395750531,-0.581855091251899,-0.11739130434782609,0.42012051759686714,0.6009693851592335,-0.5002743678211705,-0.004366856054550193,-0.7227565044154983,0.25645403551890794,-0.21358813552241884,-0.043407426032169134
422,1.0729088317349045,-0.8331093825611633,-0.6009762052106552,-0.11739130434782609,0.40011588196263626,0.6422886908844467,-0.5202411206357078,-0.004367185637242257,-0.7413923065464576,0.23456818409171087,-0.234063312597031,-0.03875796394272745
423,1.0509047054917053,-0.827234334750259,-0.6880934774936465,-0.11739130434782612,0.36716088616698406,0.6511288354257578,-0.5850795442689654,-0.004362903642857296,-0.7575806398458228,0.19812851602444978,-0.2582344935271442,-0.03906675132722269
424,1.0197053857761413,-0.8082913906433495,-0.726174320185916,-0.11739130434782606,0.3364462551141669,0.6581505140606467,-0.6109028149554206,-0.004390661211475634,-0.8228006739828188,0.16301764673962776,-0.26630566318006543,-0.03892767222009299
425,0.9890588524938686,-0.7846510299306115,-0.7406210843674543,-0.11739130434782619,0.29374794846727764,0.6684550624163786,-0.6655195094542887,-0.004251353137343995,-0.8685063309625789,0.10202897677149042,-0.2830826295467107,-0.03896953994169167
426,0.9521321929297658,-0.7828056952444025,-0.8416587296670006,-0.11739130434782592,0.2713295453602814,0.702123341522598,-0.763865668491715,-0.004837613071655517,-0.9366367848570671,0.08116950091346058,-0.2899292215228159,-0.03895922286359583
427,0.912685728816108,-0.7687413825102656,-0.9182640050847077,-0.11739130434782534,0.2502184137893604,0.7178709991175929,-0.8190914673987334,-0.0009372855390970332,-0.9839848431361753,0.04210329202589051,-0.3000598305889635,-0.0389613165024047
428,0.8914286197012451,-0.7509299607094889,-0.9689426449630049,-0.11739130434783526,0.21805990194829644,0.7484132529512391,-0.8719877700691926,0.0001002567165077409,-0.9743876437498514,0.014894860229802387,-0.3122821500882521,-0.03896109754408005
429,0.8547717695974321,-0.7445113524386014,-1.0197536586973992,-0.11739130434776739,0.15859815776164818,0.7689098315001923,-0.9471986237438799,3.2405583169702592e-06,-0.9458218032581046,0.0024531534804872928,-0.32474289528985384,-0.03896110331186646
430,0.8231250183519407,-0.7317155018888154,-1.0875655931325081,-0.11739130434811884,0.1417329367156102,0.786694199833635,-1.0117531743581827,-5.8532005114808445e-06,-0.915465399258451,-0.026177833403178283,-0.345958735786214,-0.03895850352562429
431,0.7951203878480427,-0.7291193866833622,-1.154109222817195,-0.11739130434659602,0.0927682472640989,0.7975302222201318,-1.069468302290223,9.20982764208813e-07,-0.9054786107849581,-0.051443076571158076,-0.351299171696147,-0.038980008330943665
432,0.7890315767105315,-0.7156018479445643,-1.1647831789839744,-0.11739130435214794,0.056563192608715826,0.8091108575520521,-1.1373140464403395,6.75353851615033e-06,-0.8792736398850118,-0.06536530522641017,-0.3607335164788149,-0.03885885660499794
433,0.7640994697682917,-0.6897363846080898,-1.3116260157206192,-0.11739130433662433,0.03290062944627107,0.8166248464034517,-1.2218724583073537,-3.2797554275005076e-05,-0.8681409706643416,-0.07345603652002008,-0.3796636585853576,-0.03941603691109262
434,0.7172425521327406,-0.6829117254040482,-1.359052592341084,-0.11739130435284256,0.010636326806125742,0.8214795528370212,-1.2831264478528768,0.00012344311618778256,-0.8262080677803287,-0.09669074854590384,-0.38550352637808033,-0.03588673171012235
435,0.6821144598851888,-0.6737625765103907,-1.4140251774103023,-0.11739130454111935,-0.015648581999346156,0.8504646181504818,-1.3528221361106336,-0.0003617378667916313,-0.8266921544489841,-0.11154145662324415,-0.4067446502678555,-0.034464332526913596
436,0.6600945496645103,-0.6716104128726353,-1.5052431131134414,-0.11739130269614044,-0.027723857701561237,0.8631372361185167,-1.4338014241053152,0.00420755031743238,-0.7971058038594094,-0.11670671622770964,-0.4349171779836219,-0.03464336935063911
437,0.6271787567292683,-0.6516788845530682,-1.6288992894488037,-0.11739131377506451,-0.05622084045566492,0.8579477631745966,-1.5242600351757087,0.004315009906153302,-0.766696889994814,-0.12408735276361457,-0.4508959629951145,-0.034636035752042875
438,0.6077645215318672,-0.6358256978902093,-1.6894284014878524,-0.11739126048352144,-0.0794495808195649,0.8417233864890297,-1.6364704724846184,0.004398989454362296,-0.7553757753088627,-0.1284612777722773,-0.4881386314292135,-0.03462628208530552
439,0.5694690940818175,-0.6175981474081994,-1.781271023144694,-0.1173914772617443,-0.08670824351586683,0.8064169221483543,-1.7332924263645009,0.004332694883199567,-0.7118850751877303,-0.1613273186576482,-0.5406501931899977,-0.03465590821780484
440,0.5422255462426299,-0.6051306182959453,-1.8661278993354427,-0.11739074903776242,-0.10141221676019536,0.7817544341606752,-1.8580045825834703,0.004491829065046807,-0.6778649796746805,-0.16861068171822682,-0.5645831443957833,-0.034518376996627416
441,0.5025657863507048,-0.5773900981434872,-1.9557983315967107,-0.11739243541242812,-0.11976669608478949,0.7820203017369945,-1.9348405821454022,0.0038618674195236334,-0.6203066014059387,-0.17108167645293768,-0.5916216667785194,-0.03509864750582448
442,0.47147228729017726,-0.5612070647421855,-2.0242108910659122,-0.11739337390098414,-0.138041175412851,0.7576692580270531,-1.998318452035666,0.007881802360688209,-0.5989494668541405,-0.1931598317501074,-0.6441468002357863,-0.03126126047308385
443,0.4419162739320977,-0.5419285492251872,-2.088808731564238,-0.11735092510296888,-0.13617000072349278,0.7305506566304998,-2.086101265296381,0.008569138395324654,-0.5561010970301944,-0.22161747406540286,-0.6979820089387173,-0.030197528354525983
444,0.3949382493962024,-0.5264877802403499,-2.178788472646046,-0.1176728860641782,-0.15984742691501308,0.7038891554493909,-2.123374432998869,0.013130766311630416,-0.5316813452517335,-0.26134588373049666,-0.7633275117610826,-0.03030101622304446
445,0.36206054831006984,-0.48770146165545836,-2.2328373343101666,-0.11557309606448322,-0.15714299019574332,0.6973606934655024,-2.159673849834531,0.01301303892282027,-0.4927739555446742,-0.2712749419755946,-0.7821744626395517,-0.030308832431542043
446,0.31852350941283114,-0.4525903863329741,-2.26114120749252,-0.11264177593427985,-0.14770371237341212,0.6664527871629746,-2.2115228245720893,0.013134607875528307,-0.44176164126271644,-0.2985365487088173,-0.8284131863338999,-0.030300774264949887
447,0.29999239327673566,-0.43379693601214714,-2.31930739795591,-0.1131295489106447,-0.14308429942865827,0.6580310400919024,-2.2204772089373104,0.013089720412826938,-0.4183829605416043,-0.2983578629130552,-0.8530889155400655,-0.030303670164743057
448,0.27480545644459525,-0.39591706735130644,-2.379275913953948,-0.1130071949766852,-0.13772869630202705,0.6228299711291764,-2.299669583292223,0.01310744033966361,-0.38928694434351657,-0.29789182239300044,-0.867764079544352,-0.030302887438224124
449,0.23801489841516535,-0.3591231243069297,-2.416750404865001,-0.11307423730643726,-0.13503085390203584,0.6108856168082101,-2.334621166876942,0.013082159013721114,-0.34537677337633654,-0.29398354215818706,-0.910299765344221,-0.03030302563519794
450,0.1975645527813902,-0.34336431684847885,-2.4841250010405473,-0.11331855834091392,-0.1354678973394249,0.5804160294588466,-2.385273026294552,0.013153577180117757,-0.3193835600419048,-0.29324814609461697,-0.932700997993954,-0.030303129527893897
451,0.17210736845513824,-0.31379057281706674,-2.5189015549065736,-0.11778662795026187,-0.13527181532802163,0.5505213463049816,-2.4038646783869644,0.013021263167840715,-0.2835968053108668,-0.28183763118860344,-0.9502170148105105,-0.030302875723201367
452,0.13137399311696557,-0.2917017763198739,-2.570369261809175,-0.11726634337685159,-0.13555592080049528,0.5373228985151065,-2.5073494510138623,0.012642754735342857,-0.26187117568477075,-0.26883764774994945,-0.9701953086764267,-0.030302141621819875
453,0.1114840741307658,-0.277686796028001,-2.6133279230037965,-0.11742347454195688,-0.13086175224153046,0.4920449961750721,-2.5451421491854678,0.003600777182361645,-0.23580192620317525,-0.26916110404243737,-0.9804866576798571,-0.030313405851282282
454,0.07231903201765724,-0.2624357421273667,-2.636232912077043,-0.11738362719410582,-0.12580669239819992,0.4632997672752677,-2.6124480522423537,0.00459029621864126,-0.19837707806309007,-0.2459560136228776,-0.9974440075383278,-0.03023775663389741
455,0.040462726696087234,-0.2503499352655922,-2.7220004558920357,-0.1173950420526189,-0.12223260466332263,0.43426570206122067,-2.6306222323480353,0.004432701010771825,-0.1878134886183243,-0.23950901050628798,-0.9999826260758522,-0.030624811841606817
456,0.00011863542821760153,-0.2419136261545226,-2.740151876974257,-0.11738515881838434,-0.12035671808723832,0.406578537992372,-2.711115622167334,0.003839259152090424,-0.15662062533991314,-0.22421367780703008,-1.0042428395859706,-0.028009383041755126
457,-0.003394242359682307,-0.22304046550407194,-2.790794612762972,-0.11738984344694735,-0.11866490496293614,0.38662273846278705,-2.755692278415948,0.00798009530595313,-0.14723129885562972,-0.20563465283996965,-1.0044674429289182,-0.02259426760611444
458,-0.028324795019106296,-0.21264055525642955,-2.822874639995698,-0.11752874585102213,-0.10949377460566352,0.35253634292142455,-2.807826992074395,0.008251091272498366,-0.13844184853125396,-0.17756413203984495,-1.0103518439747672,-0.018202515090081067
459,-0.05722774112729515,-0.1984893737903375,-2.8448218901864477,-0.11623586297087458,-0.10001615286822563,0.3177625528001287,-2.826628315094286,0.01748525743578467,-0.10524465102379288,-0.17665325446976562,-1.021545690757,-0.00863618284964685
460,-0.06304006783251828,-0.18630298462776512,-2.7943301499751967,-0.11329251494704819,-0.10143165189257966,0.29140286709048335,-2.902396943829744,0.01804719054121575,-0.07373552165822066,-0.14980518027968606,-1.0252835355310594,-0.0028343089944772946
461,-0.08374251325473567,-0.15885901181632586,-2.733187108442755,-0.10859901056753293,-0.07320275442587121,0.2565843438329107,-2.9132796983510305,0.028713573513384678,-0.05960618936292361,-0.14285558192243872,-1.0536301636912624,0.010202108141614638
462,-0.1058501171650185,-0.1431324538026642,-2.6903414133552457,-0.10197839276458466,-0.07054038395668984,0.2436312408754687,-2.8397436249866344,0.03889696593229453,-0.04092906194993241,-0.13744419423131632,-1.069958756100033,0.017917396107366427
463,-0.12307490855038912,-0.12550540098143773,-2.6546052263724147,-0.08942452673825094,-0.06641826319371062,0.18681236261467404,-2.776610941213703,0.04535143639556111,-0.010179494373625019,-0.12727052093551572,-1.1098699267731862,0.028700437411952315
464,-0.13455507970630204,-0.09867044526704082,-2.5922004969945864,-0.08275980716894417,-0.05341609233978856,0.1740944602336449,-2.719883455577989,0.05732060963084058,-0.004148923979403389,-0.11878451191563777,-1.1268929030112822,0.03615821604942644
465,-0.15047714174807422,-0.0875153153566581,-2.5567380797782446,-0.07783385605130483,-0.05200859345571139,0.14562724003074248,-2.651250792219936,0.06392606418203631,0.012523428648712517,-0.11592099400519945,-1.1838086255601863,0.042253411827560844
466,-0.1563670062639916,-0.07307927277379855,-2.5192598381641287,-0.06821831924447833,-0.03227839215036478,0.1257880329842458,-2.5994188869532713,0.08197568054087027,0.043221345950389456,-0.10054514469872669,-1.2059216586824852,0.051467108304085775
467,-0.1612567145171737,-0.056720279114019376,-2.476537947383853,-0.06527363784127738,-0.021945547810213056,0.09245942057012031,-2.5833559748862123,0.08714342103447302,0.05668920857212939,-0.09073030290145281,-1.2238199678443027,0.056614541584138305
468,-0.16567755477652973,-0.02539661179735598,-2.42428270512496,-0.0633637067803043,-0.017752297015050156,0.09384297909358782,-2.494090936680586,0.08976919646285231,0.06372820496995149,-0.09117259967423888,-1.2481966171477286,0.0676948223578954
469,-0.17386483423311905,-0.0005084766188576443,-2.3877231237492174,-0.06046058537707647,-0.013030158770176601,0.05463292036496331,-2.447945647488768,0.11005518057818524,0.0694776013929299,-0.08193017617788431,-1.2808101511631542,0.08976409465205464
470,-0.18387845308226064,0.021165029540748895,-2.343342998248908,-0.06097830550976571,-0.012420028008675338,0.03997316161435081,-2.409131741909327,0.1227196560381843,0.07613909812770218,-0.08160422412204756,-1.2950820433572308,0.1106308445867699
471,-0.18232140370039557,0.043701395164269,-2.2935015900508278,-0.060768402913958436,-0.008237862229678322,0.0179354848727329,-2.364332138042196,0.12844477511022975,0.08643889861922775,-0.07778281150354507,-1.2772874043964708,0.12575701286258092
472,-0.1826633401814311,0.05830460103011273,-2.2323400381765546,-0.06093710426774992,-0.00889184977900248,0.01379635294092939,-2.3105816978750116,0.14298960196362967,0.09144339546607716,-0.07515252039387262,-1.2759497631128485,0.1522447811915826
473,-0.1826012454483889,0.07801888221175698,-2.214818858642137,-0.0563528851567051,-0.008578735366938312,-0.0008398865779316118,-2.307862304672544,0.1640387281495211,0.09534662104208579,-0.0601324798666317,-1.2332387801214688,0.15479452396030002
474,-0.18260861928291056,0.07870890392349034,-2.167562420271741,-0.055903564715558504,-0.009184631453988325,-0.03981935747379124,-2.2473610689120895,0.17899605602822047,0.09674374920322172,-0.05401055945434597,-1.198020374338882,0.18605688366564893
475,-0.18260363295527857,0.08770923991220617,-2.1489262821900845,-0.05053419540230589,-0.004877646886079886,-0.04614416095512078,-2.2102734621668514,0.20953548425548485,0.09969986745158248,-0.03589916297736944,-1.1804329216753944,0.2250479597048986
476,-0.1826614187013856,0.08779873031645165,-2.0925892290524066,-0.0452030474647975,-0.004353378569585908,-0.050325852942320864,-2.2132465101760177,0.2408216070196698,0.10190266098125648,-0.03458464671467809,-1.1560328059399976,0.24059838080807724
477,-0.18228850961977555,0.09389188454323061,-2.046407351510214,-0.043727164744946444,-0.004439208239315637,-0.07894264897774118,-2.1667320050263124,0.25268326756476456,0.10763653966911263,-0.01772216799802319,-1.1616383582331962,0.26404856557987927
478,-0.18461376493820195,0.0960335598481109,-1.9345611685422872,-0.039860372290231684,-0.0035098233933667853,-0.10446082051273534,-2.1297224450920504,0.275616058635177,0.10827725344735327,0.001030740014281789,-1.1109577165382636,0.31554338983702457
479,-0.1873411460053611,0.0951514136667979,-1.8405333137302795,-0.039454475010451316,0.0004722810240732592,-0.10514576800700604,-2.071294393145802,0.3032610573099247,0.10823101172840216,0.004820827843706201,-1.1031550114372228,0.33962708150234155
480,-0.18685454726885534,0.09966073708784126,-1.7663182406016682,-0.030219826315253905,-0.00011959532168989244,-0.11920170131730462,-2.0346405004747554,0.35599113564096113,0.10822030377864336,0.015411781782725282,-1.071075861033914,0.37005585612206493
481,-0.18705125729407365,0.10000489577904126,-1.6765737501482867,-0.025784909543284416,2.5869976964638724e-05,-0.1257474492748754,-2.002427741175621,0.40012419438523583,0.10822677937115212,0.026789216403955554,-1.063917089264484,0.4138984017929205
482,-0.18688657033268913,0.10465434735025232,-1.5937992896458326,-0.018162445404188488,-4.61587692616375e-06,-0.13872918598235398,-1.8770909780547138,0.42571175585469895,0.10822464822109462,0.03081255435498608,-1.0300939342850304,0.42068049723051465
483,-0.19153362762262552,0.10420711393129901,-1.5149791543536402,0.005877235921157956,5.716254921225075e-07,-0.13944304046343983,-1.7180056715488858,0.48178354787905514,0.10822525781099436,0.030220101110142727,-1.0087486917411592,0.4723804620096192
484,-0.19120085619257568,0.10448090284225738,-1.4272313358899018,0.022037540179925878,1.6530151022719374e-09,-0.14265425118766104,-1.6130942085314997,0.5225884559363239,0.10822491672006122,0.03516952602253002,-0.9946090058796405,0.5217449913539844
485,-0.19131231578081517,0.10389364015725798,-1.324922579581816,0.04021454331499241,-3.120541482912421e-08,-0.14777091566217312,-1.4664772340260182,0.555835966844298,0.10822556825470489,0.03932557187899633,-0.9556452927315993,0.5374630877762759
486,-0.19141807699044247,0.1072691596781398,-1.2240576392654012,0.06513480236703607,3.546751699612806e-08,-0.1527960949450223,-1.419696230107488,0.5998912094306157,0.10822484252345574,0.03852233284446564,-0.9484178454017996,0.5694723933514582
487,-0.19080428215318773,0.10890244761299106,-1.1393417430311836,0.09453280859107735,-1.370251577628982e-07,-0.152782664880687,-1.3149169242792162,0.6140356504959061,0.1082176514175121,0.04117538903163949,-0.9059004432443973,0.5903385681940856
488,-0.19475059415181697,0.1086742446103868,-1.088014022499869,0.10429183447932033,6.162015621003771e-07,-0.15286289255574065,-1.2613371860339708,0.6549062167710482,0.10829030025397454,0.04362153675844226,-0.8764600339381526,0.605066613962875
489,-0.19547667350470543,0.10869407277862417,-0.9975250258854335,0.10639582627541407,-2.4204491444394294e-06,-0.15283113707411336,-1.1522775558794347,0.6680753267426547,0.10785091623336003,0.043235141756665756,-0.8321051921792884,0.6231680667134646
490,-0.19995642747578288,0.10869530909911386,-0.9169382474071155,0.11984888885584911,7.840420460638199e-06,-0.15284021527960168,-1.0889930404471213,0.6832584349667147,0.11056115325679655,0.04329545839267557,-0.7853122161888146,0.6465143089467497
491,-0.19992962291305266,0.10870943316483739,-0.8398801031732877,0.12384553886724026,-1.6804266413405643e-05,-0.1528380485903119,-1.0017292893383707,0.7040971225599325,0.11253877032252076,0.04329065217530305,-0.7354994711023409,0.6576626338724293
492,-0.20001504844649304,0.10861998841138863,-0.7548373569958428,0.1264374595473718,-2.0458827695465216e-05,-0.15283852666175807,-0.9033200484789785,0.7168057106492755,0.11566322520155589,0.04328868615594279,-0.715989851993518,0.6748343765788675
493,-0.200086828250737,0.10903033021586479,-0.6975906965165901,0.12602563381746676,0.0005304908710868121,-0.15283834961254292,-0.8283808066452839,0.720880186594238,0.1210133230531194,0.04329624319858607,-0.6751839944882075,0.6877015524492283
494,-0.19954702519146553,0.10608333760837184,-0.6269710973635944,0.1260893582917493,0.004811980277465715,-0.15283821528570476,-0.8006886371024229,0.7249813805088265,0.12114396683398175,0.043258940182593894,-0.6223750247086088,0.7088708898589119
495,-0.20286819493168987,0.10051109197368743,-0.529358953843718,0.12608770128480076,0.004241255875923656,-0.152841666652762,-0.7077608343281506,0.7555672255139524,0.12192443349922875,0.04342308731808845,-0.6076544205782449,0.7267896770856672
496,-0.20427208391335666,0.09996193201518819,-0.46777277336195655,0.12620790436196674,0.0043967212857159675,-0.1528167978447094,-0.6451602728128977,0.7618005066415474,0.12569869360809605,0.04281612612906185,-0.5522693706146461,0.75975082576393
497,-0.207963143285028,0.09999170915656368,-0.40808966116822903,0.13338824216466685,0.004360757661577728,-0.15294852240874093,-0.5952378680339463,0.8274244745468965,0.12731318714833698,0.04719558074542746,-0.5057467228645744,0.7798336979673035
498,-0.2130382411723105,0.10000422905160168,-0.34647032079854323,0.1249056383378555,0.004367784271377526,-0.15237033621362467,-0.5268186602600867,0.8289358121655034,0.1303989550213126,0.04758986550075249,-0.45283001090589203,0.817527577247852
499,-0.21287830761219273,0.10000452588356229,-0.2941102869575001,0.1085798512206171,0.004366724236995219,-0.15612324719282974,-0.4741143288068658,0.8476248327606364,0.1293641098789356,0.05223011077007771,-0.40826236956225576,0.8823602809865542
500,-0.21405136985352832,0.09996902215871764,-0.24443686244091642,0.09217995666060086,0.004366799302492023,-0.15733516774895706,-0.41556191597521713,0.8659973581025878,0.13369113781822603,0.051826516886331046,-0.36215908871045727,0.8783816705218784
501,-0.21759614002417246,0.10013346589526748,-0.19676513578790827,0.07517018549450336,0.004366822790826541,-0.15720262476124927,-0.3873228964685408,0.8885489226733464,0.13421848840253683,0.05198394571354139,-0.34668107901824063,0.9070746054604725
502,-0.21902834026498136,0.09952052898369917,-0.12271529795828677,0.06205537612155833,0.004366801251808168,-0.1571994985412553,-0.30657890323142234,0.9204126213304672,0.13464361171929792,0.05193938400657178,-0.29270295348506786,0.9213700069793238
503,-0.22495290405140073,0.10387889405368672,-0.08210395479348324,0.042079908716415045,0.0043668527205911346,-0.15721238880882404,-0.278119578834255,0.9770328897461679,0.1386882097530946,0.051949643472405035,-0.2619139501752851,0.9704083246360591
504,-0.22622497011457793,0.10428796858209621,-0.05815095999836504,-0.0022897361151452186,0.004366640503883836,-0.15717651545070002,-0.21723654540808654,0.9909736253831339,0.14011070971408668,0.05194832791778317,-0.24181162975744946,1.0042727455752538
505,-0.2261223612879102,0.1089341773770417,0.004335669931330913,-0.032813192432603326,0.004367443700370263,-0.15733497213467276,-0.17544209379285053,1.0403245069229607,0.14281017086123632,0.05194711457693685,-0.20535648343410334,1.0063906106910339
506,-0.2261076924082416,0.10858035729323044,0.014237142037703227,-0.05967447429046124,0.0043649823122741275,-0.15670181573531744,-0.15147327192918614,1.0590199329508316,0.14592729790351075,0.05194435239736228,-0.18691462690377506,1.033364739575805
507,-0.23109788660702724,0.10873158697504631,0.06094485765875269,-0.0829091198733644,0.004369339827574778,-0.16091799413519525,-0.11467570713314233,1.0395180308893102,0.1467330783716381,0.05199805257613631,-0.17654143052754914,1.037579807007308
508,-0.2358334867954815,0.10868647606685107,0.11326146965408031,-0.0925912625699312,0.0043836849363819005,-0.16143730143311874,-0.0646574670699615,1.0406854913568988,0.15515286538179612,0.05162274379000937,-0.1481301725713185,1.0437041501323443
509,-0.24119302123606504,0.10869764965515573,0.1392698955531739,-0.10681726931321518,0.0041790357694197035,-0.16604625170416745,-0.05184685074299056,1.0295868427669177,0.1601869331594983,0.05401167173686002,-0.14085388106207555,1.043926270140748
510,-0.24345782082144768,0.10869529325012087,0.15396819446287333,-0.1130660633155697,0.00569890698493969,-0.16650056337582347,0.002822340851700588,1.0039854061416316,0.16084879194388793,0.05630622502559415,-0.08689427535736721,1.0103882517393106
511,-0.24595931663089446,0.1086956972702583,0.21013607039700735,-0.113724151941149,0.00918902604943007,-0.17088478720665015,0.028044291182391268,0.9881605642003575,0.16467774592237022,0.05909860748983223,-0.08912583782648709,1.0039629554626028
512,-0.2511454136040406,0.1086956520479176,0.2296585927410848,-0.1375976523328378,0.008633792692798582,-0.1697655744183055,0.06694638110230752,0.9688234937026061,0.1662948748678708,0.06461839649414934,-0.05954826333908031,0.99477903386186
513,-0.2562341963821267,0.10869565007402397,0.29511136409765165,-0.1662803342294918,0.008744213005440647,-0.17296310360031578,0.10044491674360068,0.9585614606491345,0.16936807938497142,0.0649336861638445,-0.045555950907440294,0.9773570901201708
514,-0.25649624886909694,0.10869565289173018,0.3172978355578665,-0.18645312927831198,0.008754155162185258,-0.17501840684110126,0.13121397331350432,0.9353312071340597,0.16829025939413406,0.06498138882351379,-0.025261152065823893,0.9678786502864953
515,-0.2569398240412279,0.10869565278364125,0.35944193307358907,-0.22603456021565163,0.008714410438701895,-0.17440401438913544,0.1575070844259489,0.9063294751926342,0.17277460587368862,0.06468061736102639,0.0012284840705012266,0.9494100742004781
516,-0.2621445697379121,0.10869564824000492,0.39652112180151544,-0.24044614992083999,0.00840773320359661,-0.1790036519485791,0.194782396954419,0.8854606094021628,0.17314654754347644,0.06659583384901444,0.025891456882508615,0.9405553410915267
517,-0.2669631812989539,0.10869566787768088,0.4047111262194803,-0.27308954639113886,0.003970829706971417,-0.18392112915105369,0.22076213336799633,0.8616460279021853,0.17783445762990807,0.06979431413355167,0.03795278926169312,0.9323519945542982
518,-0.27174642335625543,0.10869560142985742,0.44616772581846453,-0.32231126582181496,0.004428345698829626,-0.18910591821743683,0.2538024782830569,0.844752886590759,0.1769469613687011,0.06873318118184668,0.07505513596886043,0.919279465159762
519,-0.27721500419131134,0.10869575922975441,0.4572294771295766,-0.3441297989736798,0.0046419564144260655,-0.19251981062594434,0.28214228979346984,0.8298613966925883,0.18041085952677746,0.07290365455338539,0.09719432430595185,0.9136617994760496
520,-0.27812892869086464,0.10869580188610435,0.4766477934012927,-0.3541237715370515,0.0021142140591437443,-0.1920009357229027,0.2947891191453978,0.8241673874444487,0.1892823748453084,0.0736772244098594,0.11500158505648006,0.8892032371527905
521,-0.28208443344999357,0.10869221464096923,0.49428715420205094,-0.38997647472306235,-0.0037445832274386327,-0.19234949540280277,0.3188963174607176,0.8025584528067627,0.19063169731307686,0.07386768386787823,0.11278244883007005,0.8641837627123163
522,-0.2870247361609385,0.10872019011674386,0.5106634602475693,-0.40237835079242584,-0.004166497231116294,-0.19154853297673854,0.3388484876149901,0.7776929373320335,0.19043244534346,0.07809607897051665,0.1350267128442936,0.8456832537277503
523,-0.28678011578556645,0.10856556874173615,0.5094289757823878,-0.4146330313936178,-0.008726563526209524,-0.2001309339881773,0.3371368850080449,0.7535048634255375,0.19051233080908275,0.07926932440802487,0.1424126993128264,0.8401692957890879
524,-0.287881021378914,0.1092726462943009,0.5229721392931206,-0.43733062757952446,-0.008648017563832695,-0.21002040536039687,0.3548844481401716,0.7253938635757605,0.1906169971806748,0.08236147521811558,0.156403077334231,0.8308949846144963
525,-0.2931577830245623,0.10518594553151264,0.526637941342519,-0.4494832237757253,-0.008828315044264772,-0.2142524969320566,0.36643662958336193,0.6990553484940828,0.19585076237501925,0.08465493995958384,0.1616250443692573,0.8105269925599425
526,-0.29813147415661845,0.10779962283251522,0.5258898171471678,-0.5203873706680091,-0.008373652429971148,-0.2135644024205182,0.37125366391222836,0.6744122111655837,0.1996145028244015,0.08950186147708947,0.1697884291618617,0.7855394572240566
527,-0.30231048500356067,0.10878697673249364,0.5354587651742685,-0.5369724660708014,-0.010936983209570662,-0.21609943826039765,0.3716819482092529,0.65448818877305,0.19832827189508054,0.09863825318032853,0.16830020394455344,0.7660289677878904
528,-0.31178589186901057,0.10879654057767386,0.5393694484523531,-0.5590497511191072,-0.013575395345763588,-0.21824808490442643,0.3770512573571703,0.6383388213713138,0.20400597284216687,0.10392342574938859,0.17104276903585697,0.757452083820002
529,-0.31299467369212713,0.1147334481211839,0.5387581928385382,-0.5727316928706175,-0.012602189258191714,-0.22158759830675848,0.3821589384092743,0.6066915963988638,0.21160499018840156,0.10385240990076511,0.1768306245386254,0.7198040905512405
530,-0.31758538513961054,0.12261756277599198,0.5411196256018929,-0.5920878920857622,-0.017194805198630432,-0.222892697078914,0.3848382296517821,0.5944677972248735,0.21216102948052018,0.10391105104347068,0.1772762051911017,0.6903123409204297
531,-0.32317722663762816,0.12111822540941057,0.5440382533986526,-0.6006721038984465,-0.017514765615685053,-0.22270380474864485,0.3833344696374052,0.5627623247814394,0.21212193020598671,0.10389953584554222,0.18181416937164707,0.6603120298790535
532,-0.3312583416032783,0.12435999912532852,0.5427425861017839,-0.60396065449129,-0.022207040722203513,-0.22778221052087244,0.3920415586324617,0.5255861548034211,0.21244448640237393,0.1038618083037813,0.18197740245524735,0.6127770519702501
533,-0.3301801326287183,0.1263311166249999,0.5506212178616154,-0.60423644295215,-0.021444768414858897,-0.23188186409515163,0.3930293428807963,0.48983882495603076,0.2178694618999973,0.10402640723418057,0.18837544119164853,0.5708617405529217
534,-0.33061576053451314,0.12611425372562934,0.5607399448494865,-0.6238748128230936,-0.023572423372705494,-0.23068190256788365,0.39285177543499117,0.46770538845142867,0.2212258000405592,0.10352737560404682,0.19725435466471877,0.5419089230554868
535,-0.3299442786959086,0.12601927355762918,0.565666790893772,-0.6363115293453666,-0.02661956828469882,-0.2358177729223147,0.39483417693759304,0.43715678203256,0.22021614626833685,0.1081405922597484,0.1993660012075604,0.5014747924430382
536,-0.33414776897195814,0.13094213181822978,0.5703295011819766,-0.6407491523600606,-0.026085792728217354,-0.24345481397185229,0.40286499297488115,0.3857948638074105,0.22392187718742737,0.10848629932036244,0.19906458048538928,0.44426712549334835
537,-0.3347367638665269,0.13507716635371705,0.577267455075789,-0.6446483107573607,-0.026312276116170683,-0.24800631013630023,0.40071301410628096,0.35465850080724043,0.22491867558632458,0.11283221576785499,0.19921504025174214,0.41058632293298464
538,-0.3395396093357211,0.13466772669465427,0.5831372695873747,-0.63795892178881,-0.026017210999802486,-0.2529494735918308,0.40726618490990896,0.3168762641405342,0.22921409306431179,0.11356113816894317,0.19901567338473014,0.37722005311142665
539,-0.34973815338699343,0.1349199022529642,0.5845252829952838,-0.6292268859719036,-0.03071816479386153,-0.2577293773770435,0.4140262965549261,0.2740643346969782,0.2293450339495979,0.11951424020177817,0.2038331267043684,0.33720120828239025
540,-0.3572300623661977,0.13430960969581468,0.5930921948010884,-0.6060191570621752,-0.029997566736072855,-0.2581565747833069,0.4189327598032815,0.2292623734600266,0.2300563751022145,0.12145484554033653,0.208106931904211,0.2997231773349105
541,-0.3563030757655086,0.13813034120608375,0.6037683105090118,-0.5952819287379718,-0.03418264545031032,-0.2635077289876682,0.41916558902131307,0.1975510961512176,0.23521798531117943,0.12117142969736368,0.207453577521208,0.28286151854703856
542,-0.35668771670304006,0.13925255530870062,0.6043426635385081,-0.5812828979198562,-0.04502448437162112,-0.26884300492088536,0.41978178910863934,0.17778609289504665,0.24054281222884616,0.12121627744203149,0.20949429778075807,0.2542844563905377
543,-0.3560636498112631,0.1391283962672354,0.6086974078530405,-0.5673440078175362,-0.0434703878004969,-0.2705473192268259,0.4243938463296324,0.1371923052900116,0.2422615611845139,0.12121247567216326,0.21479785149823752,0.22800448457538022
544,-0.36020621090518956,0.13903584434516544,0.6112305299366527,-0.5509747794997877,-0.04327245714349077,-0.2741349637281439,0.433523945597859,0.13908683191568252,0.24567523726843177,0.12121178503045218,0.21964536801076204,0.21995235247995767
545,-0.36094246393866325,0.13993766711627786,0.6244448252995233,-0.545403912266258,-0.04737351563345921,-0.27502733999119094,0.44396746023603295,0.12493991612794599,0.24694621883902257,0.12121224240734514,0.22450104824645806,0.19692288312210046
546,-0.3610358387244634,0.14499213801578012,0.6281092099952165,-0.5149788036159261,-0.04807996502989509,-0.2794997540724571,0.45098649147641773,0.11171917278672057,0.24676498203821598,0.12121207826999648,0.2294476082089524,0.18195219561212628
547,-0.36631785103545506,0.15171574430814289,0.6329115682323938,-0.5022070056989913,-0.04804231306448558,-0.28393662368518635,0.4616601939249771,0.08819408469103969,0.25139291604901237,0.12121217437069624,0.22910850517814343,0.17659063495179406
548,-0.3696825054862353,0.16286743592407577,0.6411112291435616,-0.4788997042185447,-0.04808995796576232,-0.2847630814785915,0.4670977693325801,0.07974807919315156,0.2507826050884272,0.1212119551471058,0.23173265467632873,0.1473138876182608
549,-0.3709785654432117,0.16562382064570702,0.651471116006183,-0.46738274180358025,-0.04764395653827323,-0.2889053123012491,0.4721816762789659,0.06167600197474057,0.2524234321467276,0.12121256214278933,0.23787788206360977,0.13442180069541326
550,-0.37689383318913006,0.16500890849563354,0.6566141989474565,-0.43017378161093384,-0.050406047605643656,-0.2871783740250776,0.48272307494632066,0.051577229688926536,0.25817729808362655,0.12121183726251952,0.24505842258341906,0.11975865923797088
551,-0.37842973203954494,0.16970436724541474,0.6667197858060345,-0.4255719542827839,-0.050168734022694776,-0.2943591900031921,0.4893372006648101,0.04273709319119249,0.25997527166898904,0.12120514918669135,0.2516924149820443,0.09781552905606082
552,-0.3783226302833846,0.1741519816744658,0.6748269684380859,-0.41570920316030985,-0.04769099847478732,-0.2972654332270309,0.49209846007625724,0.03438061566842493,0.2596791550513526,0.12127381474887589,0.25426112189004185,0.08325543997897003
553,-0.3781489491555481,0.17380597939677975,0.6835793729290758,-0.40306865466583647,-0.04808336365301486,-0.29696042626921415,0.5045430086329005,0.011847363961320691,0.2597824842956932,0.12085678327745153,0.2595387896922171,0.05004480865065391
554,-0.38280724938153254,0.17403978823470387,0.6921310936166202,-0.39146518171300215,-0.048032741001517096,-0.2971822084944307,0.5053696240572195,0.0006882672974623412,0.25996753129391337,0.12346459954126313,0.26460724689229786,0.014880998872753527
555,-0.38246858868387956,0.17345260321060973,0.6937176954580349,-0.36756341097352746,-0.048033794917607106,-0.301499184744137,0.5218487924151235,-0.0026449569791231692,0.2644524512493882,0.12586750800930846,0.27415823975111503,-0.013141748918860822
556,-0.382866857049954,0.17694755424411396,0.6988657557081704,-0.3565104008778073,-0.04803249380914958,-0.3026202964055976,0.5327851601965056,-0.018914211808052774,0.2639393603624339,0.12548666004374925,0.2772697304715915,-0.034251417865946564
557,-0.38106834687425156,0.17844443036317478,0.7077124352122133,-0.35004120406201106,-0.04805343425800609,-0.30585762211014866,0.5432248145701586,-0.05762692954872443,0.26413095221405236,0.12554944284834635,0.2771344266522527,-0.039174401950558484
558,-0.37514201757369203,0.17824498456183518,0.7223141493654645,-0.32507359849675677,-0.04794503152101779,-0.30780485067284313,0.5571062146057634,-0.08192429777568473,0.2639397173318372,0.12555367045433358,0.27648837901381834,-0.06873475445524381
559,-0.37413468250476883,0.17825791633653798,0.7345601348514581,-0.3177619871572335,-0.04840347622727705,-0.313816629794702,0.5682710403895224,-0.10630753806795755,0.2644883424989162,0.12536894926896838,0.28257584013089165,-0.12735884145314597
560,-0.3702127481635877,0.1782659019390425,0.7421831974675154,-0.30965710531512397,-0.04501823548817076,-0.31419443935119984,0.5818903191693234,-0.11155342476336765,0.2601672954304466,0.12682298301266495,0.29750137528405807,-0.14253016041316674
561,-0.3694678210280337,0.17823938055096147,0.7696682842344259,-0.2895140967389436,-0.039841765668258956,-0.3187976815382178,0.5880980450964823,-0.1312620825346699,0.259754375969102,0.13032268166352073,0.3030686802602081,-0.15202570522580694
562,-0.3686326245984804,0.17836700438181993,0.77338328780459,-0.2871925833095694,-0.03496768562519814,-0.3191683580373872,0.5954685131919635,-0.1430112683562468,0.2592376702627568,0.12976974674252642,0.30745334613177927,-0.18272972660431663
563,-0.35556658267308194,0.17780623094001913,0.7838512878654023,-0.2756237807488544,-0.030460251643709562,-0.3236893273420024,0.6146718002916096,-0.1392879006821012,0.2549762080511661,0.1298884108400307,0.30882087102027894,-0.19421871118411346
564,-0.35534921681555165,0.18141224141130508,0.7974547904477303,-0.2467300449016645,-0.029729044567856137,-0.3226285920939303,0.6250844466924539,-0.1397550631105981,0.2555620798980199,0.12986770912631992,0.3205571962555955,-0.20733448747131514
565,-0.3523431657181025,0.182851862330162,0.8081714177025797,-0.23939455191662778,-0.025629046900498224,-0.3255863222926976,0.6389862455754559,-0.139666579350113,0.2552535508492204,0.1298701542109589,0.32454419476336854,-0.2124431145495211
566,-0.34746459834007676,0.18249573626161883,0.8180551152879033,-0.2258372912489163,-0.026670796498417373,-0.32781775569899846,0.6534289445374487,-0.14057053015934853,0.2559023657187665,0.12987243844644117,0.3299831638859724,-0.2168342298503046
567,-0.33940049183045,0.18716341095796954,0.8318332125149228,-0.19914438978000526,-0.02368431346307977,-0.3274398197883103,0.6695139211309762,-0.13388686197906108,0.25166381465418125,0.12985220875262057,0.34036583358919437,-0.2163304083877057
568,-0.33970838009754073,0.1868148135363705,0.8454758067160545,-0.18393825633081684,-0.018439785922522052,-0.3275505276053048,0.6897915061929011,-0.12058992219780586,0.25115243886521904,0.12996969152912086,0.3502923509209625,-0.21648048543098275
569,-0.330543815227441,0.18722106976915986,0.8648263350934766,-0.16317941642724246,-0.013636827480492289,-0.3277589135634369,0.7110367834634154,-0.12227341544988708,0.2464011648164639,0.12941752559283068,0.35537250696438516,-0.2164439199670488
570,-0.3302958681213994,0.18535683739291375,0.8660155477363541,-0.15456755641105338,-0.008694903782618574,-0.3322793059712872,0.7182342328958375,-0.12345386676364509,0.24099454113648328,0.13289531401065338,0.3667587170070628,-0.21645075933468624
571,-0.324930324472067,0.17941518580836965,0.8814673114826659,-0.13080085141656747,-0.008797519388830104,-0.33168783815610486,0.741745542873767,-0.1102768294649662,0.23016987315596285,0.13435062136913184,0.3771873135814309,-0.21645136956733094
572,-0.3202327689169656,0.17850540295172038,0.8973512634568486,-0.12562344625977595,-0.008717063826826686,-0.3322258301523117,0.7599447474240272,-0.10923676513631844,0.22431711788089928,0.13422643646636104,0.38020576687089347,-0.21645143880192225
573,-0.315230439748131,0.17441735184780355,0.9166558271682016,-0.11488954846175058,-0.00869598095005492,-0.32956310592017957,0.7650223835022847,-0.10853958724784386,0.225738115789315,0.134419723817855,0.3880803797608589,-0.21641340122890704
574,-0.3105493579783374,0.17390035230295917,0.9270321178467323,-0.10713365810538893,-0.008933586778309048,-0.32389592337918166,0.798508907428181,-0.10458054934186205,0.22163708347001737,0.13891273062918236,0.3957770685842689,-0.21671988782040227
575,-0.30317800910095133,0.17360511034141632,0.9463420306393542,-0.10004467117666918,-0.006708456726064099,-0.3229879029339922,0.8036369580098325,-0.10353264596249714,0.2208201837040571,0.13840344795523582,0.4060147641252138,-0.21468800148213843
576,-0.28786025658464126,0.1682189026355736,0.9622144411376439,-0.09265912945282424,0.003112585595051562,-0.3230924986906419,0.8258571696767953,-0.09754050332287383,0.21633214454446123,0.13856032523697964,0.4157674954319085,-0.21171830774309677
577,-0.2870142158240454,0.1648965852042746,0.9783562273973161,-0.0876726796823089,0.004294810076161428,-0.31873494627324184,0.857002109837097,-0.09585857309879148,0.20677371007881815,0.138521118728547,0.4298293062550162,-0.2121991995606971
578,-0.27323555004310407,0.1651871962988486,0.9898283904272662,-0.08699002678385531,0.008874262635419336,-0.31669830242232977,0.8644351922198699,-0.09610114193707579,0.20310287930100282,0.1385295214704141,0.43345653521295213,-0.21211139101064294
579,-0.2728491845650939,0.1656597419597561,1.0044473848735644,-0.08238920356499874,0.008361703141843901,-0.3091291862975086,0.8738898684655576,-0.09606793708122707,0.20418651993475276,0.1385276298810987,0.44217915583695366,-0.21211963608335954
580,-0.2614356361714549,0.1617733918062471,1.0235841817658566,-0.0733694146347108,0.01083720850820579,-0.3100303309640027,0.9093961862325157,-0.09606912290460314,0.19908645867317876,0.13852792582713608,0.45584103102944123,-0.21210243654116864
581,-0.25399604189528324,0.16072192836417085,1.0345423445432842,-0.07404515267944727,0.020179324849731884,-0.3108976314205835,0.9312347391561057,-0.09607024059361807,0.19103898166046496,0.13853756111848126,0.4618793713455541,-0.21232174838330573
582,-0.24990073407067573,0.16081251547898703,1.0446488917096666,-0.07424391397242272,0.02210845005092907,-0.30267101638648297,0.9469399187204776,-0.09606986784474632,0.19066251227726705,0.13845712807364982,0.4693628361514751,-0.21070652487992467
583,-0.24143892176198178,0.15593266996678537,1.0579913228725049,-0.07148203727453697,0.021484280159517814,-0.30115012321261475,0.968127642610482,-0.09606930597981718,0.18641561510259097,0.13891129550605286,0.48854907309783163,-0.20735200323916766
584,-0.2315745062692173,0.14996466985598547,1.073617633751484,-0.0692986669212455,0.025099787708000282,-0.3006241562219761,0.9859342843160727,-0.09607228928306068,0.1816389161953961,0.13609552070793174,0.4990694073294549,-0.207878453676637
585,-0.2217220155249188,0.14092630250112184,1.097297997935049,-0.0695071992202048,0.030544604867959176,-0.28539039298501656,1.0139186811290564,-0.09606171371183408,0.1822639145495887,0.13390574738135036,0.5170716149820036,-0.2078057339628083
586,-0.21618533768544623,0.13894049750032103,1.1045419112447579,-0.0697100114213231,0.03111879616668251,-0.2791638221853546,1.034193204179605,-0.0960886335071015,0.17915226081803803,0.1342420960038811,0.5219258542593052,-0.20772471799583356
587,-0.20102406590444652,0.13907845289136497,1.1176603463465042,-0.06509652985168374,0.04538154527754366,-0.27789050602649196,1.0496746619723034,-0.0960820697704822,0.17084284253457419,0.1341966855969896,0.5314231474488039,-0.2077471143289954
588,-0.19605727561891098,0.1394172081477671,1.1338839338262585,-0.06456874136273977,0.04910378758816208,-0.2721284962218899,1.078519458844163,-0.09556175872637422,0.1639469747202095,0.1341984361983506,0.5313728580692333,-0.20315316059345281
589,-0.18952695236519135,0.13517651966288705,1.1346508080994857,-0.06039458813821482,0.05478425565238348,-0.2680333555107815,1.0988335584924995,-0.091258719369237,0.15328466493813728,0.13419570333895192,0.542198672886017,-0.20358143483586616
590,-0.17887279431082687,0.13025498208260017,1.1541864603527519,-0.06088651774207204,0.05702132700318143,-0.2581841915184836,1.1216103283334895,-0.09182632595347484,0.14753447292570104,0.13422305885243474,0.5528551301549984,-0.20342959162549826
591,-0.17569807680203384,0.12465113719451328,1.1666014671619704,-0.06130838427143485,0.05684339765581657,-0.2575659361157444,1.1450914272587984,-0.09168301515644058,0.1427011253072133,0.13408344927502747,0.5717982475055644,-0.2034723437204697
592,-0.1625367490935886,0.11559050917258794,1.1822296788236826,-0.057546788235032946,0.05641769010205115,-0.24766802877109345,1.159020971878834,-0.09167338319011878,0.1333432254637131,0.13466565649826948,0.5854143762515981,-0.20345677751147176
593,-0.14768379996998995,0.11123476556376728,1.1965587876974613,-0.056396327781743034,0.06105795723742074,-0.24454900232306642,1.1796966246138134,-0.09180635425401348,0.127703013460809,0.13074534351174139,0.5903893002875302,-0.20347776880793314
594,-0.14363412363435712,0.10628430559569466,1.2028402315912732,-0.05652364591422617,0.06139376101739194,-0.2431978052356942,1.209504445137763,-0.09155839970782359,0.1184984764251018,0.12978355156448929,0.6034145068695094,-0.2034432769649225
595,-0.14121104430027662,0.10099821632252179,1.2154151751125755,-0.056636921036824564,0.06572617068171296,-0.23730961306352769,1.2232384195032853,-0.09619434504292836,0.1170665373786681,0.12986416468290815,0.6128208780941972,-0.20332792807946598
596,-0.12412236745346261,0.0997788824282521,1.2282257504246337,-0.05554597490916311,0.06677936729492283,-0.23550904761233538,1.2306402056716232,-0.09673784631190536,0.11407670445787903,0.1298765648525526,0.6228554520472529,-0.20504727977319212
597,-0.1163972282111822,0.10012722863689444,1.2478171414921282,-0.05170682112767212,0.07036763140637768,-0.23608559550052574,1.2506104519977699,-0.10093775133131269,0.1092118915463705,0.12986780894474836,0.6391198321617382,-0.21272536799199065
598,-0.11783106041726446,0.0955030100937322,1.252561778537334,-0.052284043449010505,0.06970242786795966,-0.2316906555987486,1.2771165126440738,-0.10030830356642495,0.09998736030704357,0.1298707654738919,0.6447773651071574,-0.21393489071066893
599,-0.11455029738088429,0.0952221467508934,1.2575237614255694,-0.05216534589872547,0.07009675195006167,-0.22703341391787715,1.2907164876165627,-0.10046225220805592,0.09030310659240584,0.12986998129443672,0.6543434074068285,-0.2168606979895518
600,-0.10510165559943772,0.08916335516584648,1.2637384589809675,-0.052130794604055106,0.06933659555127566,-0.22587528742103632,1.309790336449588,-0.10043996078756086,0.08635783089819951,0.12987017005304183,0.6584578755736716,-0.2163837885262502
601,-0.09992400318338296,0.08795447176873543,1.2743281052399549,-0.05226357631656781,0.0785212942001746,-0.2147210503476621,1.3225492318620038,-0.10041775349402435,0.08656544260418043,0.12987009132308167,0.6667603071733177,-0.2164433649826283
602,-0.09436318747574195,0.07874120820703305,1.281680655880662,-0.04742945276060018,0.08337866201748516,-0.20719034153540547,1.3370479156717237,-0.10042945759275784,0.08698789546437888,0.12987015747623312,0.6785865366232795,-0.21644459661483972
603,-0.08583555256813818,0.07395877512066337,1.284545841510234,-0.03868460684788269,0.08861092710751307,-0.2024791649935091,1.3560604435238819,-0.10091869156419798,0.0838007275338948,0.12987063733369786,0.6800460111993585,-0.21683685320738313
604,-0.07754218511153904,0.06641443318927504,1.3030366272125826,-0.03813289180152203,0.09215742728529798,-0.1978549605968045,1.3633179248263638,-0.10524949039819691,0.08197236306596707,0.1298654972044323,0.6805318494827028,-0.22200966490459392
605,-0.06650415964018558,0.060961431455182735,1.3043245774298133,-0.034258060548336564,0.09117332580323023,-0.18883207548146067,1.3730481935191547,-0.1046511489697983,0.0823957242816769,0.12989711704613593,0.7081126936238011,-0.22714644297571088
606,-0.06205304512063542,0.05180072913209024,1.3100230062762015,-0.03493014184001514,0.09457129281256006,-0.17886924833013468,1.3958268546660282,-0.10495325853256468,0.07771168166027545,0.12974360217173525,0.7100077164434929,-0.22976569107089453
607,-0.061021127053888194,0.05134887783660417,1.3184207618833075,-0.034654244787086196,0.09629022007506333,-0.1741322617942138,1.4046461179684833,-0.10434343889533762,0.06844368841584676,0.13036847021154585,0.7192512025211525,-0.22938015316183813
608,-0.05692261011498545,0.04801173165769567,1.3152589667963377,-0.035079970132402015,0.0960489294017747,-0.16820473624237856,1.4168993968322963,-0.10845474362553807,0.06235341899038931,0.12623279855125094,0.7195128555253136,-0.22942136991377401
609,-0.05189714800929281,0.04349555738362115,1.3138655848682128,-0.030579905422475715,0.09607206808642182,-0.15704012874031262,1.4277536309734542,-0.10925922204495853,0.05578993369842475,0.1256706776895155,0.7232178969493744,-0.229475566311759
610,-0.04238797392640433,0.038789759641252024,1.304848810764429,-0.025312245917220855,0.09594536780390357,-0.15260005359008752,1.4327568592525792,-0.1094101374951011,0.05408755853007098,0.12107839569830117,0.7247562305550078,-0.22965765096271035
611,-0.038176771872512,0.03609815362368408,1.295427024253396,-0.016658913881064455,0.09710697302095139,-0.15011598419969915,1.4451258995810679,-0.11389970493600626,0.05129379782423868,0.12131457234775878,0.7324729108378207,-0.2341867063177489
612,-0.031590714945610665,0.030950433848117874,1.296454490531043,-0.017643133150605714,0.10090299856841847,-0.1448958841914931,1.4604790274464592,-0.11350480221863013,0.052924331526641166,0.12117696312367485,0.7474909580312605,-0.23339395396113036
613,-0.020753058242899206,0.026058465819036897,1.2778179216990881,-0.01721031172367503,0.100340440949527,-0.13980697234841782,1.4704619218005652,-0.11312357305073402,0.03938620910753518,0.12122149999561622,0.7488942968464739,-0.2354782001095992
614,-0.014826545699128535,0.02578513540765928,1.273214541575651,-0.01790525238627432,0.10039274196881759,-0.13953876305048624,1.4878025457286652,-0.11634237927081152,0.03460350729410176,0.12120999486503416,0.7534918633207636,-0.24081749655891868
615,-0.005613186121445677,0.02023415885311526,1.270224630066051,-0.013857102179730315,0.10064542672256224,-0.13430276001692057,1.4859995645746005,-0.1178332931310738,0.03444221282713925,0.12121262112834409,0.7532845927673119,-0.2454829039008506
616,-0.004366467711525296,0.016976880052242824,1.262556696024304,-0.013197121275932299,0.10001673714473903,-0.12918292962490605,1.4812589591436889,-0.12152846928193836,0.025434224020727484,0.1212117744728527,0.752087654620152,-0.25081704796468046
617,0.0002991520937475634,0.017829990196860296,1.2503335718159148,-0.008648427765380634,0.10937066559291547,-0.12627385533401286,1.467055057459304,-0.1266442939932343,0.01600929249487402,0.12121220936173524,0.7466281300470596,-0.25108907119778756
618,0.004595267674098272,0.014738265772976444,1.2327839196224952,-0.008929204778858519,0.10903213118021372,-0.12674484249259466,1.457769478308546,-0.12649645105778176,0.018034024019583858,0.12121767903925357,0.7420200596891405,-0.25575172520860495
619,0.004241031553899254,0.009592612437203319,1.2224718775069103,-0.007476380617828305,0.1089360969014097,-0.12651957445391596,1.45263458215565,-0.1274169289120995,0.013811882129542687,0.1211658678077051,0.7364850325056737,-0.2550238020265494
620,0.004484750295112116,0.00465084472039308,1.2097328497781419,-0.004536713734353149,0.11104686982821259,-0.12686183247739083,1.4383706242253147,-0.1332546563522847,0.012906968127494188,0.12147237522104663,0.7330188132451853,-0.2571883734180891
621,0.003847333988716007,-0.000350099831624688,1.1947076947982027,-0.0001871687931233356,0.11348960198521017,-0.12217033222851466,1.422082725289081,-0.1351933278313875,0.012983268450162858,0.11937850165413642,0.7095579452421975,-0.2598002088959927
622,0.007580010016269641,-0.009933306920059127,1.1769333491664433,0.008179565186524032,0.11654837853418515,-0.11589061558784954,1.4161252332304461,-0.13846623497114913,0.012950672493723451,0.11345472966408264,0.7104051558906949,-0.2622729335395628
623,0.008475914556228984,-0.013363293382884323,1.1698823420417717,0.008320146748049888,0.11809278236880058,-0.10380892302649995,1.409307776492261,-0.13956050948017484,0.013285392750606492,0.11279828594854115,0.7095396378180034,-0.2676795077037135
624,0.012880224831804786,-0.01255089581497577,1.1488314975096923,0.012969122408889882,0.11788809375838602,-0.10334535095862438,1.3851319320045063,-0.14387336012252958,0.01105905362018842,0.10843778396167789,0.6994311144041211,-0.27228494003314285
625,0.013197769100796787,-0.01569534255999829,1.1274346928743235,0.013616047078807035,0.11789689403468705,-0.09981905982264085,1.378924286796937,-0.14400257917969436,0.008723192028304877,0.10825664132321555,0.6929025569190613,-0.28188684347447435
626,0.017704316984532502,-0.017190340545699217,1.1017183656124097,0.027043831678516008,0.11795328415612022,-0.10103776271721851,1.356335190687691,-0.1448606522213604,0.0055694424284958985,0.10838035930142688,0.6834660111652602,-0.28578067302356586
627,0.01791205917717156,-0.021166271103170348,1.084310231287892,0.027080177163172563,0.11759879689133977,-0.09647641056520462,1.3474427694343356,-0.14886569616625184,0.004164266853512202,0.1068945570808734,0.676345633929925,-0.28663495236598424
628,0.025995558694982705,-0.02165906545245922,1.0745719569572956,0.030655101771625684,0.11982959753752936,-0.09619105655579599,1.3154085488727378,-0.14865690860178515,0.004342087120794318,0.10344554496070024,0.662684580846244,-0.29261649403062945
629,0.031104663523948837,-0.026305870719069726,1.0550966647033695,0.0326151991765606,0.12262549991465395,-0.0865305494198851,1.30117202506342,-0.14722442222995272,0.004419586640940097,0.10399449118354044,0.6578035087284937,-0.29413913265990227
630,0.030320951923421022,-0.02583420780538671,1.0292307828201488,0.03788316852490271,0.12232568696536504,-0.08272391484118814,1.3016678145692255,-0.15800782693225898,0.0034589906294575467,0.1038785782097133,0.6515954617708591,-0.29775485720523437
631,0.030404166037178756,-0.027164755657499772,1.0044073560893456,0.043136567878219116,0.12191876041471189,-0.0833907293974455,1.26007660974404,-0.16592506409645846,-0.0004675856102519045,0.10389830529883189,0.6437639090783429,-0.2985190375051799
632,0.030502553701865543,-0.032850186493449125,0.9955401138778799,0.04345639313493423,0.12654832661551302,-0.08067123502406907,1.2271769393150238,-0.1659298764244233,0.0001248357339741516,0.10389617083946412,0.6332498643222695,-0.3030226480253922
633,0.03090062022523879,-0.03518385784143302,0.9744984704029173,0.04843464260919103,0.12686284611374327,-0.07860756236825966,1.2197394983229999,-0.1704784314159369,-5.952389101716705e-05,0.10389357465930378,0.611611848361869,-0.3032904507566837
634,0.03988739977085156,-0.03429282977584594,0.9505670458479875,0.05292577673377583,0.13142779568523014,-0.07555082337027365,1.1833777466621997,-0.17119291912664997,0.00011800523500143299,0.10391478138207802,0.5983522831691847,-0.3086152009406718
635,0.038882898627533476,-0.03863978179897025,0.9178485145050315,0.0600935572719142,0.1308746509139928,-0.0700889757437108,1.173158151002321,-0.17514861184441283,-0.00023362153207598726,0.10379455788081558,0.5975269452380967,-0.31339133806002706
636,0.03919596494925159,-0.03914430301179601,0.8919098209067512,0.06560647974125187,0.1310166294841126,-0.06988705132320297,1.1428415715159854,-0.17468045590397202,0.0044041627578351155,0.10435059113390188,0.5881328228354735,-0.31819075660793394
637,0.03911542851718217,-0.03916684339599505,0.8774294453438806,0.06770750821093431,0.1310896219632612,-0.0698624999172306,1.1199650445361737,-0.17419794757978493,0.004677443810451795,0.10082178392164076,0.5696426886100756,-0.3236805433581325
638,0.03913388699488136,-0.03895914741584044,0.8592090839977584,0.07258390936700533,0.13068245551694135,-0.0697979945620699,1.0939461838078217,-0.17839159918016376,0.010337699452590002,0.09940103496330815,0.5577946009675833,-0.324490021214217
639,0.03912829860467339,-0.040295136172533386,0.828047828638497,0.08189454350696172,0.13459185002851218,-0.07026892522059994,1.0631272354610584,-0.17892602386685225,0.013283817635205187,0.09957765593310204,0.541620054364649,-0.32868641426143896
640,0.03913239893080447,-0.046079158804912236,0.8182989861151508,0.08711393523513586,0.13970492142111754,-0.06731287580085847,1.0477079948162524,-0.1835790999705435,0.01304314445618978,0.09957094537853438,0.5263595149575875,-0.33380243641916857
641,0.03914996775368015,-0.048081582246439235,0.8036377286185787,0.09144036536403544,0.13957765851592777,-0.06522462518624361,1.0241662243503464,-0.18312667122386528,0.012528775227107122,0.09956506593698211,0.5165941640970187,-0.3426490366691299
642,0.038933795201524915,-0.047781487532356344,0.7795406657703146,0.09239204641617922,0.1407695241255552,-0.06554061941220381,0.9874936783369354,-0.18472074967277502,0.01683466747919989,0.09956774177895152,0.5038326310129911,-0.34180694655615884
643,0.040495754845658344,-0.04783129625800077,0.7563238128313331,0.09632287790665425,0.14396529396525692,-0.06550071410252688,0.9802686568937865,-0.18832915989586987,0.017281704129420147,0.0995669364925486,0.49809043782957374,-0.34185902450031064
644,0.04392989224784881,-0.04782622528080734,0.717868938509749,0.11048269635833116,0.14790320505608165,-0.06550092293089896,0.950678712972143,-0.18721339708174198,0.022176842776121423,0.09956713442303522,0.4788709766016075,-0.34368055661600305
645,0.04337744389135063,-0.04782578172999854,0.7037360960617124,0.11753838537180576,0.15636887425485788,-0.06550276601035361,0.9384724569277785,-0.1910673512985124,0.02699739425570296,0.09956709333919611,0.4633485949861243,-0.35313579747715823
646,0.04349714475894976,-0.04782620548180752,0.6832204347997528,0.12482114973036747,0.15739073999242567,-0.06550197175934772,0.907442351493475,-0.19234327993008377,0.031867497267252076,0.09956710078633818,0.44701933658296017,-0.3551984214849257
647,0.04347563629010992,-0.04782605226889651,0.6418208809358078,0.12600047569250378,0.15699932184407533,-0.06550240220339142,0.8613182336165436,-0.19211207086121396,0.037145946355156334,0.09956710025807074,0.4312767530769959,-0.35497369942298224
648,0.04347836904857335,-0.04782609836042826,0.6226906639296567,0.13576872083311148,0.1616288315423329,-0.06550147930425874,0.850449916848975,-0.19679619521456776,0.039347481629301156,0.09956708227679735,0.4100893947617643,-0.35489359586691355
649,0.04347834323237546,-0.047826072878590406,0.598621340954909,0.14393334622354367,0.1661920327283046,-0.06550440874749712,0.8166288692802754,-0.1962053213070045,0.03852593880294596,0.09956722412314266,0.40124194111428835,-0.35568893636451215
650,0.04347824168595491,-0.04782612605052205,0.5827560702755312,0.14412246301406814,0.16558339395694202,-0.06549779673310763,0.7869642070219387,-0.19786219251205547,0.04299455805868698,0.09956644100778689,0.37852383675003876,-0.3614689831043173
651,0.043478150870621665,-0.04782601293382194,0.5514405490076896,0.15210962713808696,0.16771135819276375,-0.06549232918489017,0.7660664812745573,-0.20326047805360434,0.043227551716883104,0.09956998149176945,0.36335002354975965,-0.36350750031095813
652,0.04347884526323352,-0.04782590324003329,0.5304234277038945,0.15955227952414017,0.17025035417599343,-0.065673961212122,0.7351037892645923,-0.2079844999608465,0.04392229414508836,0.09955656342097947,0.35845638248909023,-0.36649457650006856
653,0.043475847795419825,-0.04782910627394473,0.5165250750838489,0.16389182075017314,0.17327275084721336,-0.06419645688101976,0.7103590586857534,-0.2133582503144326,0.04812764830628878,0.09959631386170557,0.34541743007385195,-0.3682462620332933
654,0.04348662516869418,-0.047805564350959014,0.5024047577980818,0.1693733049453804,0.1745670766362303,-0.0610802840007369,0.6833414661050016,-0.21402554969094056,0.047173504256556725,0.09954001801703258,0.3285122708581927,-0.36780793287311747
655,0.04345668714736485,-0.04793227512230572,0.4682069358197771,0.16958646511504524,0.17856903402101396,-0.05865200319887778,0.6636272539770026,-0.21398157171206736,0.04987987352829366,0.09916938039601453,0.32027311479136283,-0.3725830739939792
656,0.04348920211615229,-0.04736380078483802,0.44908011018237703,0.17921238141547835,0.1835875319110805,-0.05648624594921073,0.6242435542756065,-0.21396592808278792,0.054953186352761516,0.09554606663969588,0.30681035797291506,-0.37693046928241913
657,0.04383976237218607,-0.05095879425267982,0.43690365125560465,0.18370163823427144,0.18778784218492062,-0.05678345738806434,0.5984513807303519,-0.21399153901199036,0.06027207484599578,0.10130630989087937,0.2950129220872266,-0.376255140509491
658,0.04823871003810178,-0.052319480823948605,0.40918101669799767,0.18830436339634768,0.1896753741902741,-0.056783288178651886,0.5837921437117707,-0.21389270623249693,0.060559810997323986,0.1064685819300418,0.29032857209955953,-0.3784591571745906
659,0.04770065754787005,-0.05218877183502131,0.40047526704246567,0.19619180804567435,0.1992099053502767,-0.057162237492681345,0.5590451410730165,-0.21431648666569558,0.06510735642662434,0.10813606542853635,0.2664763083678365,-0.38179178195770225
660,0.04785777887919084,-0.0523447616791098,0.386700839277846,0.20091884386420758,0.20117883338513087,-0.061326844222269555,0.5457868609140037,-0.21114120974520778,0.06571736392833541,0.11136501386384202,0.25914332356197967,-0.3776333793370765
661,0.04781920814910891,-0.05763038531467523,0.3774495902374284,0.1988363616630436,0.2003804346611397,-0.06257943185229033,0.519380523638206,-0.20561597477889695,0.06986782976142666,0.1165241022047268,0.250762013414137,-0.37650282541204455
662,0.047827362624438534,-0.06129055012720945,0.3731103612191421,0.2122005929126268,0.20452284558182385,-0.06596520054156768,0.5119034988220408,-0.2052312393635786,0.06866691824289914,0.12143294008752163,0.2387808692635736,-0.37662572276657935
663,0.047825826787408356,-0.0603730736740228,0.3540704991483954,0.21755410405016015,0.20532827957166613,-0.0654041915012044,0.4787676793683572,-0.20522628920477792,0.07232674727505126,0.12580374585691892,0.2388643283766529,-0.3766062995772598
664,0.047826099960824,-0.06349883759564744,0.3374633664075091,0.22256217913380194,0.20538517694655398,-0.06552593601203749,0.460942338406249,-0.2052474422481007,0.07338969552531821,0.12552425761053185,0.23128094887470788,-0.3768089150867541
665,0.04782814723999493,-0.0655942182175418,0.31486588533300613,0.22774327240986889,0.21063047046284838,-0.06548522230324295,0.4426473027311793,-0.20523097790112502,0.07764992053802094,0.12516252500319097,0.22220073303083634,-0.37530850834776674
666,0.04780936635329286,-0.06486860583497435,0.2987230005908822,0.2305086914834154,0.21433594455995542,-0.06546019197816465,0.42364121540343214,-0.20527508345862927,0.07791790809855546,0.12811888608159414,0.1986580523235662,-0.37009655446936357
667,0.04792027681049719,-0.06950458068670969,0.30134843901569663,0.23244879685118675,0.2137662093071567,-0.06619163365994998,0.4089313902523464,-0.2051049639750944,0.07743022790352039,0.13013440637179394,0.1980594951548055,-0.36468820654033285
668,0.0473878566623721,-0.06950076673433228,0.2733735314986684,0.23838884488103926,0.21449372992810267,-0.07003574790991818,0.39760172990288395,-0.20566755144091567,0.07217678781476142,0.12983955608037323,0.18147655237128013,-0.36386072262769736
669,0.05065802237460823,-0.06959870234204796,0.2737220155008324,0.23899582419937507,0.21065396239449233,-0.07164180389576982,0.3917991250149973,-0.20108609135029806,0.06704541954749083,0.12986872820909653,0.16845909476576165,-0.35960620678053146
670,0.05240174805341116,-0.06953009147303363,0.26089613837824355,0.24333197808004564,0.20979844930354632,-0.07477408109108591,0.3587120253451649,-0.20075629467703032,0.06453823705361536,0.12979009375264872,0.16276838714449082,-0.3593812616082983
671,0.05214540632773896,-0.06969190071949859,0.24988195753837492,0.24797511628231902,0.20537564401625,-0.0737140875926211,0.3496388434891389,-0.19625819580740944,0.06530904593191518,0.13063757476236407,0.15022306891663684,-0.35860618819829776
672,0.05217297911864898,-0.06906282963611671,0.2437692473886692,0.24796237716827593,0.20527947441311079,-0.0781047632234511,0.3458689766732769,-0.19561192794954074,0.06142804343007563,0.13598196472333365,0.14695052521688962,-0.3548320528667348
673,0.05220712242485117,-0.07309473645867369,0.2324006894647895,0.2463725122757916,0.20540239437597765,-0.07861394495512825,0.3296185589919023,-0.19016883476853938,0.05630077227193968,0.14077278434581078,0.14299378388106174,-0.35317932111155
674,0.051928494861703076,-0.07375533523447934,0.23028955821301347,0.2429121182809825,0.20390102890979764,-0.07862080313128085,0.3199680701004054,-0.1848067500167104,0.05604889868845994,0.14570389005250262,0.13389138150209293,-0.35036820719171863
675,0.0537778581817667,-0.07829019759371214,0.22675986067663398,0.24406464208121664,0.20028897094205964,-0.07859792510289834,0.30075998087007866,-0.18354510190022333,0.050515350742509436,0.1506387429760613,0.13318940214132297,-0.3486945504608446
676,0.05695117039086151,-0.0780870703747374,0.212342215646367,0.2399177123494109,0.201511538946418,-0.07858602489375513,0.29045133165598447,-0.17984158765356775,0.047538865659076876,0.1554910703217586,0.13080602461735097,-0.3351638461860207
677,0.05642984952691303,-0.07906144148987951,0.20366423002536077,0.23921483514812794,0.1973068024598764,-0.07868987933098467,0.27988611327299817,-0.1747763742601689,0.0459135230922999,0.16029013567940884,0.12081418849763044,-0.32897195790836853
678,0.05654293225657499,-0.08471185760044635,0.19655759101223727,0.2346371472450693,0.19699896866099725,-0.07826038173416879,0.2793443779717089,-0.17005991859853348,0.03987973369554522,0.1601295878454327,0.11171265730366886,-0.327900129462317
679,0.05650737471141927,-0.08726625854124048,0.18226134417564951,0.2303150448537681,0.18788079973640268,-0.08180099032375084,0.2638265478346845,-0.17078712872636687,0.03923024851990602,0.159973616380702,0.10915144095860183,-0.3152227794883752
680,0.05651001473105854,-0.08690124686973438,0.17561181293395187,0.2296205155334327,0.18788432487636972,-0.0871550984754837,0.2517071873494345,-0.16754917193747887,0.034852421607867175,0.16173128676314213,0.10824284485494047,-0.31327032227047585
681,0.05689125467919876,-0.08693883398008391,0.17097716518213732,0.22415124774523312,0.18794466992173303,-0.08731249242702399,0.24531460953956988,-0.15839285795954156,0.03454755714870838,0.16756961309357093,0.10346870807410616,-0.30664262710864504
682,0.06235502513898167,-0.08701095080256259,0.16587939887586353,0.21934522608805287,0.1862264319377472,-0.08731032842682905,0.2380858762598761,-0.15739139258471438,0.029297275766156303,0.16892764631873353,0.09390843178449242,-0.3054748571274394
683,0.06556036704685021,-0.08707666563925273,0.16126201929788697,0.2145396632317841,0.18327573637191624,-0.08762814671078906,0.22730325121541017,-0.15409599147422212,0.025195552087433147,0.1690159642250931,0.09098508091838346,-0.29619508589911464
684,0.06513227260115399,-0.09164540904147267,0.15186362465660097,0.20916830856770377,0.1811759972380248,-0.08541359917989723,0.21473925169751837,-0.1486864638708869,0.01590883987652268,0.16448446055770946,0.08892248056135041,-0.29016564725889343
685,0.06524347288731547,-0.0911780254826717,0.15219746263231515,0.2087424720723003,0.17532409096003698,-0.08246201992515163,0.21402879153358353,-0.14849618698878786,0.004846723431584772,0.15996018624238217,0.08667613403706251,-0.2899787180386936
686,0.06518603122403524,-0.09136580855716314,0.14329123817760417,0.20379811954201238,0.17172984498932992,-0.08348310255070389,0.209223499243012,-0.14837752200036514,0.00475833214488415,0.16025461933339338,0.08329653056673707,-0.2845872263213722
687,0.06527608794837653,-0.09117332746444806,0.13396002509771557,0.19368434554334488,0.1527768241598303,-0.07907514133718793,0.20437213331075582,-0.14900208670878198,0.0003439792301846382,0.16016810752270766,0.08233258436521938,-0.27288763440493674
688,0.06531291963074935,-0.0917639660557124,0.13248198818732132,0.18494324947708526,0.15268754400418136,-0.07859686555534082,0.19936876600672726,-0.14501402422126353,3.960247890127857e-05,0.16009206439152154,0.07797825328138842,-0.26149165679823066
689,0.06989152778430749,-0.08761085472804243,0.13002293670494333,0.18207269474153245,0.1478747217293679,-0.07866095746746796,0.1945547548837696,-0.13688871785063805,-0.009512990128817825,0.16050049662906873,0.0734790418949896,-0.25689352563172113
690,0.06944462195344552,-0.08691337242605925,0.13072219865688695,0.18379556304489653,0.14888728996320255,-0.07788701954120916,0.18912427831518996,-0.13192191540325116,-0.01421236979748395,0.15689937623640654,0.07294029837941399,-0.2558376920148845
691,0.06960601661667157,-0.08695899828610842,0.12627433603675986,0.1735726740447941,0.146654130540552,-0.07206800572219797,0.1876506665369721,-0.13116041397683814,-0.017349985369538846,0.15160629614934126,0.06718689105068457,-0.2484892723413299
692,0.06952466061961775,-0.08678971088913716,0.12157858095814876,0.16121620765206435,0.14063456802801336,-0.06987045853343637,0.18479805839093205,-0.12676747931460983,-0.01957604597780804,0.15134980000339607,0.06451281555568478,-0.2382707923408168
693,0.06969101749228102,-0.08820783150624197,0.12182519531773334,0.16090592502003215,0.14026809341602856,-0.06747605023513166,0.17034380518838121,-0.1215211572898832,-0.021729788804834886,0.14624787470159886,0.06545932624899838,-0.2332946592370417
694,0.06917980469281118,-0.09206160458911485,0.12166920338834189,0.14651942189874062,0.13189547436367685,-0.06147398672033441,0.1700579197456485,-0.11185849025831067,-0.024532745035558516,0.14082456636714663,0.061341524944834996,-0.22903132412267527
695,0.07365793023225484,-0.08904772391191933,0.12196426063748843,0.14375121881806704,0.12664479721904282,-0.061458294524790666,0.16568440293180972,-0.10920692074218127,-0.03403071632764558,0.13963776391873722,0.06054666988100283,-0.22969268624623854
696,0.0738826376313213,-0.08344727268530827,0.11988563121613821,0.14104094442247708,0.12567888638323244,-0.05213002261042381,0.1643812838592924,-0.10735639891696144,-0.038905734695494375,0.12852939114380932,0.060595770198979305,-0.21407040800687616
697,0.07393465326603482,-0.08252358541435935,0.11082924225307902,0.1292572057770748,0.11616906324790938,-0.0521023651384045,0.16155571036925112,-0.10203639920663865,-0.04084066527344055,0.11336611340818048,0.06061038886446797,-0.19948886004291957
698,0.07392448592203467,-0.08259847203526312,0.10490928885293281,0.1260679148121734,0.11147054348689796,-0.04611285401159731,0.1587136406590489,-0.09678931153399598,-0.05433397394345595,0.11270185695158744,0.06062100983998999,-0.19566749928350075
699,0.07381104973909768,-0.08235049720591374,0.10004232252839433,0.12263159361803308,0.10927108834961502,-0.04376322329275297,0.15699476188298,-0.09596659256472036,-0.058331032322960046,0.108151443005787,0.060519854409617206,-0.19480857911812643
700,0.074370217644712,-0.07715140700777538,0.10016509410862084,0.11830601081244466,0.1061645137864535,-0.041091915146677725,0.1572130834006411,-0.0960053941495216,-0.06094300556694495,0.10218862236340098,0.06097097067339881,-0.1901592863378245
701,0.07084483997650762,-0.07244159792002748,0.09898095447132167,0.09933761056051929,0.10468240710466739,-0.03894697286932207,0.1521961738265819,-0.0904625354481782,-0.060603864524541216,0.08875969734915291,0.05765838135492997,-0.1816846128918493
702,0.06938630249253588,-0.06708755987145348,0.09581153319387432,0.090296251361124,0.10120283050242596,-0.03955209981663967,0.13399740178989034,-0.08013292141322316,-0.06045762283932703,0.08497074872526474,0.05250220690977231,-0.17857487183000947
703,0.06958053053528021,-0.06493841896908858,0.09179926848753941,0.0869667735277905,0.08695541024459078,-0.034956396504578414,0.13627645884959838,-0.0715716088551022,-0.06490499410234034,0.07987302025252947,0.0476388510572963,-0.16677752183824832
704,0.06956811630957052,-0.06526686068872382,0.08393732389730589,0.08489692141537723,0.08759747412498807,-0.030353194302343532,0.1321997254991754,-0.07012550928370714,-0.07449930803213178,0.07456610690850572,0.043070051921253676,-0.1568283007044976
705,0.06956102008753652,-0.06521135069702422,0.07899027502024267,0.0834517971871217,0.08724847385270879,-0.030701524873132827,0.1212840022230541,-0.066629288710214,-0.07821821529149921,0.07349448670431694,0.0433804060647921,-0.1510607671042061
706,0.06958129077041124,-0.06521732326246892,0.07843939710216166,0.07361429602272669,0.0873526404865251,-0.030000395839415085,0.11417067695462166,-0.06561930542671449,-0.07748857661581197,0.0735734690109869,0.04326378940481355,-0.14808374597367374
707,0.06948634825908266,-0.0652183528942688,0.07390604756510445,0.06526336901422684,0.08736394459738325,-0.018747845986146684,0.11377311755851151,-0.06131153033023658,-0.0802579599348193,0.0732889467506494,0.043296351251161734,-0.1430660828435677
708,0.06990540853898977,-0.06521219648199984,0.07398992087010836,0.06528760970124599,0.08721577118685676,-0.012270952502595574,0.10929280947186663,-0.05626887308654306,-0.08257154476181261,0.0688564519668266,0.043288772552774246,-0.1332535144767369
709,0.06688560588435422,-0.0652454354200137,0.07390699579467788,0.060425774674299125,0.08768382190237231,-0.013121762666193859,0.10937763257151677,-0.05231486056550285,-0.08217338289425057,0.06939265739506545,0.04329024239440693,-0.12406504460589948
710,0.061379957070557,-0.06508937133506287,0.07377463891658652,0.05536629434466027,0.08311210857278267,-0.013277130612221875,0.10762245610027889,-0.050844952727455234,-0.08230249438269134,0.06867528044667982,0.04329002722261582,-0.12103723461663426
711,0.06079438045698917,-0.06571612153532096,0.07459287752939234,0.05197239148218444,0.08303321633950013,-0.008662951380034617,0.09838025049956466,-0.04839054885680524,-0.08246585585442016,0.05373685088846493,0.04329003992225089,-0.12026475372776536
712,0.06063428108732309,-0.06157454443864566,0.06895392360241938,0.050922782415435366,0.08277457182199903,-0.00758071821578766,0.09376036911350775,-0.04265402242043638,-0.08677333019905137,0.043147483409307685,0.043290045718334585,-0.10874830281336977
713,0.056333710061275286,-0.06099979223352704,0.05825981700034307,0.04224261717211334,0.07399368876749016,0.0022739919673165627,0.09128432950163899,-0.03621928805897156,-0.08777506269732333,0.04368764042089104,0.04329004042750199,-0.09721333718750132
714,0.05536760246531349,-0.05640594789955497,0.052311815720506395,0.0356545422398817,0.06467800080241447,0.0046970557784423534,0.09211833160860142,-0.026775321498063023,-0.09142090817558386,0.03434844234536176,0.043290054292647866,-0.0871527313194773
715,0.051683507556596536,-0.05688323735897264,0.05211589428418414,0.030950949853028053,0.06311668084354281,0.0037857042918428953,0.08785664475938791,-0.026156385481016568,-0.09067831049474584,0.02962407452624851,0.0432899980701595,-0.08662850703918697
716,0.05228585814756535,-0.05441558061048695,0.047736103809200646,0.02601502269512024,0.06082116354615267,0.007957986953933382,0.08287151459946794,-0.021470658254881616,-0.09135953068523578,0.02489233755018641,0.04329019943704411,-0.0861305702729848
717,0.05215231334885018,-0.04543029984582611,0.04604671152965139,0.021556061209316996,0.061178317275387556,0.00828024979349207,0.07311702356120309,-0.0218927505482555,-0.08701594094331155,0.017871888582751846,0.043289659336755534,-0.08069597982142422
718,0.0521771099689787,-0.041212161806780875,0.036757800191334566,0.02128646226680986,0.06113386701561009,0.017476711907816453,0.07015719330948678,-0.022210761173488754,-0.08658125473188473,0.010113565440665988,0.04329002107353117,-0.07750590982226968
719,0.052173701857809285,-0.03611880573518452,0.032714329003599246,0.013508138792744609,0.061133417046533745,0.017191036990521862,0.06653814471885588,-0.01925712743935277,-0.08655929984493035,0.0056108656647772944,0.04329831808458519,-0.07832733893047869
720,0.052173744212112336,-0.03133383380007849,0.02719502693403297,0.007894728396618582,0.061140233799974485,0.018525111908763943,0.06015869135901978,-0.01752472221040084,-0.08658941797511344,0.0007718928493341793,0.04322429582601358,-0.07526658575881168
721,0.05217493281497621,-0.026243326480038263,0.025889027434919634,0.009178833713310405,0.06111073806753147,0.022487677313595234,0.06179537881555211,-0.014059417439973009,-0.08657195509386832,-0.004312302691867343,0.04365337689749169,-0.06961737545002217
722,0.05216786566390022,-0.026177559425479304,0.02619358438361205,0.005399064815014979,0.0612514292616321,0.02080824792121639,0.05737299096478657,-0.008871876598768536,-0.08660667722085862,-0.005017816141228004,0.040976150309754815,-0.06935425432551237
723,0.05220361888781006,-0.025361843984356015,0.02139967474038404,0.0001634889279743015,0.06066521013392576,0.027981580689805097,0.05684511912513418,-0.0036185922251796934,-0.086480855775745,-0.013854776887221596,0.03851097231988371,-0.06479205050775097
724,0.05204916736921708,-0.021286617926998517,0.0126307592775463,8.811943376594554e-05,0.06454072697705492,0.030824909682464985,0.05207345472987994,0.005140473454724324,-0.0868780124716224,-0.012703819114557898,0.039432580108463774,-0.06418444682997562
725,0.05261866039659296,-0.02185155761939658,0.011963484139693363,-0.0007680301442782535,0.06561701891173079,0.03069319332689661,0.04720982340918309,0.0038047974894880997,-0.08255249982612431,-0.013170505097887341,0.03473540341488445,-0.060375475897280075
726,0.0483784685154845,-0.021745392084052247,0.008944032877812891,-0.004495015342919543,0.06550313823839005,0.026009086255959525,0.04220702658306252,0.006561460643004229,-0.07757752210411945,-0.012502956077799488,0.034240190664555685,-0.058925297621287884
727,0.04779823261121777,-0.021624970695772655,0.003987967237177244,-0.006187715501101419,0.06538253063004575,0.026445644082050482,0.037409528068107975,0.009050383439383488,-0.0732872385670228,-0.01657111379391658,0.025186760167001616,-0.0536140097286198
728,0.047790046260735554,-0.022062987686267604,-0.0006899291111700436,-0.00911004070468682,0.06648573778596154,0.025122141585421868,0.03189739439518524,0.00875729596055936,-0.07369439882517533,-0.017339928111625942,0.02623213373407442,-0.04824566335789445
729,0.04803210543152297,-0.01747749776338471,0.00026609457175298266,-0.008589421655525528,0.07033905338442185,0.019353086365733727,0.030678716032791126,0.00855519591690611,-0.07355859114612491,-0.017190007588109475,0.025899387160872825,-0.047810539232256914
730,0.0464541931905213,-0.01745860888548031,-0.003790934097489396,-0.008787260341843413,0.06975369623721916,0.01718705830583365,0.02705670162192495,0.013219531093003795,-0.07363459204587416,-0.012123658504182738,0.02602220429144248,-0.043247018816424294
731,0.04291646915297633,-0.01730560278380983,-0.013246568020219385,-0.008653084755874773,0.0698931176031605,0.017546493252196267,0.021858275003370512,0.017728679452905374,-0.0734692469850916,-0.006979162096482519,0.025856223959257667,-0.04282487763786776
732,0.04404548040784757,-0.017735739439552742,-0.013534265525749859,-0.013319964214092291,0.06986490561381077,0.017387037249587938,0.021605614491678537,0.017181021352527474,-0.07388812945260485,-0.004266368815110509,0.02625100918508494,-0.0386996096431139
733,0.04016307214066467,-0.015284948403410992,-0.01786851692233725,-0.012762980030842894,0.06986943744987908,0.017446978922251857,0.016094156385501962,0.01887696163423805,-0.06924990518637957,-0.00223121031234042,0.02162590101427974,-0.037618321412718654
734,0.03900204399684896,-0.012694082517564891,-0.017438336809587198,-0.014276396090276462,0.06986902218775586,0.012800050414006567,0.012782708543773733,0.024693277962538344,-0.06887164843138156,0.0035651707177829714,0.021690073991163603,-0.0322164096481733
735,0.039134782435302516,-0.013076860617430014,-0.016622638135199343,-0.020033917119429204,0.06986896375374205,0.013219353452273633,0.013088640338696885,0.026419840803803135,-0.06446690429831002,0.004414592280485334,0.021883523420377134,-0.026998751730837683
736,0.039134942639151175,-0.013109955661813371,-0.023229872583694182,-0.021997272872511565,0.06986900745722689,0.013061475281855394,0.013459891511816868,0.026166647640195172,-0.06506856531432227,0.004328661185310913,0.019882877775154018,-0.025835416819194726
737,0.03912837617817969,-0.013047881620852545,-0.0301305367353831,-0.02166630292548361,0.06986899230238262,0.013132365937389498,0.009879360575932007,0.026205250636289906,-0.06490344201230616,0.004324453057172897,0.01723402285682574,-0.025990970756223374
738,0.03913106806939209,-0.017674591280523004,-0.030455486569377143,-0.02180780345259293,0.06986899642585817,0.013008295202088719,0.00481541356442201,0.026220654751997738,-0.064941331508477,0.004335716919884999,0.014810880699355869,-0.026047494917124978
739,0.039130273502049985,-0.017276198905417952,-0.030452843814659878,-0.021847092621712746,0.06986899547290104,0.013369131645676265,-7.940329557139582e-05,0.025998921774524095,-0.06493410943527526,0.004300091550205564,0.009141615481543318,-0.025181998439668053
740,0.03913047001072019,-0.017424995134548617,-0.03029857948615736,-0.026273134275947838,0.06986899565888943,0.009048911857638757,0.00022224262477650724,0.0276236663900731,-0.06493513611326202,0.004458335892589256,0.008632932472173706,-0.021181042583012025
741,0.03913042838101945,-0.01738306529113245,-0.0314216790746168,-0.02712297444810484,0.06986899563084469,0.004235913105666044,-0.0011931448278815916,0.0310142685484496,-0.0649351078337576,0.0038364457454568937,0.0086946734020583,-0.021763520135461123
742,0.039130435614560435,-0.017393018865249053,-0.03730130095402798,-0.030931318963073936,0.06986899563272982,0.0043883837303517045,-0.004796643263899479,0.03047146012644584,-0.06493478796998838,0.008061094168183161,0.008098483495849405,-0.021619500524974657
743,0.03913043476911363,-0.01739101674419244,-0.03896303306800347,-0.030319630175279087,0.06986899563507665,0.004684303808091561,-0.004384434331636994,0.030584534338373645,-0.06493672913135488,0.00856025837420042,0.002474303884551418,-0.021649450525271525
744,0.03913043474765431,-0.01739133435928753,-0.042248010281520657,-0.030457163628058784,0.06986899562220157,0.0022196797752511896,-0.003930086542144115,0.03056572734604883,-0.06492692444543237,0.013194210303943481,-0.0002734145603871162,-0.021644598936497613
745,0.039130434797624736,-0.017391306620451533,-0.04380976632926168,-0.030431478838293505,0.06986899568904588,-1.977698722335189e-05,-0.008104836222659471,0.03056762895952072,-0.06496856386632407,0.012673087707003358,-0.00014365258954850021,-0.0216450660898527
746,0.039130434778091035,-0.017391301998557405,-0.0432945428187433,-0.030434983079579262,0.069868995391637,-0.00291279761504472,-0.008770990809373424,0.030567800343682828,-0.06482151562766561,0.014479721695072842,0.0007135364664498992,-0.02164253092882819
747,0.03913043478373807,-0.017391305205167854,-0.05253467689407668,-0.030434836127722232,0.06986899652141461,-0.008445547423044347,-0.008749541388110184,0.03056764530744816,-0.06520093519255965,0.017329705308638588,-0.007580504180783701,-0.02166397244608876
748,0.03913043478238218,-0.01739130409557962,-0.052719163617271886,-0.030435015407310327,0.06986899306452925,-0.008726303877018554,-0.008711635491482883,0.03056767764448155,-0.06057167900202669,0.019953629060957895,-0.012993446130625237,-0.021542602879587223
749,0.03913043478259352,-0.017391304466458212,-0.05738166837115369,-0.03043311535479992,0.06986899914151871,-0.008784245064549352,-0.00882390132923703,0.030567773603671484,-0.0606881565480647,0.02189744499101829,-0.01343637129203014,-0.02210201615830251
750,0.039130434782744146,-0.017391304101457873,-0.05433458370391644,-0.030442952348967732,0.06986901965668033,-0.008463370310088961,-0.008305737598217932,0.03056734459828569,-0.06057446990986491,0.02161564934598042,-0.017822380016088532,-0.01856897590899467
751,0.0391304347826215,-0.01739130505451099,-0.05182636105368108,-0.030401187873523257,0.06986873016800697,-0.010476157325269268,-0.011481627924871033,0.03056869034568352,-0.060614987806441055,0.02164418905331735,-0.016907291773572267,-0.017174492207356652
752,0.039130434779596206,-0.017391303213996137,-0.052269549546499386,-0.03054943124905059,0.0698706491569794,-0.013510913278039119,-0.013343081429971428,0.03056627460534264,-0.060603960931495074,0.021646542722222623,-0.019308397836058613,-0.017288711930597965
753,0.03913043480651866,-0.01739129918865993,-0.05207899777735385,-0.030157457199401303,0.06986082735497685,-0.01301979157939898,-0.013070780888297178,0.030558330964066217,-0.060606473166153974,0.021645836376178302,-0.024979141260984754,-0.017059239904410516
754,0.03913043464929959,-0.017391369353008612,-0.052215821325880034,-0.03479362104965107,0.06990328555379716,-0.0131125098705754,-0.013100240405553647,0.03067223587483989,-0.06060599871583444,0.021637292500122442,-0.02619326789187643,-0.012791699168456348
755,0.03913043539846372,-0.017390885895758237,-0.047676769968208854,-0.03469670349406618,0.06974741853257235,-0.013099646493178085,-0.013099650760304588,0.029917623782870936,-0.0606060648271153,0.021680106363738138,-0.02583707926908154,-0.01173283188419836
756,0.039130432342545825,-0.01739340769078266,-0.04698496897339495,-0.034877118672929246,0.07019593961554065,-0.013100164594549832,-0.013117859048337751,0.03469938196869961,-0.060606063322211606,0.021514458877660972,-0.03049187334671442,-0.008180497060795256
757,0.03913044282145078,-0.017382359702894108,-0.04331376106635945,-0.03442370168279328,0.06557360349450335,-0.013100587984815434,-0.013001083789163882,0.040027851837130944,-0.06060604546395827,0.02201898636516875,-0.030237760956710682,-0.008761167967157715
758,0.039130416502120416,-0.01742345225793952,-0.04148848345194122,-0.03702063939823128,0.0654783189907926,-0.01310035754974588,-0.013553057461067169,0.03918003765715161,-0.06060614952733378,0.017413846686551455,-0.030101002141727878,-0.008641760143926485
759,0.03913042375804892,-0.0173027348705985,-0.03862477952393511,-0.03978922198568992,0.06632344494709587,-0.013100607663120267,-0.010098569407357833,0.03929792898664178,-0.0606056293077641,0.01708524795741391,-0.03192641352902171,-0.008655099139172484
760,0.03913090204725805,-0.017478671901481193,-0.039620552978742805,-0.03586858279494025,0.07034767336449216,-0.01309978392879298,-0.008549250534121635,0.039295182024487244,-0.06060782269090453,0.012557810374109718,-0.03784082923871749,-0.008656316322008403
761,0.03912690851140067,-0.012822448832273597,-0.03518083250861093,-0.030614540884218777,0.06974672707151369,-0.013102619081756268,-0.008737379631131515,0.039761984626400126,-0.06060014742614136,0.013120760255159418,-0.03882270325079753,-0.008779577223431388
762,0.03914967594311504,-0.013150875031116963,-0.034785484074664544,-0.03046220835929091,0.06989783619345119,-0.013095463195414018,-0.008692389186918507,0.04424802635132461,-0.060619538788524004,0.012953342932292815,-0.04263957348643255,-0.007629920144623295
763,0.03904287017780759,-0.0130098270832233,-0.03476262778943367,-0.03041535364610808,0.06985603049221877,-0.013096663485446105,-0.009390950577444568,0.04278335957399699,-0.0606162860932422,0.012994132483425912,-0.04765410870198648,-0.0037634458683039915
764,0.03947219436126836,-0.013052678941384833,-0.034790680132436795,-0.030441406572484314,0.06988978567392452,-0.013235865875520652,-0.01356139343357869,0.048490892482794715,-0.06022380360045615,0.012985807273290902,-0.047561298337379765,-0.004891870194585015
765,0.03601819933507762,-0.013039022400516057,-0.034780242773334975,-0.03043300896027712,0.0698678159595687,-0.011992133936114958,-0.01297701346417988,0.05298009842230855,-0.05473661991720122,0.012987139605680462,-0.047621312493854144,-0.0012706931883251864
766,0.030670480076061556,-0.013052670878468899,-0.034783190252140626,-0.030435184021894615,0.0694507681398168,-0.008265958753306334,-0.01312835424650786,0.05240711521472807,-0.051601654689335266,0.012987021346121352,-0.04772303134273357,0.0001704459685785331
767,0.030448316050312795,-0.013021567351787739,-0.034782486287329176,-0.03043470623578299,0.06505634716627698,-0.00884508986054101,-0.013095181187562699,0.052257644509504694,-0.05205999959570801,0.012987018313079373,-0.047131276800397505,-1.0051225647733425e-05
768,0.030420736791157775,-0.013045371910086593,-0.034782630369708634,-0.030434795375609353,0.06573131411645973,-0.008703546776317987,-0.013101164740253338,0.056945839864539466,-0.051810714676148874,0.012986911235986607,-0.050841876308122376,1.219192738040443e-05
769,0.03042209755382811,-0.013491552052262826,-0.0347826046780039,-0.030434780353773127,0.06499499217924622,-0.008762167397238464,-0.013100408253422223,0.05666308394299174,-0.052301264236611876,0.012987562497182683,-0.05175845077786875,-0.0001814874129830971
770,0.030534068949121633,-0.017579024618401544,-0.03478260688591458,-0.030434749237531308,0.06852772653360056,-0.008702208142316419,-0.01310041051775153,0.056813003026031206,-0.047753707607076916,0.012984623971174065,-0.056132565442240136,0.0013247945992239185
771,0.029982090684307003,-0.018849483599240092,-0.03478265774799236,-0.030435085674675528,0.06967234311112183,-0.008454720028504836,-0.013100469087089882,0.056707230306401214,-0.04767379015295753,0.012995663372434466,-0.05621793399416991,0.0048873678593094995
772,0.03342016055669854,-0.022199908805851605,-0.03478225068397711,-0.030433008419133545,0.07387713731151854,-0.003966613345497265,-0.013100307903041945,0.05698869825744254,-0.04759531509898733,0.012963498822598327,-0.05630655713086075,0.003773632586890773
773,0.034958430562424196,-0.021642714534983325,-0.034784533214154395,-0.03044317866513497,0.0742229074415071,-0.004492529656127907,-0.013101031086295678,0.05601724661929997,-0.04759924927350218,0.013005119630684158,-0.056273740638551506,0.0076499390101144975
774,0.03480559282037894,-0.02175548207856913,-0.034773956115875165,-0.030401134204347088,0.07412478469399858,-0.00433493319637418,-0.013098057700217635,0.06434638098224854,-0.04775543176891902,0.013339901285701072,-0.0562492096500818,0.008844502038047812
775,0.034867565134915034,-0.021737298699761494,-0.034815888045962036,-0.030545564200135607,0.07530995319644894,-0.004373620617706382,-0.013108268512792422,0.06987206907282031,-0.04705706612441266,0.017715184675250604,-0.05639936885770476,0.008665090309700486
776,0.03995913933558908,-0.021738903656488555,-0.03467818950965632,-0.030191426313664678,0.07904704965632547,-0.004365628786254595,-0.013083232392673037,0.06983270353422939,-0.05136213774232345,0.01728510290586862,-0.05586916724673827,0.013270852289755587
777,0.04444676165331623,-0.021741959918628418,-0.03498599678004581,-0.034845990486868476,0.07861165698329997,-0.004366966914367777,-0.013082262475882612,0.06988354735343093,-0.0513369246036815,0.016905881275955662,-0.060235669291936814,0.012873204465096455
778,0.051397048422210725,-0.02171974965521733,-0.030328814274851852,-0.03469948012383334,0.07815964164555478,-0.004366844144033953,-0.013624196380233431,0.0698648012132586,-0.06516562377799354,0.020216352250231353,-0.0605721675811352,0.013019817408166944
779,0.05932900141985317,-0.021841771240319163,-0.03054705735490705,-0.0347945322978009,0.08221084801023,-0.0043660766921080245,-0.017987014611753546,0.06986999948918286,-0.07027000220224329,0.021847210181574164,-0.06112776796969466,0.012979161853700426
780,0.0635879733765981,-0.02128346548485037,-0.030253330597517013,-0.03488059575570237,0.0830356700187634,-0.004372108684474845,-0.016955492019981883,0.06986879388200039,-0.07983562895786361,0.021625240650741277,-0.0656646620362809,0.012988590910226605
781,0.07125815413205748,-0.024788039658319123,-0.03122197601072674,-0.03431050401384325,0.0829763119122593,-0.004338676545977172,-0.01993411312630566,0.06986902717469239,-0.08324034968157475,0.021639681284054316,-0.06292711202133493,0.012986766199138683
782,0.09018707270763479,-0.02626744276716199,-0.025564458525425854,-0.03792961534787163,0.08299268466678789,-0.0044906332950111726,-0.022130103142755386,0.06986899312006464,-0.09365573157281114,0.021691820520565678,-0.060692505794218,0.012987032809551177
783,0.10038395387315513,-0.026071876631155455,-0.02115626963797593,-0.039113603310713785,0.08276975541132334,-0.003910015148146903,-0.021789480787071217,0.06986899519941328,-0.10570720582978717,0.021343411677857,-0.057549835837020155,0.012987017137740425
784,0.11010968472894,-0.026084075867331465,-0.021761799822627142,-0.04303917399100647,0.08436298185343813,-0.008124660171951872,-0.021836563298029445,0.06986899469475773,-0.11589201530201398,0.023582212916768628,-0.056110954409950675,0.01298701072588703
785,0.1212929664893382,-0.026089086582475367,-0.021852514775849263,-0.052651839833567735,0.09042310834919118,-0.008765250130696811,-0.02183055609024555,0.06986900368844111,-0.12074230926466524,0.02631844717639803,-0.056286058050163436,0.012987011626001816
786,0.134162852349679,-0.02608467176752579,-0.01706242714966679,-0.05745705718643633,0.09121761257917539,-0.008749350557228119,-0.021884284780176073,0.06986895493866077,-0.13941934440855427,0.026023934042975795,-0.05628194330405243,0.012987023848400843
787,0.1474408508330939,-0.02609547573438286,-0.012793091514628098,-0.06134956594740175,0.09847548917358323,-0.0087257443702909,-0.021515825771070182,0.069869166125791,-0.14539800372537354,0.025677940266155653,-0.05627052773129043,0.012986966616835877
788,0.17224680410753113,-0.026051237150507865,-0.013048087898400642,-0.06035505325522178,0.10880164803571722,-0.00873653292534893,-0.023854148183773925,0.06986840254811275,-0.15690903242098395,0.030281891781875587,-0.056303676948015406,0.012987174451777423
789,0.18838161365252656,-0.02621596766514947,-0.013449209918429853,-0.06354228425697858,0.11911056546502712,-0.008730686084121862,-0.026573728870202352,0.06987048415336834,-0.15762677490688162,0.030316961915141005,-0.056152726328778366,0.012986607723196006
790,0.21178218192873655,-0.025727264463387283,-0.01040246503908214,-0.06558169331955942,0.14399864852754582,-0.008743132316648916,-0.026133058006010308,0.06986878791755295,-0.16060394731992186,0.029603715322582897,-0.05677711982210991,0.012987069539723567
791,0.23196974009964463,-0.030350071557102055,-0.008853079533013182,-0.06489170150235679,0.1612723975744686,-0.008702779199812381,-0.026209577298943756,0.06983938913994055,-0.16006837480218764,0.035200128910678294,-0.052716749781473,0.012995073659258661
792,0.2589455672876609,-0.030662093098316148,-0.005035393304989975,-0.06954760840466803,0.1792347337393069,-0.008799824981412623,-0.026200780950431032,0.07011024231800755,-0.16025203250966705,0.0445152232360137,-0.05209640123849175,0.012921331095817607
793,0.2715103909781937,-0.035252293055623225,-0.0042718296209399535,-0.06948492218028773,0.20627964364706927,-0.008822851461803624,-0.026200493622088553,0.06825182744165416,-0.16026958024101107,0.04316055384608398,-0.047536323945664524,0.013354189372006367
794,0.29095432556832196,-0.034382447736298484,-0.004092119492189208,-0.06966403834443434,0.2205249131943312,-0.013360166562279611,-0.026201031996770315,0.06495945881530218,-0.16458149180044307,0.04295416441248094,-0.047713876969161434,0.010671890459543303
795,0.30842545432510404,-0.036579666277574724,0.0003739001662535359,-0.0691693076420658,0.23855675100784338,-0.013503191196853323,-0.026200826685151966,0.06604797219185925,-0.16639712339201737,0.04741265625987958,-0.04758453843873715,0.008375769599593727
796,0.32216408222860315,-0.04168618080832371,-0.0001214578383834087,-0.07195871083677179,0.2875506900255028,-0.00967642033947359,-0.026200884752462898,0.061890402502074504,-0.17597858773192732,0.04757007887046658,-0.047628548025215975,0.00859888076753786
797,0.3539048035658317,-0.04719019519519827,3.1984187193352816e-05,-0.0737699752828928,0.30088555621180046,-0.0019185689272430196,-0.02620087101265471,0.06104041970558541,-0.1774337248480213,0.04769595147607943,-0.0476168599748364,0.008843573184154128
798,0.38999552879683064,-0.047457889318554436,-7.354528476326906e-06,-0.07742486562923767,0.3675745972703377,0.006299589120294728,-0.026200873748510427,0.06099183541265977,-0.17977597369713122,0.0472948109461411,-0.047619467082289195,0.004229556389687037
799,0.41444100505190223,-0.056458559393030676,1.9700622883707887e-06,-0.07830938191790587,0.40431233866658317,0.012077390529905018,-0.02620087332503765,0.055733393311489875,-0.18928288590745904,0.04963824699981648,-0.04761898567000319,0.003746958726240804
800,0.4338647091057725,-0.06633994413401079,-1.8664209704844182e-06,-0.07819971499403913,0.4526554705035626,0.021687468257554667,-0.0262008733583043,0.05197241066350364,-0.19460346656750202,0.052321017169540025,-0.047619052836989646,-0.00049030569085957
801,0.47332395572733993,-0.07528438324459699,1.5762033256006594e-06,-0.07948179668207868,0.4898092656220233,0.02227405190924806,-0.02620087336590528,0.05293585122525234,-0.19281148131188883,0.05185282655046614,-0.047619080453973506,0.00012178231485286524
802,0.5087667270401354,-0.08044633404224236,2.1704100179231492e-05,-0.08785285420546274,0.5142690517863735,0.032352130154889316,-0.026200873361048725,0.04960734246685291,-0.1670163510715678,0.05202872721558145,-0.04761874820410174,6.141539106010831e-06
803,0.5203888243295273,-0.09565886560179479,-0.00020632654758339204,-0.08678713707268096,0.5503098644410004,0.045704830813766306,-0.02620087336377321,0.048213756107882366,-0.16531529144319607,0.05197495946841361,-0.04762081919947584,-0.00011813793993933184
804,0.5388034596091767,-0.1128073837349951,0.001416480171260813,-0.08667452700777034,0.5719784765644403,0.06022040721734682,-0.02620087335804174,0.044203395707950614,-0.15282656620105167,0.05658141864843336,-0.04761063239350807,0.00031676941058332835
805,0.5690332991036643,-0.12814432789187782,0.004794940855632592,-0.08967398986497856,0.5861914139175607,0.06353915109734677,-0.026200873378221082,0.04365416810980406,-0.1467234807209758,0.05614439658682659,-0.04765269205456018,-0.004305421371999147
806,0.5907316141879448,-0.13098157543766295,0.004249544275858657,-0.09522123456791713,0.5983394524935375,0.06923838158906367,-0.026200873318396288,0.04334906343413254,-0.1355120888579409,0.05639284470678841,-0.047509669645663714,-0.004553359368134211
807,0.6104034627573846,-0.13081649018412303,0.004365846940253694,-0.09567316879719275,0.6124722196466437,0.07309603682143996,-0.026200873408707578,0.03791084946229653,-0.13401678206441658,0.05590028755669373,-0.047846304272955734,-0.010069834637628046
808,0.635700787660677,-0.16001690545115185,0.0043453487728002714,-0.09566326518695406,0.6148333993018211,0.09209610460200583,-0.02620087390081781,0.03461352818253152,-0.1340871320825531,0.05903523709989508,-0.04320113892216362,-0.0133265553292638
809,0.6456457620072884,-0.17899510730855006,0.00434792354843555,-0.09565046934486261,0.6240964326049464,0.09728329038491215,-0.026200868086381154,0.03489824937980496,-0.12954135793889587,0.06642160296837778,-0.04334008723849966,-0.012873999430353016
810,0.6699916873332166,-0.19588780402024336,0.004349809380789762,-0.09563034588378509,0.6233593258856516,0.10543448637346949,-0.026200904960334503,0.03538673702542958,-0.12999214479894636,0.09017595756557845,-0.04354119872527705,-0.01312851388292133
811,0.7143542711453239,-0.23477750599754238,0.004331663387461225,-0.09576492373733234,0.6394398574668323,0.10638082830952787,-0.02620072170968248,0.03134116365870507,-0.12981399854542028,0.09558748952253775,-0.04145953492090318,-0.012593889019183782
812,0.7253831465059857,-0.2702170803914972,0.004440267172228517,-0.09519257933863987,0.6641073758280895,0.10974955796869852,-0.02620148922868789,0.03051093907821969,-0.12998194217968898,0.1141232278253604,-0.038567071777566984,-0.01707162316442798
813,0.7493493688590516,-0.29005017819965634,0.0039133820260159845,-0.09903634023767803,0.6845126528551064,0.1086237760099401,-0.026198806688872214,0.030589205579088313,-0.12798074307357943,0.14816856483095298,-0.03903575041407022,-0.017292824457801222
814,0.7687242970188456,-0.320573229951959,0.0071495821127059225,-0.10017183552935108,0.7061769706419978,0.11301021622593303,-0.026205659901602923,0.030084360198267816,-0.11422377166444254,0.17873300045054932,-0.03895060550975836,-0.017161172775084332
815,0.8114105682920941,-0.33657641738033306,0.008935718088834014,-0.10004123724914925,0.7293856398572295,0.1175385356463727,-0.02620349465378462,0.024473661895924714,-0.11237410492175359,0.21306986556225407,-0.0389614703189553,-0.01864769468631777
816,0.8309602096153269,-0.3836968560176158,0.008648461128689148,-0.10463740053786301,0.7477106628861574,0.13628093520217208,-0.026079350957769143,0.021490202443616994,-0.1279814151926177,0.2291885656254731,-0.03896140145310536,-0.021666351649349144
817,0.8604331248973046,-0.40121507938505824,0.008691235882685075,-0.10430705636217147,0.7791452435138125,0.13497254201293601,-0.02721265958110563,0.021945549502453452,-0.14815057393861056,0.264858271934044,-0.038960586973511915,-0.02426179285289225
818,0.8846777988893447,-0.453516361699908,0.009134409036893215,-0.1039748312575042,0.8062283591562304,0.13535742628802153,-0.03131575470255519,0.02169161456759986,-0.16300622082722982,0.29057901790662966,-0.03896283784081962,-0.025815871726415637
819,0.904600444620891,-0.5049221330142789,0.013518790667207991,-0.10684375532420098,0.8024373753434275,0.13657566982458474,-0.028519178742253702,0.02217389395414567,-0.19404116870677932,0.3216132323650414,-0.038952765288064836,-0.02975865670406977
820,0.9182785284132465,-0.528855842069907,0.012661334364125795,-0.10851226021012193,0.9195576458991447,0.14739520327035613,-0.022898199832912493,0.017502102405586653,-0.21366994914335913,0.3580071303648134,-0.03899383201479121,-0.030316538113137323
821,0.9675172107571166,-0.5452889308865464,0.014846210807692186,-0.11238448324371167,0.9261066127291407,0.1639032368987974,-0.021596508027255316,0.01712880436213041,-0.22612061994750754,0.3707079960252901,-0.038855621637781404,-0.03031721679214266
822,0.9997102902401988,-0.5686687886754676,0.02075052266560626,-0.11293788167305702,0.965463320744905,0.16957821965619652,-0.02201005353080463,0.012881026558797852,-0.2606659141441949,0.3894215908804438,-0.03917237288416824,-0.030344127176834563
823,1.0191658658258382,-0.5827601076514237,0.021460960333399795,-0.1175609230891388,0.9325903163941592,0.18379946260924082,-0.017310413365291617,0.011650156743350959,-0.2908260259436998,0.4019478103468816,-0.03451914200282123,-0.030020357318265065
824,1.0402154889636503,-0.6002035552061834,0.025800660814359784,-0.11728415040248989,0.9218676001155943,0.18845757827974072,-0.017577727203077074,0.00830158062974593,-0.3242432027378582,0.409756103997745,-0.03488162988089113,-0.032219761571221986
825,1.0711494404398119,-0.6465662924699639,0.0261378637538659,-0.11742697155904429,0.9029013729670538,0.19273629232037368,-0.01735718901742853,0.008703878052865575,-0.369496186074222,0.4155336494459907,-0.033389786814207734,-0.03740512335230402
826,1.0958233882516655,-0.649244278174562,0.03077606554566621,-0.1173818915773919,0.8770727712666682,0.20378308432236011,-0.017863085418085907,0.009115834884382862,-0.39160608012843323,0.4154008886364356,-0.029879236321320918,-0.04264767310260653
827,1.1161523126844763,-0.654593793947837,0.03028793214471722,-0.11739336406811969,0.8568734092168211,0.21973587544592735,-0.014938423793058259,0.004641560132203867,-0.44956100319852427,0.4171741652489696,-0.03029605846216789,-0.04333319032073423
828,1.1251743005583492,-0.6643368845632116,0.030576743940225488,-0.11739107764841437,0.8370714273528406,0.22922506623037076,-0.012429823167414462,0.004398910417716123,-0.4871525231932869,0.4264599671422115,-0.0306756203672669,-0.04326012080231124
829,1.1336099961360155,-0.6924862988008216,0.029951013885132834,-0.11739092822293155,0.811930746834028,0.23751878086940229,-0.016903704869362598,0.00433812388053192,-0.5121077363007225,0.43041533725286923,-0.026656716449726024,-0.04391149473579296
830,1.1391304069884358,-0.7043689789498758,0.03351311122901517,-0.11739153497330629,0.779895746582246,0.2659124984910407,-0.01752999165314785,0.004396907885465849,-0.531991846418034,0.4376837989002853,-0.021819065818182815,-0.04807518258459284
831,1.1398165794339765,-0.7062944362932085,0.03469549756476642,-0.11739836011703707,0.7509701645605532,0.2819347523767709,-0.013031864105412263,0.004255472048572501,-0.5556981424940822,0.4540649945443273,-0.012609405955764104,-0.04749817200564416
832,1.1494579219442589,-0.7361151726326576,0.03863848574196418,-0.11732998166893689,0.7142517714573327,0.3087857396893953,-0.01158639444708463,0.004834671058559164,-0.5730782948787742,0.47592075368101494,-0.012499695683054634,-0.04763798506863168
833,1.1535127334629418,-0.7530737345943135,0.04354192768866444,-0.11774353215858915,0.6865828079445279,0.31094409261884826,-0.0018608128417450822,0.0011211455820758752,-0.6082798582375941,0.47750051884203665,-0.006627521998835141,-0.04764574711826451
834,1.1599332675948575,-0.7806933931002419,0.04364575591980533,-0.1151741529859665,0.6545919887550329,0.3186335572194589,0.00029450746563366417,-0.00013319071625671045,-0.6210463531432778,0.5217314675578911,-0.0038349584131844375,-0.047533949935445116
835,1.1744186836822803,-0.8277907106673205,0.041682472599340686,-0.11270569052638457,0.6384191139440459,0.3484360011333261,-0.0004391790437867636,3.621306536728385e-07,-0.6548671747240956,0.5382468335264382,-0.005158902386802173,-0.04768020838832109
836,1.1784914655376617,-0.8692937104706553,0.030610936558121752,-0.1131002756566377,0.5954804338535058,0.3628472852338937,0.00129516986579586,-8.936698146731867e-05,-0.6901948190820556,0.6040845978510249,0.0022150503422721807,-0.043043523788068624
837,1.1819807455783022,-0.881077936779372,0.021832781709063297,-0.1130375573290494,0.5689738214528423,0.36585536898803145,-0.01551067333758544,0.0009060069831501069,-0.7001557630486202,0.6160426921297837,0.008758604889628516,-0.043401179066446506
838,1.1870007726175977,-0.9045658113637027,-0.013687230183737183,-0.11304302788635857,0.5368226326607488,0.3852038064721359,-0.03551851778298139,0.004838242195004699,-0.7241223362864124,0.5906640682252001,0.004260458465423303,-0.04325653213072134
839,1.1973240920478179,-0.9251818431748008,-0.044172511372305504,-0.11304393959540919,0.5226875064195822,0.40400857002585044,-0.05495680661616782,0.004250090628582516,-0.7398325753988872,0.5777422422393693,0.0033368007406191337,-0.04329834033478135
840,1.2027719288780923,-0.9920983792535696,-0.07194046642734514,-0.11304330972074018,0.5058771041944322,0.4310414278195201,-0.07770213160927977,0.004391751182205355,-0.7505945444376034,0.5459194696378297,-0.006641060486215484,-0.043288270532538684
841,1.17309098846947,-0.9959476382271194,-0.10619212298135038,-0.11304353463312679,0.48561158974714247,0.46764304276338187,-0.10229004069464744,0.004360691044776972,-0.7859254347142012,0.5237748580155946,-0.020829826657248838,-0.04329047839297239
842,1.1278278629810516,-0.9912078478230948,-0.15514683631455473,-0.11304342198152781,0.4732655804609924,0.4760427871107499,-0.1214597129290435,0.004371398628871527,-0.7812212689745656,0.5166505745890932,-0.03510482967778168,-0.04328971730129054
843,1.1012588488195352,-0.9843464663941369,-0.21342597397751187,-0.1130436489419145,0.4499682710974429,0.512999697442881,-0.16205930413809044,0.0043753243871461674,-0.8179843966715195,0.472982183171765,-0.051779369288483534,-0.04328943827459074
844,1.0795914897316692,-0.9727546397364838,-0.2822360107046342,-0.11304299273045634,0.4410842048390123,0.543295652639697,-0.21182745620509189,0.00421054689464283,-0.8316216562967159,0.4575066697623724,-0.06310369234064303,-0.04330115009458966
845,1.0476213112702661,-0.9538126599809087,-0.3641480617128909,-0.11304409541941905,0.4307281929720808,0.5630518352273157,-0.286281794190982,0.00557062388069938,-0.8951868818228104,0.41367808924576377,-0.08619654218111072,-0.04321336009074272
846,0.999297780513528,-0.9297175308230856,-0.40166481420908745,-0.11304849732096656,0.3968063558502341,0.57813219013488,-0.3029746545895756,0.009196374485208186,-0.9126262311295475,0.38101217781470564,-0.1057965514764349,-0.04368764586728571
847,0.9763211103646626,-0.9263995035860232,-0.4328689135289802,-0.11299037713162585,0.371539474957106,0.5987847924325349,-0.34374525496848657,0.008628043378424842,-0.8964289916594135,0.33404557691254677,-0.12559348553809516,-0.04076211198591728
848,0.9434528733462193,-0.914306393730995,-0.49314732017673946,-0.11336907953462584,0.32450961109957527,0.6151272801824575,-0.377876253394876,0.00875349133620882,-0.8746034691484139,0.2523652064902982,-0.1453516916258713,-0.038675789766492615
849,0.9023006976879353,-0.8780178881289378,-0.5272934795167264,-0.11098336651656687,0.2957117308924475,0.6269576648816925,-0.42130288925715703,0.008731278053833488,-0.8534301418335855,0.22482868427626798,-0.1777466390942516,-0.0390234309786097
850,0.9043309965457352,-0.8577836022003397,-0.5654299968568973,-0.10832973217864808,0.27395042293599686,0.6566432124818061,-0.4763592528036945,0.008733341937802373,-0.8241605079419906,0.18772613224013107,-0.19346476897432102,-0.03893868889405987
851,0.8688510148764539,-0.8589498628744836,-0.6431398005007273,-0.10876887011882018,0.23978117044593625,0.666352281486115,-0.5156385970850672,0.008727387713592688,-0.7997583043756391,0.14734426703729153,-0.20889391136666344,-0.03862870432250644
852,0.8449433949966902,-0.8318013193756013,-0.6947748739347801,-0.10866762535789803,0.2082786552504658,0.6886716363783744,-0.5593899683412099,0.008792580044815678,-0.7805085548392691,0.09849663758688387,-0.21574260692441535,-0.03422729151548444
853,0.7914290714125496,-0.8051717869921843,-0.736592058255101,-0.10869322852506628,0.16202931770288456,0.7000032126171959,-0.5852727145332957,0.008386709647149642,-0.7655053315260385,0.06162006261642205,-0.23441201624963554,-0.03473214370737064
854,0.7601385596683197,-0.7858094363233445,-0.8070613964897965,-0.10914544149750144,0.13020592712549647,0.7368344015218974,-0.6432939842016843,0.010927367621584425,-0.7450742108261456,0.04125009103860515,-0.23864103931019792,-0.03471774049898984
855,0.7315109829050576,-0.7701640676106026,-0.8532532370873046,-0.11347657378125844,0.09841516341347843,0.7397906004795808,-0.7018828174205967,0.01344389897887487,-0.7298881204849009,0.017209711980384675,-0.2532646616382847,-0.03417243348277861
856,0.7024248899271587,-0.7535688665261983,-0.9374216276693473,-0.11291810326018789,0.08020038611728214,0.7622744273911988,-0.7836213295020549,0.013042522703657307,-0.7079477572137677,-0.011031690045506045,-0.2752186739886423,-0.03810610548561049
857,0.6642888101079931,-0.7383478929377578,-0.9744978549774093,-0.11307370550052873,0.061705615513997406,0.7746565868415543,-0.8142164006731377,0.01310649282067599,-0.6779117401832119,-0.026356060003770655,-0.2888611052716336,-0.03904475679341346
858,0.6485578238286769,-0.7169342774250864,-1.0437274137069827,-0.11303732651658006,0.02851812697642865,0.7737229946853885,-0.8744032155735859,0.013100891807337324,-0.6487392796171755,-0.05388289809998759,-0.30353312595166143,-0.03896730279865823
859,0.6203913981242926,-0.7036734345764419,-1.0954079825456866,-0.11304446376826664,0.012895768161276383,0.7967753089654734,-0.9579597645916298,0.013099911212890326,-0.626291720017864,-0.08224945843296697,-0.31906165500859685,-0.03895439001125072
860,0.5797248137646105,-0.656740045459229,-1.1811016324244314,-0.11304339466416533,0.007535283285439073,0.8033968470387266,-1.0078435440940638,0.013101023325917107,-0.5892543370667594,-0.09803153403765158,-0.32458574141457375,-0.03896480508868885
861,0.5515620104079806,-0.6478291965102513,-1.237502681549832,-0.11304348084438867,-0.0023671702443121144,0.8232304427650573,-1.1134439181449503,0.013098196712763783,-0.5465290407932403,-0.10236443453431764,-0.3393413968434349,-0.038952829018750634
862,0.48521803714923406,-0.6319300668239379,-1.3478678229970928,-0.1130432563235303,-0.014483081786214201,0.8437900725413315,-1.1701509276407926,0.013110010543808778,-0.5128406195010909,-0.1236741718207667,-0.35428457477738484,-0.03899419694983916
863,0.47928075089047484,-0.6041386712203864,-1.3985352322114188,-0.1130450095710142,-0.025104590551636274,0.878171118827466,-1.2604286621428835,0.013065460707117374,-0.48403737085611415,-0.1614649483726937,-0.36604755754756535,-0.03884028421545593
864,0.45522836642044523,-0.581617876213528,-1.481736898836893,-0.11303567039923815,-0.028571919808110417,0.8832343762219738,-1.348011370128252,0.013198256219991638,-0.43771519770112516,-0.17466015376235375,-0.37140812784384003,-0.03929870555081407
865,0.38363171118226547,-0.5433608338549587,-1.562453296811733,-0.11307684911197047,-0.03778587052507351,0.8519957041717959,-1.4052180722075571,0.013000101150475507,-0.39367061688891236,-0.22053528507959003,-0.4054689464754248,-0.03473693706562183
866,0.35169358009306667,-0.5055859044482893,-1.673270330128035,-0.11292371179376681,-0.0434727056889805,0.8157228876025514,-1.4539285717450312,0.017610208795756803,-0.3697233510058935,-0.22290248239120802,-0.4192568041425606,-0.03469181169217613
867,0.31464378987521063,-0.48367593229237227,-1.7389585711196152,-0.11336850184869962,-0.048476723150737255,0.7787261952346494,-1.523442603477391,0.018208589707234032,-0.31435860354315454,-0.27900109268884854,-0.44261132568336353,-0.034603027288916274
868,0.24790572186580606,-0.47735347360139874,-1.7879931395406796,-0.1087741602296148,-0.05864393092616561,0.7730589060595388,-1.6735770916378179,0.022337819768084067,-0.2937781260766107,-0.315029682746359,-0.5006510775141049,-0.03464099839265424
869,0.22199538571674046,-0.4211057817732647,-1.8445837954406716,-0.10875927703585112,-0.06737483846812159,0.7643742724350461,-1.76564748370841,0.021707417877314287,-0.2708091313600055,-0.35644352795247114,-0.5495639253610313,-0.034629781157165286
870,0.21146520653319342,-0.40103304091237324,-1.8881414169088229,-0.10866616982350784,-0.07108410787009214,0.7175028285927323,-1.8347530073025455,0.021860916558339834,-0.24521559192893416,-0.41159610678933894,-0.5956899815708215,-0.0346325125546515
871,0.1612280350329654,-0.3674119559651499,-1.9521737301856228,-0.10870467014679693,-0.0812492869045337,0.6834121460596728,-1.957150884185415,0.021829471490829082,-0.2262238251797327,-0.41404853938783837,-0.6403632032001194,-0.034631952754942484
872,0.12099134079917694,-0.3390823837931285,-1.9698140327566984,-0.10869335181364792,-0.09499274520815507,0.6733359620805459,-2.0316578911291243,0.021834559877565385,-0.19268061219383986,-0.43793759558158085,-0.7058330102832369,-0.03463204396253613
873,0.08455539318718085,-0.30215408875652733,-2.037241015705622,-0.10869630449728647,-0.0924707122876556,0.6432264918570537,-2.0732801736760478,0.02183408907486321,-0.18338944516019584,-0.42635659114580515,-0.732740073566777,-0.03463203568441044
874,0.0512164113209892,-0.27681040041129695,-2.0827752758862834,-0.10869499833482654,-0.09166239962822746,0.6276011807450859,-2.1261141795957816,0.021834040427522895,-0.15048470134720487,-0.41546808828313253,-0.7641444533773853,-0.034632020183146615
875,0.03282253359295417,-0.2526174464958197,-2.133749102693833,-0.10869692220766315,-0.09168102108563708,0.5853845469004864,-2.1759564106586,0.021833971522031495,-0.13433775214758176,-0.39738508963956953,-0.8094143742771408,-0.03463213443136191
876,0.0032627687370874823,-0.22742783358602192,-2.1810255392470324,-0.10869693102909987,-0.09173092046473033,0.5617204592146806,-2.202205321186739,0.02183459983289532,-0.10145926421821555,-0.38586978192928073,-0.816379906112158,-0.03463150751934555
877,-0.0036764284187310644,-0.2171601236458178,-2.229760443935218,-0.10865889597107853,-0.09159303260224437,0.5454013135441945,-2.2862049166056804,0.021831679088817637,-0.10130694998787207,-0.3855539552850426,-0.8574682933196142,-0.03463435070969509
878,-0.03745623581483339,-0.20531846289742342,-2.272321388918578,-0.10896404564246552,-0.09222217086412735,0.5295940294216336,-2.3133899252109993,0.021842857853736554,-0.07861037899287913,-0.3662612211131175,-0.8906203382198291,-0.03462348438796254
879,-0.06674493574010983,-0.18229608142739737,-2.351488382783355,-0.10694672208543002,-0.08860767675466713,0.49755570318500547,-2.368902733349371,0.021809000928596597,-0.046216862316040004,-0.3526418250852905,-0.9081900809550884,-0.034656392252521255
880,-0.07711078391213183,-0.16654411558050977,-2.383628934505542,-0.10393673475326984,-0.08843017707340145,0.4760402181045127,-2.402751577623405,0.02186327676942403,-0.04315857500910775,-0.3443491296145594,-0.9148293670528893,-0.03460363811111616
881,-0.1111593722462809,-0.14926093325803008,-2.4391979558897767,-0.10443807054707852,-0.07561864102154427,0.43397872262027587,-2.4253547389885,0.022121508541193803,-0.028905579087562513,-0.3261458932328579,-0.9207476935518738,-0.03435258367912816
882,-0.1331328070315245,-0.13106218089303143,-2.480548951535649,-0.10430750552968442,-0.07424470364451341,0.39464405982053935,-2.522226366321641,0.02660161779263472,-0.009937247695485011,-0.3121118333513053,-0.9341851212276063,-0.029849803736613657
883,-0.14163116307478407,-0.11615158063954195,-2.5429233833011144,-0.10438989219857592,-0.06969818735464477,0.36485068639811946,-2.561264155545969,0.026081111477542655,0.009688984205405673,-0.28053038279338033,-0.9442626498151331,-0.03076006335065737
884,-0.15781515173101177,-0.09192575366271372,-2.575534571405967,-0.10459186993937086,-0.06865557623880733,0.3318272605474002,-2.6433726406742495,0.026203893303128802,0.022840261594580025,-0.26000342816499905,-0.953483727971079,-0.028164487288029425
885,-0.16940594477278723,-0.08579540521733538,-2.6063223196456087,-0.10889055805257324,-0.05703475631108001,0.3034784763660091,-2.699795178185062,0.02631113963611767,0.03843824773239384,-0.2548680110868142,-0.9585341125258396,-0.025620427515600577
886,-0.17475712154367626,-0.0627892830999872,-2.6388921900380264,-0.10991072491515917,-0.052114158909569545,0.26726019607897455,-2.7384131620773675,0.025811999945193363,0.06121195507379463,-0.2369208832878122,-0.960137011446873,-0.02606362815183084
887,-0.18857927474206357,-0.04889720232096657,-2.658632903176411,-0.11355899110810044,-0.050076438930700545,0.23079473279658383,-2.7933134055126967,0.030133681136490013,0.05865758011652136,-0.22804905013451424,-0.9691171312094803,-0.025900070908196442
888,-0.19278953541130042,-0.022678714814590727,-2.6119589911812113,-0.11280414591059718,-0.04466358862296984,0.18876172365724583,-2.849330444656035,0.03049307391076644,0.07353579255590362,-0.2075306270889933,-0.9758931274333591,-0.02591455051241443
889,-0.1958818805495452,-0.010456235678786781,-2.59968714444329,-0.11352381753710336,-0.039825593175389855,0.17675019618030166,-2.874216705532584,0.025905399499381823,0.08206791534825655,-0.19366195752095713,-0.9978980412456869,-0.021329707294771096
890,-0.19724814810734217,0.008478562058967567,-2.5570685498797814,-0.10909455373405266,-0.034888132803781995,0.1484842847582805,-2.913908172691179,0.026303322498361925,0.08657533942354899,-0.1795260161975631,-1.0043182869495932,-0.0217554735583818
891,-0.20672955568985743,0.024202552179157264,-2.518016066230809,-0.10870602766927187,-0.02982914905142625,0.13608813528158262,-2.882594184655174,0.026216797246823166,0.09088520310518487,-0.16722871434428205,-1.0271262016755611,-0.021655698424589667
892,-0.20902973314949524,0.03893680853606812,-2.4683026860341863,-0.10375137387403681,-0.026108205019907876,0.08364509408554574,-2.8063118238719507,0.025999696754229595,0.09284867969514381,-0.14734995042637936,-1.0624897420425463,-0.021458389913421635
893,-0.20859400436681408,0.054969049561816086,-2.433293753592893,-0.09875523535412346,-0.02465480481223815,0.057909164676758995,-2.741112942662542,0.028381882824642365,0.10049697271061936,-0.14103763518833617,-1.1301610943696179,-0.022367829333245496
894,-0.21325140035483886,0.07996363340220945,-2.3942499814207827,-0.09515197139594044,-0.021375445917144884,0.03488668001691796,-2.6601938341920337,0.038237420029514184,0.09945649993033495,-0.11816603143225655,-1.1301333968344132,-0.014802062200890302
895,-0.21293989513609107,0.08124857657094593,-2.3390582783898655,-0.09630342040405188,-0.02196070157410121,0.0037073465124505605,-2.63530433467863,0.03929697647744054,0.09916148583348515,-0.0949187606088369,-1.1671397784880102,-0.004757366914771936
896,-0.21308248953392717,0.09839593796636802,-2.277366387467645,-0.09106869028364566,-0.021711749438064653,-0.009639618519477457,-2.5871090145437035,0.04430875349032894,0.10315325517029517,-0.06937053476567641,-1.1894105965562969,0.004887601558122579
897,-0.2130027017831813,0.11071093326575844,-2.25573247633652,-0.07623500884783431,-0.022051471080552325,-0.03372747798061987,-2.5258494063771213,0.05437623904031426,0.10399382536853861,-0.06110782643352433,-1.1978524667964408,0.00916736992675822
898,-0.2131796333496889,0.11337386608984536,-2.1679088173010994,-0.06980824601767528,-0.01737377121653244,-0.04901342593747563,-2.4885781564793388,0.06398257213644366,0.104129456833782,-0.05250617950996332,-1.2365970239616668,0.017009494484642985
899,-0.21257243298824727,0.11300000171453532,-2.146877673375698,-0.06497869216827404,-0.017556660014843788,-0.06173852006008001,-2.416809671057565,0.07502824222930612,0.1084631198292753,-0.044382688131708536,-1.2572614664165038,0.03104450208245868
900,-0.21696889842768885,0.11303993189416549,-2.119665897494717,-0.06078727668393072,-0.017434979686049755,-0.073547711449857,-2.3867526131815135,0.07810045934148001,0.10911059337584325,-0.02506502496026058,-1.2276690828167791,0.03736254599400011
901,-0.21734906977482357,0.11317032206136908,-2.083077815632157,-0.05960888456353317,-0.017476219520467476,-0.09590650000838678,-2.3660753934906493,0.08760142660444456,0.11513506688368617,-0.0108486258995187,-1.2126092259133245,0.04251577056459991
902,-0.22199375038067878,0.1120101247903748,-2.0295504908648585,-0.05683263115616924,-0.017465136724372235,-0.09985136393535608,-2.3169930925786266,0.10367923986535445,0.11676977034506413,-0.0037038932797926584,-1.1986644389420433,0.046313523066840744
903,-0.22162128829834538,0.10822802965027005,-1.9715384280266253,-0.05158511314080602,-0.017467670646643663,-0.11726632032616041,-2.2850477762946557,0.10918126300191186,0.11985996525711087,0.009082892131972855,-1.179204324059437,0.06510715520624273
904,-0.22178157379743169,0.10880844513925464,-1.9416888159432908,-0.047233138404341554,-0.01746718281653948,-0.13793163511222067,-2.268012713255097,0.10938857059918523,0.12495343191299015,0.029494463135506705,-1.1608090705273966,0.06994001476881487
905,-0.2216990647010596,0.10867253444435947,-1.9113400481428888,-0.04792902296672208,-0.017467254362843895,-0.14850310120018204,-2.21508891316316,0.11606145527932468,0.12988068695837257,0.027872803334403833,-1.1469839153489068,0.08145759434676844
906,-0.22186732687488836,0.10869944336550483,-1.865613221269413,-0.04780177303991776,-0.01746724998295803,-0.15911114187211667,-2.201880952705182,0.12390964610401185,0.12980657393525918,0.053537042887207675,-1.0867983903941243,0.09601962167345816
907,-0.22130485355765636,0.1086952682103726,-1.8120744976889938,-0.04759510963545495,-0.01746724821187933,-0.171388070094831,-2.1447377273310795,0.1330342870018285,0.12989443822450156,0.056283970496848114,-1.0876678100091075,0.11302068968778017
908,-0.2256339439641167,0.1086955625262864,-1.7923951631310826,-0.04235009441177373,-0.017467249143277283,-0.17018741322046754,-2.121359302906821,0.14879460194704527,0.12986803224029314,0.05631651801808544,-1.073601288944215,0.13302657587621164
909,-0.22609275567073966,0.10869648813560646,-1.6944836663147482,-0.038005264226917544,-0.017467248845174654,-0.16947001905077097,-2.073855563213462,0.16574836615617597,0.12984871311890606,0.05699064945191773,-1.0392309595818392,0.15259924067220104
910,-0.22600566720106133,0.10869017672510899,-1.5634768560152035,-0.030240732857722094,-0.017467248923029838,-0.1764143328444691,-2.03900144112629,0.19944540383809534,0.12995751375487322,0.06275140024727137,-1.0107749092550775,0.17582199943180998
911,-0.22698351511169898,0.10872395961738683,-1.5140760575680716,-0.02531331997284949,-0.017467248904332464,-0.17939638902430066,-1.9116999856932066,0.2197277076050625,0.12960857447824617,0.06523501971400457,-0.9896436478278554,0.214184844418221
912,-0.23090363511688006,0.10857230959266091,-1.4435247872927934,-0.02666555029754815,-0.017467248912071996,-0.17901049012518885,-1.743992478345103,0.2450945280766561,0.1338636559190322,0.06487526535504581,-0.9788973056598573,0.23243782825718792
913,-0.2303259220266084,0.10915199008344793,-1.3598547539214216,-0.022009449596341112,-0.0174672489042729,-0.1790154906713459,-1.6488416946397702,0.26847083732023863,0.13859804280331553,0.06494427165390043,-0.9588889387440784,0.2646650950219246
914,-0.23042244759960256,0.10499072929901031,-1.2894428016968866,-0.02169430249435878,-0.01746724887163245,-0.17923908381253723,-1.5362872631212388,0.30049972534499475,0.13920183106468603,0.06493433753107676,-0.9269810209978059,0.28707344466979445
915,-0.230557648097986,0.10430483695111759,-1.1804299855316178,-0.011485635812761841,-0.017467249285071523,-0.17763399864469676,-1.4819371588054604,0.33293500933564835,0.1433432065725853,0.06493457223525573,-0.9110633793999581,0.33192217612985736
916,-0.23012787147153344,0.10433481180456332,-1.1349787497613655,-0.0031878958602861397,-0.01746724661005375,-0.17434491388706308,-1.3731180793277955,0.3592184341812209,0.1427373312870414,0.06493883639255461,-0.8749113833682657,0.3656583404748245
917,-0.23478497567439052,0.10435515359957827,-1.0602349851903685,0.015470439390703819,-0.01746726012267989,-0.17426591317344875,-1.320308714207442,0.3967245083706012,0.14285961837849637,0.06491198521261202,-0.8417918754733144,0.39764991955651835
918,-0.23543970333993958,0.10434544388350746,-0.9680539381285165,0.032574350892119505,-0.01746720233167687,-0.178163040537244,-1.2158365052440714,0.44574138274139335,0.14293698027731885,0.06504828662307913,-0.8255772434001465,0.4375378073613909
919,-0.24536876326987456,0.1043484302898852,-0.8662060492759396,0.05343043993659179,-0.01746741180243751,-0.17887630716260824,-1.1162760154842821,0.49116223067973397,0.14265725692295336,0.06446910117757772,-0.7726354853367333,0.4798475335030148
920,-0.2477556467841981,0.10434777872413131,-0.7808441280557048,0.08496779301317718,-0.017466823681640254,-0.18343647993323825,-1.0432429309191813,0.5352198967522028,0.14724212612160867,0.06831457584732369,-0.726882347226731,0.5069957897631385
921,-0.24963321577555328,0.10434752506788007,-0.7411069063112884,0.08666152092479426,-0.01746749266249211,-0.1833184044850795,-0.9741405767771123,0.5652511082546575,0.1518071415737028,0.06937078616063745,-0.6899865527202855,0.5396786474119694
922,-0.2550412363106026,0.1043486920673011,-0.5897437618692233,0.10586226157007154,-0.017474063285751382,-0.18343924483893145,-0.9018338605651296,0.6036864976132308,0.15089010565519254,0.06927037812397877,-0.6551009931512279,0.5691056933338137
923,-0.25972522400524634,0.10434721365258258,-0.538452997490201,0.12895457192678497,-0.017407602853115885,-0.18340167769194712,-0.8782262197120938,0.6221002333144114,0.1550752927567662,0.0691253660387837,-0.5894003591710301,0.5911195470943912
924,-0.26493147250739735,0.10433479986331201,-0.47907840711247424,0.13492046890343654,-0.017812100257731417,-0.18338494765502025,-0.7758906768629465,0.6501306902895693,0.16049925658708353,0.0703614068710464,-0.5617591106031373,0.6070471829365331
925,-0.2652116753215042,0.1044648747980942,-0.3891673373456076,0.1366171112353135,-0.015310727257103527,-0.18349388031194286,-0.6927638695181092,0.671690729419527,0.16319605627698092,0.0740555197489141,-0.5337422696126344,0.6186332829738187
926,-0.2651457330485579,0.10366527751242323,-0.3303936366669796,0.139544535846273,-0.012746669553163474,-0.18314680460317914,-0.6240950549926078,0.6868272242787411,0.16434199451639464,0.07348521961011528,-0.4883823208533637,0.6336632113761119
927,-0.2659627481805491,0.10862564611417665,-0.2867256230507888,0.13902730275337327,-0.013162893944458713,-0.18746657984266282,-0.5552929803075037,0.7049389810700903,0.16864800256483914,0.07361400131251154,-0.45529877409735925,0.6545534763540679
928,-0.27173146062923614,0.11374928227723906,-0.25923427742547644,0.13921357382448082,-0.013092899155324205,-0.19221495757737966,-0.4774472089105723,0.7187591353383717,0.16870970866843804,0.07359002153986956,-0.42864402995247086,0.6586831380056052
929,-0.27391510550095394,0.11291911315933424,-0.18795956161075456,0.1390889340628631,-0.013100333021276285,-0.19282821071115955,-0.4325775041263297,0.7377815225641718,0.16963742320675212,0.07359324524222396,-0.3596654879818121,0.6858272054806223
930,-0.2762301749484465,0.11305836257943498,-0.13922647719069192,0.14390789277925117,-0.013101012576391168,-0.19708749429463585,-0.3984999090444344,0.7398108484642025,0.1735955013782993,0.07359315267087742,-0.32824889187060174,0.711054039628472
931,-0.2822080269119262,0.11304372472950279,-0.10423487352400092,0.14996233696326056,-0.013098933313809355,-0.1959494285648359,-0.3252843176393586,0.7749780758361221,0.17313643267091997,0.07359303386468999,-0.28598869738970273,0.7270877058065367
932,-0.28221164634536783,0.11304266529164142,-0.0661646798167379,0.15713756731293516,-0.013107889352728854,-0.1993149832458042,-0.3004981212116182,0.8103004160921731,0.1728053433286234,0.0735930859535838,-0.2637738097780728,0.7550145862905076
933,-0.2914484486130571,0.11304379886533247,-0.03548998546225841,0.1431105716984568,-0.013066567521490683,-0.2010734077190642,-0.2466531995236144,0.8165951311809043,0.17625244196026138,0.07359307048174442,-0.2407842569333984,0.7706090043162549
934,-0.29098836067969797,0.11304338798026949,0.022288842681526613,0.12958754717105897,-0.013232654329688578,-0.20091739325167787,-0.20978031714047804,0.8288099861700393,0.18123804157008586,0.07359307426207956,-0.19893961368934726,0.8120683540841098
935,-0.29249308183778683,0.11304348902534773,0.04890345157080245,0.11015845938025291,-0.012676803794902552,-0.20091833093903466,-0.18205652982955223,0.8611008658662425,0.1861573393443199,0.07359307344122044,-0.17742684281644822,0.8255159500613682
936,-0.29581199826592997,0.11304351918753154,0.10422623994264435,0.08108877481825602,-0.017203683159853413,-0.2055460397997262,-0.11618208438034992,0.8858068505464612,0.1870949351461485,0.07359307369066122,-0.16385227688630016,0.8954946685876233
937,-0.2974947793133834,0.11304333495527734,0.1298043577952924,0.04693320853946513,-0.01751326095024739,-0.20519159446470345,-0.060507966584640284,0.9094041523064262,0.1957056530614365,0.0735930737294114,-0.1256037400876039,0.9385328481361516
938,-0.3030679555133323,0.11304376245627266,0.15929516154760784,0.023266666167172163,-0.02273941545480277,-0.20488912595885855,-0.05517209943642469,0.9291431501252986,0.19459560818534682,0.0735930706834722,-0.12155235489792449,0.9526143384527479
939,-0.3073776184829849,0.11304407569605805,0.19789333974105255,0.0024016070270376152,-0.02652066666234853,-0.20767296598820192,-0.025121020492704735,0.9813863392227087,0.1946606240172061,0.07359309409853726,-0.09084002164492594,0.9728996646555681
940,-0.31667512225658834,0.11303274656191382,0.2357156694175957,-0.032908866884655934,-0.026109596053260693,-0.20992518824055353,0.0032700326564838187,0.9901496818523664,0.19694518361843055,0.07359296642910344,-0.06560927992175206,0.9810346662068333
941,-0.32177653843974385,0.11311751310331421,0.2606597716409542,-0.06342340468009017,-0.026230643591277622,-0.20950916603789108,0.044768233359244104,1.0379480882833776,0.20676060044623046,0.07359353826421762,-0.04321771020671202,1.01852917677986
942,-0.3219583948986464,0.1126575132265836,0.29786761419863317,-0.07928943948465826,-0.026163988350485248,-0.20967790190415742,0.08087264637733577,1.0600692511707837,0.20776019570371565,0.07359139327360031,-0.01824314303288455,1.0237612787634105
943,-0.3288564272966016,0.11547954689843772,0.33216976225326916,-0.08628341813846763,-0.02630072323663355,-0.2101706940374946,0.11890378444863928,1.0472083088475443,0.21254091703458558,0.07359762948923282,0.0014587305341476832,1.0431234799909086
944,-0.33530679384354795,0.11777570169123235,0.38167710740152694,-0.09502919772443189,-0.02603049921160304,-0.21890383791762444,0.15267672120860667,1.0419265883838882,0.21756270647077364,0.07358965864000028,0.01335775467827971,1.037531024790922
945,-0.3365184827474305,0.11708846877501773,0.4298070130659559,-0.10930446049652377,-0.030722238314665334,-0.21970120623501255,0.161214815039328,1.0193798528948699,0.22091594155629637,0.07352500511716784,0.03700627031022185,1.0272725325988268
946,-0.34257640363176545,0.12141468599757552,0.4582886342710807,-0.11487767369824993,-0.030302688087817498,-0.22235896505519998,0.23541315979476773,1.0033415441665574,0.22234954541304564,0.07427197109455454,0.06683590872614514,1.0200296528813162
947,-0.3434123857025858,0.1261565248821744,0.47915925782547913,-0.14239055707343204,-0.03183914496220961,-0.22817429255714888,0.2419810621763817,0.9889194314156659,0.22826723240150906,0.07995130814587686,0.07977568924893508,1.006968766364936
948,-0.34724191971334856,0.1267242112327534,0.5022047113931614,-0.175604497966734,-0.03538771449436161,-0.2320020843879531,0.26728974272447703,0.9695244559215493,0.2295682497444829,0.08250106601830683,0.10102888686177824,0.9827368227206275
949,-0.3568435563516343,0.1309579962506936,0.507080218788421,-0.20733891231879392,-0.0348304448884869,-0.23120234922351462,0.31619128654937995,0.950404288178391,0.22949116319032264,0.08243554068941795,0.11982847456716203,0.9762433406979569
950,-0.36170635969180404,0.13012341838846853,0.5213509728293272,-0.22191416369045897,-0.034954637010809975,-0.2359254666047112,0.3267616205278274,0.9326536222228182,0.2295026282357148,0.08147561258945653,0.12572806654065544,0.9548935997232473
951,-0.36538672353736285,0.13211399681445107,0.5223634869476247,-0.2610077651434426,-0.03493151972897036,-0.24040651135016203,0.3506628002790149,0.9052375659187927,0.23394118102293482,0.09038881648226071,0.13945257579213735,0.9548889278682148
952,-0.36657820842483285,0.14167521953793705,0.5411650595226384,-0.28268331173137023,-0.0349346849499035,-0.24013884043331626,0.3580758734874372,0.8832354097038342,0.23481878504448853,0.0908401415573288,0.14748153627358104,0.9415029877521331
953,-0.3722377186191358,0.1433745413994611,0.5447650425024366,-0.3294866215216821,-0.03493456867349957,-0.23991437960595005,0.36391951270516515,0.8653998286827675,0.2382799111779925,0.0909606876867398,0.16156435592169527,0.9253722432363022
954,-0.37631085151974575,0.14775913121054826,0.5478739783332833,-0.3453928884065776,-0.034934460036869834,-0.24218013890180018,0.37859706064261384,0.8415942951648886,0.24009924886533662,0.09089145955159987,0.16241149784093067,0.9195663641312604
955,-0.38570943703637056,0.1480845770369445,0.5503591976257467,-0.37952460986961395,-0.03493450996567086,-0.24798574792601322,0.38590110226619584,0.8351079334628388,0.24539533649949066,0.09091377983332115,0.16409766341611737,0.9013462073713291
956,-0.3870956427701103,0.15261427263114388,0.5521419975034577,-0.4025899062515464,-0.03493449464285783,-0.24900637398052097,0.393090248995393,0.8070130123032688,0.2505936789500151,0.09090804554806774,0.1715067000995651,0.8955192916616573
957,-0.3871739107929747,0.15203671345706346,0.5555455432881781,-0.42562190671920946,-0.034934498539714205,-0.24892319528329013,0.40109291536964264,0.793325229320774,0.2510946483439427,0.09090928221945278,0.17746327736047335,0.8756461654916766
958,-0.39152005932231243,0.1522165486578419,0.5607607999174716,-0.4373564636675414,-0.03493449762473197,-0.24911966540926148,0.4014297152929419,0.7520942425159833,0.25095126701755816,0.09090906624342676,0.17775343423120452,0.8524935150441556
959,-0.3921942931895534,0.15213271404776213,0.560714326707604,-0.450890010803755,-0.03493449799488158,-0.2544983422572552,0.40590919417923316,0.7446939317902762,0.2526279085144925,0.0909090911973711,0.18221450271634726,0.8320387375214066
960,-0.39769386495583114,0.15228942416548966,0.5622069750639113,-0.48052533040333384,-0.03493449770605893,-0.258049541313055,0.40623329749403164,0.7384498687559617,0.2614288842475228,0.09090909217502957,0.18178618880324732,0.8085763846497691
961,-0.4024619436483511,0.1519002444351914,0.5718828596091856,-0.5394255569581806,-0.0349344953949387,-0.2572463178872635,0.41090300003215746,0.6967253144297519,0.26864016989478584,0.09090908874300309,0.1813862707999063,0.7919770257184863
962,-0.40728512384000476,0.15653466622200218,0.573896808012403,-0.5677062261627199,-0.0349345194909346,-0.2599801202337294,0.41010871005409993,0.6731240031779145,0.2729086821987779,0.09090910072473465,0.18474990982164735,0.7829300175823044
963,-0.4125135481928899,0.1564692977503714,0.575719162685087,-0.5766450861216184,-0.03493437147770685,-0.2658246344048078,0.4121242924258764,0.6596903419853352,0.2760708875533772,0.09090904660186758,0.18592595682263854,0.749098984759949
964,-0.41311517279624194,0.15635862503903275,0.5845572173703298,-0.590869170379726,-0.03493509722273913,-0.26616978122188556,0.41735723827103277,0.6270374405690138,0.27712421732594467,0.09090926080860746,0.19017895338109628,0.7427147084563164
965,-0.4132986235740697,0.15784737390533626,0.5911958372131694,-0.5937359943439983,-0.03493207092618747,-0.2707817754020511,0.4226155447256665,0.6135306587353188,0.27702026523394874,0.09090857557132805,0.19053982688342053,0.71272482848245
966,-0.41756617092479886,0.16321585560095467,0.5911674083581867,-0.6030396479156543,-0.034942699121254646,-0.2716095762369799,0.4237944030816465,0.5836635810168542,0.27815153589690145,0.0909099128441265,0.19500604179830225,0.6846473148741746
967,-0.4186508803242385,0.16805487936348082,0.6003207184854911,-0.6126721693127013,-0.03491475913778746,-0.2816226225079361,0.4234926394379572,0.5613818147469295,0.2866169089364482,0.09091309245704536,0.1958760462066546,0.6313554498143278
968,-0.4218182013419279,0.17284530388457292,0.6012780719053905,-0.6320819570994884,-0.03493210903385464,-0.2837329859918971,0.42802127583768035,0.5318267978923968,0.285438295281004,0.09085968343376263,0.1993154155534866,0.5947055186222872
969,-0.42421045450594863,0.17807296450648955,0.6109578985945119,-0.6462398203553257,-0.03537344441194806,-0.2859569970651087,0.42943032173542045,0.49918517027002446,0.2858945223755854,0.09122386668530234,0.20117202608144946,0.5697491965185493
970,-0.42638380553287686,0.17832389302139023,0.6145865432780807,-0.651529000152378,-0.03973217099575888,-0.2912302028703577,0.4387666939336299,0.4710151596411436,0.2852517382889891,0.08889390323751017,0.20643603296762775,0.5269058705562326
971,-0.42604555887933954,0.18342285176425846,0.6226778642706333,-0.6458944799358292,-0.039175191350357644,-0.2964344049952061,0.4436144005762688,0.3991871689182131,0.28945427056559875,0.08618337710651475,0.2117120292144515,0.4873484176000006
972,-0.42608727219619597,0.18814877558218973,0.6300036618719125,-0.6366610538579338,-0.03933221481350146,-0.2969919646632604,0.4449130901983137,0.3644213482171716,0.29007195607576053,0.08675666103000065,0.21206858063666428,0.4350274668208899
973,-0.42606747326451977,0.19342960684907629,0.6301667654052961,-0.6159485476386867,-0.03929485216458473,-0.2972639397277227,0.45186476487162647,0.3253593542401807,0.29005967659700993,0.08630639980115545,0.21691584513425222,0.3895658906871795
974,-0.4262964531199805,0.19609380805081142,0.6347705478710008,-0.609746042568329,-0.039302400415190175,-0.30173746010168995,0.45839763847144926,0.29843223524546375,0.2900314906695454,0.09093908628711031,0.22188342413233975,0.36846627690778944
975,-0.4246378972462975,0.19512819464966658,0.6354587119211567,-0.5910829073114444,-0.03930119866383899,-0.3010340094828161,0.4585507997538387,0.2562772670919658,0.29006974743256037,0.09070085090911799,0.22567861603585282,0.3242845219135219
976,-0.42173556318964134,0.19933832691055026,0.6446900221414253,-0.5845767439295543,-0.03930131075698454,-0.30260499454448647,0.46388904623692573,0.22227716146796683,0.2899280034243198,0.09200936122004365,0.22409016120260392,0.30106135799501255
977,-0.4190659824832113,0.20004116275417105,0.6520167708637644,-0.5611362575128365,-0.039301126359505834,-0.3118645974542275,0.4754528664914598,0.19484775262338314,0.2905033797357028,0.09569329429418258,0.23101517128782928,0.2749655160667048
978,-0.4175725421394496,0.19997145502623032,0.6660825401412258,-0.5534114074801092,-0.03930268672026328,-0.31434894225255255,0.4875347775975846,0.1791666276441747,0.2865996750157511,0.09513101157429008,0.2334661445562768,0.2643349914971911
979,-0.41355500277483087,0.20051470483363407,0.6726865670643012,-0.5272352357424256,-0.03929396895700183,-0.31847468723935873,0.48975448683388256,0.16780077082587633,0.2855851325769104,0.09525965238878299,0.24155317239700846,0.24071066230714622
980,-0.41307179243598807,0.2061004900425569,0.6763868616757469,-0.5166095011424726,-0.039334016990645884,-0.3188471101571559,0.48702852904134153,0.14040705253437794,0.2856402930060018,0.0952331628850333,0.24686447116226629,0.22279063496148113
981,-0.40809581452059573,0.20903729504120588,0.6899182466541975,-0.48080541889306194,-0.03917701048390473,-0.3235144759119765,0.5067114843397782,0.13130122016187898,0.28044436223619895,0.09524061716984371,0.2518363927836971,0.1921694035176299
982,-0.4044845849880943,0.20858524982108329,0.6956336706946908,-0.4614619347099762,-0.039682450654490636,-0.32297233879113074,0.52331932067305,0.11512398255805187,0.27699755150423216,0.0952574110102409,0.2566942880443615,0.1802698631574252
983,-0.40155900024637065,0.20883568333638802,0.6971565537552138,-0.44228141801548476,-0.03516970890846913,-0.3233915120266316,0.5377760515266409,0.10151333353050268,0.2753635394259643,0.09503503716590198,0.2616481814891418,0.16340181887093852
984,-0.39494986572204666,0.20835040925541282,0.7175002846436903,-0.42774745286274013,-0.03497363414594269,-0.32221581737971555,0.5418763245740308,0.0813217925462128,0.2721232882506112,0.09667207122186504,0.2664120884297033,0.15610698133910988
985,-0.39401114380574453,0.2129709401254436,0.7291690371234412,-0.41423791992940523,-0.0348592237422001,-0.3295088343452754,0.5497141283415732,0.0750798524701167,0.2734961503913922,0.10000692943125844,0.27184903290383206,0.1151191125634977
986,-0.3846399898340385,0.21321376154429042,0.7421139394654661,-0.40386091026609966,-0.035273260028051555,-0.3322620539061811,0.5640907247246176,0.056275514802049766,0.2657690654797126,0.09947349018972948,0.27267694163649614,0.1083723008505668
987,-0.3789773129539929,0.21866412772099975,0.7491805422760008,-0.39939488527036043,-0.03287911890127314,-0.33178440275198273,0.5696532428158693,0.05058722554838059,0.2556252666745286,0.09958311558845731,0.2768095705385111,0.09413641977981019
988,-0.36974205474352995,0.22204819665647552,0.7481165163214168,-0.37605007757667847,-0.031005605164967618,-0.3364940056687389,0.5814529922314886,0.03745020610303973,0.2509439109685583,0.09956536193459448,0.28628148203526094,0.05861330526623863
989,-0.36045235708074636,0.2217694498883046,0.7842536173326783,-0.3622090525138683,-0.024662750396926638,-0.3359218653639611,0.5957750841229562,0.029777130299150745,0.2511185178683035,0.09956699843726863,0.29189768056987464,0.04642780413743823
990,-0.36142826579686294,0.22128819858628573,0.7911465468585781,-0.34358392800011284,-0.0181089902913363,-0.33777218574678597,0.6199677038902962,0.01633983149766413,0.251240211617456,0.09956722137076746,0.30043399767884077,0.016762287573447193
991,-0.3581300484476267,0.22511614535657662,0.7932703587276262,-0.3389285824529034,-0.01324040920902275,-0.3411497952611957,0.6306437262608872,0.00513899223111655,0.24969118113257974,0.09956705509499819,0.307371324373769,-0.008822853792820192
992,-0.34954920186547567,0.2261933427340435,0.8125209809360415,-0.33252833656608555,-0.013190426532332456,-0.3400852589532281,0.6482573876106889,-0.021702860528030204,0.24103999101244517,0.09956711180839777,0.31440639249361946,-0.029851715569059366
993,-0.34516136403022923,0.22608695606199233,0.8186680985432836,-0.3132695467677439,-0.012534989043469764,-0.34403734810378556,0.6548436532846851,-0.04779499342011015,0.23463051187471085,0.09956709674178303,0.32258719283908827,-0.06869556970523365
994,-0.340575999063467,0.22619486204263345,0.8280181288630587,-0.29342121605257143,-0.006847612316313027,-0.3452788951254318,0.6696370169140796,-0.059840496020143484,0.22972336895005208,0.09956710015488843,0.32907777709381336,-0.09029304205293026
995,-0.331650467416462,0.22510868146073396,0.8438491402186824,-0.29072910945128605,-0.004469798400742679,-0.3405183072052885,0.6922478519188867,-0.0952182358099216,0.22951130408025083,0.09956709934650089,0.32942213249126945,-0.1369911365040928
996,-0.3217833980758271,0.22128891835179673,0.8551987888352685,-0.26606351035721626,-0.0017059936748814923,-0.34070917902678366,0.70177688181096,-0.11084262718916275,0.22838663963922967,0.0995670996996396,0.3480713406630968,-0.15068559573968485
997,-0.3123540581753423,0.2217663009139779,0.8604703077714403,-0.2528333326320397,-3.7188601565407145e-05,-0.3404980109258932,0.7189463780111492,-0.13631001103889537,0.21861541567772597,0.099567101573592,0.35242674733652135,-0.17246878305362429
998,-0.3071849624906687,0.22205902097071026,0.8701694548551395,-0.23860034111053977,0.003458243223539293,-0.34105005994525195,0.7342622990975044,-0.13494976375148962,0.21661682280414896,0.09956708082528691,0.3639424820938937,-0.18378297671977573
999,-0.2951158482638086,0.21862052886063002,0.891058578998413,-0.22242042190687733,0.008699135883083454,-0.33792681180973855,0.7536655561332993,-0.13581724281281551,0.21403530819767533,0.09956720965095005,0.36854749964735123,-0.20369968678963768
1000,-0.28202605764342403,0.21328291547359937,0.9117417962613535,-0.19185391943803995,0.00902024484623322,-0.33640885320139846,0.7687988464629218,-0.13131485543578195,0.21003868834695225,0.09956658065037702,0.3693374775215889,-0.20801689615885013
1001,-0.27463357542357836,0.21307937068418786,0.9131935875403547,-0.17445135626712863,0.013521242158808656,-0.3324924593643278,0.7905821545254934,-0.13106396711986265,0.19618214623475622,0.09956915429749094,0.387397903674671,-0.21234978922209918
1002,-0.2749022626322871,0.21258729162941972,0.9278659409384208,-0.15936480111448573,0.013017047407133508,-0.3318358777107938,0.8015629717342607,-0.13034123278129206,0.194870760701627,0.09956053829651534,0.3938332562480458,-0.2171213985493893
1003,-0.2623451303177157,0.20733483743107584,0.9365102963448937,-0.14854962775765454,0.012900922061026283,-0.3314610891883047,0.8128244331562212,-0.1264427743310515,0.1853434268909959,0.09957987442862283,0.40364576371333727,-0.22226718897051087
1004,-0.25652364227372776,0.2026178500558399,0.9604053772249059,-0.14116055998825283,0.015056852024889503,-0.327525049033556,0.8253216706599347,-0.1250819269354269,0.18085207201790263,0.09959794809768813,0.41321063493482774,-0.22586273674305463
1005,-0.2560695271792785,0.19732120489199997,0.9775323766151723,-0.12654924462931158,0.02404242323529788,-0.3247072670747925,0.8680127353114349,-0.12022948474808133,0.17625973113384955,0.09902382742273105,0.42371180133956987,-0.2225004331079995
1006,-0.2433423552606621,0.19515651050046384,0.9969399470667097,-0.11694623214386551,0.0303910561962444,-0.3165246827386666,0.8738643923809455,-0.1112887014564438,0.16831420827209695,0.09419266217064476,0.4299019454010992,-0.22051728201220008
1007,-0.22680018059107127,0.1964603059194579,1.0154315084815937,-0.1113062086188721,0.03056629841244228,-0.3084745867391676,0.8969261751534788,-0.10889870436518714,0.16427882186023668,0.09916987456456922,0.4438456730365896,-0.22081607824811114
1008,-0.22797025547740254,0.18730612780606629,1.0232219909412148,-0.10231496685713488,0.035587736132672236,-0.3051636882605607,0.9237044100240717,-0.10918752622391424,0.16137345387202096,0.10463020193281647,0.4576062389436018,-0.22077754814733405
1009,-0.2128620250471316,0.1868221171369494,1.0415785719084716,-0.0980146963374387,0.040165387998245324,-0.3059569884884602,0.9448690508761673,-0.1092658366830123,0.15626103560298474,0.10376847492344417,0.4630526058092285,-0.22077686732091653
1010,-0.19351696401573618,0.1825014156095645,1.0656636911815456,-0.09290683821823693,0.04684314467923688,-0.301272844431957,0.9677164915151139,-0.1082908062099727,0.15144705022996757,0.10389195693161393,0.4682424573530705,-0.22079116279695662
1011,-0.18340509327455157,0.18044371915450363,1.0755232145456448,-0.08815636137788199,0.05550415432548765,-0.30012332378519746,0.9843509558372092,-0.10433424162833375,0.1511749422806538,0.10390495929192806,0.4913636507230326,-0.22071185527213943
1012,-0.17824054580013293,0.17136766441949017,1.0883239811683623,-0.08288038706749898,0.0566016020687897,-0.2918081657304688,0.9939943300456705,-0.10492056394589984,0.1450521291119784,0.10429407431097773,0.4942162530914519,-0.221097540388668
1013,-0.17798272374106874,0.16717127700364778,1.1121770427982662,-0.08259741186773759,0.05983469326897528,-0.2915197277660151,1.0222600680518297,-0.10477901987240962,0.13254705626556298,0.1086503495896742,0.5010576030489501,-0.21840411433600834
1014,-0.17204396450390122,0.1621554194362574,1.126599136222131,-0.07710021925862377,0.06525678805986738,-0.2835444869527323,1.053808273559939,-0.1048070897711732,0.1217668008761881,0.10809985608592766,0.5141250398632944,-0.2127558566004635
1015,-0.159979555261741,0.157122870886534,1.1319864340192638,-0.06775596075615477,0.06548868323968986,-0.27242084760821095,1.062909435591372,-0.1048042471068491,0.12194302459215213,0.10825616736327155,0.5259053201350572,-0.21207560042048496
1016,-0.14741393940420489,0.15243663336979157,1.1514197580172758,-0.06499206425938729,0.06555042498518808,-0.27078209906627293,1.097807978802407,-0.1048053043336439,0.11380000947311969,0.1082159059528838,0.5354407497317275,-0.21214169432809127
1017,-0.13706539108082247,0.14314775093185567,1.1684311304792552,-0.06515629508180378,0.06526459800685207,-0.2664816710888122,1.120025499178743,-0.10476360058597733,0.10833111841745824,0.1082355102364339,0.5452759041056527,-0.21156552218054872
1018,-0.13474790147879911,0.14301893837200833,1.174243418476326,-0.06566727118694148,0.06704080302267071,-0.2615408882726869,1.1489532699739124,-0.10508562362353838,0.09841243907614496,0.1082091181284329,0.5549350643557879,-0.2072663974660991
1019,-0.13097246441222513,0.137412231081099,1.1840712503949342,-0.06159084470027813,0.07174602447005793,-0.2564942196941433,1.1718724732152965,-0.10297270209834071,0.08969765596013689,0.1081593168331553,0.5664811915004223,-0.20830917266447754
1020,-0.1212287958665464,0.13286568168577972,1.1985007058049415,-0.06080998122213521,0.08051561037713859,-0.2519454387503369,1.1867553419623054,-0.1000373023543565,0.08388128367585945,0.10912186050247802,0.5861409888901314,-0.20526994735746154
1021,-0.10340049250552312,0.12722188505685125,1.2041899627861101,-0.06084517417652056,0.08328478035713806,-0.24451846543540842,1.2063619123136373,-0.10051331598768214,0.072681260086246,0.1116110579949189,0.5959257808067615,-0.20318515023856884
1022,-0.10314577913124565,0.1265194389061575,1.2133942051936544,-0.061049746234592445,0.08299129561601407,-0.2365450488540942,1.218823231607095,-0.1004256952768791,0.06866818085574103,0.10807138903132102,0.5997527404152245,-0.20350306426587977
1023,-0.09098375724798947,0.11888229054774231,1.2138481279038824,-0.05959802734602407,0.08311911789597924,-0.2360081965763459,1.230346796838155,-0.10043723820525764,0.06966254725925956,0.10567035352966668,0.608303182620273,-0.2034611819157929
1024,-0.08719009238259445,0.10870671796194985,1.2273295065745315,-0.055956552087310034,0.08757232128084272,-0.23188716145030358,1.2667420587344302,-0.10043698780147745,0.06533158105443292,0.10362755126253685,0.618448301218866,-0.20346208335065602
1025,-0.08142318083864498,0.10848295844268557,1.234682428264263,-0.05709035391477284,0.08813015347424746,-0.22690406815787406,1.2749703423582555,-0.10043655165661651,0.0603563372473312,0.1039289428015601,0.6234536340746973,-0.20346374933914244
1026,-0.07461358440749223,0.10302442717788562,1.2423422080118856,-0.053234352801554814,0.09401134666164568,-0.22127523666056542,1.3082116155216041,-0.10043660239560223,0.05614612189627627,0.10389637340170586,0.6303702852774307,-0.20346303696610898
1027,-0.06987319644772177,0.09883376728236445,1.2518526889013148,-0.052048383196465674,0.09648006876039604,-0.21197053410228647,1.3275388638884527,-0.100437268735433,0.05520157043508036,0.10389506936743798,0.6484199762385058,-0.20346323363965982
1028,-0.06484277676290473,0.09069614193791473,1.2552873845277832,-0.05217500977226136,0.0955558083187135,-0.2085806728827593,1.3358483895843893,-0.10043427017290264,0.05069524420803616,0.10389184447237931,0.6594933015054703,-0.20346324427661738
1029,-0.049607965891127793,0.08687466067317477,1.2695030112906356,-0.05210771091969516,0.09979931936640873,-0.19742487741707523,1.3701320888889625,-0.10044463768376753,0.039890201972001854,0.10392289910762972,0.6701698198752648,-0.20346304067666188
1030,-0.03694968177256526,0.08339454543164532,1.2743501556497827,-0.052793850958975264,0.10048014651264306,-0.188476754720976,1.3915685202957624,-0.10041933360446996,0.031118135564716497,0.10377474067401,0.6731487314210948,-0.2034635615741724
1031,-0.0346760865867808,0.0828586457753864,1.2872278959425285,-0.04789962214696204,0.10045056760341912,-0.18412388063865978,1.4000021422886932,-0.10041632785828834,0.026353694765525505,0.1043541774289021,0.6865224263828403,-0.20346362381039304
1032,-0.034484130462182454,0.07360771661068362,1.3011285274637896,-0.03565284123191614,0.10041546571429952,-0.17910012729315908,1.4132357597991152,-0.10098382272766328,0.02600517839239511,0.10023078844024728,0.6926766671009481,-0.20345226817331274
1033,-0.03605918222759953,0.06450543806419975,1.3030484472846893,-0.03459091939636679,0.10052696667402224,-0.17412852943578386,1.4222986984546755,-0.10527341328550999,0.021464754427839024,0.09952410183292468,0.6943841032512751,-0.2035421670502245
1034,-0.024154663318825452,0.058301622947027135,1.3153271486818534,-0.03519971934450575,0.09999973725660935,-0.1693759260145028,1.4298014491002955,-0.10457362228870168,0.020834851377143634,0.09955196976374257,0.718143332503616,-0.20304468107740395
1035,-0.017576019391997613,0.05178534664443857,1.3171075180006828,-0.030752438284618135,0.10315463860477647,-0.16300697342818313,1.4470721283550914,-0.10529436946276695,0.01672073167424251,0.09958953200455632,0.7244000683923955,-0.20605653309269997
1036,-0.012796181374844624,0.04960367511491512,1.3217466537127533,-0.030458939128774058,0.10474600127393321,-0.1522248172828191,1.4808759616672698,-0.10165026641251379,0.017868029226629323,0.09947243402563691,0.7302596838659065,-0.20759330058376385
1037,-0.007715496952774172,0.04889433420342311,1.312923109086629,-0.030369892771386457,0.10826380500371795,-0.14534262352606897,1.486210675449995,-0.10027804678829916,0.014406429680299053,0.10001686381166175,0.7304197361199217,-0.21156538888396204
1038,-0.004480680648505359,0.03687104344013389,1.3091958084339805,-0.030735020865649196,0.11347568385467678,-0.14080765831680192,1.4993271495464782,-0.10044583507217118,0.012617124517780439,0.09670734581513632,0.742384203445178,-0.21203927056507416
1039,-0.0011936627343724093,0.03477313927463913,1.3036468262702998,-0.028561407349455437,0.11349352742446434,-0.13552170524130341,1.5092304858752636,-0.1004407986965167,0.013327743599779389,0.09531534085718703,0.744544605452409,-0.2165955199252572
1040,0.00778047718336082,0.030241762402470757,1.2847326931473813,-0.026021643288407278,0.11355811350044512,-0.1352680504636777,1.5230253293310383,-0.10043384593023313,0.003890502817207579,0.09154830190185964,0.7489063470969429,-0.21720205298324358
1041,0.008377428069853844,0.030733983467417045,1.286318756246263,-0.023498247379200983,0.11352899477338473,-0.13008184604602904,1.5294630715367732,-0.10044204427337214,-0.0001612801884977907,0.08653789336339218,0.751500319548002,-0.22094638927827615
1042,0.012347698524748306,0.02907964054550454,1.2744226097505578,-0.01785290800019067,0.11354686413018661,-0.1252604347519809,1.5402304823632158,-0.10041377653792036,-1.655558111690005e-07,0.08664218771766453,0.7678861340764102,-0.22276598321357433
1043,0.013122098129518934,0.02595563805044338,1.2595785819231549,-0.017359457559797068,0.11350362405095468,-0.12027511954015167,1.5457070140887694,-0.10052906688783268,0.00027692343704591323,0.08655201503269312,0.7672629445254494,-0.22545139920285232
1044,0.013209008430048155,0.02400873357368089,1.2443543350878805,-0.017349402188709756,0.1136506874391271,-0.1153037528046277,1.5453877010042436,-0.1001285681633124,-0.0021220672172352745,0.08661439395814534,0.7736976524665224,-0.22516288348709368
1045,0.01841738273566371,0.01855973505664709,1.2389733403374734,-0.017738236128639357,0.11325467661941653,-0.11046544711788027,1.5353375034455172,-0.1041801341706487,-0.007979908273953472,0.08645557361365858,0.7749771753910217,-0.22484404953751044
1046,0.022245211022922803,0.013897325423319156,1.2287188989756508,-0.01492998218640428,0.1178895690789458,-0.10519717874005445,1.5237902077141414,-0.10920949219090743,-0.008448933174729301,0.08703292250172905,0.7750828957732587,-0.22947418607649256
1047,0.020808702715144442,0.008736063499908462,1.221099311785204,-0.00577786391816131,0.11772325058555129,-0.10479521955422019,1.5117974930285947,-0.10910732016423674,-0.012961187339514912,0.08283972851940796,0.7706134672830689,-0.22991043458649726
1048,0.026983056971172197,0.008221818415883408,1.2096328905440958,-0.004055498524319192,0.11888709191951526,-0.104587447549618,1.4937196773302839,-0.10919760993063597,-0.012910150159472104,0.08222494277420757,0.766164331452713,-0.23395498547149446
1049,0.030543740527014432,-0.0013976567177694035,1.186489879319794,-0.004799408294521331,0.12270779474042379,-0.0980803404042145,1.4737483817763661,-0.10914327727748381,-0.013019248463238833,0.08225863689495912,0.7650914344210561,-0.23548443955221338
1050,0.034093438362695946,-0.006056217541813868,1.1808802306905157,-0.00044878200954652785,0.12227109764709544,-0.09071665672492404,1.4678163616634647,-0.10926252548007903,-0.012977569378869529,0.08202848148193442,0.7517776661897605,-0.2380819861987004
1051,0.03482504998259191,-0.008631990816813612,1.1638227475401481,-2.4392118806791283e-06,0.12184039267878889,-0.09267929973947113,1.458493456097134,-0.1088317427204056,-0.012989296759105956,0.0838332662914091,0.7435119654076011,-0.24107381143576637
1052,0.03479479566357586,-0.011460170308690504,1.1570532706267969,0.0004944280291385585,0.12570278137122493,-0.08614599770704186,1.444785494925934,-0.11253843987669297,-0.01298654642296897,0.08658093401632727,0.7437320312039176,-0.24267640188731066
1053,0.03481023112707541,-0.012841446330099728,1.138015735093676,0.00452670830665218,0.12684470941373924,-0.07895413341742269,1.4362364509778744,-0.11778839098276074,-0.012987097116950567,0.0893356285390385,0.7255253268745837,-0.2423144708235628
1054,0.03456238209536576,-0.01698477205005111,1.1142999503347422,0.005853050338551521,0.12674068113688175,-0.07861322412665817,1.4143250698694112,-0.11781556220989925,-0.012986988437762812,0.0911644210495644,0.7230054830983621,-0.24715122033611173
1055,0.03630160166519747,-0.017376282267250378,1.1023814350680952,0.009201530883364905,0.1364930973848023,-0.0787492821767607,1.405011197925954,-0.11849954866922609,-0.0129869405588495,0.09082750110809255,0.7136730869634058,-0.25199789809227496
1056,0.04224596537284024,-0.021938156717334432,1.0862329669620248,0.008394729556336121,0.13994386581931745,-0.07646948838112334,1.3845887113065818,-0.12424221094287019,-0.012987972024666122,0.09078910660026544,0.7037802623349361,-0.2569298521076982
1057,0.04323891161804279,-0.022432412613400798,1.0540551476442568,0.011498889833998528,0.13968619881925304,-0.0644140310375367,1.3769204747580233,-0.1265046238978048,-0.012980779834254687,0.08624812064439058,0.6957597979334665,-0.26181990876859373
1058,0.047216912836660345,-0.027537962951522797,1.0501218936980836,0.021349594966826944,0.13971961672956623,-0.06391153575078858,1.3596416831642912,-0.12947363697151162,-0.013018282872540228,0.08662480997252386,0.6868963782573964,-0.26675295009453
1059,0.04787950600910389,-0.03473639285709721,1.0194760254429833,0.021801281421215724,0.13986009519300863,-0.060551874083864754,1.3396677978124127,-0.1307972897950125,-0.012855670570927479,0.0869411524089828,0.6749971972791433,-0.2715629821039967
1060,0.048131148488774894,-0.0426148116145025,1.0003260217428434,0.027005060233433315,0.1393483926072318,-0.06165876796177418,1.3208592470960518,-0.1350190789227091,-0.0134445845665882,0.0840579159949345,0.6580109009678358,-0.27670844780571996
1061,0.05256061513231087,-0.043598240127412084,0.990401847444515,0.03175593630040907,0.1438428344744594,-0.057213096231258094,1.293257074021306,-0.13539859222042044,-0.009056628033215698,0.08186188809209771,0.6463428783328516,-0.2770274547085178
1062,0.052051725875954045,-0.043447891886785425,0.9625816402129953,0.036761691777786,0.14407406205694082,-0.056766858189373964,1.2606234876921352,-0.14009639711510133,-0.008662135124426307,0.08260316951291304,0.632062042224373,-0.27809173545107463
1063,0.05220557250894418,-0.0434582120005256,0.9393651801902927,0.04151326857450061,0.1441298117521601,-0.05686266520357496,1.2448968940401168,-0.13941721940364718,-0.0036123335401021532,0.07797320151388117,0.6266299847538424,-0.286361787295674
1064,0.052166880311183154,-0.04402748788408251,0.9213778021274358,0.04700733280283469,0.14409488587043184,-0.05577076559704286,1.2108542288348267,-0.1411245361839056,0.00044721169103096805,0.0779897937957445,0.6193189264276532,-0.2869891794599644
1065,0.05217522154807323,-0.048074903280728463,0.8862674985039164,0.047680243152001665,0.14411330957165897,-0.05192218769871663,1.1981590483309483,-0.1469259441027266,-0.0008720659766170235,0.07789242114563548,0.6117866787566411,-0.29208771734508615
1066,0.052173733759407044,-0.04903868287151138,0.8649057997510554,0.05202655020386604,0.14407758905682247,-0.05254766209786235,1.175476620176253,-0.14869443672363072,0.004891184179857884,0.07793102392176152,0.5906581220181091,-0.30036320552861645
1067,0.05217391950316155,-0.054996085611356806,0.8413478232353949,0.05695455969714484,0.14420392803905116,-0.05225422323922526,1.1406901670405303,-0.14844233101926804,0.00844819172187611,0.07791927464106138,0.5870705260253428,-0.3066429217840149
1068,0.05217391919902718,-0.05674166964960055,0.8228372762506441,0.061855920175544754,0.1438130698531549,-0.052784460699282096,1.108768262461205,-0.14846715627169832,0.015508456809510055,0.07792507816925084,0.5708136485854679,-0.31153893853893627
1069,0.05217391010412734,-0.056493637670784295,0.7894976583492894,0.06702592241572529,0.1481875100325551,-0.04824155393636547,1.0879968518555958,-0.1484290214264327,0.021392380872056308,0.0779140344224774,0.5547366570658298,-0.3116190648721952
1070,0.052173914554617305,-0.05651206074653491,0.7751497968054979,0.07013072834930213,0.15317916923648964,-0.048078654480201606,1.0544213873538046,-0.1490023427289484,0.026113656386756407,0.0779362257879512,0.54469765103078,-0.3120557357703776
1071,0.05217390977554889,-0.056477875838755194,0.7553698445428446,0.06861139161999502,0.15749441582913995,-0.048007812034408966,1.0392892993635658,-0.1549239021780518,0.025933710101366542,0.07797163843605213,0.5303097109469488,-0.31939300110884355
1072,0.05217392554108603,-0.057171054483816514,0.731385292585383,0.07629084783885849,0.1571864993009595,-0.048043880303425525,0.988305212014638,-0.15638110769561808,0.025691263915602842,0.07719503774442024,0.5212946374034428,-0.32457671066865906
1073,0.052173870173293765,-0.06132620111823092,0.7063025198588501,0.081935154220502,0.15682740229264078,-0.04803255941080107,0.9746055391266739,-0.16484674928745638,0.027961768235446792,0.07343987590448225,0.5093909773656634,-0.3300624939629534
1074,0.05217402197001796,-0.060748383030680295,0.6875127927242626,0.09140363537632616,0.15977244606908714,-0.048035620878064386,0.942603710019849,-0.17455339231464517,0.030686190541098578,0.07174828597424798,0.4943240665390684,-0.33342205243214107
1075,0.052173871193204276,-0.060888883620736446,0.6653355984716866,0.09141356543112773,0.1619629320109819,-0.04803424234195771,0.9233402980181978,-0.17440168183439983,0.030191253796483675,0.06886458468438213,0.4795104183234357,-0.337176949535978
1076,0.05217200725682186,-0.060896572927508,0.6266658419605365,0.09821599378307279,0.16121350727513117,-0.048036416650927,0.8951734590166788,-0.17905530548902626,0.030422289561576086,0.06933621936825374,0.4652366681360312,-0.33765363836274764
1077,0.052190056493400465,-0.06077863883803732,0.6114537042244459,0.10615740713555954,0.16583112405038833,-0.048035062951756094,0.8640297515497026,-0.1793070688237561,0.030312758797858448,0.06925532258669755,0.44585374568051106,-0.3379262042814108
1078,0.05208154259873685,-0.0609780526606084,0.5858786270700741,0.11355133580670196,0.1657384483235536,-0.04800288343411926,0.8356541158060049,-0.18493083050715578,0.04044823165334687,0.06926407231370882,0.43647884600911474,-0.34437777176329176
1079,0.052608114399973455,-0.05631786648125888,0.5623945381169599,0.12004875118935604,0.1674381685530961,-0.04828871953169942,0.8014712287580585,-0.18808057231381414,0.04826039932274307,0.06925777112156221,0.4236400015478781,-0.3523937737526418
1080,0.04938178482964726,-0.05662585452568058,0.5341978823006983,0.12933696591708455,0.17678133070098476,-0.046347576019187514,0.7867744803256822,-0.18781376983118048,0.047403796425755776,0.06931785525069199,0.3985404006215172,-0.359931555827349
1081,0.04759081732006729,-0.05649457587964993,0.5148787928311693,0.13027189226102304,0.1808962745679542,-0.04324818913149017,0.774854592090138,-0.18733156907640017,0.047810123603260625,0.06896499768179672,0.38520878480764376,-0.3641840008891719
1082,0.04785530547910051,-0.0564999165965398,0.5079145111757161,0.13973899316223085,0.1864591733197009,-0.043760371704151244,0.7273621615029325,-0.19141767716377753,0.04704896275884827,0.07129098641880276,0.3697792425563321,-0.36361865866484855
1083,0.04782612935365522,-0.05664588464729242,0.48553120647574943,0.14347897400402626,0.18796201992331932,-0.043628542930274176,0.7185170505109618,-0.19222112014050075,0.05155972745784999,0.0764604932383523,0.3522913932885852,-0.36353394842758385
1084,0.04782465553097232,-0.056084553461457506,0.4610053133381548,0.14461092834648542,0.18775239024718557,-0.043710005964135594,0.695598586368692,-0.19231199415115624,0.051532019974238355,0.08171756257982989,0.3466512585917066,-0.3683696029619727
1085,0.04782667404083268,-0.06040406986165211,0.42804226932212325,0.14948491431908095,0.18777201880693517,-0.04389124786647665,0.6713921136266193,-0.19761463090079534,0.06541040338435426,0.08225221133098451,0.33701659168642634,-0.37237440969104096
1086,0.04782591338728609,-0.060875829640918824,0.42127048273026585,0.1576634065730443,0.18769775390303195,-0.048422719918193184,0.6440716450284871,-0.2012212309843548,0.06535698667595702,0.08741773975090725,0.32685601919387536,-0.3736118387312623
1087,0.047826130318168555,-0.060787102542694045,0.4126851385449542,0.16344018141166367,0.18847576962824616,-0.0478869657377615,0.6139000625098548,-0.20076177450223748,0.06984686151858291,0.10122863452690256,0.3101126680637656,-0.37675974176547206
1088,0.04782607629826879,-0.061782858852925206,0.4003767585426891,0.1766308620582055,0.19412990870766433,-0.04818089853090072,0.587609987307441,-0.20098524510978286,0.06902731910630767,0.10507778562550157,0.29229846537180443,-0.3788623070856497
1089,0.047826093617156756,-0.06569392249794488,0.38437656052808206,0.18259754137244621,0.1969529044725615,-0.047557512726920076,0.5721703933178781,-0.20055150018370924,0.0696707411924095,0.11069934488836368,0.2772548738144602,-0.3841145342715663
1090,0.04782607514655513,-0.06507503892468826,0.37186753174846227,0.18225817826331245,0.1959344297911066,-0.05141781502914775,0.5519110488858842,-0.20451225259772718,0.06621884368948601,0.1127991908770374,0.26889731494373575,-0.38925238695043224
1091,0.047826080805347275,-0.06534286130861729,0.3543163115786668,0.1856127134297134,0.2000994196774303,-0.052511499707040284,0.5283026154348911,-0.2096086193053487,0.06118519135493628,0.11258960895084501,0.26520421601497596,-0.3896098714758157
1092,0.04782637708650498,-0.0648820044889807,0.33905496749813696,0.19631177705571334,0.20071551827095147,-0.05240343022106283,0.5062962420976411,-0.2095418031879637,0.05625945246440748,0.11236916200855925,0.2510034866335277,-0.3896582016597205
1093,0.04782388352677304,-0.06903161264300829,0.33296621013832833,0.1999481265958851,0.2052863350828981,-0.052386928913950886,0.48878861216582387,-0.20969704352066856,0.056356547159967275,0.1169757486608307,0.24641012911995538,-0.3893552308667929
1094,0.04783814381480149,-0.07400802752028772,0.3137919445180844,0.20459877042029367,0.20515255786007208,-0.052473793728061796,0.4718737294548164,-0.2092282914006327,0.05613513101708244,0.12143435784878805,0.24020892448385145,-0.3912649579156739
1095,0.04777110822483439,-0.07854630362255308,0.2958081269200657,0.2078140851524373,0.20527377178609874,-0.05201989927188972,0.4448178038580035,-0.21195878190165876,0.05692180782102642,0.1211767038394517,0.23076507434766125,-0.39435815908961763
1096,0.048041099837053805,-0.07790558176650474,0.27683353386082526,0.20868925964150103,0.20523139814070693,-0.054812776905602496,0.42952551494392166,-0.2142919831873863,0.05202645535337096,0.12096043625734305,0.2169423482598594,-0.3938466972359874
1097,0.047131415359105214,-0.07998317841809738,0.26851169931156194,0.21341367858650467,0.20523843116606974,-0.057049998697130615,0.4055249162785934,-0.2139171623447916,0.04371583351508423,0.12316857939206885,0.2127959698486888,-0.3939793836206612
1098,0.05562387368876401,-0.08302521856750128,0.2584246728661498,0.2221670848321714,0.20525544133181087,-0.05679409059040282,0.40154420746525793,-0.21398948769676396,0.04393834718543641,0.12904161275743192,0.19871084035899267,-0.39389393255628735
1099,0.06088599168222382,-0.08250177106726549,0.2486379324313056,0.22275818831258828,0.20519069822484665,-0.05666893734858221,0.3848766792077063,-0.21402485508100802,0.034972061866032855,0.12971323769208412,0.18211293677866755,-0.39374639137094286
1100,0.06121175375336222,-0.08269517765155154,0.23881915429509668,0.22641901069200132,0.20533704693340588,-0.06156546234780014,0.36441434791491795,-0.21329234273370362,0.03472073036896434,0.13398541143170203,0.18176883006862898,-0.3892175057767947
1101,0.06673867428024942,-0.08247499884752998,0.22977165590096724,0.22756744945056756,0.20052887881414377,-0.06579094891337589,0.36603898139140734,-0.20897587446343038,0.03471485712356259,0.1389015325058089,0.17586484706119812,-0.38987244004014315
1102,0.06990318580363465,-0.08725042633344499,0.22269769763147587,0.23705229277572815,0.19150854800768496,-0.06538725725927506,0.35181527782753624,-0.21056415161940353,0.0336043840233198,0.14398420326294561,0.1655729435590031,-0.38845516470655966
1103,0.06948389512524106,-0.09138875636689954,0.2104047216594088,0.23946595699443843,0.19263336145577353,-0.06564016594084171,0.3224448339575394,-0.20422990872859992,0.02772805172297973,0.1477321834157769,0.15757260319460417,-0.3795150102843375
1104,0.06958192843237139,-0.09250669605164338,0.2060392656969989,0.23903511604111644,0.19026768160520222,-0.06502657748398542,0.31015744650098565,-0.20036856159011301,0.025998158626209928,0.14622815160273436,0.15405165926989114,-0.3765229896023542
1105,0.06956248742194024,-0.09573864391997679,0.20471070793952348,0.24389979491736463,0.18744988427580656,-0.06891005629295788,0.30481114318935754,-0.20093503796328382,0.02325281823307942,0.15286103356934652,0.14201389755796548,-0.3730543092673791
1106,0.0695654189824687,-0.0980547735869958,0.1979990670472988,0.24894884714024598,0.18758752779704374,-0.06997434621528804,0.2894053534004151,-0.2008733608770047,0.014213418352398536,0.15627437633004543,0.13040339728362738,-0.3679865652397033
1107,0.06956509345923362,-0.10031728468284679,0.18375792638774935,0.2525004199047408,0.18854472235334732,-0.06987236126072467,0.27555086868118805,-0.20093045796274733,0.00428396231207214,0.15579898646461257,0.1299008697295782,-0.362910840157527
1108,0.0695680159174095,-0.09992773493575498,0.16929969768262854,0.2523090858294696,0.1793449197114967,-0.06982873815978635,0.26953275683290834,-0.20030554431308178,0.003916836551398239,0.15584025238800697,0.1289432502381988,-0.3596370817374811
1109,0.06954556980142101,-0.10003671893729181,0.16927645590524132,0.2502330945376946,0.17875183288979968,-0.070130774603062,0.2558377279563093,-0.19315184987506775,-0.0001735170910342466,0.15585829608112725,0.11952276945643014,-0.3548916601722672
1110,0.06966852485190383,-0.10027752213297216,0.1638022935957412,0.24120783654763756,0.16912427438604832,-0.06815302316713982,0.24156719079328884,-0.18463169732156917,-0.0018781998054488045,0.15576778723335274,0.11496439713108006,-0.3428025291774301
1111,0.0691077978154412,-0.10454041443989791,0.15860769001535696,0.23498867128516412,0.16348109698466123,-0.06496012302850936,0.23616509637273667,-0.18357511407802293,-0.0034906647623199802,0.15623663982559152,0.11206760179745946,-0.34167906603154946
1112,0.07260339142820417,-0.10559498129564471,0.1567043575780885,0.23478289550941578,0.1544289942251207,-0.06607651768183298,0.23132622651754717,-0.1802093154109203,-0.013149878178290698,0.1533333162128415,0.1131145132845819,-0.34278737712512475
1113,0.07407313483218539,-0.10914854334085461,0.153288145173896,0.2349969142175012,0.15257922741194446,-0.061678836662845925,0.217236031895809,-0.17484125409868037,-0.021132684248750623,0.15115558161109718,0.1087622335221215,-0.33376178599970957
1114,0.07394484619117987,-0.10871394554725984,0.15253500019831195,0.23288233834802477,0.15311510883353702,-0.06122412950776214,0.21198627621522867,-0.17469767201601896,-0.025857252205182344,0.1517834290119345,0.10831715157415295,-0.3332840264506682
1115,0.07405365666916079,-0.10827775645919346,0.14411757627848162,0.223826510665126,0.14962965431682718,-0.05656148516591816,0.2027998956491982,-0.17469066859219334,-0.026125800786163177,0.14732124001579255,0.10372225253543742,-0.3278938796832165
1116,0.07865022521182509,-0.11255357680149046,0.13444175009450057,0.2192345117613543,0.14002254840691292,-0.05682444440103082,0.19926547901695846,-0.1744347724703286,-0.03138759103625061,0.14276949370909092,0.10356817469805078,-0.3244907014180451
1117,0.07786953381024483,-0.11305527272888269,0.1288023664528344,0.21692907985458107,0.1352009099091317,-0.057086678590688555,0.18995144082232732,-0.17590287265477278,-0.035896654318005504,0.14201911307404377,0.09656315352262125,-0.32367529866297273
1118,0.08002585145545639,-0.11306873149873378,0.12091598320727612,0.21800800567857254,0.13598782466119338,-0.05456138601596228,0.18809242727956887,-0.16678153334604834,-0.04262090881167461,0.13809012947096497,0.0881204640563614,-0.3145537818147214
1119,0.08333230877839422,-0.11297610322232103,0.12185425554239215,0.20942426841893877,0.13143056046645837,-0.0525056588462911,0.17968549963393537,-0.16066116338784442,-0.053835216568129576,0.1383991243072952,0.08617142997102968,-0.3117961127327372
1120,0.07993398475098017,-0.11338679777698008,0.12215455113163473,0.19963175575679887,0.11907064877014516,-0.049054964737760505,0.17468385768785857,-0.16199958762705893,-0.05644170166762593,0.1394834332726271,0.08733933929392858,-0.3049012614683917
1121,0.07433535239480604,-0.1108978074962387,0.11853945580592744,0.1948367632181831,0.11604893046855741,-0.04787501936241926,0.17363946704162314,-0.15723019391033954,-0.05966492867921918,0.1312876011772962,0.07891672160954892,-0.29015496888492515
1122,0.07403386666541113,-0.10822534165120512,0.117259007342311,0.19015500418849154,0.10665829610286935,-0.047987862172243746,0.16273145536989475,-0.1569501940830207,-0.0693352900171799,0.1300311216365987,0.07356924403480557,-0.2855069918359778
1123,0.06940655199727382,-0.10916549706052839,0.11737809962543,0.18314793220143935,0.104495665063187,-0.042931744703187814,0.15452783547368934,-0.1516647253821267,-0.06967498841252462,0.12065798993953968,0.07363327013991872,-0.2784099019172234
1124,0.06966811492483313,-0.10472255602468782,0.11717803372603103,0.17485367741988325,0.10484706720756376,-0.03813076241397872,0.1528461458407405,-0.14651332232529188,-0.07382812048865252,0.11147319748185662,0.07357302542768142,-0.2653791965785384
1125,0.06952646861935989,-0.10436861839103571,0.11202502293453236,0.17414911307636574,0.10036058074166788,-0.03278043956854952,0.150409225232784,-0.14384841113673297,-0.07518236400849393,0.10720887543631344,0.07362500908574973,-0.26462206857336507
1126,0.06959558700367194,-0.10393969202703258,0.10724077142840807,0.17027889404180763,0.09893683717934339,-0.030274581601448292,0.14085130471352517,-0.14261217809809565,-0.07848881353793695,0.09999327512082942,0.07346910493564626,-0.2590989600598779
1127,0.06947257622446648,-0.09870540736759688,0.10227875572091541,0.16533656416744186,0.08927263028019437,-0.03053290842600952,0.13545617832213636,-0.12880184059128497,-0.0773499788271375,0.09219569378791853,0.07405021581008808,-0.24807327357177597
1128,0.0698977318395543,-0.09403236589729602,0.09750033263031112,0.15546000723113895,0.08626884398613481,-0.030836797031160615,0.13089051314779274,-0.12640743328379228,-0.08173398558463164,0.08824612376345088,0.06988094287544913,-0.2429983329311369
1129,0.06620541575329449,-0.0885042347122289,0.09218156513833407,0.1460560545676719,0.07417705768870599,-0.026425496103472324,0.13013492256025366,-0.12647888726178266,-0.08217178080670574,0.07907595528711521,0.06923672381554175,-0.23362236228311234
1130,0.060985139739538605,-0.08719483789157347,0.09113901442442461,0.14452626629257684,0.0691551396286866,-0.021459619149930134,0.12644781947224035,-0.12158892543708981,-0.08680027809312589,0.07359863336042576,0.0693217254624436,-0.2324615475212989
1131,0.06088833894951556,-0.0833357356066149,0.09135015574958781,0.13507723022135976,0.07013505772240396,-0.01647313257944418,0.12474308363968084,-0.11520071495746446,-0.08648864839441671,0.07328676064199761,0.06847507022051638,-0.21586333570853297
1132,0.06102933488439207,-0.0826794101956169,0.08638572343314432,0.12220113158346195,0.065438158278385,-0.01164342667035199,0.11999455713105435,-0.10715058752110515,-0.08647886776936865,0.06810247244316707,0.06437776002155506,-0.2051178700936985
1133,0.05959723205147188,-0.07799149262088889,0.08224700093550014,0.11861330425922607,0.060874563734775865,-0.006126561178775922,0.11061673475558599,-0.09975049531626248,-0.0877404127937842,0.06278678184888559,0.06548552416077773,-0.20151309832088965
1134,0.05598263580991067,-0.07366510620799276,0.08305663002338813,0.11339755575140029,0.06150775332214818,-0.004594797384692356,0.10926043439753012,-0.09266604626520493,-0.09718668705207714,0.06104899412663326,0.06210882694304203,-0.19288224482840463
1135,0.05696789408713674,-0.0739993036057414,0.08039014470176191,0.10846845909701258,0.059279651863055206,-0.0008380153379805844,0.10473010150141487,-0.08801088665917595,-0.09694195116403377,0.05512634619595236,0.060415505268559315,-0.18637997205307805
1136,0.05374209565254864,-0.07389094326099227,0.0782527742407639,0.09895174766515186,0.057163510751132074,-0.0001616255345297168,0.10445917937732128,-0.08306324161642716,-0.09112466255903813,0.04797786021380485,0.06056472123776847,-0.18616612611994465
1137,0.04827929807960135,-0.07391196060001873,0.07536903588180531,0.09458343741306842,0.05126861647497183,0.00442345373974452,0.09899982635695657,-0.07851114240602035,-0.09091968691597313,0.047562325624076064,0.06053629360109268,-0.1809102115328648
1138,0.047780974289461695,-0.07393607695465779,0.06989942629738033,0.088953359346836,0.04447883024744095,0.004680410130368179,0.09436516450454445,-0.07763977669565672,-0.09089567853380127,0.04744684224074991,0.05595180378731057,-0.17149768388546524
1139,0.04761974460574787,-0.07384356206257761,0.06956097533435665,0.08735674198217405,0.039498774321340115,0.010336401476374333,0.0887580469358365,-0.07444324403153765,-0.09090915511092616,0.04230907346090957,0.0563972228518759,-0.1684567053616479
1140,0.042329582807238086,-0.07400679949024913,0.06910870148262968,0.08155287571650885,0.039213479433175456,0.013542537629033185,0.08763443131908184,-0.06989137300840441,-0.09093499831246367,0.03764890532337126,0.05624373138897639,-0.15511244934693466
1141,0.03878858506328266,-0.0691381192340793,0.06506900302150001,0.07090818856226211,0.0346176925904143,0.012536917783205677,0.08343806458104847,-0.06466591105480135,-0.09078916263368532,0.03193968632305866,0.056284775985199015,-0.14631206108789457
1142,0.03922123457188803,-0.0648825194072414,0.063590749861641,0.06523920424127508,0.03478653638103483,0.016364408595038973,0.08319775219218119,-0.06607305844538089,-0.09135217772795562,0.031285088785904545,0.056275567679857696,-0.14415917440222173
1143,0.03910388475313251,-0.06564080337825895,0.06130954551705877,0.06472459434981512,0.03667431956138613,0.01736686059058519,0.07397050062832715,-0.06129148461399421,-0.08720700915224068,0.020724153682553724,0.056277271105351405,-0.13891258590563046
1144,0.039157487022136554,-0.06311917053464217,0.05516545798885152,0.05587816500524539,0.039728811122806275,0.021610159082360088,0.07285996662939001,-0.06089737690137095,-0.08652040264305555,0.013009892317270176,0.05627704505143323,-0.13409344954749577
1145,0.03906681618466343,-0.06083159205356747,0.05203701947260802,0.05565257319128869,0.03918298458204849,0.02637375553208281,0.06475219858308454,-0.051682642208645053,-0.08624261575088114,0.012963742654125724,0.056277052521876966,-0.13448000923678138
1146,0.039187204562187654,-0.058126671752872804,0.04844572776966834,0.04991783514991755,0.03941927056650751,0.025967859692923364,0.06404776209019127,-0.05259387161624766,-0.08208162444843634,0.007958923840119335,0.056277038523111625,-0.13252517848359538
1147,0.0342496076961984,-0.05244733995603119,0.04341806201846762,0.045337568235789126,0.03912827949776524,0.027363565292995513,0.05831711437208134,-0.05265120569006679,-0.08081712545654783,0.003140938732316081,0.05627717908323735,-0.11945795771425599
1148,0.030142038752508444,-0.05221837439591561,0.03842188884429187,0.039867671672546415,0.04378419430915883,0.03315872876838788,0.053685435675806296,-0.05021404754488326,-0.0778885162969329,-0.0017951354432871169,0.05627646495930507,-0.10882425934364814
1149,0.030525815507405494,-0.04765994084351564,0.034308123169268206,0.039176774615562855,0.04407211552502587,0.03520903478153603,0.04831662117063012,-0.04485505263503532,-0.07519464829932421,-0.0067393241269901654,0.056279436112485696,-0.10892116515093937
1150,0.030413433284466974,-0.04705317021696657,0.035609011605207734,0.034775975785596706,0.04979608895916842,0.03483094891918326,0.04803361628385845,-0.04005601385505475,-0.07337887443122722,-0.011489634512979973,0.05626924674702131,-0.10093471791339814
1151,0.030430966640836023,-0.04299266560266043,0.03020069287206424,0.025503589945843265,0.05270097214353395,0.03506738837195406,0.04303726165390293,-0.03499913669847419,-0.07357185754366699,-0.016901731089540902,0.05629375192086936,-0.09530455502357245
1152,0.030465161287756802,-0.04351929369698571,0.025279191579956804,0.01849918554301667,0.05245161123356686,0.03511365559091128,0.03800095317808327,-0.03515181253244137,-0.07352994731825979,-0.01722792344972658,0.05630030994903025,-0.09007089773587963
1153,0.030353391215856344,-0.04379450135996843,0.026699732625752214,0.0074107744175443795,0.051963413549585766,0.044296637531763564,0.03447656446560422,-0.03328688377467715,-0.06837694480268386,-0.021875482116029694,0.05571817882722993,-0.08080872068677153
1154,0.03048187787235901,-0.04047228262250961,0.021807410421219687,0.008780784479645445,0.05617404049495864,0.04370697371220552,0.03538252413072042,-0.024003637492619277,-0.06453241091075383,-0.021383475805527664,0.05145918601923807,-0.07639925217026786
1155,0.025841293709458254,-0.035065255121908764,0.02139596795150395,0.009550937960615107,0.05680164461939924,0.04190411288322736,0.03229791981961236,-0.019767133483998736,-0.06541845877762605,-0.022785405369200207,0.05228211440105034,-0.07149237156670091
1156,0.02619278062822682,-0.03478965115201926,0.0024581091246933945,0.0015702352752496153,0.05678332011143452,0.03888669541865646,0.027093629781131324,-0.014618101946903179,-0.06241589685622326,-0.028521870999450707,0.05021826353249121,-0.06601134049253364
1157,0.02607771487433876,-0.034731352599837235,3.79699121132082e-05,-0.00018470739445560283,0.056760964849202185,0.03938216977620203,0.02217260328752547,-0.009816792190477156,-0.060330345973881094,-0.030560309238180983,0.04147571260222845,-0.06516313144823854
1158,0.02598004081542073,-0.03505963170880729,9.70139623711892e-07,-0.0001717792141549244,0.056770978367566075,0.039285332044137054,0.017200497098951488,-0.00460561425982215,-0.06063904909419256,-0.030258688576551483,0.03495028413867961,-0.060937331971939956
1159,0.02655381083000812,-0.033025577497143015,-5.160999324269054e-05,-0.004693769728198034,0.0567679202608775,0.039306430417614294,0.012984309107654881,-0.004388944813307173,-0.06061045930079268,-0.030308676317557796,0.03461796694637936,-0.06066343884147969
1160,0.02271653379281941,-0.030462370641104065,0.0002051894977455376,-0.004207360362271779,0.05676874761371082,0.03936368668721421,0.011951159483473684,-0.00432518769294181,-0.06068923909060702,-0.030304483323181423,0.03462161221818526,-0.05999713834880102
1161,0.021623844070182703,-0.02755679791389985,-0.002834658882944637,-0.0044954584999575935,0.05676835896844828,0.03865269324657126,0.008267275522761163,-0.00452778261716062,-0.05974565281973591,-0.030274186030051314,0.03465180895247115,-0.05575987248765556
1162,0.021740250655997894,-0.025867820190153996,-0.012687095249572136,-0.0038435979296559987,0.05676901634892622,0.03294451279745421,0.008755341385632841,-0.00319922582485468,-0.05581069057479343,-0.03050734545067568,0.034538455930701775,-0.05678645000715084
1163,0.02174426935594302,-0.026121987966254628,-0.013136574069498497,-0.007681023610951757,0.056768309129104196,0.030310167129553006,0.009032921311678082,0.005018876831677625,-0.05639293120356211,-0.02887764483317201,0.03507034496081819,-0.053762746116981945
1164,0.021736963216278382,-0.026123394128243584,-0.017818485235531256,-0.008516883917903853,0.05676119654145897,0.03038241897569856,0.005281266247679872,0.012423181103401291,-0.05625483178669883,-0.023073889432045094,0.03177473548228022,-0.05154642704675217
1165,0.02173977798569968,-0.0254853293392656,-0.017048697164870764,-0.01294611643358168,0.05683271939433639,0.03137640529345768,4.0623120513088055e-05,0.013184124868775163,-0.05627392488743284,-0.02144021833494623,0.030120777596539892,-0.05234129871842075
1166,0.0217389687644895,-0.02128773040942958,-0.018838561411737727,-0.012892010887690467,0.05639820535621698,0.02245722225749732,-0.00030476730459120936,0.01309263960875466,-0.056291600252013914,-0.021673816531615188,0.03026053179205311,-0.04768606073313449
1167,0.021739165040921993,-0.021862448515741425,-0.024742665989275988,-0.013920539987292528,0.059046181005618266,0.02187670173182191,-0.004584823342332119,0.013034648594108427,-0.056303062036164656,-0.021643706551712105,0.03019239861060045,-0.04735835100007535
1168,0.02173912432994518,-0.02171271499694114,-0.025844614552106984,-0.017941077807229484,0.06101769621321663,0.021938711631360512,-0.00570640184793713,0.013755009058910254,-0.05573044467639344,-0.0216422950691519,0.02578520562143137,-0.0428231345184091
1169,0.02173913117307248,-0.02173599176528715,-0.029758969393404812,-0.016842064741426608,0.06450630715604344,0.020653829479051755,-0.00929419763568589,0.019443954091127275,-0.051212518688485996,-0.021662457711889748,0.024914008342896605,-0.04360077662785421
1170,0.021739130443711088,-0.02176393084335541,-0.030472969642253846,-0.02023355194874121,0.0656137666359024,0.017027991787209845,-0.00828548222963574,0.022153553194425347,-0.05391450695902195,-0.021545090347691375,0.021150629985587855,-0.041875080449565685
1171,0.021739130395491586,-0.021702684439815902,-0.03039108981708046,-0.021967732956277134,0.06550386548833845,0.017449657831830213,-0.011804288275496183,0.021773023093759895,-0.056640331397357975,-0.022115008095223015,0.021766453161200485,-0.03328815164950061
1172,0.021739130450533738,-0.021508751471170758,-0.031122195898835518,-0.021696434413920475,0.0654961401844873,0.017898027831300796,-0.01718074742288485,0.02182390524785662,-0.05620824583707811,-0.018635738924503983,0.02159113081457801,-0.02686736729604062
1173,0.02173913043016693,-0.01701121783319668,-0.03532319704647406,-0.021722197162401383,0.06550458175701944,0.01366456671858551,-0.017439050144421892,0.02187847002298437,-0.05628666620707876,-0.017500710444305824,0.02173711633938536,-0.021921538392707062
1174,0.02173913043593946,-0.01751531488855171,-0.034274082121535474,-0.022258620580269395,0.06550148694703248,0.013077178368933894,-0.01804398824945507,0.021902442565611652,-0.05627664607966365,-0.013298931641205887,0.017595475175897574,-0.021664096072714193
1175,0.021739130434455026,-0.017358727835469375,-0.037292428104414896,-0.026535132408148927,0.06550235307010945,0.013059267871459479,-0.02198545232278668,0.027108929531130307,-0.056276320866725314,-0.013060066622091615,0.0033181169064637928,-0.021624576497504128
1176,0.021739130435113222,-0.017398593890818017,-0.03976116553009009,-0.025934862221355715,0.0655021481765093,0.013327594177924082,-0.02356564341819022,0.03089904870677152,-0.05628115269559351,-0.012282594212161492,5.144021952378276e-05,-0.02165241947348125
1177,0.02173913043413315,-0.017389932705607753,-0.038086817025127305,-0.02623843231650967,0.06550218930776938,0.011588751515592976,-0.026150878089833397,0.030476673633448793,-0.05625386649640394,-0.008508390719605722,-0.0011385102581773303,-0.0216429866613283
1178,0.02173913043426782,-0.017391521945265186,-0.05183763469470912,-0.025621635289679482,0.06550218279115247,0.008180666593044285,-0.029318906297154987,0.030588063988197984,-0.056386082531892555,-0.0068631999618429,-0.006976409128793812,-0.021645490857506784
1179,0.021739130452281343,-0.017391275012148266,-0.05200725307900266,-0.0297538270889768,0.0655021833591146,0.009293264804704377,-0.030387541802271382,0.030565993842710436,-0.0558448506762046,-0.00394521154097137,-0.008869191368122595,-0.021644931480288274
1180,0.021739130304763116,-0.01739083422307298,-0.05225778446340129,-0.030486103066946813,0.06550218345452796,0.005186570527400245,-0.034737596859987334,0.030561672140790842,-0.0596732699223082,-0.004317939400523116,-0.008722752829017359,-0.021645034646067714
1181,0.021739131139328256,-0.01739549364054111,-0.05214889297966558,-0.030462825998338963,0.0655021833884695,0.004286540142125779,-0.034884368867869775,0.030574656161994913,-0.060896947724463565,-0.004543399243307749,-0.008452197845587343,-0.02164502092895314
1182,0.021739127244303717,-0.017366850959155904,-0.05217273595430974,-0.03024217084984339,0.06550218341104544,0.004350438152486854,-0.03496395796050926,0.030648264161751357,-0.05617847849110572,-6.610378183216528e-05,-0.013102379662122436,-0.02164502073922686
1183,0.021739142823992037,-0.01750730956444494,-0.05220595496612407,-0.031771163520150386,0.06550218340493212,0.004532039115116061,-0.034924855394311366,0.02972421547926862,-0.05636368007046035,0.004525203164076062,-0.012735896070923191,-0.021645027184855278
1184,0.021739090843793718,-0.016922553266712815,-0.05205664438158853,-0.03523422562648137,0.06550218340640968,0.003145304286095143,-0.034937023191720276,0.025731480521807563,-0.056242755925651304,0.004245717676353057,-0.014233935640720029,-0.021644989504216394
1185,0.02173921279642798,-0.02080227904198858,-0.05248278946485292,-0.034682588934429416,0.06550218340588712,-0.0004610684726936891,-0.034933926766771296,0.026316985256186965,-0.05630631024083785,0.004353460194579172,-0.017735925267546866,-0.02164517511837999
1186,0.021739252074297086,-0.021843554153568534,-0.04788314248027749,-0.03480094213713251,0.06550218340643968,0.0001047149028868878,-0.034934643541977006,0.026184822135675443,-0.05618447276850203,0.004323134870896503,-0.017338671037067228,-0.021644402920259823
1187,0.021736444770404408,-0.021740693015353054,-0.04789114409737101,-0.03478012751162758,0.06550218340733432,-2.0236064179070587e-05,-0.03493437329080069,0.026175128377014384,-0.05660336040015302,0.0043300300272521,-0.016888097612348947,-0.021647064510026685
1188,0.021758238967724077,-0.02173349243025528,-0.04779777598836379,-0.03478267902636753,0.06550218338960041,4.3437835840188604e-06,-0.03493453415324145,0.02626622138593353,-0.05280011081943853,0.004329340918250561,-0.021115432369845047,-0.021640548210039672
1189,0.021637651827315127,-0.0217413637718606,-0.04782856306615473,-0.0347845758349512,0.06550218351423054,-1.2368506657437746e-06,-0.03493653088344801,0.02627527190064041,-0.04766612975239948,0.004328140790284813,-0.021658551883884547,-0.021639968580912727
1190,0.022191952614991094,-0.02173848366576311,-0.04785476899378321,-0.034766921910645156,0.06550218285693186,-2.5728795855806446e-05,-0.03491747456637074,0.030883454561264522,-0.04767476464844139,0.004325286951304607,-0.021581297315957183,-0.021779987793416274
1191,0.018740991444151547,-0.021739287360734178,-0.04770097988516433,-0.03487122626101573,0.06550218576582856,0.00022909796016048196,-0.0350309089098854,0.03052469728531803,-0.04753630665308465,0.004377386624207544,-0.02243075525619379,-0.02056056650186671
1192,0.01719775997830619,-0.021739098058097386,-0.04825276652934551,-0.034372480541387904,0.06550217479788639,-0.0015625039890202622,-0.034488241669235566,0.030189715469830472,-0.047977663468004396,0.004016893666379116,-0.02735709393027737,-0.016638006405492088
1193,0.017410313930366753,-0.021739135802964892,-0.04390606197708601,-0.03756802547637134,0.0655022079253397,-0.00479903567415468,-0.0378667416162503,0.03312724295471227,-0.04538938604129659,0.006328128345417086,-0.03474942268403241,-0.018373921596774083
1194,0.017394027417750004,-0.021739129871560563,-0.04347707675788761,-0.03976225348497652,0.06550215266021035,-0.004277428411426956,-0.03950691371020094,0.03490033034184098,-0.04295964233852836,0.009023322043640456,-0.041995652166018305,-0.01093196732687814
1195,0.017378826570824266,-0.02173913032439617,-0.043459155166604306,-0.03499164895338625,0.06550193070607069,-0.004381446705904008,-0.039280911025804784,0.038266347987120065,-0.04334424761637581,0.00860053222265902,-0.046922697471948355,-0.008715709946146184
1196,0.01746533365482745,-0.02173913155443236,-0.043481233137969026,-0.034688360887882304,0.06550484707108463,-0.0043654390703028205,-0.0392992856254079,0.043596974812331386,-0.04328474768757009,0.008645987307352776,-0.047680769944602755,-0.004447870749895858
1197,0.017008719901672992,-0.02173912299484492,-0.04350498529915484,-0.030068596790846468,0.06548581347310152,-0.004366698410261717,-0.03930310285619282,0.04383654467431829,-0.04328905777645122,0.008653926093114332,-0.047626038943015044,-0.004119063283412624
1198,0.019790325321848223,-0.021739169188746008,-0.043343845433841566,-0.030564307335137215,0.06558241675231821,-0.004366092821920731,-0.039300575219711496,0.04925586869928136,-0.04329657186543992,0.009126736085794429,-0.0476194651198225,0.0004878415460246773
1199,0.02213433048681075,-0.0217389605776155,-0.04401353021715936,-0.03039941809516189,0.06516765139612085,-0.004372518512326228,-0.03930203254214538,0.0528281932765116,-0.043249046191683564,0.013423976301045396,-0.04757872422572237,-0.000490011829131784
1200,0.021419565813063403,-0.02173976309853225,-0.03979194172075693,-0.030442918986146587,0.06832827093632568,-0.0043373677390656055,-0.039298878698549186,0.05188450287785785,-0.04349918267403731,0.012862440255597862,-0.047835372051463806,0.00224986212350626
1201,0.025688414572629877,-0.021737263855637366,-0.03953391243824156,-0.030433216845768864,0.07394385009007207,-0.004492687589575591,-0.039310067696489995,0.05521796671944687,-0.04239650548908605,0.01301644275132732,-0.046692426091772425,0.004208291562330275
1202,0.030514383083157525,-0.021741923723237643,-0.030341540615801556,-0.03043500959155079,0.07419189472268302,-0.0039185270572802185,-0.03927662768997827,0.05700414720706252,-0.049647132945766045,0.01298125317981103,-0.05409440401227711,0.007677536287095386
1203,0.030681789549034118,-0.02175458631986899,-0.030603658798166487,-0.030434769985249285,0.07885883501995053,-0.008225121537470272,-0.0393289818488409,0.05672431027900264,-0.055178903013717875,0.012987752420465945,-0.0565424824115843,0.008766823715375963
1204,0.03762152809954255,-0.021557032939174228,-0.030369467952394074,-0.030434774556174313,0.07849478908271548,-0.008743267441005814,-0.03959151130270201,0.05675286904283189,-0.06908298977936367,0.012987137175865115,-0.05627022585413851,0.008665830020759139
1205,0.04489527551087466,-0.023045828215106826,-0.0304553044860515,-0.03043480574115908,0.07858878825539523,-0.00865329958475427,-0.04406910619285458,0.057291020399633866,-0.07366716209300711,0.012988291491988178,-0.056266574719116676,0.008517461417158865
1206,0.0555907171494278,-0.02654207266938344,-0.030421798742976656,-0.030434660420213967,0.07882757166516421,-0.009653206748138505,-0.043542482191804725,0.061581238767432475,-0.0817631157832569,0.012972793600199203,-0.056285847973874814,0.009754026939766094
1207,0.06276447442949926,-0.02598465769936641,-0.0304685310412919,-0.030435367285649755,0.07765838769016242,-0.013670042526563507,-0.043699976575850535,0.061010191924607195,-0.09919331548250032,0.01307486430764027,-0.056250289474241565,0.013457639390517818
1208,0.08069850570209078,-0.026106165926800925,-0.03033046216584563,-0.03043239953160201,0.08544743027537564,-0.01253754070282639,-0.04366186332318687,0.06116514409314358,-0.11052347146581573,0.012559846185311602,-0.056395581845597516,0.012843358807427685
1209,0.08174102144557517,-0.02608431824116625,-0.0306456363557067,-0.03044282496777493,0.0875153554315223,-0.01608018305465173,-0.04366714588732955,0.06112788733304012,-0.12118393676621075,0.015759074338035643,-0.055815264808339184,0.013139862088890106
1210,0.11940764208526695,-0.02608703811511376,-0.025988456904695718,-0.030415874408176034,0.08733221225228767,-0.01766171787825801,-0.04367313671437596,0.06114129393166033,-0.11975974538611074,0.01754388916671528,-0.05982213124944448,0.01260070197282402
1211,0.13000889512023672,-0.026086594263896742,-0.02631795641030839,-0.0304270664331627,0.08815625521841376,-0.01744956115715174,-0.04367022490594561,0.061128589787569104,-0.13741784730990694,0.017290603429659938,-0.06068657108551357,0.017202435278381566
1212,0.13546549749278616,-0.02609106335910427,-0.02495159337505298,-0.030905834202164622,0.09743187608537325,-0.017464737989251144,-0.043542975137326946,0.0610849018350674,-0.14312877002822885,0.017314840238601508,-0.060657660414236064,0.01753876211987314
1213,0.14971695177207692,-0.0260625418329379,-0.021181586997179647,-0.035269335763456464,0.10390528886783425,-0.01746905226361791,-0.044716295648026566,0.061724115262954495,-0.15277549657602219,0.017317679744280688,-0.059942308569784206,0.02186833493120207
1214,0.16419180875557834,-0.026203456698985016,-0.02229408351318817,-0.03438998634438054,0.11044207537619961,-0.017466825537869702,-0.048504500157545885,0.06737425891709105,-0.15701459551847785,0.017315400989635986,-0.05582203123079461,0.022897776040978517
1215,0.18224755836492923,-0.025613846727173543,-0.018709401157138303,-0.03668690704461596,0.12662000170899695,-0.0174663917274778,-0.04792209962019612,0.0702301810839499,-0.16250843030575443,0.01731618822456973,-0.05639813731476446,0.026512995637739917
1216,0.20933619791563904,-0.029494466336882116,-0.017109908482919028,-0.04257047529664065,0.14988954620422576,-0.01747155446685404,-0.048060099660778115,0.06966101861572581,-0.16475886954145316,0.01731597759786097,-0.05624999066472662,0.025620632045643434
1217,0.22491389393787406,-0.030507553673903478,-0.017585156595739664,-0.04326361784102358,0.16394456565770554,-0.01745192752830157,-0.04802353367842566,0.07034496778658808,-0.1645658694588021,0.01731602575188672,-0.05628203842232405,0.026837450260766282
1218,0.2624254457552386,-0.030430191451974807,-0.0129115804901319,-0.04755113604978012,0.18794725548807348,-0.017506852956803612,-0.04804846574560997,0.06580992285573017,-0.16420668339942193,0.017316013824424763,-0.056276403943259036,0.018099196965026612
1219,0.2736572344300069,-0.031231872476510412,-0.013136646777422918,-0.05278322924976421,0.19794736534326798,-0.017452581022862255,-0.04808797832279736,0.06546739180447224,-0.16879912023323868,0.017316019782900694,-0.05627706782369918,0.017334376975575532
1220,0.3009116486702429,-0.04073193548956659,-0.0130114185953189,-0.0669801808951921,0.25504556447719795,-0.016736739843059175,-0.04733249106826102,0.06119280274135588,-0.16873118994364475,0.01731604828593543,-0.05627708297286462,0.017273021351638163
1221,0.31917914596258745,-0.045360298371806704,-0.013052190619677708,-0.06937322187908053,0.2941144769649593,-0.007129579642794067,-0.053190883697969,0.058039154546308334,-0.16909552946415418,0.017315719141502282,-0.05627704334857389,0.017327499753514632
1222,0.3492655335039475,-0.04797372102264277,-0.013041461507248024,-0.07148439473056206,0.33974370014372424,-0.0026247253217463584,-0.0673338669903269,0.04659364004948404,-0.16749927701771555,0.017317786640039096,-0.05627706918129665,0.017340344895728686
1223,0.36467956700402215,-0.049816148269525455,-0.013043873474432728,-0.07426815603050826,0.36423348978440095,0.0014385933817143803,-0.06509118850901256,0.04837478820388898,-0.17741201491832354,0.017307622358261752,-0.05627701126233745,0.017186896359492734
1224,0.39969434100095474,-0.059223737644905794,-0.013043418279190179,-0.07395948082201365,0.38718897848929174,0.013140902215135586,-0.06557872739456368,0.04796993141271017,-0.1896121887257702,0.017349470578042817,-0.05627722783691247,0.01780664693750605
1225,0.4640434498859606,-0.06471907863527798,-0.013043482582549205,-0.07360794902385318,0.42959907396131336,0.023643470315531195,-0.06549182195955991,0.0480381317397215,-0.1684702405998866,0.017208139323161828,-0.05627652549962958,0.013560466501244947
1226,0.4697542026587073,-0.07425864547803677,-0.013043479510652932,-0.07820358475607378,0.4699514065767711,0.042858172225345895,-0.06550249986497603,0.04804442267625279,-0.16006612359643452,0.017533045064168584,-0.05627798662235865,0.013081753236277787
1227,0.4868409421235386,-0.08371502274844102,-0.01304347721014716,-0.07819526256134007,0.5238498990035825,0.043702473408540055,-0.06550255645581582,0.04809771212596911,-0.15998696788852668,0.012882737490959677,-0.056280425739122016,0.00845831931360296
1228,0.5036388385761593,-0.08694892903989203,-0.013043480681125846,-0.07827464695465228,0.5244188959582552,0.04850133657804094,-0.06550201101608721,0.04727605354967214,-0.15548496265934714,0.013079697451657334,-0.05623041132211258,0.008819531312933714
1229,0.5127898349894737,-0.08865606677477135,-0.013043467301351893,-0.07834594261312648,0.5290720657107696,0.04787861983824308,-0.0655022707023262,0.04320274806571776,-0.15596485543029176,0.012954434097127163,-0.05658241991781367,0.008302385384853941
1230,0.5218434462707854,-0.09172877955970687,-0.013043524411709336,-0.07782140288963836,0.528216572110306,0.04807421043242879,-0.06550199611707364,0.043780644969851186,-0.15581223550021187,0.012995808505921145,-0.054319409488342074,0.010702609089567211
1231,0.5383734539114629,-0.09122009274691986,-0.013043312542607412,-0.0811373569711907,0.528450609023371,0.04803460608521349,-0.06550288109336179,0.043675590335748186,-0.15585147328083798,0.01298502563533876,-0.05157342622183042,0.013348232775224964
1232,0.5552974492781417,-0.0913174232275454,-0.01304393782227665,-0.08279468613726475,0.5282771870134254,0.04800563876155984,-0.06549992235071772,0.04355736152935724,-0.15584200515041835,0.012987383317566872,-0.05201633289593809,0.012922686463779278
1233,0.5607263473131484,-0.0913032622980039,-0.013042987824510332,-0.08264783393454107,0.5322696355809717,0.048113084637449774,-0.06550697301857267,0.04394512718494283,-0.15584650174525258,0.012986963278728112,-0.05193931177941811,0.01299482003000276
1234,0.5761140860864744,-0.09130377121487637,-0.013038036233531263,-0.08269535732696266,0.5466932647823946,0.04801986143090859,-0.06550898196378192,0.03928376571129286,-0.1558437347853667,0.012987014318235067,-0.05194813199851532,0.012987102103736993
1235,0.6065177616157393,-0.09130869258383865,-0.013097248268442054,-0.08728767097309369,0.5569786659747902,0.05271141967144865,-0.06534695239212222,0.03938138335737883,-0.1558016112080451,0.012987015087626296,-0.05194843563758549,0.012986607076308347
1236,0.6328926444877351,-0.0912774246424941,-0.012719196506390551,-0.08683572601151895,0.5713583425377305,0.05204424133597642,-0.06671757324363754,0.03926844614396672,-0.15619318284215605,0.01298700995527816,-0.05194789326752639,0.012987173204925042
1237,0.6519339374365198,-0.09143897743267954,-0.01507538319847554,-0.08698997079075013,0.5791169544106824,0.05405873920634334,-0.0699508566885257,0.03931758797469213,-0.15362176290726007,0.012987025975304196,-0.05194809817730262,0.01298696722006807
1238,0.6695048004353454,-0.09073354807588889,-0.017762529070365365,-0.08694892684484909,0.5981227848406779,0.05729296584701082,-0.07220009196381556,0.03926646301218896,-0.15379082971752647,0.012986953852101576,-0.05194804081799591,0.012987023387633738
1239,0.6838792308162294,-0.0949109879659089,-0.017322726526252455,-0.08695726026774267,0.6162847031997882,0.056261668102280483,-0.07466652247515632,0.039426063477615396,-0.13366618783845557,0.012987242936013572,-0.051948054195422956,0.012987012801763068
1240,0.7267482335489519,-0.09476259420183636,-0.017400533294191185,-0.086958581658728,0.638289415339274,0.060283386068904814,-0.07385893099707008,0.03892740026929474,-0.1244840606025867,0.01298629863954717,-0.05194805159448967,0.012987007317415644
1241,0.7304747146166479,-0.10846431026402582,-0.017391034595776796,-0.08695348150331546,0.6591736134904049,0.06492549005796466,-0.07841762556228708,0.043474646861786294,-0.12203394159990869,0.012988271265352139,-0.05194805197704857,0.012987022342824756
1242,0.7471520508827776,-0.10918119772841237,-0.01739096437847688,-0.08693409551504025,0.6823168822491281,0.07944559736178475,-0.07828024650427473,0.04362250304819924,-0.1026459943368364,0.012991528883353821,-0.05194805195380721,0.01298706077696714
1243,0.7832623923751963,-0.11783500931522622,-0.0173914565641304,-0.08720010634485431,0.7433388920495463,0.08771012424542515,-0.0740682802854964,0.0436954673230311,-0.08415909513656263,0.012924209207776793,-0.05194805194438995,0.012986432730025262
1244,0.7855982675473026,-0.12018317912645522,-0.01739125793349019,-0.08527543233675541,0.7689127952991539,0.08795442657010598,-0.07296517184889371,0.0436591652251731,-0.0764687967825589,0.013398258161174998,-0.05194805194926564,0.012990700294499218
1245,0.8096223666105458,-0.1261379814057251,-0.01739131607688874,-0.08409310687139995,0.8343110680591704,0.09584520485411048,-0.0693884759054771,0.04367045746136877,-0.07036561502394545,0.010492069006794757,-0.051948051947734004,0.01296873032656743
1246,0.8258149527151627,-0.1315918153727975,-0.01739130180674702,-0.08788084382342595,0.8574658957190072,0.10351868951195575,-0.06997428254104492,0.04366760817134786,-0.057071656548866916,0.011410278192663983,-0.051948051948122125,0.013063172122769758
1247,0.8484686061503574,-0.13458854011087434,-0.01739130481685954,-0.0835488486809725,0.8839682282539301,0.10751280006245698,-0.06984946237117737,0.04366821785338502,-0.04510046438526593,0.009985560112932041,-0.05194805194803889,0.012723852733838427
1248,0.8653424792085764,-0.14220915497115755,-0.01739130425325848,-0.08243543409180737,0.9101073810881484,0.11685883486968325,-0.06987292449327671,0.04366810306283229,-0.039305377565556514,0.008528920096923244,-0.051948051948054574,0.016459219748998142
1249,0.8695652173913043,-0.14347826086956522,-0.017391304347826087,-0.08260869565217391,0.9344978165938864,0.11790393013100435,-0.06986899563318777,0.043668122270742356,-0.03896103896103895,0.004329004329004331,-0.05194805194805195,0.025974025974025976
