,I,aVR,V1,V4,II,aVL,V2,V5,III,aVF,V3,V6
0,1.1266666666666667,-0.9133333333333333,-0.5466666666666666,-0.6,-0.16666666666666666,0.9066666666666666,-0.8133333333333334,0.3333333333333333,-0.7027027027027027,-0.13513513513513514,-0.6891891891891891,0.6959459459459459
1,1.1350476857482985,-0.904252796836442,-0.5500890254747235,-0.6123560686519891,-0.18390311418958324,0.9068894094808901,-0.8171437263161133,0.32986104717674913,-0.7108483290916803,-0.1359183348302522,-0.693557607616615,0.6803553303021177
2,1.135517637707818,-0.8969508052668009,-0.55602670579788,-0.6149045867074263,-0.19530895118251707,0.9067909779492821,-0.8229303784060171,0.3253421889613244,-0.7222315127369823,-0.14283982658766953,-0.6991967445026267,0.6760604109156104
3,1.1311762514808885,-0.8909354807798203,-0.5628883146775637,-0.6113171067336578,-0.20267476321044753,0.9065745725729957,-0.8294387272117423,0.3141051886735953,-0.7348245647840618,-0.15329989852871437,-0.7052999264801902,0.6752726990622048
4,1.1251232560031754,-0.8857149455309101,-0.5690824591552011,-0.6052651812980292,-0.20779113583835393,0.906443393853185,-0.8354142103419865,0.29047847630009793,-0.7465997963783718,-0.16469883877471392,-0.7110604801822711,0.6702037060176819
5,1.1204583802103436,-0.8807973216754806,-0.5730177462722195,-0.6004203629678865,-0.2124486546312157,0.9066006422910037,-0.8396022654054472,0.2487904818273684,-0.7555295186653654,-0.17443693544699532,-0.715671732241835,0.6530649430578226
6,1.1196346547623524,-0.8757520852496237,-0.5735841537013013,-0.5996609266169128,-0.21807781077915284,0.9071295776292315,-0.8410388199525705,0.18396955334761542,-0.7598401099982748,-0.1805206763539308,-0.7183364723688498,0.6167198591928079
7,1.1205842645149071,-0.8705495964700909,-0.5728169185340881,-0.6006818975064664,-0.2236758399538462,0.9073297707532529,-0.8405957392706233,0.0948638835591638,-0.7595960663240474,-0.18491743755017773,-0.7183172982654974,0.5582916425331199
8,1.1193249960890987,-0.8653207276580595,-0.5739982897057463,-0.5991225298378421,-0.22724129145127006,0.9062000712877042,-0.8398532103558586,-0.018093998890394824,-0.7556740010648181,-0.19116867220780234,-0.7149151500340827,0.4766125539443059
9,1.114181666267337,-0.8601432383464933,-0.5786166843055184,-0.5934944767725641,-0.2279009265997789,0.9043016720629566,-0.8397293132301101,-0.15333311007078532,-0.7496118423439352,-0.20096880150967028,-0.7088800864057299,0.37034052768250975
10,1.1082795509709882,-0.8549932205028159,-0.5847482151332379,-0.5877736952337472,-0.22702634246420125,0.905163692869378,-0.8399356935263418,-0.30712903711025846,-0.7443747892716336,-0.21249725435403574,-0.7035961014062405,0.23779373909347554
11,1.1051099676466503,-0.8498377155555155,-0.5902727863103763,-0.5860680097292997,-0.22618116312162953,0.9121812539913196,-0.8400842477620493,-0.4746354154645256,-0.7428314611621812,-0.22368517538596439,-0.7022647513769525,0.07922712198610393
12,1.10514693469489,-0.8446695907641156,-0.5951387525391311,-0.5871358909042573,-0.22605209494584175,0.9235467349893192,-0.8400768612269089,-0.6411600091620161,-0.7438229549373618,-0.23407857844947458,-0.703307889820031,-0.08304245776661033
13,1.106745938233824,-0.8394978895169974,-0.600589576288979,-0.5863862856683136,-0.22674412967681776,0.9341945943336741,-0.8399869853388698,-0.7858438886531994,-0.743196771524968,-0.2442349654977762,-0.7023226071254045,-0.21289115494618285
14,1.1082417220341587,-0.8343294460217283,-0.6070074960401014,-0.5812227941100938,-0.22792110260628531,0.940711831925288,-0.8398991790657465,-0.8891213126161095,-0.7382535431646197,-0.2545842105733254,-0.6969992208183882,-0.29278416681170627
15,1.1080503385108924,-0.829163729113794,-0.6121342838451018,-0.575180637544354,-0.22785048153702492,0.9447876527432977,-0.8399226034327066,-0.9355858797258966,-0.7320941069399655,-0.26512713274302485,-0.6909349557156489,-0.36152797692158833
16,1.1046815585476657,-0.8239988391243115,-0.6133991500500909,-0.5727219001578533,-0.22461873717274872,0.9489841040909618,-0.8401529794729311,-0.9108438981554009,-0.7290887006663062,-0.2757804545825974,-0.6884916389535367,-0.46425961082130257
17,1.0988539489470022,-0.8188329894853649,-0.6120657093155086,-0.573688402800049,-0.21882547247130413,0.9541833301983624,-0.8403590545327777,-0.8055496082678573,-0.7297933072853783,-0.2863742190808613,-0.689387541629194,-0.5570800161147638
18,1.093787877098255,-0.81366450195649,-0.6130701465426244,-0.573496704859586,-0.21368732121684345,0.959658473863217,-0.8400214512816064,-0.615192130637462,-0.7300621563669955,-0.29665544802040356,-0.6892490976741569,-0.510811900709988
19,1.0921987118624188,-0.8084931066410866,-0.6203070337274599,-0.5687270346116037,-0.21188701773592283,0.9647979479318999,-0.8390000218790606,-0.3416756798228284,-0.7262441198367229,-0.3065537769414374,-0.6848623974246895,-0.23351695226696373
20,1.0929005449327542,-0.8033253424540997,-0.6319039141634964,-0.5624652372259459,-0.21254255397407845,0.9698626989894099,-0.8388413567498139,-0.0170730875877979,-0.7200723605233884,-0.3169006239559044,-0.6786478229389676,0.169531859379027
21,1.093254565026746,-0.7981695003375575,-0.6442702044297683,-0.5596827135255201,-0.21357972135918782,0.9753640874821627,-0.841498550836317,0.3174913820170774,-0.7155278280315039,-0.32876100536968705,-0.6744920390455379,0.5349406091297078
22,1.0923718847965678,-0.7930179577408091,-0.6552392711868956,-0.5610361002334152,-0.21380532875082314,0.9811072658067094,-0.8469390003333647,0.6250721743663333,-0.7147081750276336,-0.3411722799003846,-0.6739152788676016,0.7805794278619002
23,1.0925887508305057,-0.7878398315754576,-0.664726347917281,-0.5608747514958902,-0.2134711897066219,0.9858650764809449,-0.8525365630038357,0.8748344393243643,-0.7157935122322613,-0.3502080031951701,-0.675346935650425,0.9431167116446011
24,1.096267685787541,-0.782614412161006,-0.6727003044427713,-0.5543181347395634,-0.21297318761399361,0.9884342782890566,-0.8557346546075812,1.0391164923032306,-0.716598461179199,-0.35250251589251697,-0.6770267122470095,1.0635690140082434
25,1.1022000843769235,-0.7774173723054484,-0.6782357796707342,-0.5466739637616502,-0.2128031149378665,0.9884601234744952,-0.855656359550937,1.1118165009534913,-0.7165467064737658,-0.35107276747010807,-0.6773219621613416,1.1422500824641182
26,1.1069453340200797,-0.7723700225136331,-0.6799799405870792,-0.5481336516975994,-0.21350394798252492,0.9859971100814627,-0.8521401934696199,1.0972441609320858,-0.7162065061885048,-0.3519898024128402,-0.674666145070499,1.1599699929335305
27,1.1082036753138802,-0.7674324906471118,-0.6771504507900846,-0.5654461550731358,-0.21485533818611624,0.9813896328573287,-0.8461685874010095,1.0099928792804564,-0.7160497176745868,-0.3579375251803357,-0.6690365903309652,1.112907653147152
28,1.1073009375244038,-0.7621987285619184,-0.6702648733222808,-0.5974833762940217,-0.21462057030390874,0.975633580384721,-0.8409566311391837,0.8878262642206133,-0.716110524055628,-0.36387465183514206,-0.6634299986833943,1.032375832260063
29,1.1062185633703003,-0.7562954095310335,-0.6601173637177696,-0.6422427531125096,-0.21045207903103952,0.9697827135758448,-0.8395816993044113,0.7701023014437127,-0.7163203632953601,-0.36409060372014623,-0.6609065224279835,0.9530387856072196
30,1.105965061570616,-0.7505292185672956,-0.6488838081720909,-0.7007186993098511,-0.20392714244904378,0.9644379260898039,-0.8406032403282188,0.6734939332625698,-0.7164928665604126,-0.3584849520599829,-0.6612619411409114,0.8884083707485491
31,1.106565418098414,-0.7465831420055508,-0.6397661736352711,-0.776131296546095,-0.20002405684671815,0.9598637807856236,-0.8397097948580807,0.5978272882491498,-0.7163026399545334,-0.3511235480939069,-0.6622172400578002,0.8362878675645882
32,1.1077629561484392,-0.745534959253143,-0.6346095117103306,-0.8717194433815385,-0.20246769255314542,0.9558816790515545,-0.8345076267090417,0.5415177595062798,-0.7155873109892325,-0.3452007766966929,-0.6622213210993134,0.7941597229347129
33,1.1080311667430065,-0.746194686268034,-0.630254973949846,-0.9905991392077417,-0.20898517399618088,0.9507364165959118,-0.8284910108247665,0.4993162105718868,-0.7152982331778346,-0.34039622092852323,-0.6620053185258046,0.7596926219313447
34,1.105448318101188,-0.7468922748430643,-0.622548665058685,-1.1355696230811252,-0.21570710434586002,0.9424030905385785,-0.8260345648096019,0.4652626636005114,-0.7168277913101126,-0.33561563706937914,-0.6626441585264282,0.7306681024023116
35,1.0999356928799071,-0.7469264546122826,-0.6113420332020185,-1.3010285138546018,-0.2208818160804475,0.9313928509287969,-0.8269620381930582,0.4368498907341969,-0.7209395518804846,-0.3304004645331336,-0.6635022298251619,0.706923247319841
36,1.094429364991637,-0.746692679498981,-0.6010208555447399,-1.4718622085567983,-0.22563458182958934,0.921087837147033,-0.8267962412129864,0.4154794186455995,-0.7271505747210031,-0.32501178051184393,-0.6623273245598257,0.6906221605371825
37,1.0918348643523992,-0.746582569078758,-0.5951602810668821,-1.631478086232392,-0.2310652796321703,0.9143330757759862,-0.8222006580942873,0.4020300653185193,-0.7347016009556362,-0.31970709091111027,-0.6576053717894111,0.6830425404845326
38,1.0920992083235095,-0.7466171137295898,-0.5911173485123253,-1.757581846623359,-0.236551536589175,0.9098958790603094,-0.8159910060709127,0.3930585434272283,-0.7412082524021648,-0.31449448404761443,-0.6515886261483469,0.6794976582335309
39,1.0935252378363405,-0.7466824308754395,-0.5840219961912696,-1.8259031405769262,-0.24069443944712882,0.9050766723786761,-0.8127110656949423,0.3835823763257452,-0.7431802125894139,-0.30929143377918017,-0.6475922581082664,0.6731767732725127
40,1.0945808347151451,-0.7467049666577805,-0.5726460566247028,-1.8210022213537063,-0.2423998964953361,0.8990325166818135,-0.8133079746277492,0.3718843224892547,-0.7388268885583369,-0.3040549565166321,-0.6469624629080969,0.6617785932802727
41,1.094230361640563,-0.7466814947834078,-0.562086872614458,-1.74276823212753,-0.24124121202962007,0.8941460616965593,-0.8136866450985597,0.3619172719384914,-0.7322867618851849,-0.29881091888087874,-0.6482850575766386,0.6508325485142425
42,1.091570840958199,-0.746621530591341,-0.5574891881654275,-1.592540595941233,-0.23700518837882514,0.8927543321046894,-0.8100783442663595,0.35770590780418887,-0.7288242345880271,-0.2935872403643708,-0.6499393014582289,0.6460195436079723
43,1.0866445869006283,-0.7465914776627945,-0.5581887385178663,-1.3708620420939046,-0.23119281914265388,0.8935380253311307,-0.8039813918167854,0.35835918563280056,-0.7293587750440583,-0.2883638967718034,-0.6503028855244138,0.6467519925205306
44,1.0803467905889972,-0.7466901560258875,-0.5601942186519652,-1.0778300522103046,-0.2265395995340608,0.8930844404311021,-0.7992721253492171,0.36017083598419547,-0.7299006272015965,-0.28309346504915056,-0.6477617169600416,0.6488520456452892
45,1.0737340526972483,-0.7468970344859888,-0.5607000806917799,-0.7208927048221355,-0.2250185134665386,0.8891951679865366,-0.7981662737323548,0.36056757348415874,-0.7268868161884406,-0.27777754612696437,-0.6421779327039473,0.6493820177418236
46,1.068474547969837,-0.7468656848499288,-0.5602353115059008,-0.3275194670133679,-0.22579472629649397,0.8830442838663525,-0.7993567323441383,0.3601505312349937,-0.7210214770177024,-0.2725520578121461,-0.6365231497640069,0.6488953194222917
47,1.0663728850253302,-0.7462475243098241,-0.5598515375180958,0.07107823684584755,-0.2274081577459503,0.8763571603323344,-0.8010986661666597,0.3600021931979714,-0.7146295151433268,-0.26755494483737585,-0.633906862566788,0.6484926080655407
48,1.0670866216469128,-0.7456657466552032,-0.559875735064811,0.4369191889556979,-0.22835546569009918,0.8705444521337397,-0.8017501093825624,0.36021699842332416,-0.7091393837644342,-0.2625446119642805,-0.6342237223710969,0.6485171299216623
49,1.06714732105615,-0.7465973288686193,-0.5599982176249731,0.7260743684247268,-0.22708445233861066,0.8667403096015653,-0.7997396209413449,0.36002130975812663,-0.7042788636831442,-0.2569460078399539,-0.6351733945294228,0.6486466851972206
50,1.0634032579986907,-0.7501731892701261,-0.559973432952241,0.9007840324820151,-0.22254148565090312,0.8656583672485868,-0.7945009616790574,0.3590486538031866,-0.6995852376814177,-0.25059331536232454,-0.6351479811248062,0.6486247544183684
51,1.0573592150349398,-0.7558775400354795,-0.5599324676477782,0.9512597167444633,-0.21666825665271253,0.8662075082030213,-0.7887250426242816,0.3588496473402729,-0.694578590393833,-0.2451670464743515,-0.6349240003638906,0.6485825430822993
52,1.0528115254776764,-0.7627299233384996,-0.5601015202428127,0.8760116259382976,-0.21249786674539167,0.866822528405694,-0.7856448244248639,0.36145272528458805,-0.6887679509513823,-0.2427992206454053,-0.6356808842379664,0.6487493873330713
53,1.0519268886180115,-0.7692111743405599,-0.560364605031281,0.6996058720340452,-0.21157044220856913,0.8668137868813435,-0.7857265391378423,0.3668820330945976,-0.6822515390658404,-0.24333009879032452,-0.6367164939030074,0.6490114994916534
54,1.052923792496869,-0.7730806902174869,-0.560147467990755,0.48150322891780684,-0.212762835366824,0.8666642439871161,-0.786632234796282,0.3724774857244613,-0.677060278826236,-0.24353072381047813,-0.6354216473399205,0.6487955651273263
55,1.053552884484431,-0.7727299573346775,-0.5590895877838723,0.27786519004259236,-0.21463835409751456,0.8668300319521995,-0.7864537508494275,0.37564188402317084,-0.6754994581004802,-0.24044910030752437,-0.630069599373072,0.6477412626458278
56,1.0533587314131954,-0.771469648470585,-0.5586018328608662,0.10348604631738699,-0.2153561573127771,0.866982871468392,-0.7861095282137084,0.375584260406279,-0.676648903396323,-0.2346763894305966,-0.6238632153492352,0.6472549623886962
57,1.053329995908956,-0.7747453857679835,-0.5608605641960289,-0.044973107967726036,-0.21283473282537682,0.8664560585536232,-0.7874029114069732,0.3723110829090379,-0.67609901557789,-0.22835210220056815,-0.6215245957763066,0.6495066531986311
58,1.0540433099998294,-0.7846712233773687,-0.5663362147885953,-0.1704033826547607,-0.20557287248128864,0.8654231418164825,-0.7914058094498166,0.366680805359961,-0.6699983465748612,-0.22284340578161213,-0.6251656182954446,0.6549888786417901
59,1.0542175629770083,-0.7964531393014561,-0.5719648259929303,-0.2746102183675769,-0.1937546688227356,0.8657981897733177,-0.7980886147949353,0.3613066618683468,-0.6587954957986555,-0.2179067197198871,-0.632968273763801,0.6607187058835311
60,1.052129301351576,-0.8048384418085446,-0.5747253092079814,-0.3591535206283494,-0.17796916478301608,0.869471069540376,-0.8079489221159646,0.35880075346893897,-0.6445006742370285,-0.21310185673535254,-0.6432404464107244,0.6635282494845359
61,1.0473658214926491,-0.809540051881838,-0.5776091137233321,-0.42420375159862617,-0.1609187904666563,0.875332104522403,-0.8265360057172214,0.3590421224998961,-0.6288393656492832,-0.20802483411485428,-0.6579723002075414,0.663320860706541
62,1.0412152725971962,-0.8136493086449195,-0.5876980563096659,-0.4689863088010199,-0.14729207015298046,0.8802308979943996,-0.8618524984372402,0.3600503196561933,-0.6130186600844584,-0.20229641590099254,-0.6809612105785299,0.6620895111854582
63,1.0350216201072335,-0.8192172448888255,-0.6093918272170933,-0.4941106434670817,-0.1404197286502056,0.8818876173266594,-0.9185887982646964,0.3603328964499535,-0.5980263495217066,-0.19600945811824397,-0.7179325518578094,0.6614568124644779
64,1.0297149017669514,-0.8246668360139715,-0.638026807490993,-0.504789814488132,-0.13671484694161912,0.8810090470914509,-0.9938778412888849,0.36011657985550444,-0.5830227594451148,-0.19080524652342418,-0.7789609627558811,0.6616979676400987
65,1.0260433870809818,-0.8277499202942571,-0.6672122943002683,-0.5071409877756167,-0.13057890523634302,0.8788490410978904,-1.083709501022639,0.3599636211226476,-0.566030868727364,-0.18855278309453227,-0.8735896321250834,0.6627733710562616
66,1.024593935230366,-0.8280003368111759,-0.6937647459017404,-0.5063139843988718,-0.12012696712202985,0.875061181451001,-1.1826817716995595,0.36002312525727326,-0.546921726917686,-0.1889136133422008,-0.9956126236825339,0.6636898325529207
67,1.0256123891718618,-0.8268024473302233,-0.7178311040846418,-0.5064540840342406,-0.10895197884218846,0.8676372445616837,-1.284372492271559,0.3600151646335757,-0.5313897681394851,-0.18925694472121085,-1.1272794852456718,0.6624639100306269
68,1.0292288888818892,-0.8255801666015484,-0.7386071973414374,-0.5106681904164349,-0.10069415167051328,0.8556168389215889,-1.3847425432521223,0.35975354683807553,-0.5260013466529684,-0.18712852106497493,-1.257514711949861,0.6577368580299883
69,1.034599924801682,-0.8255097978912452,-0.7493968037192656,-0.5167799472182578,-0.09575187889292683,0.8440336081633436,-1.4882084464065375,0.3596577263114397,-0.530912311123284,-0.18158236588871055,-1.3996288814375988,0.651723335826238
70,1.0401831972537385,-0.8276725105453265,-0.7415818686232793,-0.5208960818917826,-0.09292850950943025,0.839827401731973,-1.5998966711110498,0.36033210341639965,-0.5396379744540765,-0.17220102723751157,-1.5709989026561857,0.6477917708693446
71,1.0449736105490983,-0.8323164772843018,-0.7086259220551906,-0.5213962684148493,-0.09156058269969979,0.8446885895852378,-1.6941495642439264,0.3613599738387789,-0.5463971379427164,-0.1603763382018194,-1.7544414972255875,0.6472933703350524
72,1.0499543963999471,-0.8383675235848304,-0.647299169772562,-0.5202704450576476,-0.09226912207916657,0.8519716052566341,-1.7118480125808015,0.36070335853872176,-0.551049128288771,-0.150371961093056,-1.8952074522659577,0.6483756482689098
73,1.0564743252107343,-0.844648320732407,-0.5559465201149457,-0.5196257307885221,-0.09576167959953479,0.855064360311445,-1.6102801609919368,0.3565666629174665,-0.5553992706741498,-0.14615842942428345,-1.9443836058860058,0.6490775197854899
74,1.06340134041803,-0.8501089034911423,-0.44429513870757886,-0.5197602044251939,-0.10123532092077255,0.8542334989852078,-1.446761022461625,0.3505881337638247,-0.560467168392876,-0.1468342021062713,-1.8957728884466996,0.649002209096166
75,1.066731827853416,-0.853767060642639,-0.3280256671404199,-0.5200252167274273,-0.10670647309672736,0.8533428100168083,-1.3123135785704003,0.3462002193014755,-0.5659123471110133,-0.14894859931008447,-1.757885357907526,0.6485721974957835
76,1.0633552221296385,-0.8550172908747901,-0.2201226260407076,-0.5200174349113694,-0.11095325040275598,0.8543516907029479,-1.2525967993160503,0.34535436267247666,-0.5712909400993534,-0.1499164921097937,-1.5409178628258646,0.6482142309723244
77,1.056751791115796,-0.8541851780258705,-0.1267667829391125,-0.519961395071831,-0.11584835596897472,0.8544269596167746,-1.2398654590477778,0.34629672740880674,-0.5764887478490297,-0.149350864460131,-1.257773153649055,0.6483478040575933
78,1.0529095097355041,-0.8518467388982007,-0.05281143598766682,-0.5201460399812808,-0.12393758986345038,0.8503117376320077,-1.241979183182501,0.34682473631254374,-0.5815879276453382,-0.14716667780751744,-0.9210700457423316,0.649308181362014
79,1.053888731012095,-0.8503242226638965,0.0015889076789093607,-0.5203619621574913,-0.1349778195585651,0.8436427302885204,-1.2472386862434839,0.34657541809194287,-0.5866846555432804,-0.14276134677086247,-0.5386906166480517,0.6500971075830362
80,1.054346407085919,-0.8533468519672849,0.04006564850236346,-0.5199982236000074,-0.14530964097365157,0.8399994997426895,-1.254696173371125,0.3466680078168973,-0.5919090251788282,-0.13511528840118742,-0.11607579907799559,0.6486418844170109
81,1.0486718038227931,-0.863006351518349,0.06486632398075488,-0.5189006536224001,-0.15179260216491083,0.8432406010422846,-1.2638192102742767,0.34767866555577914,-0.5973811334343608,-0.124070785299503,0.324483227962995,0.6437414549996555
82,1.037579730122142,-0.874725882277347,0.07230926230974671,-0.5187762503863725,-0.15607640332964048,0.8499373946832387,-1.27485793596144,0.3478571245873181,-0.6028522548323793,-0.11294341762442427,0.7193757970596797,0.6377812400887994
83,1.0258281148603083,-0.882381316692578,0.05745654315323214,-0.5217249234045095,-0.16173497261448697,0.8549322994796573,-1.2881460360124974,0.34494779707534845,-0.6077078298252911,-0.10584050393403381,1.0010230554043829,0.6339773001304579
84,1.01737033194884,-0.8836126574741502,0.022822663945229603,-0.5274583885126496,-0.17082112883829143,0.8558714730617176,-1.3034908122264426,0.3391927584729462,-0.6116918486918487,-0.10442225206023668,1.1364895025012665,0.6334690202796902
85,1.0134079268186074,-0.8806813001161922,-0.019928207887210538,-0.5327562682722478,-0.18242711532649666,0.8538433498756608,-1.3202854702297753,0.3339005782966154,-0.616533014706314,-0.10734444143712332,1.1200928718926633,0.6348461576136573
86,1.014531838625143,-0.8759501069191166,-0.06042716757372259,-0.5347655893450762,-0.1952086508147258,0.8500226885337244,-1.3375685951784289,0.33198862073383506,-0.6245824786074544,-0.1129543410310461,0.960944716356448,0.6365261344358959
87,1.0196733824535804,-0.8706017161305049,-0.10035469251577026,-0.534185218004828,-0.20668577863322274,0.844774909716152,-1.3530713071860667,0.3326144173921367,-0.6358291149090568,-0.1187919424681219,0.7216751382755087,0.636822148381158
88,1.0260494686037753,-0.8653433469427956,-0.14616946317845173,-0.5331245366807128,-0.21364244717633657,0.8381515787607362,-1.3643401190035493,0.33344499813883466,-0.646360916747915,-0.1220926128080565,0.4765377516413547,0.6340219337246416
89,1.0313327153599243,-0.8604172696065218,-0.20080756360260296,-0.5328765733825203,-0.21455030488470492,0.831216894691458,-1.3728231793400456,0.3332976111987621,-0.6524893717711777,-0.12202478509072076,0.2655420768728704,0.6281806538796493
90,1.036120868914998,-0.8551902898924284,-0.2605309517011313,-0.5331861457090711,-0.21325951459975487,0.826948426686341,-1.3845173449728208,0.3331684348425313,-0.6563320583637536,-0.12140796548571768,0.08877428265066241,0.6226904509615218
91,1.041982779652723,-0.8490860357942921,-0.3209616156730116,-0.5336270018013705,-0.2145327698826082,0.8281863778015506,-1.4035851666279227,0.3340943220090057,-0.6633090374465542,-0.12326249311275851,-0.056237534558117926,0.6209134755431749
92,1.0486931014771066,-0.843235799445729,-0.37883886959404417,-0.5337812885783147,-0.2195979425912191,0.8338926222001729,-1.4216327548496035,0.33488138690410846,-0.675699403910956,-0.12834218983240975,-0.17378930978102947,0.6217721452327062
93,1.0530243642012058,-0.8398337602355527,-0.4315986124131956,-0.5332367898241691,-0.22608062544602364,0.8406137895483893,-1.4257856478583744,0.33294723835079165,-0.6867772958956124,-0.13598895250089232,-0.2688411088658787,0.6214241071099191
94,1.0518739251388145,-0.8398388240861285,-0.4774119252361265,-0.5321308080500514,-0.23183522462684353,0.8459530720326124,-1.4185609208915355,0.3272618605230104,-0.6886445177704498,-0.14556143979140448,-0.3452239230935135,0.6173594343410034
95,1.0461810835454577,-0.8404825986642254,-0.5166082925681978,-0.5322371846931213,-0.23678641534209768,0.8507696239515607,-1.429241195050423,0.3214817340809824,-0.6820319550979957,-0.15653189381043375,-0.40480433897917495,0.6111616061265992
96,1.0391818884928319,-0.8384400646014333,-0.5498918401956022,-0.535509474763709,-0.2415390269562934,0.8564372416990537,-1.4811160994890527,0.3198830169437558,-0.675866189394162,-0.16835862348792227,-0.4493084020140889,0.6051005823823875
97,1.03329264626949,-0.83321981690904,-0.5774300463319144,-0.5412916301264372,-0.24651591763967107,0.8624540192170703,-1.5126388863387212,0.32148616077209624,-0.6774591776795659,-0.1797613945288336,-0.4810099553468297,0.599921403703063
98,1.028574038955809,-0.8270298772916347,-0.5988791549194551,-0.546441578986209,-0.2518476785448161,0.8665311731281268,-1.4143947339106535,0.3203047984205771,-0.6843470078276486,-0.18875640361690207,-0.5024926073440141,0.5949164049271326
99,1.0247566334081992,-0.8217093506080503,-0.6140251358731056,-0.5483809995304076,-0.2575638627863352,0.8670903612500521,-1.1461366214705957,0.3118641755013947,-0.6910447517770246,-0.19413622677465264,-0.5162541562255376,0.5895244142743914
100,1.0230978493076202,-0.8168018787975824,-0.6233771711291837,-0.5477251090659045,-0.2630098239008624,0.8663197207558498,-0.8519459548576698,0.29993448983716053,-0.6954253368184622,-0.19857002977187618,-0.5245561983384992,0.5841687652756522
101,1.0262628700921872,-0.8111864986483815,-0.6276725788834556,-0.5460500804857971,-0.2671640600240341,0.8675030304813582,-0.6975114532208769,0.2906820763318116,-0.7006654677816394,-0.20583449047218905,-0.5296379654308483,0.5795474411423629
102,1.0357733569715022,-0.8050638140147447,-0.6281840092056626,-0.5449380397297253,-0.26910067741556265,0.872016219599676,-0.7017082604256526,0.28598217641753576,-0.709888154875962,-0.21671910665438737,-0.5340186776657982,0.5752638903895905
103,1.0474177058699219,-0.8005557233227308,-0.6269622339330531,-0.5459794884506728,-0.26814925804969736,0.8784615455121073,-0.7595051106922367,0.28147156973737436,-0.7213568628129522,-0.22767072702506502,-0.5404538573278798,0.5693304064551482
104,1.0553288142641686,-0.799500638926844,-0.6259648288431794,-0.5503845080172376,-0.2638042391256337,0.8852310283966606,-0.783987348263926,0.2729765494501069,-0.7306919891837154,-0.23527906835186665,-0.5506493440814086,0.5600346654692708
105,1.056884760890995,-0.8002741867192068,-0.6259191240108058,-0.5563276802239404,-0.25772029678952446,0.8907811577141154,-0.7790128012667145,0.2617445605995521,-0.7345718387936802,-0.23999475044793284,-0.5619497820318349,0.5488555816307121
106,1.0542942154405923,-0.7996026046855781,-0.6269666330874036,-0.5605393115108674,-0.2533839050287542,0.8936049459303191,-0.7714644900946,0.2516084020315666,-0.7326016780588124,-0.24411056241625162,-0.5706540673385764,0.538793329084061
107,1.049979150974404,-0.7955661229594496,-0.6297681373231617,-0.5612898028970718,-0.2531201697565065,0.8934634444852864,-0.7746155499587863,0.24498411770919323,-0.724976945485483,-0.2491104505729405,-0.5758783172882272,0.5318705790160688
108,1.0448347028471785,-0.7893208175220515,-0.636163375499097,-0.5603421093408503,-0.25403172057956447,0.8929761079371189,-0.784717431936049,0.2410572696919917,-0.7138676692202661,-0.25462890223392065,-0.5802621014400952,0.5278847853810266
109,1.0389864615896982,-0.7824462405673004,-0.6479401033407196,-0.5598104068166376,-0.25190997302702944,0.8949891869218519,-0.7970987325227832,0.23866554424946435,-0.7032396105141147,-0.26007772807392704,-0.5860977771760321,0.5263101131796906
110,1.0329204904496778,-0.7765543185487218,-0.6638831722980006,-0.5600217117718435,-0.246095367659294,0.900032850437076,-0.8080728150721305,0.23797592741444967,-0.6962447095371176,-0.2652988707179629,-0.5919606699713006,0.5263591542582182
111,1.028022767657501,-0.7732808527212925,-0.6805594960252105,-0.5599830634916795,-0.2406454587495284,0.906926595800483,-0.814370269869635,0.2401371942176345,-0.6918192153666138,-0.27045196714768555,-0.5949562078879014,0.5270513074115969
112,1.0257159492058616,-0.7733188565375375,-0.6947535982987679,-0.559202565589297,-0.2392152019287537,0.9141609273328491,-0.8150646534745513,0.24547051141318113,-0.6876573215333102,-0.27566405475508776,-0.5944526323991612,0.5275335568533659
113,1.0257822968908992,-0.7739648397686185,-0.7042203486624824,-0.5591035935871324,-0.24016520256590657,0.9191859261049815,-0.813607717085519,0.251234547299143,-0.6825714296187788,-0.28091803335316556,-0.5940560127644999,0.5274285310687272
114,1.0266545072090731,-0.7718512055218655,-0.7070003668312334,-0.5614841937072276,-0.23952979841364183,0.9193088529081944,-0.8135502279569766,0.254103361116936,-0.6770632347509911,-0.28616563572285036,-0.5974049569149512,0.5265024477796004
115,1.0270291281606585,-0.7664883186205952,-0.7030744241131812,-0.5665248420829941,-0.23519235651987666,0.9144621822489661,-0.8143489626145043,0.2537541994772662,-0.6717134517773893,-0.29139487426868277,-0.6034952174835524,0.5255738166563702
116,1.0268806874733198,-0.7606270519493129,-0.694607850715595,-0.5725846741112298,-0.22896524273716065,0.9075343091934801,-0.8129721996538496,0.253245817794582,-0.6665632614392023,-0.2966346112828545,-0.6084999759241876,0.526646000011059
117,1.026520073991394,-0.7569863580337853,-0.6838744921771798,-0.5781682797554935,-0.22303523852311127,0.9017403400427234,-0.8078939274568537,0.25543296537377225,-0.6613735709647817,-0.3019041305400164,-0.6098753957827601,0.5311909597737426
118,1.0262810160699494,-0.7570854732358742,-0.6731011916540176,-0.5832015635687681,-0.217949159720439,0.9012855648508623,-0.8019911299705366,0.26091848505557574,-0.6560452500644101,-0.30715383592472134,-0.6088577070165142,0.5371972822244312
119,1.0265275317884193,-0.7619925816137144,-0.6644808073601158,-0.5881244265216462,-0.21309835312805972,0.9106846356973527,-0.7987700617476394,0.269478593119113,-0.6508454866445665,-0.31231056515470657,-0.6073300566078739,0.5414095098683261
120,1.0278360336115968,-0.7715088249416759,-0.6588241275436625,-0.5932141658631409,-0.20801332181970716,0.9303594685476727,-0.7987942406136612,0.2801458324060657,-0.6461910826436607,-0.3174187412391865,-0.606713389994975,0.5422501555846468
121,1.0323330935986437,-0.7832499841809998,-0.6545570684721415,-0.598466232720529,-0.20279103268805268,0.9536686390533684,-0.7999632843016137,0.29067144483520263,-0.6441593709684825,-0.3227257543669814,-0.6080102466045776,0.5410403315046991
122,1.0428303500567773,-0.7944918080455506,-0.6500011895987514,-0.6038312271655673,-0.1976435541870851,0.9735247872151188,-0.8004735018413975,0.2988477311970994,-0.6482735764052014,-0.32842288084508037,-0.6118960809570089,0.5393856784191144
123,1.0606162551911078,-0.8012914648449815,-0.6447818379067051,-0.6090927436113829,-0.1925711041459394,0.9853506478481069,-0.8002777258737944,0.3041265023100236,-0.6608047465785534,-0.3339486636704505,-0.6176513056078434,0.5388642762177923
124,1.0836633371489615,-0.799012680653813,-0.639267313662402,-0.6139398208885407,-0.1873397783008245,0.9859992599420587,-0.7998193456927102,0.3069053928914352,-0.6780931165963229,-0.33831268669582687,-0.6241647387263082,0.541036687192801
125,1.109158449739778,-0.7836244018923245,-0.6338166833390768,-0.6184439959192087,-0.18233460661162065,0.9722721862419671,-0.7995329973671612,0.30767313839008237,-0.694825264783093,-0.34051747393019105,-0.6302487679082138,0.546333250490012
126,1.1294039062957963,-0.7527548852151772,-0.6287406662189493,-0.6237146780680918,-0.18161687821736416,0.9407867343928756,-0.7998415393835501,0.30713521556818424,-0.7074925862520843,-0.339559937695865,-0.6346132299507278,0.5521268887030641
127,1.1331185832959612,-0.7043424126905955,-0.6242890009127059,-0.6309945627724795,-0.19054225057243532,0.8881734844802022,-0.8009388142205939,0.3060484463118255,-0.7151947501789934,-0.3344723523528669,-0.6362153128342332,0.5554099388422741
128,1.1113402265589472,-0.6369121059002107,-0.6197461366436763,-0.6407867338524048,-0.21166777446840976,0.8118684893240162,-0.8013976132618936,0.30544433514252883,-0.7168604720968325,-0.32494960417513785,-0.635820488626076,0.5555735647330657
129,1.0639661683724984,-0.5495018941154516,-0.6135530078250844,-0.6529479680607629,-0.2426716747085705,0.7100116613223724,-0.7991013349002338,0.30659441705776136,-0.7082959830542406,-0.3112656005779135,-0.6349732058069762,0.5541051367601854
130,0.9928959707716809,-0.44291797410241396,-0.6045768770729963,-0.6665328702185389,-0.2809774501595185,0.5833993793614818,-0.7936333772810106,0.31039910499074025,-0.6837611203040932,-0.2936430825159594,-0.6346959796346152,0.5525728922394401
131,0.898743877357792,-0.3256058339664791,-0.5936688520009745,-0.6771912355823771,-0.3263999714768337,0.44431429145460416,-0.7880037006982118,0.3161044356271398,-0.6391571383403183,-0.2719965386621095,-0.6349547296942855,0.5525900677237744
132,0.7806037126285155,-0.20813508565362843,-0.5822137984235831,-0.6797695350486952,-0.38014780809703497,0.3080708088812878,-0.7853623497699487,0.32250629134548364,-0.5744404569564862,-0.24616191735888385,-0.6355525563244339,0.5557328712501953
133,0.6387081999098697,-0.10277658975441571,-0.571303649880315,-0.6742565824983566,-0.44160264557069795,0.18587405265478027,-0.785655653333507,0.3284374220530834,-0.49041080117407176,-0.2162015661659269,-0.6358652526739146,0.5615489232597546
134,0.4811675729909493,-0.024067138231022096,-0.5616401501971526,-0.667490608002463,-0.5049463227529981,0.08345564599312799,-0.7867366176893075,0.3327796970337483,-0.3918047678221795,-0.18247938954766463,-0.6349898757628069,0.5668838488383794
135,0.3192182831862618,0.014553995526349487,-0.5538882186158541,-0.6656633490334761,-0.5634515597940148,0.006555155191225635,-0.7870222088939484,0.3346064157712511,-0.28664092868877733,-0.14522485207639024,-0.633022054462257,0.5688958753469311
136,0.16556530170877243,0.008631029320720436,-0.5486429364729163,-0.6669355542886387,-0.6104043782634729,-0.036312165548107234,-0.7867839449849489,0.3343370696390715,-0.18240659047659807,-0.10355507296787882,-0.6331584314051081,0.5683235273368042
137,0.03572664292671972,-0.04235057427946823,-0.5464619127435285,-0.665987760574112,-0.6391030326423652,-0.03548294508691045,-0.7866291134851596,0.33297939948667854,-0.08384926491122383,-0.056115308225765936,-0.6390019794006024,0.5674589665685992
138,-0.05483000055001451,-0.13507155799394924,-0.5468478514146238,-0.6605466696154173,-0.6426481248166706,0.009443950416582449,-0.7866982373843452,0.3317626526486914,0.004988330011767185,-0.003498340858500963,-0.649990615488414,0.5675548457353725
139,-0.09501676504550179,-0.2583636592997975,-0.547134811228914,-0.6546317684001988,-0.6132086909161996,0.07981601670380471,-0.7866786817526056,0.3323665005838398,0.07835834596036308,0.0496947646869957,-0.6615186161270782,0.5677132764421347
140,-0.07660966705850294,-0.3996523803984178,-0.5446079958031341,-0.6526132926990511,-0.5429039710878563,0.15579380943432278,-0.7863796556175263,0.3362971625968768,0.128155038568865,0.09839307747561518,-0.6696100487951687,0.5669313957716006
141,0.0035548712192302453,-0.5408929151669314,-0.5392580601796721,-0.6536054204841799,-0.4350046875718046,0.2319016333197041,-0.7862915316714142,0.34221970178340033,0.14712506938327077,0.13781408567889938,-0.6741495901194146,0.5661874661882677
142,0.13240226323778048,-0.6603402402418189,-0.532906321628069,-0.6531660546888656,-0.3088715192313736,0.3123825527371655,-0.787086129759061,0.34687688609016043,0.13610821743415769,0.16337068135375774,-0.6761862792773108,0.5678000491308166
143,0.29340684824808233,-0.7418839772744239,-0.5270653307395784,-0.648499521996917,-0.18421387230985836,0.3976528808815031,-0.7882104088666901,0.34807575976528443,0.09979196463788244,0.1713767455302618,-0.6765776049940531,0.5729278739463295
144,0.46578009762551303,-0.788028812112143,-0.5221272211587762,-0.6424019811952651,-0.0734761152888642,0.4750423749209379,-0.7873466737379302,0.3472148107524989,0.045039846462182086,0.16107421984636916,-0.6759047345183523,0.5788622854918467
145,0.6242335106802168,-0.8052433688562234,-0.518204259826522,-0.6386952097652788,0.014406046104879925,0.5298922071751062,-0.7825970601748156,0.346371724010588,-0.016245187151444067,0.1324966806022739,-0.6747997376319623,0.5822172120557706
146,0.7466396008934209,-0.8042197185494228,-0.5141473746532563,-0.6384413644218718,0.07319434623581805,0.5640450791052251,-0.7763764396826405,0.34635133625235665,-0.07200701749523766,0.09044368446051296,-0.6744551151519872,0.5822937739554935
147,0.829816947032705,-0.8000122008348055,-0.5075046952136205,-0.6398522743666797,0.10281657469181318,0.5963876146908328,-0.7731034103077916,0.3466437983396245,-0.11914978516177482,0.044637422787513224,-0.6763201034517078,0.5811686096037902
148,0.8772647162799653,-0.8051332499713637,-0.4967269775024027,-0.6411337521812667,0.10458424965558254,0.6426345772268599,-0.7755628757765569,0.3467685235721943,-0.16172855179194642,0.0035545539310645005,-0.6809515870083309,0.58069695844906
149,0.8985609437743284,-0.8175744104933975,-0.48536128702368325,-0.6411546925166478,0.0874824696420692,0.6975528372697662,-0.7829738019144281,0.34672037825721197,-0.2033486708810555,-0.03212253422644668,-0.6869688959963477,0.5808852357786785
150,0.9136689160448698,-0.8305945278707363,-0.4785788493474714,-0.6390131877642009,0.06636495642814667,0.749079039208369,-0.793965319467411,0.3466498888345723,-0.24493766777895581,-0.06425670129411572,-0.6928217849574998,0.5811350355138851
151,0.9415355829930933,-0.8408981439298436,-0.47801703904110854,-0.6344753893105404,0.05268189597237537,0.7899429611896074,-0.8055578908410338,0.3466388469079474,-0.2867242413496331,-0.0931711441112385,-0.6980579598547755,0.5811449626488077
152,0.9805007007046087,-0.85063454481915,-0.4797323345711523,-0.6283619699794218,0.0443628847520515,0.820448529992916,-0.8136433539206088,0.3466603725111389,-0.3286059540888874,-0.11675572980403738,-0.7029956273438117,0.5810831383766454
153,1.0169277302659667,-0.8619941454057858,-0.47981737939277325,-0.6216557026957119,0.036211821800163274,0.8417494485991718,-0.8156472803586134,0.3466801184426748,-0.370042131125041,-0.1330326656543517,-0.7079617037378676,0.5811283749915203
154,1.04170925015408,-0.8732929295254699,-0.47902730509907415,-0.615949168357529,0.025991063060217767,0.8566038791885605,-0.8142042907874539,0.3466824149298455,-0.41029253529923887,-0.1430857690713237,-0.713258895994604,0.5811884292042949
155,1.0590752270110528,-0.880834219025071,-0.4805400920910345,-0.613148132501185,0.015009082300793869,0.868601760095957,-0.8129400743204284,0.34666136825942734,-0.4473494527616305,-0.14959196075311065,-0.7191503025512366,0.581030626451819
156,1.0753797925617832,-0.8826391235947547,-0.4857479863407913,-0.6136429913929344,0.004552384643708114,0.8800338419352137,-0.8130800009506497,0.3466283132628448,-0.4786367045021971,-0.15479902111751104,-0.7250435046091479,0.5806722867802903
157,1.0920573889500618,-0.8809988845858115,-0.4915971961582438,-0.6140881626080187,-0.0055761687415212795,0.8899759377120482,-0.8133503045115835,0.34663677738486126,-0.502770412831582,-0.1598648655326756,-0.7294553459501463,0.5807489450409417
158,1.1059071536395222,-0.8787947995761469,-0.4945659141970945,-0.6108510780180569,-0.016152674823977028,0.8971330623179523,-0.8127651833990109,0.3467368786435328,-0.5210363254130181,-0.16568480126555934,-0.7311841745251496,0.5818759183498446
159,1.114317965429392,-0.8780324396645667,-0.4943722274570601,-0.6047124114384221,-0.027183055629604942,0.9020379808869182,-0.8124666444963125,0.34682309740484596,-0.5350445714127369,-0.1715958259609364,-0.7307272177940907,0.5828611581780321
160,1.1184647624148059,-0.8800156017035032,-0.49333055210171545,-0.5999894423230926,-0.03721037093493633,0.9066881486542842,-0.8142741914459571,0.3466651918999984,-0.5458532663164098,-0.17568616671794438,-0.7291443360276509,0.5810642613882748
161,1.1206593792983213,-0.885235020255201,-0.4932281873983993,-0.5996032960568455,-0.04475106320720017,0.9124256190812141,-0.8188500479389195,0.346216521088322,-0.554098827175091,-0.1766877951297098,-0.7278674279848586,0.5751470467581175
162,1.1218253813557515,-0.8910471699755207,-0.4934816565443875,-0.6005665950713758,-0.04987400714313488,0.9178405039520436,-0.8250653214331274,0.3461696476428661,-0.5603823362097994,-0.17601459508349715,-0.7289034980699328,0.5690768664163914
163,1.120773396301317,-0.8941168384874733,-0.49296587012362786,-0.5985407357191349,-0.05363325202152227,0.9208909362273621,-0.8316293838445963,0.34728825367356997,-0.5652080132265951,-0.17569561428246205,-0.7338292312488215,0.5679504023403698
164,1.1164516728806135,-0.8939016492669997,-0.4920427491244545,-0.5928452994172807,-0.05729041926498167,0.9211494720283504,-0.8371835959285618,0.3465520375269414,-0.569074664825171,-0.17616166694905622,-0.7401662744092802,0.5707262511948241
165,1.1105583783665398,-0.8932695895115785,-0.4928900199042658,-0.587266919099175,-0.06269951670876753,0.9201600580154206,-0.8403388044862748,0.33632003180712017,-0.573155869175033,-0.17589194616930834,-0.7434046463310293,0.5688677236442814
166,1.1062083103275715,-0.8950315064581083,-0.4972350472706981,-0.585211395504326,-0.07169680116308898,0.9194292927899134,-0.8406755656806647,0.30928418274588976,-0.5794799915511677,-0.17338709063412858,-0.7407502388788287,0.5540471981013031
167,1.105225765440677,-0.9002927734879195,-0.5031885595642464,-0.5858770171809369,-0.08310382395675778,0.9194500612767308,-0.8400413533536035,0.26209509612039816,-0.5895693961341776,-0.16805113276664635,-0.7334551483493342,0.5222238162518235
168,1.1061596833313747,-0.9094662037384528,-0.5074410855699146,-0.5868032174736283,-0.09273556120845089,0.9203065640779804,-0.8404278078850738,0.19298301972886245,-0.6009677722901352,-0.15965514463854583,-0.7233535656067268,0.47106347393663145
169,1.107114653615504,-0.9212789832871437,-0.5083096874024752,-0.5867102008700581,-0.09759945959090324,0.921399434349324,-0.8412315552653933,0.10109624095144504,-0.6095151348621651,-0.1488833446146279,-0.7123521701585621,0.3988168919673894
170,1.107266022083985,-0.9312970990447872,-0.5071717023472223,-0.5865427345661667,-0.10153469454725908,0.920847959259315,-0.8398945258354489,-0.012700975144493245,-0.6138494472212938,-0.13813249020180565,-0.7024122317946967,0.3048246118128914
171,1.106689417037022,-0.9352410248568566,-0.505710605085245,-0.5873072486435182,-0.11050849166226424,0.9169136156652848,-0.8349450467398787,-0.14680198511168355,-0.6185893615929288,-0.129816145692498,-0.6951018971996219,0.1890623529297462
172,1.1057109395204379,-0.9343672615271359,-0.505266980535801,-0.5879899806725348,-0.12607637150458037,0.9109777656572912,-0.8290214665585918,-0.29350976906710213,-0.6287704286663623,-0.12445511660419283,-0.6905599784208016,0.05717581524815735
173,1.1056155708935307,-0.9333603261856938,-0.5069685225553298,-0.5863265840964988,-0.14287796430361807,0.906353669511224,-0.8255989239655939,-0.441351469311298,-0.6445615414643119,-0.12139773947294481,-0.6885850465765971,-0.08167390288751333
174,1.1079162226100387,-0.934827098932884,-0.5113441156163662,-0.5812710356796114,-0.15562669460695772,0.9051890264989382,-0.8254970196827845,-0.5752925186703777,-0.6625733349205946,-0.12014370183281839,-0.6885059313823417,-0.21476273790402747
175,1.1128241177283473,-0.9350720810303746,-0.517159177545406,-0.5754395047412474,-0.16506874586907083,0.9060954943187017,-0.8265700829339925,-0.6699199969754922,-0.6798175839638607,-0.12069251591385052,-0.6891269319991147,-0.31897306492650035
176,1.1187858700041915,-0.9294797048358352,-0.5229017620204746,-0.5720083799399092,-0.17510848439666157,0.9070851925543639,-0.8268892902677815,-0.6985472534580425,-0.6951079258201336,-0.12314072791075327,-0.689402732924593,-0.36977011154435885
177,1.124309464345171,-0.918469141679422,-0.5280520987716113,-0.5717635219545704,-0.18735058289159928,0.9072525549321977,-0.8266537341395164,-0.6478265788114783,-0.7077130176643385,-0.12768888802371475,-0.6893037560864608,-0.35301730240228163
178,1.1293186852421488,-0.9072300879125619,-0.5330305259848236,-0.5732257140485337,-0.1975404168023176,0.9067175314416873,-0.8268042800103542,-0.5170492017853512,-0.718054034168292,-0.13463609251720662,-0.6891581138914935,-0.26443058071625125
179,1.1343836619263203,-0.9000232408515197,-0.5381936802696055,-0.5748121664199763,-0.20090830611886942,0.9058118728122738,-0.8274120280085383,-0.3086445371991447,-0.7279497899219793,-0.14406287659641764,-0.6891426515338731,-0.10366415246616695
180,1.1397387096345701,-0.8957601750982067,-0.5434157989757142,-0.57487121852464,-0.1992764482804194,0.9056883322843473,-0.8271006953849654,-0.03768856268230378,-0.7389114152299537,-0.15498439868477454,-0.6891820450705352,0.11262375865587118
181,1.1448640481870496,-0.8917793058307809,-0.5484337811007433,-0.5717714605694801,-0.19993676601413923,0.9077258347859175,-0.8247894115038753,0.2767162428695849,-0.7498144938207282,-0.16610882347266906,-0.6891879452298354,0.3625885210501388
182,1.1490601366322475,-0.886740642096832,-0.5533307539578034,-0.5659269753989635,-0.20817407088338244,0.9123351297942872,-0.8233934503949464,0.6032082032573983,-0.75845730136365,-0.17672454060485712,-0.6891717892413497,0.6192928440129161
183,1.1505032147154453,-0.8812152402034912,-0.5586904250853635,-0.5607090214125244,-0.22019623677327277,0.9185272106790079,-0.8279804612720648,0.8927035003305234,-0.7640142466109705,-0.18695885462197667,-0.6891988467126616,0.8484383048540232
184,1.146526508074718,-0.8758514851230498,-0.5649115928032079,-0.5591662323995852,-0.2299418347950774,0.9251594860847021,-0.8399083501616256,1.0992283717041809,-0.7684686744131884,-0.19703132397013534,-0.6892760292225256,1.0179630497253525
185,1.1361093722143916,-0.8707285583916083,-0.5706206909029291,-0.5599670920473057,-0.23527546928062779,0.9307392501354693,-0.8511256810356715,1.2123681812431555,-0.7739404444422905,-0.20737297146384162,-0.6892617353821927,1.1180501894274517
186,1.1245343935459855,-0.8656553867696662,-0.5736092318248898,-0.5597155568859506,-0.2391673695144644,0.9336135381858819,-0.8527444994766464,1.238640300460088,-0.7798808739084284,-0.21851162913750638,-0.6890161258179243,1.1494909468478547
187,1.1184077659217717,-0.8605082059087538,-0.5733048064202132,-0.5588128867019333,-0.2444113754938548,0.9334642909250801,-0.8459325718904427,1.1909072344702882,-0.7838742148044134,-0.23017213871263215,-0.6887993237235219,1.1204759451373816
188,1.1188043850393634,-0.8553178109505977,-0.5728137512163027,-0.5662003582234407,-0.25013541795035715,0.9329679039629469,-0.8399853338567483,1.096023771869328,-0.7844611401488489,-0.24027807132134799,-0.6891947272334836,1.055637463879818
189,1.120112323208486,-0.8501334254133984,-0.5754873143634477,-0.591228151331435,-0.25389486447836596,0.9350333156807178,-0.8419337584808515,0.9821436411399485,-0.7837174931076695,-0.24675776921482437,-0.6903198447697003,0.9809825293144837
190,1.117244467087805,-0.8449680397439443,-0.5811104128077881,-0.6327389573161212,-0.25454895534456073,0.940129765576984,-0.8490038515743633,0.8689843358783387,-0.7843995837146779,-0.2510263001951752,-0.6904265471005173,0.9104893874442537
191,1.1112090109230202,-0.8398080283122099,-0.5868482461012917,-0.6818570536927653,-0.25366244389763615,0.9469343209524951,-0.8561088652353449,0.770066043131044,-0.7860678639455022,-0.2570599534970996,-0.6873847558547572,0.8493000539847539
192,1.1054645515169355,-0.8346427546494709,-0.5909610191222583,-0.7343361078057394,-0.25302842961599575,0.9539120977835589,-0.8612087782966332,0.6948314004581562,-0.7845723765731115,-0.2673286813849501,-0.681539253176337,0.8006612966064915
193,1.1013566729972426,-0.8294744785963292,-0.5958437744089821,-0.8031332789665588,-0.25308670115406184,0.9589179227164754,-0.8659127559008546,0.6386445041661315,-0.7765312141351343,-0.27870055365106683,-0.6761990605048191,0.7617684707007887
194,1.0960545119335834,-0.8243081613579921,-0.6046725021664782,-0.9044536735792796,-0.2533442610535645,0.9597989643891351,-0.8716335628358015,0.5938314742287502,-0.7647963756888237,-0.28692521269443877,-0.6742508964677794,0.7285656851359854
195,1.0866351372692722,-0.8191435814463046,-0.6165373405960721,-1.037466281506993,-0.25341869048186955,0.9580682970751752,-0.8772325613293193,0.5558438120609549,-0.7546501460004352,-0.2915686819846118,-0.6748799237913797,0.699893784554644
196,1.0750074226358486,-0.8139747132205805,-0.6259526394834993,-1.1822611674230254,-0.2533642836594143,0.959344481131804,-0.8806096449430091,0.523633166459407,-0.7487689943324548,-0.29647099008880673,-0.6758654835730973,0.6778376983059604
197,1.0663083237102464,-0.8087981956398184,-0.6284628892178097,-1.3188890273830949,-0.2533237970201813,0.9680142412183591,-0.8810291585632264,0.4966488341292808,-0.744749867130728,-0.3049687700012078,-0.6759695841198252,0.6638555693753893
198,1.0639634553041335,-0.8036279649103729,-0.6270174275235845,-1.4330433478136742,-0.25333807275271086,0.9800301139488692,-0.8801977497586391,0.4761597208987897,-0.739836823349173,-0.3161529214562324,-0.6757157401351075,0.6547585184505611
199,1.0655187650583735,-0.7984837927420483,-0.6272015712781082,-1.512447348671297,-0.2533377342993367,0.9883483142381722,-0.8799000487206174,0.4640536911989102,-0.7341079255791472,-0.3275969187646786,-0.6757343191277522,0.645714757167831
200,1.067370337267127,-0.7933528080726716,-0.6316937533509465,-1.5442962001908032,-0.25327413912441366,0.9897244003623742,-0.8801442511560187,0.4591929438025506,-0.7295383777677876,-0.3380569222387841,-0.6758875849044705,0.6346272003987076
201,1.0677453799688217,-0.7881661103903963,-0.6381780076824671,-1.5148742255173733,-0.25324760917417344,0.987440649738855,-0.8799062175306422,0.45524611485908417,-0.7276610195303546,-0.3483221281784326,-0.675591744607795,0.6240953959683349
202,1.0668463997519262,-0.7828707112041213,-0.6440756135812553,-1.4119246171497675,-0.25340794039993697,0.9852257599153698,-0.878921021406732,0.4462027828810926,-0.728394744336591,-0.35922940436390494,-0.6747938356987186,0.6168326634042236
203,1.0652201825693777,-0.7776236842375291,-0.6490506614610178,-1.2383722050152062,-0.25366573521497243,0.9848878145080935,-0.8790266347149642,0.4342100858374051,-0.7313192081401322,-0.3701214082893968,-0.6749019029116685,0.6121361783232004
204,1.0648308010669443,-0.7727006116458721,-0.65403741893679,-1.005740239362821,-0.2535240015659839,0.9871453872627646,-0.8822666965745295,0.42603253190466295,-0.7360592473241911,-0.3794948069231916,-0.677486970663061,0.6073694794033775
205,1.068116224015163,-0.7680611986540803,-0.6595158382832701,-0.7228137087377465,-0.25259838957469344,0.9920266839256854,-0.8879988142309387,0.42527257422584175,-0.7422899212246157,-0.3862863490379719,-0.6826159918163084,0.6012087480563596
206,1.0747721089555256,-0.7628119448206762,-0.6647049565792384,-0.3907488226586402,-0.25201228318472807,0.9977365971010816,-0.8932516738075816,0.4268863510926844,-0.7494108811360244,-0.3906423881475548,-0.6890518155704922,0.5959199702987017
207,1.0796963021440307,-0.7560560230058161,-0.6685955804536727,-0.01135868673279249,-0.2537480412847438,1.0021900599108997,-0.8955531999346419,0.42472020006814687,-0.7551357410664744,-0.3929042038493669,-0.6955140665110475,0.5941701616135627
208,1.0779614037466725,-0.7494050647374142,-0.6698452991140955,0.37869147482083937,-0.25865986976561856,1.003545088599521,-0.894884080913081,0.4185716083568461,-0.7565636978359349,-0.3932982011279467,-0.7007223007391644,0.5950746405469116
209,1.0715092440433653,-0.746650898420394,-0.666822089827854,0.7124451353468962,-0.26446914623672796,1.0001709722025411,-0.8918760216139723,0.41341043376297903,-0.752635996617592,-0.3919509430707017,-0.7034283438489619,0.5946618106916904
210,1.066363820488664,-0.7502792459942366,-0.6585822046864387,0.9326443421571847,-0.2684370161511999,0.9912982771004699,-0.8871121149951164,0.41285549538227734,-0.7457190950096431,-0.38883763072714367,-0.7036091563659207,0.5900971623421315
211,1.0661279280720277,-0.7567980865840435,-0.6472079262975039,1.0284549598448296,-0.26924476574951334,0.9798613993404626,-0.8811129797620163,0.4139211150358379,-0.7384765097036032,-0.38329160205205975,-0.7028160232244718,0.583921982232315
212,1.0671733604777343,-0.7611735947934618,-0.6355655869517454,1.0020783509712672,-0.2668517963891373,0.9697569801526904,-0.874534505944558,0.41192707423443436,-0.7327000913518265,-0.37451340940011235,-0.7024905650477896,0.580068858931148
213,1.0647726571867018,-0.7615388421653416,-0.6250631903230589,0.8742671802589841,-0.2616671241313617,0.9632013926442986,-0.8689723011178151,0.40605457191535366,-0.7296232036744013,-0.36337526187005675,-0.7026371732571469,0.579815577905095
214,1.058803094050485,-0.7602222106165488,-0.6151768342313803,0.69034921385916,-0.25595273672965324,0.9601850905917128,-0.8663945676024957,0.4006001710390067,-0.7296006215040246,-0.3529638604994637,-0.702669981392353,0.5809230023368768
215,1.0535754830548956,-0.7595447021685314,-0.6052837525281398,0.4940718685873,-0.2524621835566147,0.9602665702379327,-0.8669427836673597,0.3993954002459485,-0.7301880954654806,-0.3459902054359377,-0.7024144755248893,0.5812391887074069
216,1.0524897698745759,-0.7597212641908399,-0.5950036344362118,0.3059126766204263,-0.2520914839071709,0.9610214922033317,-0.8672432591484803,0.40046019962177076,-0.7284609808872969,-0.3414090621780153,-0.7024907849043316,0.5809538757494174
217,1.0534487720866714,-0.7600560041727519,-0.5840654337447178,0.13624361439237812,-0.25311463932180805,0.959181288159985,-0.8639139951854286,0.39931373387056496,-0.7236042084932586,-0.336558634357928,-0.7034552300118561,0.58126423520242
218,1.0526606032524866,-0.7601189569817732,-0.572813795979675,-0.007734502623026298,-0.2537834846792687,0.9536817269903948,-0.8579278079580932,0.3940656883733256,-0.7170480716736327,-0.33041882626895613,-0.7041475573400787,0.5822924543949174
219,1.0483433994261588,-0.7600313062090037,-0.5628511566591771,-0.12522061299227713,-0.25372410790268624,0.9479719668629478,-0.8529795939014485,0.38814227234705684,-0.7103251359584802,-0.325339064679181,-0.7023351866848773,0.5819547804501787
220,1.041843340103601,-0.7599704959606336,-0.5557567208518942,-0.21646179142698888,-0.2532098847769692,0.9457123896954238,-0.8515690688825704,0.3853179090044348,-0.7049295220466902,-0.3237860729567726,-0.6970607336460137,0.5781662304409699
221,1.0348000861583058,-0.7599774257680824,-0.5509301402686435,-0.2849840821482981,-0.2526699233822639,0.9463715114785689,-0.8525539576634927,0.38565384966279675,-0.702325374748381,-0.3245994410770421,-0.6911701120400725,0.572147292278365
222,1.0290602870850767,-0.7600011074074032,-0.5463045003201789,-0.3365198959196963,-0.2528755502659942,0.9465970110412764,-0.8541402794560452,0.3867126596987783,-0.7025255572972715,-0.3241781110724439,-0.6880595345834777,0.5673426513763004
223,1.0265761529337385,-0.7600041460040297,-0.5406143581719073,-0.375705163704731,-0.2544790602496756,0.9437420646819603,-0.8548441738095309,0.3867634181439219,-0.7029653627218407,-0.32010761720993236,-0.6881631974363941,0.5660868367228253
224,1.0275941856787658,-0.7599987850920688,-0.5352822845370352,-0.4034863099508248,-0.25575422153930155,0.9376184014859285,-0.8534701752480461,0.38651759109609624,-0.7009983654082302,-0.3139694155042659,-0.6891607831497137,0.5669794361444754
225,1.0279655161812917,-0.7600061642464564,-0.5322145021783342,-0.4202038548295832,-0.25319501628322055,0.9285716693685241,-0.8492728369036654,0.3871115590918285,-0.6959662254610935,-0.30808346634290934,-0.6891797816923941,0.5679146066617318
226,1.0232223355817929,-0.7600196570809309,-0.5318599034841544,-0.429598312129927,-0.24462911710125854,0.9178260950121165,-0.8435318179976402,0.38800626809409117,-0.6884282741160658,-0.3030748537917329,-0.6888960382326605,0.5680045049912655
227,1.0156277001029488,-0.760004112776207,-0.5331702411485287,-0.4389030655447124,-0.23299541819065014,0.9075084836562668,-0.8381632674004974,0.3869414623058945,-0.6789496391540388,-0.2978274873260296,-0.6897207259918146,0.5676125591639529
228,1.0132281920522594,-0.7599431107472965,-0.5354817848260485,-0.45377187351353293,-0.2223085621944699,0.8995565658589258,-0.8374496871793505,0.38230876213007875,-0.6680593721273294,-0.2915950680717433,-0.6931137114466405,0.5671660045887756
229,1.0215571408992685,-0.7599256158062974,-0.540513049383117,-0.4707098253413848,-0.21313984484694445,0.8946967386855034,-0.848936918982243,0.3763423832323015,-0.6563084087680702,-0.2859946389230688,-0.7006019194489127,0.5671274722418603
230,1.0342100220713608,-0.7600716930685656,-0.5507509599756941,-0.48328971867303655,-0.2020217692344926,0.8932359151916505,-0.8793187310220699,0.37250133940202396,-0.6449326381258718,-0.2833819709509525,-0.714162021666213,0.5679546963048352
231,1.0416382719289667,-0.7602880571984505,-0.5679224663473756,-0.48916346550738454,-0.18626383487491452,0.8940804152619372,-0.9272838586155719,0.37210796126340434,-0.6358660288734491,-0.2838934201741773,-0.7390367377969371,0.5690804304064289
232,1.0411795842246518,-0.7601464095785821,-0.592560568862642,-0.49239033112552116,-0.1694723405185359,0.8939378470699144,-0.9879680818301031,0.37312862353608356,-0.6303883095620654,-0.2841799307308822,-0.7819114217534047,0.568328094265957
233,1.0397138857090291,-0.7593400702393582,-0.6247700506794186,-0.49708170345199254,-0.15764189068480935,0.8898662010963247,-1.058687035027781,0.3734791370229172,-0.6260257330903299,-0.28103661112089234,-0.8475069853047985,0.563826170909086
234,1.0436640035019433,-0.75888522771392,-0.6618187636778228,-0.5028903259668585,-0.1526530304080239,0.8836809605645692,-1.1413036891977852,0.3732067171108829,-0.6190603622271756,-0.27519587798737627,-0.9364631033495802,0.557611317037128
235,1.0504429386449539,-0.7604804083092161,-0.6995034729945927,-0.5071633603004654,-0.1487516512093444,0.8796543462044237,-1.2379113250364848,0.3734595548365961,-0.6083939659777811,-0.2694246235635117,-1.0487922052069687,0.5537371850508505
236,1.05325889024044,-0.7649333208674192,-0.732917730540152,-0.5083033013700025,-0.14003978557480132,0.8797989400547396,-1.3465022444625891,0.37448503034011915,-0.5973781940164273,-0.2650475877452769,-1.1830202205781741,0.5540124394775121
237,1.0488512733897561,-0.7708581258092246,-0.7554649699006392,-0.5073421936406094,-0.1281709635642006,0.8805482106051566,-1.4623126251396756,0.37430388630012085,-0.5894552629806215,-0.25981916691466683,-1.336673057814729,0.5547115505697295
238,1.0420506093604966,-0.7766142650305677,-0.7604928809747391,-0.5057134015605141,-0.11948361909949225,0.8777813879728013,-1.5762702660497434,0.37079633460767775,-0.5845758889327699,-0.25117339594284094,-1.5029192982496171,0.5515903760393314
239,1.0384759059417767,-0.7817368305559452,-0.7444716990567493,-0.5049549768319199,-0.11785527128846034,0.8718447439228797,-1.6657396088290566,0.36489796161155913,-0.580646395392245,-0.2399444384528771,-1.66110452275566,0.5453274707095904
240,1.0388211962594727,-0.7866979397078889,-0.7063604136774103,-0.5066884095695288,-0.11953696495762642,0.8666449044219693,-1.705789265729339,0.3599795705048255,-0.576038296265459,-0.22967645350787352,-1.7879441229591,0.5405249133513065
241,1.0400057826397604,-0.7918640448444265,-0.6455944989514484,-0.5117071635022704,-0.11947260021626264,0.8651154930259903,-1.6806272389397034,0.35853418412945204,-0.570556690452528,-0.22299063308418007,-1.8628206099161468,0.5402701296687743
242,1.0397701438857012,-0.7970845337487545,-0.5632088342366713,-0.5175445138844028,-0.1153260008967207,0.8659815347164787,-1.5835763743362234,0.3593428045657828,-0.5643063870718231,-0.21858876414033854,-1.867776450857866,0.5412756511366698
243,1.039411645973253,-0.8020933379181615,-0.4607908456702247,-0.5210030911366407,-0.10741560311015545,0.8669722721973877,-1.412760655496063,0.3603083698297865,-0.558261987810188,-0.21424890407475777,-1.789816413183942,0.5388195886404277
244,1.0410525539933932,-0.8070081403368703,-0.34530269278327147,-0.5212154458869857,-0.09656857236149377,0.8670587999593571,-1.1883432425966007,0.3604366844685065,-0.5542469154688773,-0.2090274398831829,-1.6401872457311384,0.5325433394971617
245,1.0455240120788698,-0.8124126960288848,-0.23023423087240538,-0.5201438524270836,-0.0856184477321704,0.8667204604478399,-0.9371437204566055,0.3600730012689143,-0.5535208146867728,-0.2035333093741328,-1.43749235566548,0.5273875790114315
246,1.052061984309941,-0.8186390813001004,-0.12843019151212226,-0.5196453379002424,-0.07797469728341883,0.8664728342733693,-0.6743167413943106,0.3596432978224608,-0.5542257884396367,-0.1983430464650148,-1.1893623602491203,0.5274042432776704
247,1.059572709624203,-0.8242265147871772,-0.04608009382443984,-0.5198096239673479,-0.0738766486996074,0.8664812462010321,-0.3977421470663797,0.35957357496580017,-0.5535100308227211,-0.19322593293676857,-0.8871775369566544,0.5289032822357411
248,1.065399840492663,-0.8270240569616049,0.013278215773232047,-0.52003196277184,-0.06870357874746467,0.8667706575494152,-0.10680714576421406,0.3602819630461539,-0.5496787437345048,-0.18763906327993157,-0.5248760154252544,0.5251842913802103
249,1.0662575619730903,-0.8266911764810663,0.048838095508983846,-0.5200024516860589,-0.05830348534411113,0.8671370911684431,0.17585867286652154,0.3613568558343225,-0.542916495316158,-0.18170340474353408,-0.12738730279297864,0.5141964241023683
250,1.0613685908370658,-0.8262700859996601,0.06487934205829138,-0.5199647556826844,-0.046148748467385155,0.8669498351803887,0.41649796431863817,0.3608377618451415,-0.5336472871672225,-0.17678063855959902,0.26546970042951457,0.5025821586452279
251,1.0550160988874278,-0.8288756673701821,0.06613160421737277,-0.520174509566626,-0.03961053728705632,0.8657106045231935,0.5884255900217226,0.35689153447722427,-0.5229457028208151,-0.17424993386100332,0.6123560200238448,0.4972773369369593
252,1.0517619093068553,-0.8343711339153591,0.05615693104476012,-0.5203560817408006,-0.042562021006613826,0.8648785914091507,0.680893210729316,0.3509290645728744,-0.512251085450538,-0.17419766456523011,0.8687515720752579,0.4980263241160888
253,1.0520250307525418,-0.8406168765000109,0.037797095934583545,-0.5199070330527966,-0.05019812708228644,0.8671174929204649,0.6863368799267537,0.3463588175184271,-0.5034035078384278,-0.17591324233828132,0.9925512379044985,0.5001440960030885
254,1.0533947097494503,-0.8460641030475756,0.012760745274381953,-0.5188301936010293,-0.056705494016695154,0.8733056248219004,0.6111630780806901,0.34533488311103994,-0.4993465582219296,-0.1780928464054601,0.9803170150004634,0.5003812565859095
255,1.0539590814449928,-0.8509891458036474,-0.020546957825471675,-0.5189236942430536,-0.06116325911717515,0.8790152661848604,0.47185368957382295,0.3462337266312067,-0.5030237554699176,-0.17772129046008814,0.8564972324049821,0.49990440781400636
256,1.0536908882504186,-0.8559813796159065,-0.06413110427798521,-0.522186405361521,-0.06662300716039678,0.879093831426384,0.2878225572867888,0.3468232621182331,-0.5134907557348534,-0.17165888091581,0.6517066460208378,0.5005664467669686
257,1.0529734007272369,-0.8611949503871441,-0.11596942069131795,-0.5279681955609594,-0.07541837652880833,0.8734916956991422,0.08782878591957746,0.3465881994519149,-0.5261702367722305,-0.16067612147322197,0.41570398965416194,0.5016934196909577
258,1.0524625664250722,-0.8663738327436268,-0.1702441389636596,-0.5331224440611467,-0.08648920149156998,0.8669683994091146,-0.09788897888598448,0.34663120234921063,-0.5372225651795285,-0.1492285892442595,0.2012733137160869,0.50023000173054
259,1.053114922922539,-0.8713505060188039,-0.2222451383285924,-0.5350718174202219,-0.09793160319104065,0.8637223897649559,-0.2529995900854499,0.34762825362612604,-0.5471476344964425,-0.1411470426050634,0.03256415207759616,0.4942891422892709
260,1.0553253945457297,-0.8764548060913758,-0.27323855894171584,-0.5344118025135426,-0.10861004788390545,0.8643892134134632,-0.37604680444855165,0.34792427798716563,-0.557757573521728,-0.1366045833414543,-0.09690029410705786,0.48798624826949566
261,1.0560809443560755,-0.882147711139856,-0.3261938470190651,-0.5326824787948358,-0.11836667309806984,0.8685232250768994,-0.46763339659984676,0.3452180356081455,-0.5692064451204292,-0.134687025162333,-0.1950668347952756,0.4871245894732101
262,1.0511627625654412,-0.8880665693164325,-0.38048187048079557,-0.5315042863158765,-0.12732880835115526,0.8745774645412395,-0.5355851612987202,0.33951174552210023,-0.5790729487314479,-0.13446890226745453,-0.26972790743336156,0.49276135161679957
263,1.0400814145461683,-0.8926644790454257,-0.4302990447605487,-0.5326129856730615,-0.13715272758058206,0.8794217505613213,-0.5900918932604712,0.334119702072643,-0.5851618895422357,-0.13500878698317945,-0.328574668028504,0.4991293827012197
264,1.0290225075189638,-0.8945457426585739,-0.4701838447392883,-0.5373081209711839,-0.15012401984576693,0.880388928219244,-0.6365672163624141,0.33212093135009557,-0.5893672250499046,-0.13543621156855215,-0.3761327765443657,0.5008397934462792
265,1.0242250031954065,-0.8942243122669464,-0.5005148154341179,-0.543390787251825,-0.16645224314470713,0.8794151102528472,-0.6728256946922091,0.3327280597145796,-0.5957670221345502,-0.13544810178417568,-0.4118935308107868,0.49963325565868616
266,1.0250616359257143,-0.8931156074792832,-0.5244241105650838,-0.5470196769066608,-0.18215223719181095,0.8806012473142629,-0.6966151018893705,0.3333329057634628,-0.6063539920390475,-0.135011039865235,-0.43535686043168853,0.5006067916831276
267,1.026731627666285,-0.8924096850549077,-0.5436694267115316,-0.5466795155511631,-0.19302105456009327,0.885780751856066,-0.7110198607749357,0.33270331936714936,-0.6175375906307304,-0.1344070370157577,-0.4500208513452726,0.5060709291926024
268,1.02618374470137,-0.8927824281796687,-0.5569088960265064,-0.5460605849210647,-0.1984012326568925,0.8917049306472592,-0.7218771932622514,0.33269788117315763,-0.6250564646513359,-0.13461750544929685,-0.46144407504570234,0.5120817727631239
269,1.0257798217606202,-0.8946634680942707,-0.5626059972201906,-0.5492074746898093,-0.20002595954135843,0.8946861035805924,-0.7329921053258993,0.33543007422672205,-0.6292789802667275,-0.13669343343311363,-0.47308580091335944,0.5142225185042023
270,1.0287302817877921,-0.8960345187464726,-0.5623286309337324,-0.5553304577096967,-0.19971867676198285,0.894467289370785,-0.7432237823522723,0.34075980408781975,-0.6347158257767811,-0.14134055627807493,-0.48331202485721747,0.5132309765798747
271,1.0346746069009451,-0.8930889700657029,-0.5599127125167811,-0.5601079987125153,-0.19945308341684972,0.8932979030487229,-0.7508266325401122,0.3469005626438187,-0.6446812200102169,-0.149012338349475,-0.4899640983761723,0.5136107662644035
272,1.039738851140789,-0.8837227117498726,-0.5585515945904802,-0.5606916646613852,-0.20118738514474832,0.8929341885701116,-0.7559261529705555,0.35243770683993175,-0.6561718878619366,-0.15953653643712812,-0.49429112218986593,0.5183199414291519
273,1.0408639468559202,-0.8720313082702768,-0.5589695271007944,-0.5597582881001715,-0.20569356459456745,0.8931752384068211,-0.7600960399381438,0.35741259460830577,-0.6644017763939662,-0.1705361502068187,-0.5001797419341762,0.5245146098255238
274,1.0399689914977608,-0.8633342682332368,-0.5613403427074927,-0.5611189803382031,-0.21248815599301277,0.8933992920495917,-0.7646797228353491,0.36219010477891134,-0.6685398710984103,-0.17921585649540225,-0.5101775186014584,0.5281684616724971
275,1.0405257581451195,-0.8586242531776992,-0.5657878127302641,-0.5659531233881905,-0.22111195739965067,0.8933797180509546,-0.7700191977606498,0.36713496033477827,-0.6736308684206125,-0.1847961976427546,-0.5215711540514308,0.5282626157828599
276,1.0427326733268683,-0.8540743310263315,-0.5723799461030905,-0.5725086654681589,-0.23157411776737685,0.8933300117981003,-0.7761904507792909,0.37261171066396065,-0.6842381455917818,-0.18874315068019112,-0.5305121177303495,0.5271281091491818
277,1.041580144724326,-0.846238513243576,-0.5811252897518389,-0.5789892413497125,-0.24402131181416228,0.8934250055105097,-0.7823103662749972,0.3787380395651472,-0.6966580866868058,-0.1926027562831678,-0.5359417512114022,0.5268560604928397
278,1.0325536801610244,-0.835335030373238,-0.5917053520814219,-0.5842306559566531,-0.25686106808586695,0.8934824983844452,-0.7863956093356784,0.384203766079736,-0.7029707089402559,-0.197703590191209,-0.5400017565780844,0.5271345299143562
279,1.0199957749553883,-0.8229012083359317,-0.6036731749842693,-0.587303984748057,-0.2656032495655028,0.8931979894422574,-0.7870024058587803,0.38720448162281146,-0.6992428277902686,-0.2052825336942656,-0.5446892876544028,0.5268043384157677
280,1.0130267202474534,-0.8108443839218207,-0.6157013194523314,-0.5879514914172296,-0.2660925140947375,0.8927227081765446,-0.7862219762771417,0.3873542766321443,-0.6917041464943741,-0.21549597399181755,-0.5501130107610361,0.5258725514074287
281,1.016534047587385,-0.8017004069748307,-0.6249601075893796,-0.5870602901441128,-0.2600321410637875,0.892985847345741,-0.7874115921320377,0.38668896683396375,-0.6877991180093328,-0.2266566603133165,-0.5556949814353759,0.526338269308368
282,1.0241180821325668,-0.7977465309540571,-0.6288420751347643,-0.5856660512503661,-0.2523925229316607,0.8949889041397426,-0.792025504773757,0.3871810242454963,-0.688497842046975,-0.23710408473307618,-0.5610604184185359,0.5300834991476644
283,1.0279174967405351,-0.7981448823208244,-0.6283317531461435,-0.5851616566586022,-0.24663239853621904,0.899697272982308,-0.798261942241615,0.38788289077509464,-0.6892241641999958,-0.24719163251040824,-0.5661835285991775,0.5359556854520624
284,1.0270157406992155,-0.8003026555291339,-0.6264366033416279,-0.5871394542145534,-0.24205260156321556,0.9080535825516493,-0.8041591378132998,0.38620411785186365,-0.686219250839432,-0.2584051656285388,-0.5711064915424378,0.5410934253505878
285,1.0265945217774741,-0.8018884275449709,-0.6254897238170851,-0.5921433731127318,-0.23731619572923404,0.9196087078974685,-0.8092766552643633,0.38102460465775856,-0.680184880619165,-0.27087405400924824,-0.5761952509468486,0.5432910524115047
286,1.0306469504466935,-0.8013222387015364,-0.6259605762334776,-0.5979083373571543,-0.23207540656975972,0.9301932540033792,-0.8140204856374874,0.37520460818071266,-0.673067321384851,-0.28106702077283363,-0.5819944420245051,0.5421473147233866
287,1.0368417884454455,-0.7972982039940382,-0.628033875932747,-0.6017832595069912,-0.22685363826895116,0.9352805928658592,-0.8188169855224504,0.37210025086342263,-0.6666717826239343,-0.2851263977047069,-0.5883662531754803,0.5376564774706794
288,1.0411072538267008,-0.7911975683078283,-0.632313674066769,-0.6025234891491157,-0.22199951563096998,0.9349687775850796,-0.8241217370507518,0.37215805869566754,-0.6626028934010818,-0.2841955307409954,-0.5933951696656868,0.5315556974927541
289,1.041738383309995,-0.7867244767579092,-0.6397665183130873,-0.6001001760096564,-0.2169465339750013,0.9333536854219346,-0.8303106614858485,0.37330934532358184,-0.6620505788415278,-0.2837409125930459,-0.5950579585106622,0.5270887813225203
290,1.0403828147663938,-0.7864017835343139,-0.6505897101162179,-0.5949377746033724,-0.2109041178823304,0.9335742164704557,-0.8363412228031726,0.37380201820573555,-0.662942786150704,-0.28786376773569383,-0.5943113158030294,0.526478262168791
291,1.0388809908344496,-0.7873325506615305,-0.6616144442656162,-0.5892414908573353,-0.2045026018213913,0.9340783599333162,-0.8399929865840662,0.37360510522342344,-0.6616210630813897,-0.2941689266598614,-0.5945864948209085,0.5273322246248102
292,1.038581476033151,-0.7852493662032285,-0.6688210981597499,-0.5856538227986857,-0.20033453186922526,0.9321040852445329,-0.8400199308789533,0.37315100132387424,-0.6564128787999063,-0.2985699640372626,-0.5984290690537032,0.5260718812140807
293,1.0405940661712403,-0.7794579162403462,-0.6704233480559201,-0.5851216027528081,-0.20045727736752036,0.9270244777813664,-0.8392668264675496,0.37286756323141834,-0.6504590646136673,-0.2993147379553171,-0.6044939620468002,0.52135620051707
294,1.0452463778115473,-0.7739715994711991,-0.6675773388424213,-0.5863575534365781,-0.20176272976989662,0.9210257386797025,-0.841517422052548,0.37317665975016734,-0.6474099907595293,-0.29772664165342577,-0.6104934410586048,0.5147924985368626
295,1.051047329210826,-0.7724052842148446,-0.6618149898547959,-0.5879092102353431,-0.19878342176612443,0.9165071834708427,-0.8472253027844691,0.37427139967013046,-0.6475983137548452,-0.2954465470035083,-0.6155938375974417,0.5081272972956216
296,1.056353185610615,-0.7732869939085292,-0.6559041700339007,-0.5882345099451296,-0.18914446233168217,0.9160170978309341,-0.8527461317054036,0.37473133724511315,-0.6486357164891906,-0.2948751657565783,-0.6207507773293123,0.5026686148299657
297,1.061145665961134,-0.7729730003841481,-0.6531270939854507,-0.5857627313319359,-0.1773031644359328,0.922154945103816,-0.8548111432119799,0.372452536993384,-0.6486577018942244,-0.29872839769893944,-0.6267280292290902,0.49952985402623734
298,1.066679804753884,-0.7706625161526335,-0.6541636548960041,-0.5803497325020811,-0.1683316423597527,0.935654688163453,-0.8541697859107382,0.367006553737661,-0.648372061623495,-0.3079755819463704,-0.6323564517323379,0.4990074935181747
299,1.0742282257116498,-0.7713508878539136,-0.6543999089935028,-0.5747514101675157,-0.16320472968305694,0.9534578762474661,-0.8531452371065277,0.3613761539685294,-0.6491723151209771,-0.3200333120914525,-0.6357176241580464,0.4997389972400661
300,1.0849981070182089,-0.7800174038449521,-0.6489975561942407,-0.5718600167230696,-0.15989763994676753,0.9720928954175388,-0.8530448259556572,0.35870042587764445,-0.6525077903952069,-0.3320218687881051,-0.6361558857987758,0.5002524658520653
301,1.1000435604988341,-0.7928450131296932,-0.6382300684214234,-0.5719319435953828,-0.15725415048568053,0.9886638340315748,-0.8533014775333442,0.3589682462767872,-0.6599037194438876,-0.34271022644665255,-0.6353401906675545,0.5002004985060073
302,1.1154242894969535,-0.8001300138422106,-0.6257919258081637,-0.5734594144683725,-0.1575130082824993,1.0006599311896889,-0.8532309703312825,0.3600602495702142,-0.672159081036192,-0.3519707454447358,-0.6350262565227052,0.49998828006080787
303,1.1208935069532022,-0.7942726174387784,-0.614574068663036,-0.5748894882203961,-0.1636953305784881,1.0050470342257778,-0.8530333563332635,0.36038059594636185,-0.6844128581541311,-0.35945651803222434,-0.6352579746052192,0.49992576319849574
304,1.1067805461186442,-0.7748035681881986,-0.6046746759807237,-0.5746280672323135,-0.17923973085027176,0.9970810139303281,-0.8534368306609126,0.3601458568086922,-0.6891742870301183,-0.36404849826179486,-0.6350560894762867,0.49997136428467026
305,1.0702194358402162,-0.7426020021786407,-0.5956017275074854,-0.5711698187136333,-0.20806401993376755,0.9716740899171509,-0.8544988328296174,0.35992229662507946,-0.6812151905894941,-0.36450724887697544,-0.6341376974797887,0.50001562276002
306,1.0112246262761022,-0.6964985763966605,-0.5861805821979401,-0.5653304359506485,-0.2531701192649319,0.9237443729609751,-0.8543743560263065,0.35992207001525744,-0.6605452638780998,-0.3604279493298966,-0.6342128899862027,0.500016559354184
307,0.9288281598057039,-0.6332308241995553,-0.5745391011861616,-0.5602972227194131,-0.31181915726961357,0.8482159933893393,-0.8510339350411966,0.3599955042852656,-0.6278789890036558,-0.35225858540728894,-0.6372166273207809,0.5000011467721109
308,0.8200143451722242,-0.550262452530828,-0.5594451734779201,-0.558663725355219,-0.37910149640479207,0.7420936390774568,-0.8452132314615938,0.360007975247625,-0.5834857496581052,-0.3403396485331465,-0.6427829601221523,0.499994662343861
309,0.6824150893144403,-0.4493480842977233,-0.5431775465826293,-0.5593590649522722,-0.4492564961022079,0.6132578122984056,-0.8401109008144184,0.35998900622311325,-0.5272854816380443,-0.32424818963679203,-0.6484964393026698,0.49999723160518683
310,0.5253457242445023,-0.3337334083303708,-0.5291229668555761,-0.5601391438930895,-0.5149885721378328,0.47309829473507103,-0.8382716318880963,0.3600200855705226,-0.4599022287036194,-0.30330148431437576,-0.6527240471234551,0.5000008496942157
311,0.36627976821322766,-0.2123857564493598,-0.5184943009294747,-0.5600032724919467,-0.5698812788234899,0.33098119497036754,-0.8389918074125106,0.3600909423392688,-0.3848498560047908,-0.2761363944610828,-0.657581464874978,0.5000012911884237
312,0.221567568118571,-0.10320534004163438,-0.509109035787334,-0.5598932967273795,-0.6186720211477048,0.19310974313137727,-0.8406769104251208,0.36004798242650377,-0.30634604518990916,-0.24032756040445818,-0.6661261894363776,0.5000002390400746
313,0.10305856000472059,-0.023972646906494637,-0.4987926640716928,-0.5606886484988413,-0.6728562858389127,0.06645267468915694,-0.8417340510048188,0.35977769781820784,-0.2275260566227397,-0.1939579331777257,-0.6779319865040737,0.49999968491330904
314,0.02150207923946706,0.015329061618101748,-0.4880079982530703,-0.5612565492058106,-0.7296409965732054,-0.0329667234066502,-0.8405725192806098,0.3596238612231225,-0.15011596671960317,-0.14033791869418868,-0.6879727963707082,0.4999998394005115
315,-0.01578008805935654,0.008744045199148934,-0.4785741469392291,-0.5594322966908504,-0.7439315056576974,-0.08449522667332025,-0.8360463072142427,0.3601634756605493,-0.07627453529978775,-0.0854624294685668,-0.6917594235137252,0.4999999971451766
316,-0.005327387478532557,-0.04549894534336121,-0.47178769784902835,-0.5543910399939532,-0.6656320606368874,-0.07789929190103431,-0.8301060025369058,0.36125410668484836,-0.012025593649407092,-0.0330497523730982,-0.6907364811281578,0.49999980696907054
317,0.05468444896386718,-0.13907431092481065,-0.46764706402971934,-0.5485875494508938,-0.5026687766371474,-0.028381909195362993,-0.8260064960480565,0.3609987663344623,0.03489835880816723,0.018773153445405595,-0.6888606618829036,0.49999979756255136
318,0.1574146905962379,-0.2618790220061379,-0.46592793922363906,-0.5448557015033426,-0.31838591767793845,0.0455282988541079,-0.8253282036968915,0.35742791414500247,0.05904095833021845,0.0722970153047953,-0.6885274039366989,0.5000005408445196
319,0.29273424270369436,-0.39955840890241173,-0.46595025331596424,-0.5443090977843985,-0.16809516719096904,0.13261701270026752,-0.826329398394236,0.351530272195743,0.059959354496275784,0.12330271935487862,-0.6890252069876149,0.5000012323221358
320,0.44637000764006407,-0.5343874658715061,-0.4666726456218726,-0.5466976528996613,-0.0567647861095707,0.22746806674728584,-0.8270123792527807,0.34663961983342584,0.03830096678739557,0.16241070699338947,-0.6893473427400029,0.4999999764017774
321,0.5964766093680962,-0.6503372896162687,-0.4671798825038151,-0.5514765325280109,0.025970893310859694,0.3238120877198817,-0.8269331943857952,0.34521081781934054,0.0008403859231805328,0.18212796853825217,-0.6892943169690644,0.49999637953786275
322,0.721566793537475,-0.7383582608196365,-0.4670875831377657,-0.5570968423654625,0.08497267691734282,0.4114293925611734,-0.8266465399225432,0.3460179572575236,-0.04104335707997733,0.1828756514535851,-0.689185447713804,0.499996026126331
323,0.8130559726867456,-0.7913892880547498,-0.46617115535899056,-0.5618248115650835,0.11684077674351571,0.4794489242804992,-0.8265664369628392,0.3469709085139745,-0.07862686795277689,0.16703736540341446,-0.6892264080480863,0.5000055244554468
324,0.8703837642436224,-0.8118784924385547,-0.46521276335846257,-0.5659182757435341,0.11889849053377477,0.5273581005509327,-0.826629956097528,0.3470895804961827,-0.11385126975688499,0.13807156114596866,-0.6892519856673992,0.500017074955719
325,0.8974656891581666,-0.8137607100621077,-0.46621068919739156,-0.5720408444637973,0.10028049919815957,0.5671569257061947,-0.8266885095558025,0.34673476036813616,-0.151148904368113,0.10073505071121203,-0.6890464760108823,0.5000054739924235
326,0.9115740340136902,-0.810654549716991,-0.47068427198720575,-0.5822311343189954,0.07602678287147216,0.6100416030208116,-0.8266886182268017,0.34633915290801304,-0.19222127116655122,0.05956511378970561,-0.6888100163241924,0.49995705856110806
327,0.9319217034889914,-0.8097949077702129,-0.4766406468963593,-0.5936330136292796,0.05699162652656556,0.657329846441157,-0.8266676608828474,0.3462832255664991,-0.235366688481262,0.01720725201842077,-0.6891400000681427,0.4999382685709881
328,0.9635225673403076,-0.8158802917353387,-0.4807266981214278,-0.6014930174410055,0.0438714633749356,0.7064650624975913,-0.8266594004066998,0.34691988681963615,-0.278709889969352,-0.02443562698031376,-0.6902549529896933,0.5000454997475855
329,0.9971144035026003,-0.8302405359622232,-0.4813747399613437,-0.6033772373271634,0.03580624240996423,0.7549083324651631,-0.8266631098436317,0.3478716115118935,-0.3206530501457189,-0.06352392069291897,-0.6904951775673446,0.5002241557506889
330,1.0242030572208334,-0.8479634253528753,-0.48033725417362055,-0.6011657571158585,0.030946468730571695,0.8001704780747433,-0.8266679296574273,0.3474051200309543,-0.35971626928269607,-0.09833229207053454,-0.6876901586704712,0.500139228761441
331,1.0436875533925292,-0.8637061577182449,-0.4795910614971421,-0.5970833182425741,0.026656545349633496,0.8398225543247462,-0.8266684450490125,0.343875826664209,-0.3944352739418445,-0.1272032365880958,-0.6819193882428188,0.49951826891857803
332,1.0569237698871639,-0.8748143592948352,-0.4796321040013561,-0.5920072500335184,0.021089303708670605,0.8720303594306325,-0.8266669599714895,0.33819967175567445,-0.42337763767231945,-0.1490803527915782,-0.6764512415067356,0.4990980300983097
333,1.066410647982146,-0.8802819583889723,-0.4800490127738984,-0.5859897529222861,0.015617960518249428,0.8953250865743527,-0.8266660770382371,0.3328584069139247,-0.4452779331218582,-0.16327652602220732,-0.674313146274963,0.5002314119615556
334,1.0765037956164736,-0.8804395133837769,-0.4804193414546902,-0.5795437260583713,0.012372807269783261,0.909398729949135,-0.8266662173061358,0.3269217670850569,-0.4610769286349086,-0.1702600219886973,-0.6748661295760106,0.5017739995748353
335,1.0910852836450744,-0.8794577434722664,-0.4803265625229586,-0.574564509673547,0.01196031841507875,0.9173233119487687,-0.8266668012805758,0.3094128569217145,-0.4733020786204107,-0.17386311428869206,-0.6757952918193737,0.49525045479521623
336,1.1079202189377741,-0.8819794443644642,-0.4794154883578479,-0.5730514886848733,0.01308972168014701,0.9227132447798688,-0.8266672541652821,0.26800007962296984,-0.48413039389643003,-0.17835205085100006,-0.6757709053895758,0.4710914300369849
337,1.1213966579127634,-0.8880007270667233,-0.4785680383097798,-0.5739784287670798,0.014375084339955227,0.927697621613162,-0.8266670223184074,0.2000521864687285,-0.49432643260203946,-0.1843419855009565,-0.6755810371281692,0.424640131636164
338,1.128259138749934,-0.8931620950192664,-0.47982574397485983,-0.5734830068769059,0.014589501864637401,0.9330132597832916,-0.8266657015612467,0.11203062862910948,-0.5043293417395605,-0.18902568941564407,-0.6761549540557473,0.3558445881611957
339,1.1317140267343384,-0.8941226893545093,-0.4845227653926272,-0.5687722214501959,0.012577812331107632,0.9389999323375766,-0.8266647612784588,0.009724663440497303,-0.5145188400722469,-0.1902403340427192,-0.6767559888513148,0.2654565314193717
340,1.1358736866804358,-0.8931548890247443,-0.4904356643046946,-0.562628716157721,0.007991345853208407,0.944373454187717,-0.8266669636225179,-0.10591555250163268,-0.5252037467468201,-0.18949581395930332,-0.6754975804612335,0.15718886366513224
341,1.1415267851828408,-0.8941425230817484,-0.4943300225741363,-0.5594110249686164,0.002072073572625667,0.9473978508544239,-0.8266723955145059,-0.2352180987067861,-0.5364976089066995,-0.18934427174583657,-0.6712247933820279,0.035709006513969216
342,1.1464794358732855,-0.8986984016372428,-0.4949145112246186,-0.5600148333609783,-0.0038161596958503096,0.9476967780498348,-0.8266722725544045,-0.37114496651000245,-0.547253069666588,-0.19026134116035043,-0.6652608057389008,-0.09042454008366825
343,1.1488057299706549,-0.9051875515518866,-0.4936765346645448,-0.5603837946078345,-0.009080837316064148,0.9468381897966022,-0.8266569809059995,-0.496124740957255,-0.5558195936154211,-0.18975313255447,-0.6593875993126351,-0.20708943084936035
344,1.1483161697638111,-0.9117922758680195,-0.4922711132797478,-0.5567565951888426,-0.013638305474611062,0.9463660511799084,-0.826640681392207,-0.5916417990640624,-0.561580742656285,-0.1856014085686943,-0.6542042696526906,-0.29988340387707396
345,1.1453307085701299,-0.9172182890053309,-0.49199351435438815,-0.5506480090491072,-0.017783934813224267,0.9464697985483649,-0.8266618919816702,-0.6381334734895979,-0.5659926012973682,-0.17952252253376652,-0.6490980449939303,-0.3555593423006103
346,1.1404512797825161,-0.9204206775288849,-0.493966252006702,-0.5460434560315374,-0.02300537442981083,0.9467030861067683,-0.826736258564797,-0.6155804369583193,-0.5706598747406264,-0.17507386655332915,-0.643593934421876,-0.3614230365767483
347,1.1346880287555612,-0.9210563646253949,-0.4985513160051364,-0.5451533705489867,-0.030954402251040777,0.9467683543473254,-0.8267557001419638,-0.511227524815997,-0.5759379122472433,-0.17419714725306723,-0.638211782874584,-0.30685400679570163
348,1.129013156701569,-0.9203341647924705,-0.5044277834081202,-0.5462235309515189,-0.04143034467333584,0.9467058828556592,-0.8265769365752745,-0.3284210032649786,-0.5813222726186894,-0.17523047062637082,-0.6337682062517196,-0.18581953719444044
349,1.123824998610919,-0.9196157439425572,-0.510127148338778,-0.5470785053350044,-0.052313884604384644,0.946602207654471,-0.8263190734745628,-0.07404815409136663,-0.5864638137431957,-0.17612579257848784,-0.6297556617551194,0.005313204937898313
350,1.1192389490424945,-0.9195008028802049,-0.515256868133792,-0.5470674789321899,-0.06196754216130841,0.9465563302606956,-0.8265005522611795,0.2260494804820098,-0.5916142407105464,-0.17617552143938586,-0.6236512282188459,0.24566735573165177
351,1.1149357386717198,-0.9200353715231308,-0.5202062011286603,-0.5466474391447066,-0.07183437903123595,0.9466763023840115,-0.8274784712215068,0.5322582061472373,-0.5971351830784147,-0.17564606132612148,-0.6133502134200111,0.49655732822535575
352,1.109564098920346,-0.9209547941086114,-0.5252902852248841,-0.5462771269650929,-0.08436344162065611,0.9469524225138293,-0.8279960543250531,0.8082138681540961,-0.6027664978487695,-0.17495819855534495,-0.6016125086338232,0.7235782918203886
353,1.1018689970893065,-0.92094036434097,-0.5305000754440592,-0.5463333344568267,-0.10001471772143067,0.9469580751398602,-0.8260048331909681,1.0301335138334033,-0.6075378401562869,-0.17500087688036703,-0.5935915046264486,0.9088725978080722
354,1.094515929171281,-0.918490636900878,-0.5357548787335651,-0.5472135515424031,-0.11600615032713057,0.9462150911216062,-0.8208486280962132,1.1774781277657893,-0.6109213954189389,-0.1767577513296833,-0.5919813993380629,1.0384932602148458
355,1.0933092576192824,-0.9134981353854422,-0.5409723208521802,-0.5503963544544532,-0.12949423605076188,0.9453742421465835,-0.8150819107530087,1.2426861880769156,-0.6154039394287519,-0.18097087741299128,-0.5937892300541899,1.1056447969277985
356,1.1018240366552412,-0.9073997410404445,-0.5460681649945703,-0.5585580390391884,-0.13984859325708357,0.9463370368320119,-0.8115693831677049,1.2325737470122728,-0.62461458471473,-0.1881146460885259,-0.5953916407144617,1.11145477171863
357,1.1141912084890921,-0.9015558514289705,-0.5510151603914073,-0.5738983467912324,-0.14764653533009664,0.9505405402087961,-0.8112136595421424,1.157554569134599,-0.6396345281526523,-0.19827512081357757,-0.5954973110604639,1.0608827392729379
358,1.1222719396127623,-0.8964263249804407,-0.5561141421678475,-0.595520516019279,-0.15351040396299503,0.9563790972106612,-0.8134632908188815,1.04442915847076,-0.6566687674110829,-0.20938632414331323,-0.5945431581475723,0.9785480087346038
359,1.123127867149054,-0.8921400104669276,-0.5617739455842347,-0.6214771000253752,-0.1581486761473077,0.9611718734628071,-0.8177185562590502,0.925701497285033,-0.6715719195580344,-0.21863406880126948,-0.5932686404658957,0.895914014876772
360,1.1205321235058756,-0.8880569235853529,-0.5677058525675394,-0.6539689522592627,-0.16229601650885545,0.9629961104591193,-0.8233299938034719,0.8230422230668243,-0.6825801890857381,-0.22469036622360194,-0.5933444430239811,0.8315603692692831
361,1.1183802374956406,-0.8822330718438705,-0.572437180238731,-0.7022387343068668,-0.1669053655258964,0.9612177416530908,-0.8296238435041592,0.7397260064224244,-0.6894980701805418,-0.22875085169471968,-0.5965630460498456,0.7821886971648191
362,1.1182736225186956,-0.8729423470793136,-0.5745578541295103,-0.7752804483834749,-0.17311778600044256,0.9556521640648611,-0.8355632136373832,0.6767774336117847,-0.6931930165722564,-0.23227766090800758,-0.6023812828204905,0.7426819876192168
363,1.1208126764708588,-0.8617873200555791,-0.5743730706908372,-0.8730820451707361,-0.1818009342240495,0.9492508488871205,-0.8397122252649992,0.6307209601167572,-0.6979697810146264,-0.23694263049466416,-0.607689719122433,0.7108581838982387
364,1.1258182299262651,-0.852233152712866,-0.5731491391388253,-0.9905793793107827,-0.19260256511550986,0.946718556939031,-0.8409956327960131,0.5955617007433813,-0.7086599210398405,-0.24453259663484975,-0.6098126458354437,0.6861792436942182
365,1.131474418387851,-0.8462858290998803,-0.572128273294819,-1.1196533897315342,-0.20481542039311476,0.9505416037090931,-0.840472025523857,0.5665853171606943,-0.7250516712287519,-0.25545008600803976,-0.6092390033662494,0.6677787911625456
366,1.1357710276886206,-0.8420187174889989,-0.5724604999437769,-1.2442139120984859,-0.216781302889725,0.9572589807940028,-0.8399275897227712,0.5425545726779853,-0.7414176516461868,-0.26641517021177974,-0.6075588098137322,0.6538696875554199
367,1.1368758367061913,-0.8369956910965299,-0.5752142645100463,-1.3471019736862897,-0.22555723917560824,0.9626684992100706,-0.8401252028625834,0.5228047486684076,-0.7524609062042251,-0.27378014638846754,-0.6063751539090384,0.6425359554560394
368,1.1330837265967137,-0.8312084655605281,-0.5802768849770596,-1.4154378188574193,-0.22867085853439556,0.9667610951909682,-0.840153406626235,0.506694116327764,-0.757111946509359,-0.2781140666211079,-0.6073106775451256,0.6322603126632776
369,1.1237968330190784,-0.8267362016040594,-0.5865201526823589,-1.4400209384516227,-0.22781165104257853,0.9731329301478389,-0.8391825990090177,0.49360071337042516,-0.7558701146179975,-0.2836115248716248,-0.6116569702528375,0.6218682728514445
370,1.1123677801313665,-0.825180370878381,-0.5927853235372683,-1.4128503344954992,-0.22652982355600262,0.9840237176305344,-0.8385256532302618,0.48276592461917417,-0.7504109391944201,-0.2933030391247906,-0.6176910148802411,0.6106689327060837
371,1.102948015797226,-0.8258056439805559,-0.5979245477253838,-1.3305484863071606,-0.22676737608645348,0.9953615204778852,-0.8406302880247798,0.47284318522865626,-0.7445543889402252,-0.3047284420339738,-0.6220903615338605,0.5999944326787762
372,1.0971616851966528,-0.827251309188847,-0.6008161006790365,-1.1909873242774622,-0.22698949790386738,1.0015009845592706,-0.8462530984467683,0.46236484459590355,-0.7419973157662024,-0.31401947831447097,-0.6229660359609597,0.5916820643891377
373,1.0937234113998708,-0.8281571839960906,-0.6012584078873434,-0.9925174782637114,-0.22547230813034366,1.001386227079195,-0.8519341648076563,0.45130104875411076,-0.7424797054387646,-0.3197412566979487,-0.6220178186016337,0.5861310314292983
374,1.091498721967494,-0.8271637883648568,-0.6002556477871348,-0.7341168420516414,-0.22401305927948603,0.9999753746902668,-0.8538651996325096,0.4415060165156051,-0.743249931123714,-0.3236475564602011,-0.621385521487039,0.5818560772535051
375,1.0912920154398815,-0.8232290158241906,-0.5989272547702281,-0.4179738439005628,-0.22693091827267362,1.0019905461757814,-0.8528515591511858,0.434621822514865,-0.7426202447287298,-0.32759928873402516,-0.621538677719897,0.5773777567449024
376,1.094632418745223,-0.8175383380632523,-0.5986286287048256,-0.06851620616480955,-0.2365989784308769,1.0076385708036497,-0.8533675793292179,0.42990579399305323,-0.7423881645444368,-0.3326937888375621,-0.6216185381071769,0.5721531331544568
377,1.1010085635139375,-0.812221143370987,-0.6008081519209514,0.2803054278623484,-0.24831992820029833,1.0151892736100174,-0.8583619712477408,0.4255985787875132,-0.7449445702317101,-0.3396989352420014,-0.6211154869820696,0.5660454516941698
378,1.106087002715978,-0.8079734343901613,-0.6057791661997721,0.5949267153926971,-0.2559680119806112,1.022493255312937,-0.8645123507879756,0.42061032225216,-0.7503400732889762,-0.3490461704930343,-0.6210070854325226,0.5596267963361576
379,1.1055409627803454,-0.8025868984567109,-0.6115602347001743,0.8426372968229353,-0.257210116662054,1.0265687033378383,-0.8671279600768051,0.41521212783450556,-0.7561745960136123,-0.360489489764094,-0.6226147188568785,0.5548987827765322
380,1.0999020788611775,-0.7937837962201894,-0.6161357868562375,0.9924262879195935,-0.25397305394006653,1.0247003493102937,-0.8660051197998853,0.4098200543920903,-0.7600288063076709,-0.37352100373967756,-0.626804900693225,0.5537538542168201
381,1.092790041894405,-0.7826916122672312,-0.6204322381801207,1.0326538724195236,-0.24842299890096925,1.0186243641310369,-0.8662281560385474,0.40461851502094837,-0.7600279109471143,-0.3854461070603711,-0.6339080794659971,0.5546691409300181
382,1.0869496174172488,-0.7727040603625537,-0.6273337286237917,0.9645776915948017,-0.24280352548515677,1.013039435519565,-0.8723257325840291,0.39963769497116103,-0.7545135616391229,-0.39211547480379194,-0.6439215192566234,0.5538489842211344
383,1.0822205330239918,-0.7661604824703565,-0.6381730496258464,0.8006498802776919,-0.23937046159942343,1.011311556417887,-0.8835994039605511,0.39478685216216786,-0.7439757005340953,-0.3917837572438559,-0.655003462686095,0.549020492957972
384,1.077872872357158,-0.7618906505465055,-0.6491990437321172,0.5884407312445605,-0.238942519458286,1.0123650386885712,-0.8973799531865084,0.38959674883533685,-0.732655490057493,-0.3904921245037342,-0.6646320387099062,0.542921428558882
385,1.0731662707090417,-0.7580483647602858,-0.6557839660899114,0.38142264817997357,-0.2397921148533922,1.0142446953503632,-0.9105127108069478,0.3835766251154079,-0.7247559218124954,-0.3955381706707693,-0.6712603803339879,0.5391821560623636
386,1.0673496284077817,-0.7533900394286832,-0.6566034796835244,0.20662444763037222,-0.24010297745572962,1.0151897198556552,-0.9189959864818676,0.37751755185611535,-0.7200706286594839,-0.40711974939547874,-0.6750574975800262,0.538855889813039
387,1.0602135679929785,-0.7472845263615667,-0.6536905049087663,0.06420029629958912,-0.2398524641025819,1.0136368547285004,-0.9192852285062073,0.3735133260435965,-0.7157382417153352,-0.4182192394679988,-0.6764156450302137,0.5403766827638524
388,1.0544963138494898,-0.7397488390759926,-0.6490386463334097,-0.04784395101807499,-0.24008182796825708,1.0086765450926545,-0.9132257939629973,0.37301023975354775,-0.7100072273685963,-0.4227950037077484,-0.6762145083204106,0.5420561056808992
389,1.0538907897815497,-0.7340249894038303,-0.6436566451143729,-0.13641487275253314,-0.24109547577747303,1.0027494879279208,-0.9057440002508528,0.3737876987435863,-0.7045760625345765,-0.42155363094948034,-0.6756120605834272,0.5421783858091723
390,1.059009479322638,-0.734328380436674,-0.6382284128648217,-0.209942210552754,-0.241042293316456,0.9993394874642212,-0.9001794534704233,0.37247222278344727,-0.7017027785524368,-0.41737162670530975,-0.6754285659016234,0.539053179943186
391,1.065340320276757,-0.7406139952102836,-0.633076417113016,-0.27280568443556336,-0.23781996415752832,0.9994286550379817,-0.8955291126309227,0.3677534786591515,-0.7016381020211429,-0.4122376572022572,-0.675571903113764,0.5330572785400927
392,1.0683424800739636,-0.7462201788069796,-0.6279621080119191,-0.32309466178626783,-0.23204715959119285,1.0001134786599142,-0.8901784091289442,0.3615258399035285,-0.7026200041184275,-0.40675997318662155,-0.6758005466505719,0.5277774361277848
393,1.0679269579875887,-0.7448543131075965,-0.6226513659863779,-0.3589531961784721,-0.2268858677150602,0.9983933378551554,-0.8843930444812264,0.3557622337997018,-0.7030769241630698,-0.4013838072728836,-0.6759006735382359,0.5264989316723911
394,1.0665205697785891,-0.738345944236072,-0.6173665641922762,-0.38368704670303405,-0.22492996970679413,0.9933246586973458,-0.88004283605366,0.3507257282603209,-0.7029326744930983,-0.39617426769612074,-0.6756820947329707,0.5275083044080989
395,1.065945361010613,-0.7326755063384598,-0.6125621069218887,-0.4032372812283639,-0.22558372732711235,0.9850192574879577,-0.8785383866959562,0.34580475786900017,-0.7026096841456586,-0.3910019867114346,-0.6751452894631539,0.5265397088658282
396,1.0662711144672252,-0.731499555086753,-0.6081643190095286,-0.42124448459441255,-0.2272962511478543,0.9742981216456477,-0.879157328504584,0.34062579414298294,-0.7024355898633113,-0.38577999815746733,-0.6750839975118376,0.521467603794601
397,1.0672341658797306,-0.7327741508681255,-0.6028180647948606,-0.4357349874613975,-0.22846434255073342,0.9636763828717475,-0.8807259056876896,0.3354080141897449,-0.7025791713737125,-0.3805276718519837,-0.6765529285684219,0.5153917597194132
398,1.0679201457469845,-0.7337402949853518,-0.5952282531764836,-0.44418042334736285,-0.22740832842628966,0.9557606633006076,-0.8859304601634418,0.3304269241620341,-0.7031233023984582,-0.37527860022560106,-0.6825792756274619,0.511992151984147
399,1.0668179732249645,-0.733648138696926,-0.5879770341884105,-0.44835139253723516,-0.22284672223178498,0.9506828294833009,-0.9023376584714977,0.3254695639622743,-0.7034421612471161,-0.37004261340057626,-0.6986840421133607,0.5119395912968775
400,1.0628539342674062,-0.7333318945070079,-0.5867034652670464,-0.45340790102569656,-0.21681193321154663,0.9466235922766125,-0.9368552907022212,0.31993785560797516,-0.7025019082010038,-0.3648108067333487,-0.7299980605076416,0.5135323915752444
401,1.0571427266418991,-0.7334113610344938,-0.595678113931249,-0.46297093542736467,-0.21295211279158222,0.9420441493236754,-0.9899648223905427,0.31369348872382463,-0.6993573464959149,-0.35957581972908015,-0.7780146730727349,0.5150454492817114
402,1.0514305341397163,-0.7335082205710259,-0.6135430511669079,-0.47433670505852554,-0.21291998027108636,0.9366986572680536,-1.0595471012813344,0.30842161988877187,-0.6933314548193559,-0.3543382507652608,-0.8427615366223282,0.5149124160045715
403,1.0464335063183905,-0.7330316608620961,-0.6375573584017958,-0.48335606840733525,-0.2136613346604424,0.9306749473033824,-1.144373992515932,0.30617830025163917,-0.6838905728637122,-0.3491005845664287,-0.9254683738827014,0.511667425473638
404,1.0413429673260912,-0.7323565232762489,-0.6643627532760501,-0.4887548579081849,-0.21165003090300732,0.9247271575003635,-1.2449161700202171,0.30668712699253525,-0.6725469549306273,-0.3438639059803724,-1.0296456694564677,0.505879836086691
405,1.035438255290375,-0.7330178190472245,-0.6898592310925538,-0.4927129997367689,-0.2064302438549539,0.9204099501977057,-1.3610197616388666,0.30686940592967415,-0.6627772142503914,-0.33862761799423896,-1.1585582759238913,0.5005641959786092
406,1.029780138905767,-0.7363393243385091,-0.7099197677185621,-0.4973057373454295,-0.19993296963402607,0.9189761003085446,-1.4836626996736995,0.3039688673742448,-0.6571170892728004,-0.3333911215089998,-1.310028443942681,0.4983866848175836
407,1.0263199881967406,-0.7418736557901399,-0.7205244022506752,-0.5026514773632167,-0.1938745162290278,0.9194685258164008,-1.5983682119344096,0.29831927871851893,-0.6528931522598151,-0.3281544345848486,-1.478525017112354,0.4988931572560254
408,1.0258932183395193,-0.7484810256536356,-0.7176973684705069,-0.5081083727017776,-0.18889534073257205,0.9200776922803617,-1.6899393365882447,0.29145986609561936,-0.6458229457632626,-0.3229178139818854,-1.6520961763469533,0.5004144069438492
409,1.0265939989621229,-0.7548363605280308,-0.6977112980115535,-0.5133101114980223,-0.18532556261488414,0.9199237785350565,-1.741326617749957,0.2849958439084927,-0.6348337477939201,-0.31768132074215566,-1.8003634072919645,0.50143894305677
410,1.0262665612254898,-0.7592754853609954,-0.6572971361563623,-0.5184021594079905,-0.18181877279952585,0.9198466256970587,-1.7353452838665417,0.2806491749023376,-0.6239788274852249,-0.3124446536455725,-1.8903182598047357,0.5007514847408312
411,1.0253942851427142,-0.7603683899570289,-0.5935669728049277,-0.5235658286964661,-0.17498603537143986,0.9206921940405457,-1.6587041400416982,0.27985267854889584,-0.6171995372612998,-0.3072075506655654,-1.9023826488870255,0.4973246144851269
412,1.0266200218350325,-0.7596007521838977,-0.5072045595321473,-0.5287736497641947,-0.16209397377564674,0.9213737301505137,-1.5016747996686257,0.280789877682391,-0.613042073083758,-0.301970592851411,-1.8292679140175274,0.4918096446089741
413,1.0315945341203223,-0.7602336384604896,-0.4010723273175992,-0.5338710637991717,-0.14550616611144926,0.919628073800238,-1.2615096943394062,0.2796661889536604,-0.6070858776412802,-0.296734873864538,-1.6685286559885322,0.4858802013496267
414,1.0375583259872514,-0.7643296000062569,-0.28077938618165577,-0.5388329066742458,-0.12962241440982464,0.9144664724768485,-0.9664711924289084,0.27448054934229577,-0.596905106059718,-0.2915003286777272,-1.4375961844861187,0.4806511286265923
415,1.0406783871727396,-0.7703931313424428,-0.1598308368462852,-0.5440154823328576,-0.11735972098757247,0.9086541400789614,-0.6532635433803543,0.2685283146964141,-0.5856073759132815,-0.28626350217909435,-1.1591741600884198,0.47557036223973015
416,1.0402661791264889,-0.7763527127020425,-0.05285709745776177,-0.5497960260573685,-0.10876492231596335,0.9054975931374194,-0.3444395887133853,0.2658639445514393,-0.5770731521463026,-0.2810207954564801,-0.8409377843442882,0.46984741354133147
417,1.039780896241084,-0.7815002358774372,0.03164833146220047,-0.555575244299618,-0.10340891480490978,0.9055137595483551,-0.04335157912514548,0.2665122874662166,-0.5719377061792129,-0.2757781465941089,-0.4701719987779975,0.46396984004475106
418,1.0424816214818018,-0.7863987238283411,0.09091349928654924,-0.5598434095168625,-0.09913030272167053,0.9066187875436789,0.24555352948169798,0.26674131897816883,-0.5678528432354643,-0.27055038517581154,-0.041091320585730035,0.45961674285664095
419,1.0480854861207682,-0.7915299197532845,0.12366707643684995,-0.5614291430855002,-0.09265074190806576,0.9070273288623654,0.5000965665717456,0.26349668636237583,-0.5628535881755657,-0.2653425435759892,0.3917476407045939,0.45808177018909657
420,1.0547365418272237,-0.7967652801262192,0.1346645511329631,-0.5609150113175309,-0.08225177077521244,0.9068241521102349,0.6903763580881094,0.25758408400085836,-0.5573743249851355,-0.26011200368983156,0.7475463502596139,0.4586327329012494
421,1.0608568023668619,-0.8018046542131821,0.13037533326242032,-0.5594042965637815,-0.07117818828724007,0.906635005239214,0.7927563352001603,0.2509329226887158,-0.5525549071843565,-0.25480434203456276,0.9719837247418572,0.4599442762107603
422,1.0654840817243416,-0.8067112232844957,0.11460559139257648,-0.5582793933151299,-0.06347536804547473,0.9066992193139036,0.7964175697714934,0.2450163362089118,-0.548282388436662,-0.2494701224057659,1.0648574980321375,0.4607663285105991
423,1.0678031547741564,-0.8120649106269051,0.08737366391975777,-0.5593195349576406,-0.05912499292766915,0.9067064837652066,0.6948281975175115,0.2406583558368261,-0.5425302570281741,-0.24430921763114213,1.0339771150535089,0.45995599338101767
424,1.067920707840456,-0.8182601044196923,0.048742692368185764,-0.5638914147944654,-0.05398981228997227,0.9063954832385895,0.5142325261116165,0.23854020875213378,-0.5334613774952016,-0.23945225548178192,0.904367095912691,0.45656265974228133
425,1.0666160864928342,-0.8239467694046416,0.0013645166806446809,-0.5699280245503735,-0.04476688031976048,0.9062100448946945,0.3025271040594033,0.23861987992357664,-0.5223716637942108,-0.23440458131512085,0.7124255282673139,0.4510633053573847
426,1.064957507999106,-0.8269677781535707,-0.05090679338749399,-0.5737684232990657,-0.033510818504997875,0.9069184320909645,0.09952789937212858,0.2405124144390323,-0.5122033611137516,-0.22838471308377672,0.49285774761163903,0.44460207918261807
427,1.065016271070485,-0.8267531812981556,-0.10566811020686682,-0.5738222139304373,-0.024002047574238853,0.9082845280645566,-0.08143052611387357,0.24282556853331103,-0.505082587421541,-0.2216750190276164,0.27444181275386653,0.4383594685016551
428,1.0689858148970606,-0.8262395997992616,-0.1637276778897134,-0.573080219266633,-0.018027375081147608,0.907855550002351,-0.23248646050501834,0.24195234346680755,-0.5009720433148297,-0.21690507578775406,0.08409764432316555,0.43358769655794166
429,1.0756749312933254,-0.8286068882012739,-0.22603977700417893,-0.5749409773296205,-0.014195114139508498,0.9032196572269231,-0.35264169116033167,0.234418911520363,-0.4994582790134079,-0.21664469585048504,-0.0668719477365133,0.43143767016305146
430,1.0799103561054446,-0.8339771520153093,-0.28971266859729955,-0.5800340175238377,-0.011134422376848984,0.8965516907176864,-0.44763350165849575,0.2225917124687741,-0.49960156274766215,-0.21838321771324307,-0.18249000784662378,0.43154900025339243
431,1.0773937849719637,-0.840262836634531,-0.34907532724641577,-0.5869878169258043,-0.010243844613601585,0.8933409260766784,-0.5230512034381231,0.2130575330581952,-0.49999889857491114,-0.2159387465163283,-0.2680019187849246,0.43246917224282067
432,1.070864649280902,-0.8458239183477142,-0.3991807292232985,-0.5941636190867294,-0.014394636353410758,0.8970492215899167,-0.5823685860233598,0.21043769474569166,-0.4996412663001426,-0.20573937637815645,-0.3314919075977518,0.4329871466611322
433,1.0658045938913852,-0.8507649163211743,-0.437842028182019,-0.5991401444685139,-0.024419411724806397,0.9037579236826456,-0.6284007295739492,0.21211991441981834,-0.4994120403953435,-0.19366798786691386,-0.3818271310767256,0.4328253732592903
434,1.0650383570797222,-0.8555682417365982,-0.4636265345099503,-0.5994081592913212,-0.035891516149409726,0.9080635464572203,-0.6634176777466616,0.21398718217442123,-0.5007322644388145,-0.18744028424502682,-0.4234528632422539,0.4319415662549332
435,1.0662908807230511,-0.8605795527123148,-0.47919431926650335,-0.5947686141509743,-0.043840178835664635,0.908281724800427,-0.6888958750899424,0.21420396084331952,-0.504600600333839,-0.1880960900274956,-0.4543735964405563,0.4311318642866875
436,1.0669134234229118,-0.865993816092678,-0.49171535847841996,-0.5875681037271155,-0.048231293316636475,0.9068262763768618,-0.7062072619884834,0.21344871934750906,-0.511398487328549,-0.1893189289003771,-0.4727465718466475,0.432116284705852
437,1.06663130148881,-0.8718353395147567,-0.5072008482910865,-0.5802287706333635,-0.05319422224273257,0.905986594121175,-0.7163952589496495,0.2125476742557454,-0.5212332604799919,-0.18571419967757313,-0.48191723459814145,0.4361992307244181
438,1.0667126045128072,-0.8771980573405329,-0.5237184730567835,-0.5748560240508475,-0.06192608465009996,0.9061369470233521,-0.7203533507875414,0.21243195231163492,-0.5323091758782387,-0.17931440551398278,-0.48766903179601817,0.442039922133889
439,1.0677076593913641,-0.8808522636163374,-0.5365526150182505,-0.573428679728991,-0.07310112149351562,0.9069677780365546,-0.7199822750975204,0.21406531569777137,-0.5418771257926825,-0.1747515557290463,-0.4936354663560068,0.44738248091804506
440,1.067770634375289,-0.8820354173810746,-0.5434443190715673,-0.5768314301253635,-0.08422856411235147,0.9077852153169166,-0.7193935103543295,0.21806425373920998,-0.5482681687920731,-0.17414284710568095,-0.49870386526099614,0.4516853716865796
441,1.0646809956731145,-0.8807739862139602,-0.5462859035171377,-0.5841028251853757,-0.09435967038628985,0.9072481905930918,-0.7226209554086911,0.2244591488962632,-0.5525133273201593,-0.17535643635070938,-0.5012535003712916,0.45730192167547634
442,1.058903107749596,-0.8772156614580242,-0.547241119630779,-0.5940441325682619,-0.10458410539869038,0.9041199661072136,-0.7287767521090237,0.23317157137939845,-0.5560608333214377,-0.17605866876652893,-0.5012760120129666,0.46647914247520156
443,1.0537202663197187,-0.8719422978971185,-0.5472417731455709,-0.6048856946461894,-0.11581387114286373,0.8987633185187788,-0.733481449345417,0.24362050537992003,-0.5604500016421702,-0.1759063931772065,-0.49990698687071333,0.4777679618703082
444,1.0518957957717079,-0.865777872681341,-0.5465337380603109,-0.6145407745672862,-0.12666981779957046,0.8924321980538061,-0.7339464179803077,0.25494473758669034,-0.5672969098295969,-0.17566499856134943,-0.4984415846116276,0.48766232941295173
445,1.0525488076833502,-0.8596522311303673,-0.5456434528857735,-0.6214799298922632,-0.1347781958202055,0.8863264024247335,-0.7330218644359685,0.2662042859657745,-0.5774767462426401,-0.17578082938056064,-0.4986330249864132,0.4940047604772637
446,1.0535478133206284,-0.8547679937492918,-0.545858205737765,-0.6256551271580633,-0.13956671066525222,0.8814771799507575,-0.7346324089687793,0.2762590773019658,-0.5885997892786866,-0.1758256347063675,-0.5022267520022347,0.49825942601322626
447,1.0537010999486354,-0.8523018888702055,-0.548512240030898,-0.6272929826182471,-0.14425700838493702,0.8788406605010142,-0.7397189116385383,0.2839970128586144,-0.5974278000633032,-0.175289168038195,-0.5083245727897162,0.502422346882103
448,1.053417396319003,-0.8521896087205882,-0.5535785292203738,-0.6271987978508342,-0.15225592845577898,0.878533978661971,-0.7460820273277633,0.28937463176955125,-0.6029212324265225,-0.17473213088985654,-0.5132460460212886,0.5074440507002642
449,1.0532211569963073,-0.8533055626385778,-0.5598659448385507,-0.6266727422550772,-0.16314170646465656,0.8799567948592507,-0.7517458852325681,0.29326232819879666,-0.6071145705116244,-0.175631055345138,-0.5141324328018504,0.5133810023830834
450,1.05323472666335,-0.8544737752003683,-0.5661578263763751,-0.626699181234856,-0.17380984106260833,0.8828165247341113,-0.7567201004240456,0.2967679527381076,-0.6120069500902074,-0.179141145038584,-0.5132050115854982,0.5199174515146419
451,1.0533479649094,-0.8544493537914889,-0.5712884629669421,-0.6268506161727883,-0.18164891652366524,0.8882287151543292,-0.7616665417203925,0.30188463491910567,-0.6174829163313017,-0.18492451015575107,-0.5143318498795358,0.5252761420794678
452,1.053447997778307,-0.8519988838689923,-0.5741303628398245,-0.6263525464292492,-0.1859380890783237,0.8976112989750734,-0.766882221353756,0.31076289815802893,-0.6224153962577724,-0.19226905330363214,-0.5190910442455996,0.5273553860018055
453,1.0534222140502385,-0.8470562900650277,-0.574522049102141,-0.6255474530866442,-0.18644222615128106,0.9095568882448826,-0.772092735592177,0.3224959168408988,-0.6265916196153198,-0.20136034313599904,-0.5254767745111539,0.5265714131272511
454,1.053174337270267,-0.8410768670427266,-0.573561032611162,-0.6262335612571923,-0.18508346397911582,0.9189759067832001,-0.7770421435576245,0.3321922808783823,-0.6319794720214837,-0.213553862830633,-0.531381360986171,0.5266220096430418
455,1.052942313345664,-0.8354474808820421,-0.5724199794955889,-0.6299397411334886,-0.1861551402640395,0.9215564878509445,-0.7820592769937768,0.3355693873159516,-0.6406767763904122,-0.22969622703385653,-0.5364994171484627,0.5306961083509898
456,1.0532772901117688,-0.830365214292351,-0.572206009704427,-0.6356345693109167,-0.19318351699608136,0.9201350942384012,-0.787767536824766,0.33445668255964073,-0.6517950314683747,-0.24653727844607906,-0.5414410433188674,0.5368969423532779
457,1.0543758182166685,-0.8255204852919004,-0.5739940328259407,-0.6412054480784718,-0.20455107070667383,0.9205695682742894,-0.7940330181798175,0.3332690998223229,-0.6620362853946469,-0.25910332123319324,-0.54661536438817,0.5411776662520784
458,1.0546435900129671,-0.8206017777827047,-0.5782687052881891,-0.6457875030182244,-0.21680894095976017,0.9256110670080668,-0.7989256215275897,0.33405514178881673,-0.6688772682183345,-0.26530531011330655,-0.5519392079378747,0.5416317610034704
459,1.051977440315449,-0.8152974512421332,-0.5843287310530748,-0.6510313530908071,-0.2277620906276951,0.9317450168052508,-0.8004627885938917,0.33408845701107315,-0.6733188786959393,-0.2688640847619661,-0.5572639030864518,0.5406699422107442
460,1.0463594081989835,-0.8093842341416281,-0.5912590791621665,-0.6585279458435205,-0.23739181757133102,0.934996075012724,-0.7997107017419475,0.3304205215162456,-0.6772666106543206,-0.27383467509184484,-0.5625238087673761,0.54094328213981
461,1.0409272048458649,-0.8037031190182203,-0.5972807068997071,-0.6655234040499015,-0.24577011258015538,0.9348731898044716,-0.800057110532165,0.3243109074723642,-0.6819708401271982,-0.2799207774476456,-0.5677165110437233,0.5417734166183655
462,1.0386811755957244,-0.7997993987041572,-0.6000432172036618,-0.6663886382091667,-0.2516938083193188,0.9331917771649324,-0.8039184849471456,0.3198042333509313,-0.6878053784585895,-0.283946159011449,-0.5728699421240484,0.5402785139734684
463,1.0391516678825754,-0.7986448088212695,-0.5988454824632145,-0.6580358759230466,-0.2532209870800711,0.9317330359729522,-0.8099343939329229,0.31936190188367897,-0.6947942172813497,-0.284137606748407,-0.5781175365227265,0.5349827920070578
464,1.0400896968034457,-0.7993446102197357,-0.5982708218660074,-0.6456333750282531,-0.24955137015867537,0.9320381320533713,-0.8159252324471993,0.3202454132756895,-0.7007734968760272,-0.2833533812634814,-0.5836046686335855,0.5290131482560136
465,1.040088641646559,-0.8006356762773004,-0.6037115532262619,-0.6357912498249054,-0.24310956711810564,0.9355056817652097,-0.821061030096809,0.3187942787403329,-0.7025846507920002,-0.2852450816752328,-0.5891226867575772,0.5262511581801689
466,1.0398843073535529,-0.801309176669468,-0.6149184654023118,-0.6304787651522472,-0.23678632636084937,0.9413092161564824,-0.8260351958026473,0.3139458302500299,-0.6988216843516589,-0.2904970112681805,-0.5940633376984105,0.5268385336614295
467,1.0404481533947023,-0.8002111658381258,-0.6259396748500153,-0.626974038405009,-0.23161108710611908,0.9463730652703983,-0.8314365248487059,0.30726337597355785,-0.692051122539776,-0.29679401764823604,-0.5981347336084543,0.527136589993894
468,1.0411585809638304,-0.7964927311483391,-0.6320305882872158,-0.6227543988527303,-0.22691072834511242,0.9481701716465525,-0.8367775718396225,0.3004301926923745,-0.6852730874914683,-0.30216650714848015,-0.60299719662574,0.5240488623302516
469,1.0400618197645004,-0.7908672224114274,-0.6359846594409378,-0.6173992326340009,-0.22204802686970432,0.9475205807398829,-0.8412017799778425,0.29514797743544596,-0.6798057895228041,-0.3071153591823348,-0.610981006309823,0.5181433981394603
470,1.03583352148064,-0.7845489709642903,-0.6429547463539661,-0.6111746249506882,-0.2168464841164096,0.946310997528562,-0.8451106746208854,0.29308958971168586,-0.675668443753076,-0.31291118774791854,-0.6221661153496527,0.5111660565848926
471,1.030021044715392,-0.7786505462508613,-0.6541644794900535,-0.6049593591656964,-0.21127157034328425,0.9458133009434275,-0.8510214380734474,0.29386254690486285,-0.6723368139734853,-0.3193276238290168,-0.6328481877515417,0.5047836401676421
472,1.0249367777408922,-0.7741269954379909,-0.6647677599828872,-0.600577915509778,-0.20565736185083888,0.9463490947647377,-0.8611372105315622,0.293884835437557,-0.6672601830075897,-0.32382590812316414,-0.6395051356609862,0.5005399944954756
473,1.0227348487431602,-0.7718291801942394,-0.6699452484577373,-0.5995691620955232,-0.20086684262602114,0.9482698919113773,-0.8728146220288886,0.2898916640832623,-0.6575026808741921,-0.3242175543854752,-0.6437248860643421,0.49963274740084235
474,1.0253560039414553,-0.771829301510211,-0.6695672914110624,-0.6003251729372917,-0.19745464031872492,0.9528822181663745,-0.8807647331922871,0.2836851432320227,-0.6445844662885075,-0.32302019775783825,-0.6498858839834588,0.5003776820374578
475,1.0344960462505841,-0.7738037666538613,-0.6658904661594843,-0.5996403236673256,-0.19318934511472738,0.9619747959788678,-0.8821584792518655,0.27963912769674404,-0.6357325263589559,-0.32514048773820686,-0.6602465958177344,0.4996277179071544
476,1.0501221468160182,-0.7776106715345313,-0.6608279649723166,-0.5955983875025352,-0.18452007164718748,0.9761256564376527,-0.8805130375409865,0.27979622002709426,-0.6375075241390714,-0.333437820510043,-0.6715828685159227,0.4955124135250953
477,1.071405096054514,-0.7835524199066533,-0.6554220268870374,-0.5894131893296606,-0.17129985934132527,0.9929932453674598,-0.8800904274717186,0.280545878474494,-0.6489985617986479,-0.34580463920380416,-0.6800178377489583,0.48925813839399723
478,1.0955169356842813,-0.7917825133448597,-0.6505105316140055,-0.5827420732732592,-0.16120138800589234,1.0097400460246446,-0.8810073611721279,0.27774086932130326,-0.6660262461237086,-0.35939619789971256,-0.6851045100902086,0.48252867189865495
479,1.1152202864770238,-0.7991569445620671,-0.645759427336407,-0.5769777462533335,-0.16252834287445964,1.022509535412208,-0.8799936149052984,0.27177943019042805,-0.684243067247794,-0.37127396889897846,-0.6891982785210542,0.4767044359783919
480,1.1228089793500027,-0.7999459506499925,-0.6399156867941744,-0.5733053977358743,-0.17682714719475526,1.0266461328280858,-0.874962349269686,0.2666241496865065,-0.6989685271111643,-0.37842588776316055,-0.6941741765919671,0.47294365561318924
481,1.1123109661957329,-0.7892759607779521,-0.631843298238727,-0.5724001035383713,-0.20050447123987916,1.0179709559415664,-0.8689255515236984,0.2652025363277932,-0.7056596670222222,-0.3793031809877549,-0.6996712529772654,0.47192726134123164
482,1.0790474921363802,-0.7658402755838596,-0.6209521576614917,-0.5729923987765619,-0.23075786152827832,0.9942248598742024,-0.8660498854037026,0.2660847041753784,-0.7023216999199808,-0.37800419250823686,-0.7048008019253819,0.47251964456549433
483,1.0198026001329161,-0.7291742644618172,-0.6068315739833536,-0.5733827385677577,-0.26826319765626794,0.9536070191895629,-0.8667600291308944,0.2668406299334162,-0.6888434957563353,-0.37978831357729703,-0.7096013513850932,0.4731744210963001
484,0.9367422890011671,-0.678258561262079,-0.5906260757916575,-0.5731148200634171,-0.3144677637626158,0.8941837880864126,-0.8669500472917527,0.2666448449956079,-0.6644175093678164,-0.3834502375443867,-0.7152340786656048,0.47321431546316634
485,0.8331924678813281,-0.6114109186328015,-0.5753386013132388,-0.5732179524030018,-0.36917511867734837,0.8138628070772326,-0.8630904253449271,0.26658924327777483,-0.6254355349553398,-0.38005966741911285,-0.7223896580606368,0.4730005936031969
486,0.7090478270390738,-0.5273623046964856,-0.5634858702573224,-0.5744134304504518,-0.4302292455483201,0.7113288280751782,-0.8569775982874924,0.26751409942751864,-0.5677217053101605,-0.3620697494116413,-0.728381375986503,0.47290019767944913
487,0.5600775216932747,-0.42768576487659477,-0.553842249789972,-0.5749379698070018,-0.49448404288197284,0.5902098639063025,-0.852450981944979,0.26797018180257676,-0.4903295284245657,-0.3334816438214612,-0.72924713205585,0.4729323075304768
488,0.38547043808501436,-0.3151097132574189,-0.5437501455258658,-0.5720912525497401,-0.5532140021952837,0.45607293122488407,-0.8515023023161666,0.26564010515311165,-0.39627164930464764,-0.30272575613726455,-0.7241017173660093,0.47298182734987265
489,0.20840906670341094,-0.19771215483667162,-0.5323992946721261,-0.5657579481793011,-0.5955209722359568,0.3167727496526116,-0.8527754459147947,0.26012201929270967,-0.2894138270924546,-0.2735815447761388,-0.7176265845274428,0.4729850678131842
490,0.06165190646303535,-0.09338538874954878,-0.522375888124861,-0.5605711248445862,-0.6124304265051644,0.18435522107552696,-0.8545619053404026,0.25453344527938176,-0.17778697448654057,-0.2412740498770229,-0.7146237088928723,0.47297323382720213
491,-0.031753156535148236,-0.020328435571242275,-0.5162239199872652,-0.561178946493557,-0.598603921326292,0.07141425866524227,-0.8551489677357672,0.2520500720142711,-0.07115766342369718,-0.2006885496349644,-0.7151144798680606,0.4729827182072979
492,-0.06783133249995424,0.01122486964475441,-0.512145058999029,-0.5669508129486682,-0.5497447200538135,-0.008399754397070695,-0.8528233031198819,0.2524373326483182,0.021059633370453457,-0.15287889371210944,-0.7163091989720506,0.47299665401911745
493,-0.04548327639963234,-0.004129179009373179,-0.5057120828678072,-0.574058699628235,-0.4687643395392504,-0.040803475224265404,-0.8471957874569934,0.2533950893184359,0.09018758805699109,-0.10263562589233395,-0.7163567052246689,0.4729659484723498
494,0.02838651627660453,-0.06771015452117046,-0.49474453762984316,-0.5797447686040125,-0.3631239755831503,-0.018938904427289446,-0.841527662840442,0.2533877540485521,0.12829864304392682,-0.05381000495956675,-0.71609236001849,0.47288789915700413
495,0.14155492759956556,-0.1692295013773003,-0.4836614865039885,-0.5844732989476594,-0.24227120526627577,0.0425667748892188,-0.8394718490674541,0.2531728062884655,0.1361746384946987,-0.007387689866700075,-0.7167091361165109,0.47289517652916807
496,0.2807925437146405,-0.29621551828366366,-0.47783070315332116,-0.5892541620402095,-0.12152992755842713,0.12554737760010445,-0.840427145449349,0.2538328095803539,0.12075868885756932,0.03610511697718619,-0.7175411978466829,0.47312662803679034
497,0.42986478483825497,-0.4342126682741633,-0.477853734966685,-0.5944307839949714,-0.017111426881073904,0.21827628164017088,-0.8400638309302573,0.2547024627116348,0.08931004531927064,0.07503020587382642,-0.7162935584276431,0.47335562885774285
498,0.5719996234336353,-0.5669258003112456,-0.4799123998939273,-0.5997285951357599,0.060122377075792315,0.3149982823282626,-0.8353214658964652,0.25349566661676626,0.049757518169933145,0.10671820094239384,-0.7114986774649993,0.47301665113461205
499,0.6925660577248283,-0.6794690280186075,-0.48073384628871907,-0.6049131654152174,0.10461576622487294,0.4094626077798834,-0.8291519665170591,0.24870550005464712,0.010033822492315065,0.12844062697727757,-0.7054915646542995,0.47192009870051066
500,0.7792302120708905,-0.7638647916505248,-0.48037326967823873,-0.6100467147786258,0.11360671999866744,0.49204888888636644,-0.8260297520860702,0.24275124058494224,-0.02651434382533698,0.1373750226265525,-0.7015782687175639,0.47169241010896007
501,0.8239504811968003,-0.8143410306953217,-0.479847401233892,-0.6152743207314014,0.09750670670169842,0.5523688208342966,-0.8266849952088401,0.23914660432510654,-0.061922920089603525,0.13073386014845528,-0.7010125447341202,0.47444442115028296
502,0.842589667914224,-0.8341314277529559,-0.47972216199503,-0.6205656582904758,0.07086800805528529,0.5902447329127666,-0.826983930007132,0.23897987319972006,-0.0986340157415524,0.108687892433547,-0.7023821270304357,0.48012957689800073
503,0.8593671017549757,-0.8392068406727343,-0.4799256948473479,-0.6256423027682377,0.04370691011936812,0.6199408021961349,-0.8232489183257008,0.23990865945954654,-0.13972979231748162,0.07559200016224696,-0.7040821698585263,0.4856498704273987
504,0.8877768224825081,-0.8446446519338228,-0.4803032508388619,-0.6303157633543535,0.018966962225784166,0.65521855543292,-0.8171382861783649,0.2397202894200146,-0.1885231102023248,0.03598485285616132,-0.7044094307695912,0.4880870313018561
505,0.922640292107323,-0.8512122848918091,-0.4804335591259156,-0.6352349394817204,-0.0012386200666165748,0.6975457004442616,-0.8125262321969681,0.23920189848354187,-0.24527916087265353,-0.006619380530988407,-0.7016339403626911,0.487686735875808
506,0.9572672499101303,-0.8530481400433811,-0.4797757254558528,-0.6414305284519969,-0.016718002183326607,0.7426809167285943,-0.8115145825973314,0.24051506539404993,-0.30426621911611296,-0.04918389407457762,-0.6957774466177106,0.48615668094029457
507,0.9886750091028432,-0.8478830662750875,-0.4786055620291084,-0.6485286566355319,-0.02828019248483663,0.7867419557534127,-0.8127434964408534,0.24210072752712358,-0.3593104412700755,-0.08895490464668392,-0.6902688823650276,0.4836952614464926
508,1.0160734025530433,-0.8413965559943759,-0.47898914396360665,-0.6530744285886102,-0.03628947315865151,0.826702084685592,-0.8144654927902955,0.23423395127395014,-0.40743850044868035,-0.12379275497514342,-0.6885275076378446,0.4771773958063741
509,1.0390762574929786,-0.8399478606025571,-0.48297144355487936,-0.6515714228808516,-0.0399755251182898,0.8598472936301361,-0.8150548939877601,0.2065149483661208,-0.44784349357406367,-0.15179824306259504,-0.6894274058250616,0.4629245293506231
510,1.0583876534998207,-0.8448509479706017,-0.4891054138965652,-0.6454803006147269,-0.03851621993959078,0.8861600020052894,-0.8129638099396199,0.15404462317922982,-0.4799533222815395,-0.17322372505169054,-0.688970085309193,0.4357266567289932
511,1.074928099156469,-0.8537936605921228,-0.4934343644496327,-0.639824345396579,-0.033134275490420695,0.9075605654109256,-0.8077067852754577,0.07587741561067504,-0.5038596291845969,-0.1898678825332277,-0.6846355526999635,0.3892732004423967
512,1.0900368263133673,-0.8644930034100159,-0.4935544561356795,-0.6382430326864958,-0.02673997562060948,0.9255842772566397,-0.8019611656933304,-0.02774305961171479,-0.5198625245578324,-0.20310892338538653,-0.6784453358359253,0.3185489207587644
513,1.1054540457757707,-0.8750454475645252,-0.4926752805562585,-0.6392719384812927,-0.021554662661532404,0.9402737248972071,-0.7988615201418247,-0.15272430385927438,-0.5301684299501521,-0.21273870779004408,-0.6731309535564639,0.22314509137653676
514,1.1222646797328228,-0.8836668121138654,-0.4950825600778599,-0.6403859266532663,-0.016729587676104805,0.9513367659594492,-0.7988737034437978,-0.293987284285052,-0.5391259860619905,-0.2182188251811591,-0.6686945743406222,0.10387182635007712
515,1.1381911552208541,-0.8895713633239174,-0.5010195767874623,-0.6404905306540375,-0.01067621563391632,0.9582308306664716,-0.7999549548376224,-0.4424385166693972,-0.5502847666056561,-0.2194394367422113,-0.6625727524701557,-0.032616028570103234
516,1.1499407844184073,-0.893067658155832,-0.5062991283657894,-0.6400592871272166,-0.003995511235787189,0.9601388826740775,-0.8003565762329163,-0.5845847080196497,-0.5615860306882222,-0.21676041509876376,-0.652913565043154,-0.17325784527238638
517,1.1563306083954756,-0.894519939515228,-0.5074671224704154,-0.6396238066764715,-0.00012031172346314498,0.9567413867952901,-0.8001576215569125,-0.7060606833508656,-0.5688645032888716,-0.2109520340144612,-0.6416527295751889,-0.3037492252344203
518,1.1594422601262722,-0.8942917624682215,-0.5065121680344722,-0.6395914628509484,-0.0020195552048291807,0.9506215874690019,-0.7999622882955083,-0.7888266815361369,-0.5702860961387834,-0.20497767079703447,-0.63180437010943,-0.4045812650602566
519,1.161372347459235,-0.8927579932300176,-0.5073132846022607,-0.6403147853847023,-0.008080271653681144,0.9453703157166353,-0.8000092298857138,-0.8136073181347967,-0.5684059857592977,-0.20252840222426008,-0.6251739906680734,-0.45448757244291155
520,1.161852957078151,-0.8911610797671086,-0.5117115728463729,-0.641314792318539,-0.014734996503468793,0.9434438746717331,-0.800027368039986,-0.7655570160052179,-0.5661781723172811,-0.20391873195830923,-0.621881847063456,-0.43791931529285966
521,1.15937724459225,-0.8921994088466412,-0.518124580681918,-0.6407171768567247,-0.019934106536550363,0.9453927289164652,-0.7997867510796843,-0.6372665438166121,-0.5655558588980826,-0.20379529139307018,-0.6216677413225261,-0.3489260722011529
522,1.1537491708379983,-0.8983802630103018,-0.5247046301248326,-0.6368306007503414,-0.024760017589679207,0.9512417399685309,-0.7996446674160321,-0.4244869289502824,-0.567843916170718,-0.1969929611983855,-0.6223709088578026,-0.18451425294542706
523,1.1481567034410194,-0.9090631288715302,-0.5301958805101203,-0.6309787605178805,-0.03051298432942445,0.9577433604112575,-0.8002179663192603,-0.1463103815541014,-0.5733449031674166,-0.18530496158858142,-0.6209841494422337,0.03887718023382692
524,1.1460904568646948,-0.9218632138205805,-0.5336713385908478,-0.6261541972209286,-0.03638391018736998,0.9598421223271473,-0.8012901362449865,0.16523536780249515,-0.5791303224553682,-0.1743761209297546,-0.6161663307401207,0.2940390160723174
525,1.1469702704984632,-0.9343447104982591,-0.5346703921029516,-0.6244441050743024,-0.04011791416769311,0.955192973459439,-0.8008966476251488,0.47695919564442235,-0.581743687884433,-0.1678203694752306,-0.6100743064218465,0.5523520402680828
526,1.146737088887111,-0.9439865159485864,-0.5339481055936813,-0.6255113892407069,-0.040481745898153815,0.9486196800932722,-0.7971071115797173,0.7529756039395349,-0.581130286839624,-0.1638103931352124,-0.6050689016786198,0.7817945578198536
527,1.1424231567394638,-0.9484243054091849,-0.5324809240517152,-0.6286446740905547,-0.03977336959159511,0.9457866698748388,-0.7911590212694597,0.9580529975228693,-0.5808956536304563,-0.15972928692125749,-0.600568742030273,0.950952893333391
528,1.136344900487234,-0.9482745740790223,-0.5316682884051671,-0.6334630108799236,-0.040968183442547476,0.9467318540926349,-0.7864408282781943,1.0760192601259386,-0.5841462509346487,-0.1545835766711081,-0.5939947646957797,1.0486777396957185
529,1.1322198675001673,-0.9466891452746712,-0.5332694176005464,-0.6398664945323728,-0.04535158078091187,0.9467075262149548,-0.7852337842812475,1.10691326218179,-0.5900207600853815,-0.14876059279104475,-0.5839081808632265,1.0810555918064435
530,1.131579858131103,-0.9462204125881923,-0.5382435884763825,-0.6486842524026464,-0.05239109179641468,0.9422635149465936,-0.7861162228430795,1.057308576583023,-0.5962338555810358,-0.1427788121132368,-0.5726703599110198,1.0576000206854446
531,1.1329444556224844,-0.9465437970788864,-0.5441182147742131,-0.6646369075495101,-0.06147276302339481,0.9360825337159462,-0.7869770519375042,0.9592328593382901,-0.6015249797200024,-0.13752531852962868,-0.5633353449663187,0.9999967773954763
532,1.1346245890414688,-0.9465977653247247,-0.5475759840903626,-0.6933660461922277,-0.07202963676945055,0.9323899977274231,-0.7870030557360673,0.8510551926949292,-0.6064778539751178,-0.13397780809735982,-0.5572785083942365,0.932906218816693
533,1.1350163920134686,-0.9462312392970209,-0.5477151589731933,-0.7363467313591737,-0.08350558032698702,0.932376650787729,-0.7866894084285354,0.7561725041219852,-0.6117849704113038,-0.13284997836303516,-0.5541829532411466,0.8715901080623089
534,1.1325617619032782,-0.9464732917905619,-0.5467651106623201,-0.789653313195774,-0.09490847951936827,0.933299641038249,-0.7865110060269793,0.6785745547008781,-0.6172186670404317,-0.1345133275978569,-0.5535047000413533,0.8191275961269447
535,1.1270784979486796,-0.9480219979059551,-0.5467816369109899,-0.8504423919167683,-0.10450758404780752,0.9327119647424049,-0.7865477726835179,0.6200068892840972,-0.621981709088976,-0.13906563955243795,-0.5539278341513707,0.7774906317878597
536,1.1214969131755048,-0.9487374858687397,-0.5471728749592398,-0.9258613667714211,-0.11080040999317259,0.9320318105128624,-0.7867526240061411,0.5756230810387606,-0.625960244187167,-0.1448662293963611,-0.5539165139752928,0.7466025783017955
537,1.1189540179117237,-0.9452928725920039,-0.5462401348823995,-1.0272199427977806,-0.11522934301403599,0.9342962230336163,-0.7869538597496163,0.5378140245277349,-0.6311872366649945,-0.14955407488363065,-0.553239980876611,0.7255143337616876
538,1.1193251508638578,-0.9363026636543653,-0.5441757927677148,-1.1567777631230847,-0.12090662087230475,0.9401917425864383,-0.7867933061884351,0.5027418416005752,-0.639978570016332,-0.15287142083002853,-0.5536212761482816,0.7125797710521437
539,1.119999370360162,-0.9242691760611925,-0.544958906055767,-1.2986807098978455,-0.12986630655935968,0.9456965030199106,-0.7860436368819211,0.47412416300336513,-0.6514388946169227,-0.15876844469101525,-0.5567060528667831,0.7047662156360489
540,1.11923919676847,-0.9120536050036202,-0.5524881907174395,-1.434897417170158,-0.14114010248204634,0.9467316290200163,-0.7856636191549686,0.4560627151790197,-0.6613643926548046,-0.17119762901022417,-0.5622114134166485,0.6990088028776131
541,1.118913995313085,-0.9012814557384384,-0.5643214766011061,-1.547116422535028,-0.15324093862831079,0.9452274658719617,-0.7871848522114302,0.44651320487209745,-0.6665900033357416,-0.18815965288524655,-0.5689170573974703,0.6938282237638445
542,1.121681866825644,-0.8927645501443205,-0.5738430046716579,-1.6168432697162174,-0.16449288426111403,0.9470695335271876,-0.7914045879989732,0.4393858091716862,-0.670551081361843,-0.20373782813846786,-0.5754561022220196,0.6887890417420416
543,1.127449886068348,-0.8868206882899201,-0.5765347228484106,-1.629212600261377,-0.17305095244338384,0.9558679599816661,-0.7974539626461362,0.4301001181609804,-0.6789133554796819,-0.21431136173598173,-0.5801448363804981,0.6835921395861579
544,1.1327446817678726,-0.8822493564210896,-0.5747503113778577,-1.580855583091457,-0.17795472900678436,0.9678109152118171,-0.8042063394178259,0.4190783349111802,-0.69378713275648,-0.22374420786337,-0.5814598611019649,0.6783117464897165
545,1.1345017747927217,-0.8775925098010277,-0.5721472759915635,-1.4706873224709693,-0.18230283760435817,0.9777546501836135,-0.8101300684549616,0.40771179803438706,-0.7111740799651227,-0.23714542544825534,-0.580690797649162,0.6730891444231291
546,1.13379918741938,-0.8723708011088824,-0.5711648398452963,-1.2979678624211024,-0.19026346573775008,0.9836434056366115,-0.8133983011307259,0.39696831992077125,-0.7266670768178708,-0.2542320310689573,-0.581178085482457,0.6679115185699168
547,1.1334086954928473,-0.8670888697367288,-0.573017359401979,-1.0623040509208448,-0.20198623991056508,0.986526100893686,-0.8132397845188621,0.3873898978227888,-0.73786042536621,-0.2692998580649544,-0.5852212857697621,0.6626111245221528
548,1.1343627902132656,-0.8621351365769253,-0.5782404036461634,-0.766098444852057,-0.21197935859016107,0.9875044015560556,-0.8125929522423445,0.37958078016050967,-0.7435348593435047,-0.2777210918599947,-0.5913225344755484,0.6571066745852648
549,1.1341975882160737,-0.8570801332951201,-0.5841628997818668,-0.4260188998247832,-0.2152494881074188,0.9872513035544873,-0.8150750322806988,0.37456050440806415,-0.7438186742606859,-0.281611197482162,-0.5972160830545459,0.6517953437643039
550,1.1303492156155397,-0.8512513236103355,-0.5871392351823321,-0.0634520227295795,-0.21395548910098547,0.9863077383524598,-0.820834295822368,0.3734414138695411,-0.7427765942052322,-0.28520418810741754,-0.602245755833334,0.6472109267345237
551,1.1242133408967045,-0.8450597636926549,-0.5865100578181685,0.2910600173701821,-0.21359182624562878,0.9855092827785801,-0.8262686010177016,0.37499356201222267,-0.7450069221926445,-0.2905038661869518,-0.6074955438364047,0.6429270045559534
552,1.119875161987775,-0.8405808871962508,-0.5862030638979944,0.5929169163104904,-0.2174663258663298,0.9861441285118165,-0.8282850595185921,0.37438958554378693,-0.7508414298797196,-0.29608736520712,-0.6137149181587628,0.6370423422706633
553,1.1197828275053792,-0.8396179973232941,-0.589917308170418,0.7992588784545324,-0.22394850323937804,0.9893577442722908,-0.8276158755857426,0.3672566277745957,-0.756402816257802,-0.3005503865267064,-0.6193387980585864,0.6278809839993506
554,1.1206725633582175,-0.8404487032299512,-0.5960800626936632,0.8922479833379663,-0.23078905630694682,0.9947509113632526,-0.8262907190298329,0.35570256256966415,-0.7584137608347339,-0.3051288625890389,-0.6220432273742297,0.6167559130833772
555,1.1182247677894595,-0.8395714220743005,-0.600456999968975,0.8667680232117201,-0.23647907428227452,1.0011424611597957,-0.8257162811452473,0.3451085627509022,-0.757699962291164,-0.3123893384343236,-0.6216219038973729,0.6064906294969342
556,1.1122405924002075,-0.8350945312120455,-0.60084565809884,0.734327511541647,-0.2400606583625855,1.0073329022179642,-0.826295637339376,0.3387516067561584,-0.7564228793550565,-0.3231768699611571,-0.6212749816548704,0.599192077057866
557,1.1070392230121044,-0.8290070279890787,-0.5999488713011186,0.5459298791617172,-0.24102196878853105,1.0120934647598665,-0.8284155232541113,0.3348191686797725,-0.755968725879349,-0.3341976773285339,-0.6241195153472273,0.5952266890891453
558,1.1061616822412488,-0.8237036407937336,-0.6010628962762296,0.3564097093479277,-0.24044869016168,1.0142858109217607,-0.8331223864342316,0.33084979649313345,-0.7564495888074307,-0.3418152637341838,-0.6298043090462743,0.5945870828287884
559,1.1072300810871245,-0.8191107019877856,-0.6055931996182601,0.19092929715199136,-0.2397706076193029,1.0142170056006048,-0.8418018133926639,0.32583688598377636,-0.7577285997309372,-0.34639942071539165,-0.6361665236729165,0.5954453481005809
560,1.1057478597663053,-0.8132294248096733,-0.6134706050230864,0.05150929251711408,-0.23966728944931184,1.0133213934717555,-0.8539259522223961,0.3199084806005055,-0.758390018571767,-0.351444471969264,-0.6417242717464937,0.5945537351527839
561,1.1002153346966046,-0.804538511597431,-0.6240859310983174,-0.061826771919496266,-0.23994310933006374,1.0128138745799888,-0.8643011137762043,0.3135300156423432,-0.7562956787107004,-0.35973576191243606,-0.646692103999375,0.5898237833657293
562,1.0944694708101437,-0.7935408192143671,-0.6349112510495845,-0.154357327845485,-0.24032915269261387,1.012954485705243,-0.8675257861709221,0.3083441104494428,-0.7507187179806142,-0.37102616341392125,-0.6515323054500123,0.5837513631508191
563,1.092446158397916,-0.7812478218436936,-0.6430373823420603,-0.2325203619007121,-0.24040856181753828,1.013752610842266,-0.8656934157672027,0.30620541390459016,-0.7449287595659446,-0.384295931995321,-0.6566224872574217,0.5798583577531657
564,1.0932736370567049,-0.7694434017980234,-0.6480603191293097,-0.2992349415665267,-0.23971625533446025,1.014509211286502,-0.8667616895985707,0.30672949294720114,-0.7426939902471886,-0.39702679989930734,-0.6622740073204575,0.5793752007854823
565,1.093174183081569,-0.7608294497151056,-0.652553462156496,-0.3532378931488915,-0.23864353328029472,1.0136832867965835,-0.8760367688550972,0.30687076196477514,-0.7436296954389251,-0.40491950200057586,-0.668441450931531,0.5808089342245026
566,1.0895475844425482,-0.7575965640706359,-0.6586328083237061,-0.3936066530727427,-0.23916020885830966,1.0100227503540258,-0.8882009896801024,0.303922399682849,-0.7434281757355369,-0.40448580473469864,-0.6737362437458941,0.5825024501003839
567,1.0834168888865088,-0.7584082602555466,-0.6644748192069728,-0.4230669732607096,-0.2431085112511535,1.004386103498093,-0.8956031366309364,0.29826115211383963,-0.7388260545433463,-0.3979504072472376,-0.6765026452145211,0.5827639639392839
568,1.0764747366022738,-0.7605738276871672,-0.6667537598256263,-0.4457327856703288,-0.24907073202480345,0.9984379205539835,-0.8960403276991968,0.2914519820311001,-0.7325622254979787,-0.3897271461289831,-0.6766238988596595,0.5799067872767488
569,1.0703885136921438,-0.7618704596033924,-0.6636809589061001,-0.4640045655851632,-0.25361811037055615,0.9931440373506573,-0.8936274287903977,0.2850685408064016,-0.7291963190284733,-0.383047583345367,-0.6757678147179191,0.5740462008345468
570,1.0668008930308839,-0.760934563852409,-0.6562789106521143,-0.4771501179646219,-0.2545887041416036,0.9881918787128174,-0.8922721366811139,0.28069575912259204,-0.729854229180516,-0.37897701276013873,-0.6754421130914533,0.5685863356656778
571,1.0666718067339376,-0.7567373713129785,-0.6459461869724071,-0.4844270828583667,-0.253703368913436,0.9831643000104135,-0.8925361473923666,0.279652129345465,-0.7302691063901634,-0.378135413289517,-0.675603360803122,0.5668597012158424
572,1.0674600364944122,-0.7508329558987656,-0.634897502323523,-0.4885232211938014,-0.2533145261179244,0.9779782580340397,-0.8937408739190009,0.2804158934108981,-0.7263432605353485,-0.37886351996743367,-0.6756407743680443,0.5677243590754255
573,1.0655465401528106,-0.7463305338426952,-0.6258380548174339,-0.49419109043596177,-0.25376274693697426,0.9727519894122845,-0.8948320058455497,0.2797551194898541,-0.7199125026621298,-0.3781298413813196,-0.6753953414412285,0.5673436801951919
574,1.0600427207719936,-0.7452033958630505,-0.6202082349706697,-0.5041862850855036,-0.25343563885358567,0.9675708018139672,-0.8941092246745513,0.2756424848163813,-0.7160190446975514,-0.37402087167283943,-0.6754904853029752,0.5632541000218909
575,1.0543799360883435,-0.7461001859712388,-0.6157956309021897,-0.51544610379635,-0.250824410219466,0.9624174516127656,-0.8903928510664494,0.2695787487656214,-0.7169784249813425,-0.3678889852082154,-0.67674180112018,0.5570429744641623
576,1.0519615811110001,-0.7471245561739256,-0.6099094540358375,-0.5240295133337411,-0.24534156275183008,0.9572578084636447,-0.8881846476433858,0.2636259150734233,-0.7177058179296595,-0.3616218093734152,-0.6810767794251317,0.5509467643787815
577,1.0524317296481571,-0.747344984314662,-0.6033234397860928,-0.5291902775913471,-0.23670810481910995,0.9520859847646614,-0.8951786653430274,0.2584807337024319,-0.7122158822366366,-0.3561570891950021,-0.6910488445951107,0.5457279694512516
578,1.0534162889873864,-0.7467198198278716,-0.6000066997247635,-0.5331287639787221,-0.22584036346933856,0.9469221415682173,-0.9169354606987086,0.2535807630589959,-0.7008556152563408,-0.3515564806749846,-0.7094010092734986,0.540789635544203
579,1.053402429183102,-0.7455249315793686,-0.6035308803630604,-0.5377554065232559,-0.21547680561252272,0.941777379640409,-0.9533139928098192,0.2484477129196786,-0.6896995898205589,-0.34755130984557225,-0.7393562572478168,0.5356168423758246
580,1.0531861701010183,-0.7453557230922213,-0.6150673418005544,-0.5431227865934625,-0.20815915970446933,0.9366162122109153,-1.0033170104657947,0.24321269000474888,-0.6834696118421566,-0.3424915003631746,-0.7842132142696985,0.5303116512677424
581,1.0538405648122857,-0.7481461770419232,-0.6350368909014977,-0.5487457507445079,-0.20341961394504054,0.9313915300660827,-1.0671340522476023,0.23817567970076234,-0.6794584107101309,-0.3343728136450277,-0.8472315819373021,0.525148655910356
582,1.0546743228638353,-0.7537673659565753,-0.6613087110942103,-0.5541866553441677,-0.19925812477690868,0.9261445733144832,-1.1459508798030251,0.23326976919291112,-0.6728103888970643,-0.32336429095966446,-0.931638387874157,0.5201036313763905
583,1.0534552520660014,-0.7591884896361687,-0.6881628190626301,-0.5590747669239555,-0.1943319452569975,0.9210408616451641,-1.240168556130895,0.22791191792835208,-0.6620913461095971,-0.31269210176127166,-1.039816080570871,0.5147319895923602
584,1.0487343570279897,-0.7615668083457245,-0.7101173748286276,-0.5632340530400429,-0.18893472963962696,0.9161876264074966,-1.3468440550657357,0.2217098481364194,-0.6510067836114475,-0.3053374555727405,-1.170688312963801,0.5087296268583005
585,1.042822329909766,-0.7611663514894873,-0.725575529815999,-0.5679396826789203,-0.1835831400578545,0.9111747017794504,-1.461883892040802,0.21602746608242188,-0.6432339421588551,-0.3006502178095333,-1.3220287086254865,0.5031089000344732
586,1.0390425477710223,-0.759685135131406,-0.7347141178297129,-0.575129943812844,-0.17843418194365784,0.9053576095592347,-1.570822962615202,0.21303130441042534,-0.6384976080845032,-0.29630833863000244,-1.4822932002956841,0.4994857780425167
587,1.0386037846661764,-0.7586474631477395,-0.73378027175046,-0.5853850091659847,-0.1733544205314004,0.8989775628870409,-1.646294566304058,0.2132723690943087,-0.634480444780106,-0.29099187507924096,-1.6283471414388488,0.498636681179167
588,1.0397359475070644,-0.7591825281537705,-0.7104427153586887,-0.5963197420161948,-0.16823004976951494,0.8942072692809505,-1.6623952910179556,0.21377416228401536,-0.6295849968896416,-0.285582758953023,-1.7365864048503608,0.49950268658273483
589,1.0406021070217717,-0.7622668692830223,-0.6524742526012725,-0.6052669179431599,-0.16306037202752977,0.8931915666538933,-1.6079452295120233,0.21133199881766065,-0.6240989952599423,-0.28110719266000656,-1.7850642563765269,0.5007900006485706
590,1.0406144703315852,-0.7675264563094694,-0.5641874867644135,-0.6110093617529792,-0.15787334399219363,0.8942917268801333,-1.4777349549883225,0.20590682960904783,-0.6185905270274348,-0.2766400101737817,-1.752635606265419,0.501293636116041
591,1.0397826451227221,-0.7736218903351036,-0.4617173704843576,-0.6133664581032908,-0.15269779402158198,0.8931647102532381,-1.276734038354873,0.19972234570606676,-0.6133261457619026,-0.26986131096122007,-1.6327533270122276,0.49987212538451337
592,1.038651450979219,-0.7793976233496176,-0.35814395572275637,-0.6128630250712765,-0.14756365360122847,0.8873759657760444,-1.0288064825890797,0.19442542555171935,-0.6083112711934557,-0.2595434414183258,-1.4460047748433318,0.49582256966349625
593,1.0389967844933257,-0.7844085266306865,-0.2550596608211723,-0.612393698743982,-0.14248433144100164,0.8813160089449001,-0.7584484985565404,0.18949161375518347,-0.6034592332446721,-0.24835331196662608,-1.2140255660058366,0.4899590186380029
594,1.0425867185263211,-0.7884112337286256,-0.15176000386775967,-0.615238260477585,-0.1373596325419964,0.8806683016997455,-0.4749555966532422,0.18397169278599418,-0.5983051295708282,-0.23970406736640937,-0.93811828213304,0.48342675448314326
595,1.0484220254641612,-0.7924528415064729,-0.0527517631833635,-0.6212062823239207,-0.13204337278667969,0.886083970562172,-0.1784365246926056,0.17815493769556098,-0.592299552657907,-0.23436533075961213,-0.6072996591941483,0.4774370740932413
596,1.0533474758514314,-0.798987174772511,0.03177751281330983,-0.6263244776079263,-0.1266073073032078,0.8927284170486092,0.12412164172795073,0.17368069843298967,-0.586007747704864,-0.23022503489237733,-0.22222608094268304,0.473273236695376
597,1.054980418182047,-0.8096480105639638,0.0930052057916593,-0.6273688964741191,-0.12156088735785119,0.8961541119947956,0.40583199027711725,0.17192141557795015,-0.5815968686881399,-0.2253805513939249,0.18290000673876072,0.47189029740651045
598,1.054215330790723,-0.8210438267486421,0.13142472582566572,-0.6264192960889079,-0.11734286249604514,0.8956596290031443,0.6365987935865676,0.17235962727789397,-0.5808914202988331,-0.2199315539687102,0.5676987408910072,0.47237199848304723
599,1.0527475324890567,-0.828067396391823,0.15077456985077523,-0.6273831984549526,-0.11288399035193697,0.891865243481377,0.7920852242409699,0.17381380488502754,-0.5818516748548684,-0.21467059995409368,0.8867670493866414,0.473155577354914
600,1.0519726763924993,-0.8288749139036549,0.1535057223263396,-0.6319802635932741,-0.10610406517991791,0.8861150902233111,0.853139672441344,0.1749388602948865,-0.5805357261447811,-0.20977477789325516,1.0901790462134797,0.47333110142273743
601,1.0529100807971912,-0.8270718446586303,0.13991470222739852,-0.6382756464110293,-0.095975486658636,0.8809589754095047,0.8083253775802461,0.1741179289533259,-0.5751568881279078,-0.20439280701958096,1.1407879517806212,0.4730792756397724
602,1.056362647828303,-0.8263899668384803,0.11041714097737682,-0.6441665160912579,-0.084986429357262,0.8787672922326576,0.679666440200246,0.1700095399971597,-0.5692186274353364,-0.197826428992306,1.0589533222719225,0.47269393690512107
603,1.0618049887115617,-0.8268617628319265,0.06849097545767009,-0.6492429185037462,-0.07625859843652331,0.8791297259782406,0.4984147002929838,0.1641223526858036,-0.5667588559929914,-0.1917491084172718,0.8811102892472296,0.47255985705808323
604,1.0681511555978467,-0.8264844294230078,0.019297753404152976,-0.6540274848734642,-0.07072464745551764,0.8801050347450612,0.2931885686346591,0.15953317090119287,-0.5675043335027549,-0.18913644222938633,0.6481267688484531,0.4731106722586452
605,1.0742663415230151,-0.8247246316961917,-0.03381445656039051,-0.6589581058960114,-0.0670129140026934,0.8803490943632809,0.08909090308164838,0.15821349323325823,-0.5676073487172951,-0.19067129724934762,0.40678667947812275,0.4741703374975224
606,1.0789195922997605,-0.8249408981351676,-0.09227799681832949,-0.6642260310233945,-0.06359100954993675,0.8801184121436246,-0.09122161649351,0.15920642027583026,-0.5640734652633114,-0.19101531471739158,0.1994304385988679,0.47396974913861617
607,1.0809857340014664,-0.830861987586666,-0.15798195741335297,-0.669944178562113,-0.058645754447714644,0.8799090816301254,-0.24062945639602695,0.16106499486375286,-0.5580523682052555,-0.18429035198912158,0.03413270554421706,0.47063189566105273
608,1.0808532579124368,-0.8417661593241674,-0.2273833137520909,-0.6755571577075052,-0.05029923513782487,0.8798992336714412,-0.3587185031827642,0.1620280142503291,-0.5517854518010961,-0.17207555138832945,-0.09577745264687486,0.4648573403844608
609,1.0799617914341757,-0.8531667300739367,-0.29234369207153993,-0.6799442151903394,-0.03893841506032379,0.8799980155424661,-0.44761257066067367,0.1600684366429872,-0.5464154383034439,-0.16225861655902313,-0.19681390866362966,0.45952717064064275
610,1.0794916852947516,-0.8612630056146079,-0.3463685342120222,-0.6821072688069032,-0.02870271455503455,0.8801032754442457,-0.514461458736145,0.1542527944017502,-0.5415740930847693,-0.16050812308975587,-0.2750613637274807,0.45707007915056136
611,1.0796506894633189,-0.8656364234568952,-0.39048150857449154,-0.6816387505825982,-0.023664813250563983,0.8801009935972385,-0.5667430333166285,0.14827953768007246,-0.5367932134988926,-0.16232925159276107,-0.3363746001872086,0.45772436614360607
612,1.0804129550622887,-0.866781509383235,-0.4276589559370436,-0.6783123911350881,-0.023891352114068728,0.8798814989491232,-0.6087587307899283,0.14697047496315882,-0.531682191059707,-0.16070526171131908,-0.38450891763086853,0.461139125925461
613,1.0810996669438555,-0.8661324173640933,-0.460021003651124,-0.6729020136108111,-0.02722649416355441,0.8796204810011982,-0.6427450341449936,0.15157512987959146,-0.5258893905600361,-0.1542778233169194,-0.4218547103082201,0.46643683755334403
614,1.0803004021151705,-0.8663346541091732,-0.48858394779201914,-0.6674707478805691,-0.031924032812963916,0.8798615127582385,-0.6698935880632054,0.15873767148254128,-0.5196771387138556,-0.14898337732583483,-0.4500003782921224,0.4720610770583003
615,1.0768521168738947,-0.8696701029851316,-0.514007534944046,-0.6640576691950729,-0.03739546278269629,0.8809201882364943,-0.6882942372301585,0.1651756312135299,-0.5147359878338272,-0.1498046994451293,-0.4681419570911711,0.476746550285224
616,1.0713140559018837,-0.8753668750157882,-0.5349992946707854,-0.663949948549267,-0.043230723069153425,0.8813755763529751,-0.695675883370798,0.1702058623236892,-0.5128070777685891,-0.15184289235582127,-0.47521359328987317,0.48154060861145465
617,1.0648870008570492,-0.8813746462021977,-0.5494568114930566,-0.6681127699371998,-0.048785202232142284,0.8790889091894081,-0.6947969309967205,0.17424300370065715,-0.5132469056006987,-0.1460871347180043,-0.47438524785697395,0.4884550427387564
618,1.0587854531155898,-0.8865453006655984,-0.5568190788210581,-0.6767852086127104,-0.05320882968863834,0.8736372788707084,-0.693272475976555,0.1781968368491505,-0.5135192159874225,-0.12972819505243008,-0.4729171554885778,0.4983278234657076
619,1.0542469056084676,-0.8915321304010239,-0.559593259654969,-0.688765890375641,-0.05634544364396686,0.8680119200430254,-0.6971072705359218,0.18395332730979866,-0.5120787882753259,-0.11230699085237629,-0.47656626533431445,0.5096580313491395
620,1.052362688425307,-0.897091895656869,-0.560508195471396,-0.7025184716164569,-0.061154756659063184,0.8653419777237278,-0.7035936841526519,0.1932359953056184,-0.5116583541581355,-0.10397439675503362,-0.4830435191054356,0.5207717819526902
621,1.0525926902443334,-0.9026853841237118,-0.560624488823622,-0.7145512699221511,-0.0713803379666563,0.8656102313064623,-0.7074791313566595,0.20447436694769092,-0.5160122007352211,-0.10481733450547824,-0.4876927358871679,0.5312197248334419
622,1.053388385196023,-0.906925016329379,-0.5599106931922045,-0.7200933984453757,-0.08715283503291776,0.8667396958138734,-0.7072007961093886,0.21394198451085134,-0.5258932616728187,-0.10833436137723516,-0.48844148438940976,0.5413542298348958
623,1.0536143771458295,-0.9087214961300893,-0.5587443922873442,-0.7167401116032415,-0.10364082996913904,0.8671456651311017,-0.7064832707450122,0.21945183523968745,-0.5381040579180182,-0.10957423238933366,-0.486919990493734,0.5515301788520868
624,1.0534401478790152,-0.9079701429949782,-0.5588494661669519,-0.7095999246985034,-0.11633863353808484,0.8669043887364035,-0.7089731524853743,0.22377732625112856,-0.5495376322208693,-0.10882165967631416,-0.485034098576411,0.56206663613142
625,1.0532720396710646,-0.9047794017266321,-0.5621048147478792,-0.7050571603507627,-0.12592543332432526,0.8664200343767446,-0.7145807225015672,0.2305469435389905,-0.5597603047207704,-0.10738953402943384,-0.4846131813138419,0.5732355059655008
626,1.0532660750982952,-0.8997178209500848,-0.5678814087431027,-0.7049460327513872,-0.13544241670233273,0.8661460193378704,-0.7214832528381556,0.24067863739219808,-0.5695415996794145,-0.10661850720645125,-0.4874413335639577,0.5843855935910204
627,1.05332795703786,-0.8938140531128159,-0.5730422896617245,-0.7065506476635094,-0.14636645402697526,0.8665850104443052,-0.7279494910598894,0.25237982239478757,-0.5795397455923055,-0.10787699193162559,-0.4935190008645912,0.5939426051887604
628,1.0533660964335088,-0.8880291209473498,-0.5749802874761645,-0.7073888012973909,-0.1567256089965717,0.8678627828555174,-0.7324658641351524,0.2638891130614263,-0.5901529315508584,-0.1120887855121976,-0.4990027847012649,0.6006861615774713
629,1.05336049140328,-0.8828772490091514,-0.5743452651127114,-0.7071783766260036,-0.1642695796167126,0.8681726336023199,-0.7337442948746705,0.27420504340831653,-0.6016486954620357,-0.11790468479776263,-0.49999896591749887,0.6054049221274513
630,1.0533150922667898,-0.8787117683753026,-0.5728190216798372,-0.7063419813645581,-0.169198437655732,0.865138598750872,-0.7330535776020356,0.28257454815376,-0.6128912184495643,-0.1232806428862324,-0.4984413396665487,0.609520962803696
631,1.053265413924092,-0.8747977323579963,-0.5718866547208747,-0.7056114785886203,-0.17349638725504984,0.8589826700114155,-0.7334468653809091,0.2886389913965734,-0.6216784719690596,-0.127770419905356,-0.5003304829966299,0.6141554181875211
632,1.0532980023400225,-0.8687380771408187,-0.5727321680946079,-0.7061906363183357,-0.17862076140468366,0.8538952788642483,-0.737097485402926,0.2926420251946484,-0.6268324411668508,-0.13336868337146632,-0.5093902393106027,0.6199693676522355
633,1.0534747314926425,-0.8585520993762038,-0.5763090144761764,-0.7091791299398077,-0.18398702039979334,0.853948161483484,-0.7431322342425395,0.29482632020772614,-0.631274124660829,-0.14196983362057417,-0.5214982987779901,0.6272552852294759
634,1.0535809047527909,-0.8469714265283796,-0.5818333461877969,-0.71445828151441,-0.18859962613230863,0.8593747027547871,-0.7500408070407487,0.2949962343145371,-0.6388297184982286,-0.15287654491799046,-0.53106554909123,0.6335128172941776
635,1.0532505371444674,-0.8390909825286211,-0.5876492455114503,-0.7212941199225451,-0.1928906234990966,0.8684757953815054,-0.7561971025221252,0.29273719243583746,-0.6498994218539658,-0.16408996047809982,-0.5364705461395858,0.634844830832034
636,1.052539543699999,-0.8375792415830452,-0.5927682583018371,-0.728353048676087,-0.1989217741984833,0.8793727575973549,-0.7598551027115199,0.28811494266063964,-0.6605670856320416,-0.1744443589182125,-0.5402006920999349,0.6299009111641114
637,1.0526409384330335,-0.8392969084003685,-0.5978035310416507,-0.7328879152119521,-0.2082985716588553,0.8897951563521219,-0.7599670744241223,0.2823404033133221,-0.6673426288929113,-0.1847770018270102,-0.5445690204275714,0.6234067055675873
638,1.054761526333367,-0.8404554885735679,-0.6035099091304132,-0.7321657913075886,-0.21932611439425165,0.8975589750447747,-0.7591629003310802,0.2767265247595506,-0.6716778698901409,-0.1960873626345227,-0.5499841974005062,0.6206168148539054
639,1.05679903327124,-0.8402113127811627,-0.6092651334557753,-0.7267773666977992,-0.2290856195823148,0.9026496096099627,-0.7612189248106088,0.27161242803137076,-0.6771325219265474,-0.2074256733676824,-0.5562247036695075,0.6214310520293279
640,1.053697803650049,-0.8400049565074408,-0.6133787522171799,-0.719891398388839,-0.23574207988708815,0.9067352287851314,-0.7669275075396047,0.26658185299828796,-0.6845962766649055,-0.21633017983303074,-0.5624659191815627,0.6215956233303911
641,1.0424889931693162,-0.840720764681665,-0.6146734888006522,-0.714058165658645,-0.23941723284995742,0.9112516995632052,-0.7724886596823779,0.2613393238765073,-0.6892809462298016,-0.22146554325302578,-0.5669557705705471,0.617932860255541
642,1.030316090423367,-0.840898253239288,-0.6140318854780347,-0.70921690726829,-0.24050934453325834,0.9165830177676604,-0.7742808387951845,0.2561243719885162,-0.6862633360447076,-0.22593477583536278,-0.5682022729837776,0.6117751160721676
643,1.0271011041119114,-0.838573447626984,-0.6128197665356195,-0.7046880810663025,-0.24017826364269193,0.9228300566156152,-0.7734647319481327,0.2512845035350471,-0.6787227134269923,-0.23377448428691952,-0.5675604504303516,0.6054870150758177
644,1.0359413465998668,-0.8335073304167653,-0.6121885261535527,-0.6998681677582861,-0.24004277427630588,0.9290502545803481,-0.7735865266094271,0.24655454902461468,-0.6757299834956699,-0.2451397630741896,-0.5678054180702039,0.6001421524992507
645,1.0501062288922196,-0.8274999381247438,-0.6130360829053998,-0.6942435138814583,-0.24086844657453868,0.9330676167363647,-0.7770388547208735,0.24094510137842567,-0.6833751795059282,-0.25559741126399294,-0.5710073434840699,0.5952880114975726
646,1.0627872590266916,-0.8221649480467115,-0.6161274579288651,-0.6876419677355825,-0.24090815091984039,0.9333074119951694,-0.7834928948266637,0.23392449684194294,-0.6961909032082975,-0.2614814827148002,-0.5775739396426329,0.5904150311712436
647,1.0727653275283018,-0.8172290933440773,-0.6214938081791179,-0.6819783205571771,-0.23806955921787273,0.9323678577500187,-0.7922343547049588,0.22806099833059643,-0.7061992124723737,-0.26553093827694846,-0.5875391005821181,0.5852064231736366
648,1.0815469190746068,-0.8117069498989514,-0.6288864689346634,-0.6799376415999361,-0.2326025615402423,0.9344129216965553,-0.8025509691436213,0.2270810437717562,-0.7110603609271587,-0.27289708105300037,-0.5989501039601559,0.5794253066828494
649,1.0906216758818468,-0.8056290877568821,-0.6381786005357616,-0.6814174179735748,-0.22698210584680945,0.9404804137469347,-0.8137319885435622,0.2319132056709825,-0.7152348029958676,-0.28480790387444443,-0.6083659449520642,0.5734165094178183
650,1.1013957821739422,-0.80087264938867,-0.6494654983661647,-0.6812530667926957,-0.22358687859976437,0.9459286514744663,-0.8249898042652811,0.2384038915410205,-0.7229251673417644,-0.2953620178341184,-0.6137358492201985,0.5685803161936677
651,1.114821642546881,-0.7992473545034392,-0.6625872086305016,-0.6744039487518277,-0.22389578605640373,0.9462238785892237,-0.8352598860322584,0.2421819336388758,-0.7339012114065809,-0.29868095326394667,-0.6181452407811248,0.5662836703960372
652,1.1248939911158635,-0.7997967640129533,-0.6744473440871764,-0.6627709494011873,-0.22911824281033955,0.9442925086884661,-0.8434422947575044,0.24224206114820535,-0.7461070609658197,-0.297065040156272,-0.6257019383243784,0.5663671840393527
653,1.1200673487041106,-0.7999084863105456,-0.6801924774178979,-0.6524117680564012,-0.240716870597849,0.9475279377260025,-0.8491905493144638,0.2395957847397583,-0.7563023430256677,-0.29771284548173277,-0.6367781768434034,0.5677566692996066
654,1.091230443273306,-0.7984271260856318,-0.6773095170142677,-0.6469378638525474,-0.260531986777264,0.960307355978715,-0.8529949876522739,0.23516639058952823,-0.7588598355939882,-0.30541142263145865,-0.6475973099608032,0.5691826345600377
655,1.039752776007763,-0.798421714044645,-0.6700360569402533,-0.6428148377792233,-0.29033833880260634,0.9782225845632184,-0.8552116052194493,0.22954728195553092,-0.7482313286436962,-0.31787246744705155,-0.6548848128533468,0.5688532657441503
656,0.9695132689323666,-0.8034125336626348,-0.6635965525415275,-0.6354577328087454,-0.33110430559278825,0.9954022606106111,-0.8551870969939949,0.22329713787559788,-0.7236107040335361,-0.3315785247167515,-0.659440517191556,0.5650303037862185
657,0.8789563427409567,-0.8110257677062113,-0.659055269168742,-0.6245680154791441,-0.38338799621927006,1.007849507750974,-0.8519350500293094,0.21744507193465903,-0.6874914053192444,-0.3435172319025767,-0.6634867140018275,0.5588680312274426
658,0.7595510538500281,-0.8134806396564666,-0.6536601176452415,-0.6137793073503567,-0.4452533926723117,1.0132870117125887,-0.8460671875401103,0.2134517513283652,-0.6402651390705731,-0.35113957374505056,-0.6683829960398615,0.5541742065969594
659,0.6051529746776352,-0.8039707058996908,-0.6451480763235306,-0.606181832917338,-0.5088171407628393,1.0092726445934999,-0.8408379677782662,0.212323903035059,-0.5746646528835679,-0.35288812153801186,-0.6740600786896045,0.5536725447380704
660,0.4297653052912244,-0.7811085844579152,-0.6341645491909592,-0.6016869443542353,-0.5653805632210319,0.9923100980980059,-0.8392794064243386,0.21290015719336308,-0.4821485737531759,-0.35170122831786943,-0.6802343182239434,0.5546319253983849
661,0.2560673705299287,-0.7450498232335613,-0.622194283029177,-0.5993004973982655,-0.6070760126264654,0.9586214769925534,-0.8401051680904164,0.2134182845941549,-0.36675699783277005,-0.35173406601641916,-0.6858837773106071,0.5528191894339579
662,0.1029908269809984,-0.6950778914164633,-0.6107736122888664,-0.5985214697573169,-0.6266925048095658,0.9054560682326268,-0.8397095066674135,0.21322478473372186,-0.24705795558601876,-0.35349710426714187,-0.6895910883283564,0.5472386475675401
663,-0.01846878431336233,-0.6292560233896737,-0.6015109326119857,-0.5995388323112166,-0.6175566571551574,0.8315002176657079,-0.8358214064456123,0.21321734083338312,-0.14007867031199933,-0.3524017357171113,-0.6905947441293244,0.5414240088952713
664,-0.09828045889352832,-0.5459949379965151,-0.5956155567113975,-0.602576707763435,-0.5750482317406396,0.7363594454167596,-0.8295723214042563,0.21413835283257035,-0.04794553730265573,-0.3444020233841733,-0.6897871721643934,0.5387827009910553
665,-0.12594143228441657,-0.44703749939409937,-0.5912229142053639,-0.6077355097660784,-0.49533597018652614,0.6258110075708638,-0.8226195283617201,0.21467134445255504,0.033005988510661166,-0.33246488146314845,-0.6883301725780635,0.5391965988596991
666,-0.0906144643582843,-0.33567789879235366,-0.5850654193875275,-0.6150581296460836,-0.38445848144571015,0.5084590320963159,-0.816638941213423,0.2125632033831716,0.10231877431536292,-0.32275173705751153,-0.6876147492156471,0.5409287935139814
667,0.010829607740114888,-0.21914298923163447,-0.5754588501632397,-0.6244548497658431,-0.26067638765676776,0.3915663741889063,-0.8133214557315168,0.20719655147766772,0.1515389592066693,-0.31662939303994736,-0.6892161628433097,0.542274042739407
668,0.15409556822960735,-0.11315676829016227,-0.5641631621839491,-0.6355494889141852,-0.14226860499203586,0.2794596748825292,-0.8134310570063783,0.20150627244213976,0.17201680647873432,-0.3050472397350422,-0.6939799310825792,0.5416140840270841
669,0.3091205770325788,-0.034207005195186074,-0.5532586861391424,-0.647818717796842,-0.042572389133592875,0.1766471975768416,-0.8141130354794026,0.1986655445697806,0.163818080406619,-0.2783249726566506,-0.6998835823035953,0.5375531452670699
670,0.4554536103387289,0.005835174564471549,-0.5430981386472187,-0.6592788589600755,0.027146834414552203,0.09516332935448812,-0.8117333046659612,0.19883928188968913,0.1328109928138425,-0.2365245962518293,-0.7042394601119687,0.531505777907198
671,0.5836492428029092,-0.0016189169571658318,-0.5328061167152885,-0.6669081973143784,0.06189977940342522,0.05239217412951173,-0.8059854546160252,0.20005385534050868,0.0854931350444499,-0.18663382330802317,-0.7054657080758074,0.5268842746660194
672,0.68593786164392,-0.06081379750369878,-0.5219237019994336,-0.6688808918761385,0.06899645265908433,0.0598759891804185,-0.8005273005339152,0.20068337601250594,0.03012426620465023,-0.13455658608089965,-0.7032977973283917,0.5259430745114266
673,0.7611734833611007,-0.16125511527505093,-0.511518670876453,-0.6675714818190822,0.05717678511545991,0.10861762421791646,-0.7985813544388276,0.2004586522874638,-0.024863870979519233,-0.08194928140168108,-0.6979330891976983,0.5267966528064177
674,0.810785539288919,-0.2892619042672256,-0.5029631238544848,-0.666189760172022,0.035176613726110736,0.18524831211046106,-0.7992612518440309,0.19943546399649736,-0.07653052271673565,-0.02961032734926198,-0.6919398645917031,0.5267659781005698
675,0.8413189998319708,-0.4308355006998261,-0.4969737066341066,-0.6660879126783626,0.011728346908471365,0.27780348591683,-0.8001312639311619,0.19854468874870249,-0.12800570663508185,0.020140158323625302,-0.6887595797057902,0.5257976067863014
676,0.8688302293049815,-0.5716327832031399,-0.493556400883317,-0.6666040507789517,-0.006659316506773678,0.37584105523925054,-0.799994248178056,0.19966601177290225,-0.1823065991042903,0.06333218480799926,-0.6892515990087749,0.5266848374307163
677,0.9087941204201156,-0.6974894084416201,-0.4925356723310886,-0.6670378896977179,-0.02059882923038147,0.4690042504907354,-0.7998599204229084,0.20414181417484115,-0.2398775461025832,0.09616232687111458,-0.6896827864234014,0.5315239138769011
678,0.9583792263577839,-0.7953394885441413,-0.49291826672089917,-0.6670391574809018,-0.032097166248105616,0.546987182230125,-0.8007451579992284,0.21003740489384345,-0.3001862943247029,0.11622349372028588,-0.6863225876795228,0.5377062531227211
679,1.003183176942855,-0.8526739851384353,-0.49343485836734674,-0.6663886846726944,-0.042480679874185835,0.5996437600486979,-0.8014520741865063,0.21429747187639706,-0.3609019783717862,0.12161518691649088,-0.6802254261595093,0.5410286007208582
680,1.0326484113730705,-0.8696635899003915,-0.49343970746918187,-0.6655403783055408,-0.052374577341380305,0.6271540608463566,-0.7995039222528789,0.21533053789662937,-0.4163732358481602,0.11192835204564056,-0.6752119752111345,0.540419949030058
681,1.0487968323786967,-0.8675214569082343,-0.4933224484759033,-0.6660649686512442,-0.061758916889190295,0.6468352978286392,-0.7939824817093132,0.21397640819309277,-0.460963950351318,0.08922829578612085,-0.6737958188187168,0.5400102840518858
682,1.0561279367167187,-0.8675962817604976,-0.49349605118465567,-0.6694142671751852,-0.06732523740658711,0.6757917102804927,-0.7882318395132882,0.21115858903212065,-0.49331136267468023,0.056107281012299864,-0.6748600015993853,0.543815996073057
683,1.0598170435645329,-0.8738785992419151,-0.49367599696104064,-0.6749337900278268,-0.0647316093191245,0.7139524769659121,-0.7860680836818322,0.20643433465033206,-0.5147744561583691,0.017918215420173002,-0.6766797409736031,0.550180922859626
684,1.0657300851672646,-0.8808532392758465,-0.4931971133121839,-0.6808164486193536,-0.054015756035044604,0.7518442582299232,-0.7869771094145726,0.19861000802075715,-0.527505952511716,-0.01847782219402978,-0.6775422293186303,0.5543411046476884
685,1.078429712540946,-0.8852867430057696,-0.4921044500882275,-0.6859337686341525,-0.042312910669368056,0.7836328598553832,-0.7867105169336754,0.1853917524475475,-0.5360580452519823,-0.048296185839378676,-0.6757449860393916,0.5516222859354312
686,1.0952697420661004,-0.8901201066225143,-0.49229642775128823,-0.6909491344243159,-0.036666095282190114,0.8131787707102979,-0.7822253085416133,0.16165025441497724,-0.5453154090153618,-0.07218132145124086,-0.6704506726724283,0.537665637616006
687,1.1112087249370317,-0.8989994725084909,-0.49579737421756176,-0.6967242076710634,-0.037247042807305786,0.8455067837352733,-0.7760937545360613,0.12183800469474558,-0.5564235259334097,-0.09162617871084992,-0.6644792422691473,0.5082459054450593
688,1.1232103217092144,-0.9107027901444514,-0.5016977928146639,-0.7025986679762858,-0.04049961428032628,0.8789791039664144,-0.7722991941356581,0.06102249059216976,-0.56656954070543,-0.10776659598368352,-0.6615308874584896,0.46056427423281443
689,1.1315574135125182,-0.919911933115347,-0.5066196798856782,-0.7066316059769517,-0.0430619057852897,0.9063520645545969,-0.772085072767251,-0.025211345234236973,-0.5733614931084516,-0.1214379397594874,-0.6620663761707992,0.39302212827754124
690,1.1369737075096398,-0.9226702091095799,-0.5080284993717442,-0.7075279992290409,-0.042175103140183356,0.9222906040702029,-0.7731930359635103,-0.13909072645613887,-0.5779057937821321,-0.1333185358515996,-0.6624062427215403,0.30448552598406026
691,1.1414392589584896,-0.9212413455603087,-0.5072345293953093,-0.7068576400212343,-0.03540019169966209,0.9301623564004171,-0.773489497278925,-0.2737707844472226,-0.5825356150540336,-0.14346980025993814,-0.6592192896938259,0.19560542812449624
692,1.147638721790117,-0.9194612862303234,-0.5065135635861139,-0.7068834569104616,-0.024238122478391955,0.9355316525219513,-0.7732061870921632,-0.4199840262784908,-0.5881931880674711,-0.1517884565684022,-0.6533156199347306,0.06766315437913399
693,1.1571108154442638,-0.9192088966575869,-0.5066951871861911,-0.7077984527354971,-0.013567185190066614,0.941114641954595,-0.7735364964649869,-0.5664218516616525,-0.5933615835123169,-0.15803424569706623,-0.6471955192485787,-0.07185410524112655
694,1.1682209279539155,-0.9198536642180486,-0.5067546485631163,-0.707141562001579,-0.00708546656291823,0.9459755181571612,-0.7745467025939301,-0.6991585545484708,-0.5963737287748818,-0.161791269542946,-0.6421259209478795,-0.20750197513547394
695,1.1787677558593952,-0.9206087623083612,-0.5058647688595249,-0.702856912698656,-0.0028989257080645576,0.9489611876959427,-0.7741421604368942,-0.8037146361778874,-0.5966490890579975,-0.16284097170436646,-0.6370054188724726,-0.32294302283108334
696,1.1860428518640065,-0.9207428842700323,-0.5053803693264359,-0.6968487764286669,0.0023300736196213393,0.9490691109480923,-0.7702891655103796,-0.8629962891970212,-0.5942690809381893,-0.1623929923703872,-0.630692713214259,-0.3992983841650695
697,1.18687521912686,-0.9195584252253295,-0.5075559013930849,-0.6926642947412237,0.008919743261485426,0.9453739281149703,-0.7643234906349206,-0.8588558733587305,-0.5896087838966598,-0.16224516906244546,-0.6245590893555658,-0.4166886702881129
698,1.1793274373346725,-0.9177062005507685,-0.5129216018751014,-0.6920243496960055,0.013131019773937196,0.9387768504845979,-0.7596751638700387,-0.778307058951564,-0.5839093135398822,-0.1629840259610133,-0.6215366275995083,-0.36333388822250623
699,1.1673813006270957,-0.9185007215141792,-0.518595367517329,-0.6930309237353152,0.011579126183374878,0.9337871233523707,-0.7585487597955366,-0.6185671659221577,-0.5785259035339432,-0.16279910679449328,-0.6226370567829247,-0.24346178054039763
700,1.156716473667396,-0.9251742949827794,-0.5215297245944366,-0.6935263819169688,0.005586410624547341,0.9348627626183863,-0.7594696774693127,-0.37999934806024616,-0.5736302180197028,-0.15978992874530762,-0.623182508716989,-0.06403957808594374
701,1.1502994411510092,-0.9363139229843451,-0.5214417978274245,-0.6932934486096598,-0.0014288488585224867,0.9408772987820649,-0.7603575551471639,-0.08591020063780672,-0.5681941945245993,-0.15430565889343692,-0.6177415176422871,0.1578187598524652
702,1.1471023167428915,-0.947482414584877,-0.5198488151293192,-0.6933779706582888,-0.007178130769417251,0.9470685853575159,-0.7604129907570774,0.22545563471135216,-0.5616195535376575,-0.14816003135174904,-0.6065391243048388,0.39839233984669553
703,1.1458513400897379,-0.9552157034180199,-0.5183405010282747,-0.6942106139867551,-0.011808786021037751,0.9497156261409211,-0.7600214100603526,0.5175754138504942,-0.5559366563257713,-0.14268823509310552,-0.5950323736210091,0.6334006720786851
704,1.145894122833065,-0.9592539658188112,-0.5186371092589555,-0.6942310641323094,-0.015828781255013254,0.9485470278741984,-0.7596119713070848,0.7601082124765246,-0.5540459296109853,-0.13765094398977984,-0.587669647257339,0.8371664492085894
705,1.1468870525619381,-0.9600181515488411,-0.5223657685336128,-0.6916739017109442,-0.020372608207163172,0.944023246256276,-0.7596099809874343,0.9247589724268369,-0.5573613489696017,-0.1325207564057593,-0.5833735467590558,0.9843920906317178
706,1.1480801286778857,-0.959209965166851,-0.528452847469312,-0.6889412835163004,-0.027021008938357818,0.93795956194126,-0.7604164264650142,1.0023881822097493,-0.5647859325894397,-0.1271988922103872,-0.5795106994190615,1.064631155122733
707,1.1477313644047156,-0.9598049814922024,-0.53313847218458,-0.6925805402374192,-0.03664748429547949,0.9335187978470679,-0.7614092859843677,1.0029089087696839,-0.574930727694402,-0.12201288877729631,-0.5746097984358054,1.0822085104015258
708,1.14411894089724,-0.9640242318473349,-0.5336323388283193,-0.7082214166071134,-0.047608204400555625,0.9329835122299611,-0.760563380655259,0.9399263688590108,-0.5858993217641847,-0.11715432990405038,-0.5687936016602735,1.0453108716511523
709,1.138254446857296,-0.9699878784445471,-0.532642582208203,-0.7359403269135207,-0.05778310167863756,0.9338823439100844,-0.7562307573372536,0.8415959838819239,-0.5955004119322614,-0.11203297396639332,-0.5624276123227049,0.9784689312160971
710,1.1333739334810895,-0.9745437799065252,-0.5345548527002549,-0.7741008612880479,-0.06720644903398876,0.9322903839295935,-0.7502560437517458,0.7404402087832754,-0.6022292970882006,-0.10583692340506148,-0.5568056872997128,0.9111429204780138
711,1.131908327943568,-0.9758679944465972,-0.540360064336891,-0.8234399482788806,-0.07831923562663637,0.9270371621573912,-0.7460202573470153,0.6559002207261656,-0.6065843159221362,-0.09919613279420135,-0.5536249443529144,0.8594710108976104
712,1.1326771814192762,-0.9741548537280335,-0.5458915636945221,-0.8883006076573291,-0.0930251825081938,0.9211370366148337,-0.7452543366887171,0.5875442560875321,-0.6094814491063753,-0.09493085101994461,-0.55337138356146,0.8193523564753142
713,1.1335907490581127,-0.9698672009798495,-0.5472276374883351,-0.9727723581396668,-0.10931008035445101,0.9176953333789332,-0.7462779326638034,0.5333505191195264,-0.6130662413097593,-0.09569706576388072,-0.5540338738621228,0.7856307463373642
714,1.13366802183765,-0.9643057408613697,-0.546136151540468,-1.0762749834211225,-0.1237487937948625,0.917637380933915,-0.7471030192199333,0.49191034776710585,-0.6206776646130039,-0.10122790460999083,-0.5535327934598099,0.7585173333716494
715,1.1333825070351922,-0.9591863100009257,-0.547223409432426,-1.1958784215909686,-0.13475008001043826,0.9207950874839362,-0.7471149630320236,0.4621202666415061,-0.6346145414921782,-0.10979466618223149,-0.5527050463540625,0.7409009180942696
716,1.1332417566754822,-0.9550613498191245,-0.5526149118114949,-1.3250610821512996,-0.14395745135957758,0.9263189540477336,-0.7466166243088516,0.4424155601434359,-0.651542854589267,-0.11992244253026041,-0.5543352687109113,0.7333182369260491
717,1.1332833940753533,-0.949727965729079,-0.5585263981055734,-1.4488591807814934,-0.15324150036512485,0.931769159013874,-0.7460325339873,0.4301366594278977,-0.6663586876756996,-0.13076150263616523,-0.559775117399911,0.7307031834971112
718,1.1333378016791218,-0.9408230756198104,-0.5606518729269176,-1.551426108272741,-0.1634170796225144,0.9346272846915439,-0.7461194122727574,0.4225097776580744,-0.6770083060074662,-0.1415817444589293,-0.5657258993041742,0.7274528762465804
719,1.1333168762312706,-0.9295489619852676,-0.5596579717978555,-1.6219543177742304,-0.17467515243176893,0.934640847076447,-0.7477049443004313,0.417418748611228,-0.6863641110809581,-0.15209434356439908,-0.5681567307728499,0.7220462640825374
720,1.133309527192034,-0.919858497739044,-0.5600475942907278,-1.6535237855826788,-0.1865356122880879,0.9333054790228049,-0.7517385080806381,0.41325474728293954,-0.6973194437322924,-0.1623509118333454,-0.5672556169725659,0.716111334152976
721,1.1334119826686877,-0.9143297875991601,-0.5648265523020404,-1.6391516476063512,-0.1966264918475462,0.932095150922484,-0.7592901966122209,0.4086837530937682,-0.7086771082067999,-0.17249243181836937,-0.5673955501921559,0.7108868149369125
722,1.1335066075976108,-0.9100711336907522,-0.5709619466290997,-1.5712371535019045,-0.20245459643274746,0.9322309360142306,-0.7706100781110173,0.4033617334578329,-0.71696573686153,-0.18296468932928278,-0.5719240939045083,0.7058309059191538
723,1.1333205855036008,-0.9030039079878134,-0.574110650594826,-1.4422150867937804,-0.20585859090231542,0.9348364094068521,-0.7818469072822247,0.3972087724995457,-0.720940346948748,-0.19424842392905817,-0.5782010664719299,0.7000243130032404
724,1.132809586764644,-0.8923860711767723,-0.5736179963470119,-1.2502204678380766,-0.2127043209993853,0.9398517745923309,-0.787954315786787,0.3910881055797087,-0.7255794913238874,-0.20565961930160745,-0.5817912445262485,0.6939124314221627
725,1.132774539023541,-0.8813984569512142,-0.5731658875467969,-1.0000901634359853,-0.2271285987140808,0.9458259288594684,-0.7879049965697912,0.38697184387384737,-0.7366133405390651,-0.21514483970528903,-0.5814930387118771,0.6895451403279801
726,1.1341423188074724,-0.8730753970686501,-0.5760667091427841,-0.6990289035649451,-0.24430719459777422,0.9514211604536331,-0.7865904307236333,0.3863268802685355,-0.7534000165561315,-0.22114204701733142,-0.580867340079438,0.6885359219686068
727,1.1357723081845688,-0.8681635599071875,-0.5818241467079611,-0.3664757265033353,-0.2568489317346604,0.9564898786516842,-0.7887773833129563,0.38711378970847454,-0.7693755637541536,-0.22560225380719579,-0.583408947820747,0.6892413681375822
728,1.1341046425123693,-0.8665287212233554,-0.5884957481736749,-0.026593790981311777,-0.262343397319457,0.9613376520528025,-0.7944673909605098,0.38597763283755077,-0.7790136736727299,-0.2317968540975979,-0.589050862787577,0.6887880246379724
729,1.1262869836444125,-0.8671114705036455,-0.5945228428500642,0.2902684233102414,-0.265646718409318,0.9662704138442673,-0.8013886021408732,0.3814045460668262,-0.782995482077159,-0.24137292200554894,-0.5960256769732951,0.6852491555917468
730,1.114822769315233,-0.8671857859655818,-0.5990444964787272,0.5426162118730323,-0.27139695990599244,0.9715931540736221,-0.8076496008406874,0.37520798294246155,-0.7838973390828164,-0.25304138599671927,-0.6026125420112244,0.6784109546953441
731,1.1042918127934584,-0.8641500810462435,-0.6013423475586354,0.690928821981132,-0.27777685746218256,0.9775077558196544,-0.812234128523569,0.36939410265505657,-0.7837347716141561,-0.2652037499921421,-0.6072172463070921,0.6684113063136395
732,1.0975159600814113,-0.85853335005381,-0.6014234441695014,0.7285641487555864,-0.27983595766537234,0.9831387362842591,-0.814329621656296,0.36433285030746787,-0.7836564629053817,-0.27624765226466885,-0.6084644002765287,0.6571865041931992
733,1.0939610003075118,-0.85272890268582,-0.5997279306519936,0.6684793856726895,-0.27539114594737285,0.9869693084316737,-0.8142838758723335,0.35941940388055527,-0.7845139263098617,-0.28455375496590485,-0.6076994424015499,0.6477430433274646
734,1.0927140501022148,-0.8481085890760612,-0.5974431554233314,0.5303026904776257,-0.26876213897285106,0.9880894101729816,-0.8132769491825879,0.354249717210549,-0.7851385656657998,-0.28965081517046715,-0.6082192062628011,0.6418018355999627
735,1.092834950558474,-0.8430745185550864,-0.5978609331348403,0.35185602240770436,-0.26493099313102497,0.9873353252306948,-0.8124279542355045,0.34902646330785986,-0.7832896258385418,-0.2943265638925732,-0.6122734112515388,0.6373943896136339
736,1.09336598972613,-0.8355956931407061,-0.6044026125138494,0.17322748297852505,-0.2649202258556599,0.9858628394225978,-0.8125847838032105,0.34403547674313995,-0.7780840910103396,-0.30179606671142994,-0.6183758397672925,0.6320388089147324
737,1.0935770785549712,-0.8254096080218558,-0.6157581505961851,0.01607744720494382,-0.26669098281021,0.9850586996246874,-0.8145289131915596,0.33909692378597905,-0.7722431912498948,-0.31239334315246686,-0.624300515302992,0.6259337551771943
738,1.0934676894282565,-0.8138673580243175,-0.6263005118276844,-0.11474744334939019,-0.2682495056714899,0.9865203850390695,-0.8188267962689337,0.3336060879788207,-0.7689395511719646,-0.32382370320351384,-0.6293737901007941,0.621723671428258
739,1.0931873418736,-0.8023393438401436,-0.6318821724960355,-0.2166073184348337,-0.26808227615010577,0.9911986447124497,-0.8258161429099857,0.32734738047451234,-0.7688005242122653,-0.3342578337936163,-0.6345734139651027,0.6212245235174321
740,1.0929944682925097,-0.7920133662933597,-0.6358647298728003,-0.2941555929193488,-0.26484938721263107,0.9970434704610857,-0.8355281763566025,0.32196080735759,-0.7701884858553499,-0.34444192186365674,-0.6405910928844483,0.6220426470732627
741,1.0932612336250436,-0.7840037196713673,-0.6436519995513881,-0.3540806507702237,-0.2591471675741242,1.0011769869424962,-0.8464013968734958,0.31956922789445213,-0.7714782857406491,-0.35581604007139245,-0.6461446018536064,0.6206293775156986
742,1.0941246065835233,-0.7784579611077176,-0.6556929856146655,-0.40060431981650413,-0.2539181087267455,1.0021648709019613,-0.8563444285205494,0.3200769868658314,-0.7714727047244104,-0.3678217386018437,-0.6493119870650979,0.6157519529388933
743,1.0943888277494689,-0.7741785675699553,-0.665542484995223,-0.4345163041590424,-0.2517737825349334,1.0005814081106017,-0.8635528885885776,0.32030160046250716,-0.7691171912095054,-0.37711980508276427,-0.6496028722933711,0.6094000198698901
744,1.0924141376776806,-0.7699263336111114,-0.6671312243698148,-0.45673067623978286,-0.25225978529924714,0.9970907824840649,-0.86667693665609,0.3172960819256682,-0.7642928403241394,-0.3807317245638432,-0.64879190479432,0.6035666302244863
745,1.0877113207086992,-0.7648983225566643,-0.6610770427385867,-0.4710165755421864,-0.2536984657621764,0.9919144713561365,-0.864685960446832,0.31161470772575517,-0.758262996180618,-0.3799545778419994,-0.6486297740116752,0.5984714877191035
746,1.081737771189938,-0.7584977114695869,-0.6510474683564068,-0.4824349500061231,-0.25463302497050855,0.98507799256853,-0.8589739001158159,0.3054059450580904,-0.7523184818311299,-0.37803225297513554,-0.6489192018847751,0.5935258216471561
747,1.0760213616409362,-0.7513826449791222,-0.6400950596275707,-0.4939264072881576,-0.254036315402136,0.9777231095641936,-0.8521790048309841,0.3000295900189825,-0.747031857814883,-0.3772543179878544,-0.6484649764715124,0.5883527368265705
748,1.0709162330352944,-0.7469105703706573,-0.6299148891598972,-0.5038528381321045,-0.25102694382931295,0.9733966955354842,-0.8462620384939803,0.29513007867226304,-0.742609004842884,-0.3778344982542729,-0.6471476663230804,0.5830403608381809
749,1.0661017157235029,-0.7484260537174092,-0.6219427959000382,-0.5102379052611443,-0.24584447508109708,0.9755365414495705,-0.8415385199028901,0.2901599003091973,-0.7386387271420076,-0.3795914846108618,-0.647441092839989,0.577730945048222
750,1.0612486720462937,-0.7544749562726605,-0.616518520572483,-0.5144894008897839,-0.23944775456180853,0.9820156231137218,-0.8384801197613877,0.2849777933603593,-0.733166601403133,-0.38068607222518286,-0.6522412838277243,0.5724841903200929
751,1.0560268218688917,-0.7602104928591198,-0.6132069587084584,-0.5204076050191332,-0.2329662822760723,0.9867726409667513,-0.8434990771370394,0.2797297204680732,-0.7241803557699225,-0.37810701542710645,-0.6650809473666752,0.5673014288065733
752,1.050154004764959,-0.762054934437724,-0.6126018397680362,-0.530349068827078,-0.22802597407353975,0.9852603491110965,-0.8675806348286569,0.2745324663883735,-0.7128331324763166,-0.3699421565310661,-0.6899828990723605,0.5621538869554136
753,1.044330368169682,-0.7610250932064573,-0.6188790015682836,-0.5415493992946303,-0.22624808878744812,0.9784048537946153,-0.9177387131626886,0.26938206438143036,-0.7029750126210491,-0.35813092305547767,-0.7302578687116913,0.5569138263899224
754,1.0401716150049407,-0.7591138391365695,-0.6367205823809604,-0.5502550112008748,-0.22688815120224975,0.9683093121600295,-0.9858006852487947,0.2642486481347553,-0.6973114830941396,-0.34541374638194117,-0.7865250466449993,0.5514452955945793
755,1.0388744187938357,-0.7581167956733593,-0.6639178580946636,-0.5555429505116618,-0.22681670806494456,0.9572201845956659,-1.060431695994225,0.2591009934201913,-0.6930736123779854,-0.333910142971596,-0.8589337955801793,0.5459554807664286
756,1.0394320696565365,-0.7596168760527201,-0.6908310141215013,-0.5595428094903614,-0.223454019285919,0.9475384693872085,-1.1410094305907528,0.2539064116363812,-0.6860395541273332,-0.32507003603359286,-0.9522085245562915,0.5410216070390325
757,1.0401847813390053,-0.7645736301211811,-0.7089242557372455,-0.564195577978269,-0.21764624155054554,0.9411043057766411,-1.239134234318453,0.24865492906816422,-0.6752349836315735,-0.31970645172101575,-1.076293621693817,0.536906310970314
758,1.0402747918716049,-0.7705343495058737,-0.7178623907933774,-0.5695486630009736,-0.2113447967213978,0.9365921445469964,-1.3625886911552787,0.243463458242038,-0.6642762691955861,-0.31527103370413767,-1.236780620148578,0.5320182887886177
759,1.040051549855028,-0.7739017846198027,-0.7201122139075672,-0.5749980309382676,-0.20578842091167135,0.9316060808170825,-1.4929071027397711,0.23848898906167768,-0.6566478664644695,-0.3080905720420836,-1.4121153743679522,0.5241537768714726
760,1.0399235493873362,-0.7736637964890252,-0.715598790093125,-0.5802090467381801,-0.20108548234292914,0.9255393426328196,-1.6021490914679402,0.23361483792716953,-0.6519471058509334,-0.2972259787111622,-1.5711484393532302,0.5131849857034114
761,1.0399488112940953,-0.7730765602233202,-0.7000478266756717,-0.5852927309305774,-0.1971092844170561,0.9207396648523759,-1.6660566696057992,0.22827258406159334,-0.6478866925870245,-0.2862523780790371,-1.7024006168349761,0.5024113086285016
762,1.0400065514428056,-0.7754507446714808,-0.668935077821903,-0.5903917640277989,-0.19251564486015937,0.9194403979126868,-1.6666538408278782,0.22203858032928203,-0.6429445036582869,-0.2787250181779223,-1.8278514969227604,0.49503695245000817
763,1.040016562367526,-0.7808799042448555,-0.6190694548412706,-0.5955552472711065,-0.18531775332273326,0.9202287805147225,-1.588798915775376,0.21623431259490378,-0.6374620704006635,-0.274073478151535,-1.9643484577737658,0.49038656840832073
764,1.0400030463544188,-0.7877048350057329,-0.5479929687641328,-0.6007812193627556,-0.1748763079164681,0.9197083516680583,-1.4384995841011516,0.2131287067797266,-0.6320294559865459,-0.26948253692295776,-2.048987401823366,0.48567422222100154
765,1.040003724727216,-0.7942671625979344,-0.4563354335028462,-0.606031959298077,-0.16399957190480569,0.9157555318371897,-1.2334584300028582,0.21346153852339858,-0.6268304552137082,-0.26348908873475363,-1.9748633345825894,0.47952376284158427
766,1.0400154020818086,-0.7989561151241283,-0.35267412917162355,-0.6111788110470836,-0.15586946938514493,0.9095822070271004,-0.9887731358146148,0.21400282651451943,-0.6217174792957281,-0.25817668773789404,-1.690326343315994,0.4742510002216569
767,1.0400008524587145,-0.8003225004073365,-0.24670232266706627,-0.6161006019329637,-0.15080974109806988,0.9029113993850513,-0.7124955383988398,0.21112690121314884,-0.6165602590460179,-0.2560194884002491,-1.287610699093661,0.4725454931280697
768,1.0399454719095014,-0.7995390223608108,-0.14558695760298063,-0.6210498555686299,-0.1467466351211863,0.8971339772798865,-0.41181950171024767,0.20522366198959952,-0.6113427361840773,-0.2565354051187414,-0.8771500796170265,0.47346012600637727
769,1.039935363434372,-0.7999725321279441,-0.054380810958552045,-0.6265918252293441,-0.1419676107177809,0.8933628444823841,-0.09834163279570599,0.2000434577128117,-0.6060798737723766,-0.25676840758002467,-0.4907849786890288,0.4730044136893086
770,1.040078301225626,-0.8040526882005148,0.02228062168552718,-0.6328629002664886,-0.13660205547706072,0.8922834748603612,0.21270508834578342,0.19846125572365292,-0.6008216439095254,-0.25418027708599705,-0.09544314772254223,0.46839160472592645
771,1.0402680407277334,-0.8100376555746127,0.08122378264527166,-0.6381790059765213,-0.13125667920381354,0.8928423913009893,0.5019876363429651,0.19928795390461782,-0.5956653778141322,-0.248283829887234,0.3261010737648891,0.4622216360489843
772,1.0401113659299461,-0.8151710031936805,0.11971056040107901,-0.640446107782354,-0.12615383073642827,0.893554733216238,0.7341097661507175,0.20031038770481857,-0.5906695665585041,-0.23915561541652886,0.7194621089566139,0.45841944562202586
773,1.0393596046640066,-0.8192252631669135,0.1370964644356304,-0.6398981419511425,-0.12101053403541029,0.8936752308224051,0.8703049226378203,0.20045125309951506,-0.5855684380010657,-0.2280492590330963,1.0131292919338946,0.4581980985895613
774,1.0389940091465935,-0.8251980517740781,0.13540691120903645,-0.6397378103367798,-0.11559523474710753,0.893401784811906,0.8946888139851323,0.20008176426220287,-0.5799482142510148,-0.21771946086666993,1.1659282377443176,0.4593123181071129
775,1.0405483511905198,-0.835491580179154,0.11694525708980663,-0.642842248803433,-0.11029149974872583,0.8930132259636508,0.8193829968441698,0.19965945033578628,-0.5739440152112727,-0.21056030537963244,1.1738134625151313,0.4596339958701654
776,1.044789201471627,-0.8470390086164943,0.0847243161457641,-0.6485659625489331,-0.1057458239465928,0.8929217806268273,0.6609048021830652,0.19958869714604083,-0.5689479096616039,-0.20585314411830122,1.0418059377756819,0.4593579905548423
777,1.0507910484358094,-0.8545220908515423,0.04205173270032987,-0.6548043050697026,-0.10172762790579418,0.8935887302780834,0.4528666367752677,0.20024589624851502,-0.566429217253771,-0.20159067163067024,0.8181918713649909,0.4596372112638248
778,1.057388488536626,-0.8556060748211927,-0.007802209227297823,-0.6602374699555446,-0.09617180897060223,0.8946637186264439,0.2354697778818324,0.20126499847878646,-0.5663644715823913,-0.19654812746786188,0.568030271372365,0.46058062959624013
779,1.0632054403024567,-0.8538314310682547,-0.061642513415843175,-0.665096771115062,-0.08705107076900953,0.8942017047277733,0.038121847796753386,0.20082169560472274,-0.567564603029592,-0.19104626560701457,0.33860995930876664,0.46024035534303687
780,1.0667095676496683,-0.8531057533065021,-0.11654180831759917,-0.6697969405265233,-0.07580264430534558,0.8903433305901639,-0.12952804639262486,0.19716393390558432,-0.5687933956256276,-0.18556201219717372,0.14466486712148097,0.4566769856747424
781,1.0671197164778374,-0.8536300364410928,-0.17259700034246453,-0.6747846613598526,-0.06627796811860404,0.8844005639142347,-0.26090478170383996,0.19136843014944066,-0.5687494400735836,-0.18029355179109116,-0.004045421764246572,0.4508495383944924
782,1.0664745351071518,-0.853205815401044,-0.23186212649071974,-0.6805270277491109,-0.06083562720661231,0.8797383655144945,-0.35952700801322623,0.18634329602726651,-0.5661491451341335,-0.1752585147940718,-0.11344810239904003,0.4455935961192314
783,1.067434084724649,-0.8510746369343051,-0.2938956192057991,-0.6869075125156962,-0.05655109747303454,0.8785760013471353,-0.4349157243149629,0.18430736420611485,-0.5610294064640249,-0.17034962207469295,-0.19879677689573028,0.44320023307484235
784,1.0714597899701446,-0.8510788032102475,-0.3503977469346905,-0.6919947555361242,-0.0494892990296977,0.879464777744037,-0.494873699783521,0.18524153871905447,-0.555136858548099,-0.165080848478235,-0.27121553418087907,0.44417014687933387
785,1.0785797030640816,-0.8576930001004401,-0.3919543449639533,-0.6936402245606987,-0.03897368431785566,0.8803040615908652,-0.5421883618016806,0.18867880644579557,-0.5500407833313126,-0.1589522213853569,-0.329963326145477,0.4485795855008618
786,1.0884987350876119,-0.869554507199811,-0.41834756812568336,-0.6927262772683216,-0.027890067948964176,0.8803134290067745,-0.5787667530365799,0.1938262792939301,-0.5451907062033526,-0.15280411699455118,-0.3724659332728512,0.45475268266959606
787,1.0993680362664962,-0.8795257858754995,-0.4384572888381068,-0.6931336643872433,-0.0190751580219096,0.8800185102015119,-0.6062800019771056,0.19956868819570406,-0.539106577956708,-0.14880288924476145,-0.400251258502633,0.4592802438601138
788,1.1087255596445729,-0.8820039752344697,-0.4598128571083107,-0.6977616144794808,-0.014042639237341,0.879902491962102,-0.6261902294498445,0.20496639743339695,-0.5319162772441685,-0.1484050893907054,-0.41848147140185243,0.45970656839008445
789,1.1151202592902205,-0.8803530456752132,-0.48119062156269543,-0.7039237081758677,-0.013818659068405957,0.8799544661406636,-0.639978902626357,0.2100332902957808,-0.5272658384647322,-0.14920876587833728,-0.43173376499927046,0.45874888799412694
790,1.1190734039325587,-0.8806885760882962,-0.4986581900321889,-0.7072392180682987,-0.018174149484439982,0.8800100401819541,-0.649243415706453,0.21507973799149052,-0.5288925424031423,-0.14764339066819296,-0.4414852671611457,0.4606897728199879
791,1.121273377996125,-0.8855269284895653,-0.5105217671375091,-0.7066752187876167,-0.02471859152861086,0.8799987028090632,-0.6556103685792481,0.22025114122982736,-0.5351957575687539,-0.1425537447227182,-0.4483788749899469,0.46649955752474115
792,1.1216844939611652,-0.891945806525461,-0.5184707679638476,-0.706257069884711,-0.03100906330475544,0.8799918479360235,-0.6606109426239806,0.22544352690478597,-0.5405854479744998,-0.13643393574598206,-0.4534886347741671,0.47214409043694305
793,1.1197926729095684,-0.8970168853925712,-0.5243852197137849,-0.7098042195683699,-0.03622262548558647,0.8800542070790667,-0.6656510135352176,0.23055510708904248,-0.5411904371840585,-0.1316635729383781,-0.45845480775934544,0.4737992034952867
794,1.1154518524170844,-0.9015341778243444,-0.5293904406518402,-0.7159073299583791,-0.04047202382725737,0.880096424694149,-0.6717658249842174,0.23567533218248532,-0.5400887053531045,-0.1271344064034341,-0.4645620782198285,0.47286621082202746
795,1.1097511499173054,-0.9081387156368385,-0.5342351409478467,-0.7205615371837448,-0.04434686697493504,0.8799532199952075,-0.6774846557578426,0.24098801275611978,-0.541914789712761,-0.12000934764134731,-0.4703682770463935,0.4733404873036238
796,1.1040041707791997,-0.918056370344232,-0.5393805566300015,-0.7214767777013827,-0.04973362898010095,0.8796620167314307,-0.6802931799768343,0.24646027094425754,-0.5475687911734181,-0.10927326625375668,-0.4732941658237104,0.47755099753500324
797,1.09878776296721,-0.9291581611084402,-0.5446192799508324,-0.7204342951514244,-0.058587353604116356,0.8797375544756079,-0.6797298369127522,0.25154875895595685,-0.5533222710914116,-0.09821915901251967,-0.4728071152322625,0.4838690598129196
798,1.0938925698345021,-0.9388731718915814,-0.549675896046429,-0.7196853894368973,-0.06982946137843274,0.8806634252763131,-0.6793784496002965,0.2557418870401243,-0.5557199611296922,-0.09049475044349548,-0.47240842610548656,0.49017972243303876
799,1.089058991694224,-0.9452129815499276,-0.5546899733121857,-0.7197879097771601,-0.07962144674819611,0.8814403463360808,-0.6828747726603772,0.26009081658414235,-0.5551822230224738,-0.08583147809974988,-0.47568064083234324,0.4955773935422504
800,1.083959643479556,-0.9466361224877062,-0.5601194916640548,-0.7200003316903759,-0.08521601688956423,0.8799312409064692,-0.6890313911368188,0.266845790796674,-0.5537626469238892,-0.08095584480978046,-0.48173499006639475,0.500084419713307
801,1.0782515869360738,-0.9426058072154538,-0.5660713145138916,-0.7198152665112542,-0.0894005247394788,0.8749609702944706,-0.6935787750327517,0.2772009354510612,-0.5530235427540896,-0.07395695262575497,-0.4868251385018573,0.504095226413941
802,1.0722797421494685,-0.9363196446164948,-0.5713016394217804,-0.7197303560168218,-0.09649703787139344,0.8690802395044088,-0.6939818242753963,0.28826456140602474,-0.5534915262174208,-0.06833537385956297,-0.4883584069268099,0.5093140605716553
803,1.0675788061547897,-0.9317834000248444,-0.5742874313057361,-0.7204382809528521,-0.10739702403344639,0.8656348974692096,-0.6930886818135485,0.2962938495904087,-0.5555878086545915,-0.06870590824674783,-0.48736238089796685,0.517676400659935
804,1.0656111931119483,-0.930851222008918,-0.5746893406960906,-0.7213555576641453,-0.11809591550820515,0.8654776506659709,-0.6946274530460742,0.30092675729818313,-0.5600562652097131,-0.07480047644900074,-0.4855446600747455,0.528741998246508
805,1.0658804920243148,-0.9328612154731659,-0.5735521887304189,-0.7204063896419376,-0.12486269303419659,0.8665457908103726,-0.699571527679882,0.30575463217087057,-0.5678715313627846,-0.08064108965338328,-0.4846145160073986,0.5392924927723955
806,1.0667390226779543,-0.936510598998844,-0.5720627863480112,-0.7160031794398232,-0.1291090265950517,0.8669349377130658,-0.7062768196295223,0.3139670547271253,-0.5790455957094656,-0.08125742668627758,-0.48628280884343517,0.5465267085178649
807,1.0669928724284123,-0.9374449795938705,-0.5717966544285954,-0.7100678892236796,-0.13468746770872683,0.8667240916281193,-0.7130230250274756,0.32491805239728677,-0.5900651757724027,-0.07983718528229067,-0.4914864575274697,0.551164936888604
808,1.0668003171971834,-0.9302069503907111,-0.5744580638441843,-0.7058335698260856,-0.1438706598151175,0.8667360229472644,-0.7182193764993094,0.33651718142540343,-0.5967694425908993,-0.08261640003738095,-0.49750251779762134,0.5552525011518008
809,1.0665542047165661,-0.9141482097069374,-0.5800529932090718,-0.7049338638686279,-0.1552976401545514,0.8671507363829828,-0.720353793805685,0.34735023534149495,-0.599955603148504,-0.09217733579124343,-0.5005928190425,0.5601071984759585
810,1.0664800295420864,-0.8972547732965263,-0.5855391710245206,-0.7061276280729001,-0.16713448953710316,0.866992192684362,-0.7198165384899077,0.3572214894855889,-0.6063038296593406,-0.10453476984299911,-0.5000987939580197,0.5657367032472354
811,1.0666438902693782,-0.8875244970211742,-0.5878840137751297,-0.7078625645302326,-0.17799295202829582,0.865427920244916,-0.7196792216582024,0.36593668405413726,-0.6211793299133903,-0.11545228024560313,-0.4997028105124447,0.5719320584049575
812,1.067012550631038,-0.8837367089302699,-0.5874534358156994,-0.7084657247291163,-0.18682191553549415,0.864366909985154,-0.7227613266215295,0.3719984938879332,-0.6390885392411466,-0.12519047740890812,-0.5028516743579703,0.5776523308237286
813,1.0670899414855484,-0.8792109744006792,-0.5866261479464094,-0.706194192608085,-0.19301316496726897,0.8673406894221617,-0.7284584505013428,0.3731392746992128,-0.650209513978671,-0.13667335958251972,-0.5087505267592121,0.5813644204749736
814,1.0662561517049503,-0.8697259499396304,-0.5868768967225891,-0.7006043291365519,-0.19759209699158167,0.8761953226749927,-0.7346098538079053,0.3686593105181588,-0.6506527060587302,-0.15160551421366658,-0.5146787668519374,0.5822498962176192
815,1.0650597349210904,-0.8582000646977351,-0.5870556277739587,-0.6949208223563912,-0.2019490505324749,0.88796159667933,-0.7399044644633347,0.36231105876576447,-0.6483575747595237,-0.1681526936223807,-0.5193608372657794,0.5815248604693298
816,1.065847106615976,-0.8486784566734642,-0.5856984662157417,-0.6927967631083449,-0.20687203817129265,0.8989872607913271,-0.7448480643883525,0.35846079580245616,-0.6520536195562726,-0.18397962901833206,-0.5246033476933789,0.5807202327892435
817,1.07061783441444,-0.8428077794409834,-0.5841740628999029,-0.6937287667370279,-0.2124348885038668,0.908730954701723,-0.750110837287676,0.3582542988938996,-0.6627822667172614,-0.19905587192666813,-0.532449914719287,0.5805620724652273
818,1.0769438993965659,-0.8400580503048753,-0.5864215995480864,-0.6934414268775003,-0.2185098250950289,0.919474466196088,-0.755512608873661,0.35991472672846914,-0.6763232005271319,-0.2154426095082335,-0.5429708825634202,0.5810460241780568
819,1.0800894011017004,-0.8389771681460532,-0.5951250747138592,-0.6888186629710302,-0.22395480499802456,0.932418932356368,-0.7602895314523264,0.36159235992508454,-0.688931185814714,-0.2347643039259698,-0.5548817667782057,0.581934340379445
820,1.0772014019238507,-0.8342708758867511,-0.6068242163469854,-0.6826504080400784,-0.2272411550385692,0.9433747708795506,-0.7643032408948676,0.36158833572917676,-0.6988626005950996,-0.2563097595865143,-0.5667920746956762,0.5820464677276797
821,1.0702701817777385,-0.8195920641234093,-0.6163809466226453,-0.6793313939648576,-0.2278214921313939,0.946644021452711,-0.7694946455312595,0.35829554119224166,-0.7048319363517609,-0.2787030966070084,-0.5770519294841454,0.5799561213938352
822,1.0620513549506234,-0.7904352980823699,-0.6218672592309966,-0.6798131562097596,-0.22698955857924744,0.937709607033731,-0.7781013568338307,0.3523031230522762,-0.7062758763208299,-0.30057860609605114,-0.5840598711116219,0.5752569531407895
823,1.0554085162133469,-0.7448437378167688,-0.6257973781468132,-0.6802824114294543,-0.22617356742473102,0.9136886945984936,-0.7893408247756979,0.34723938002643473,-0.7034515352209887,-0.32058471983330394,-0.5886243017013755,0.5689540167452674
824,1.0532970410307618,-0.6811542152321869,-0.6306477157151217,-0.6771662299844122,-0.22603935814050655,0.8715048631153213,-0.7993529419360633,0.3462601607019489,-0.6971214200657652,-0.33726123176854944,-0.5940092831472409,0.5622082684109174
825,1.0581034692381368,-0.5985036380686165,-0.6361668889968853,-0.6713159285372543,-0.22677404702004494,0.8057306847210117,-0.8052025460921187,0.3473059774486578,-0.690916611720248,-0.34832543111331465,-0.6028587339544437,0.5565732575845849
826,1.0697189859932126,-0.4964145440303266,-0.6408729170007844,-0.6655820431149002,-0.2280397634772307,0.7099144171274547,-0.8094070838770602,0.34596480230167,-0.6895542468227084,-0.3511298402731873,-0.6140703407716444,0.5537723928543969
827,1.0873212777091465,-0.3783770499864711,-0.6446332995984253,-0.6612089682578923,-0.22792000277172392,0.5851830708679482,-0.8161739458432177,0.3404522770361543,-0.6960076132931776,-0.3445458939721715,-0.6253668440404941,0.5540531099063537
828,1.1086400553445483,-0.2563691432512987,-0.6502170478371405,-0.6559820282478427,-0.22443261933636063,0.44889576076515575,-0.8267235022513437,0.3346333147290288,-0.7099304981593737,-0.33069992440161605,-0.6357424318300383,0.5545019357221539
829,1.1294205135389712,-0.1432785317413303,-0.6603605338362872,-0.6474862497078966,-0.22085451514986235,0.3198125511492049,-0.8377541229326401,0.33270930268669435,-0.7303268970084039,-0.31191028657041486,-0.6461164211891777,0.5520289951402275
830,1.1448718388370696,-0.04956980242630859,-0.6724687873681449,-0.6365277356002625,-0.22565110582317066,0.20761983797642622,-0.8459457392295837,0.3337436088791648,-0.7529004722070747,-0.2875108769129255,-0.6573354577127494,0.546574731958267
831,1.1471922675798831,0.015996337192998637,-0.6801982833062977,-0.6261774488472458,-0.24576624957847149,0.1156238860898271,-0.8509241073341174,0.33318695559711903,-0.7711941401965796,-0.2547371952110425,-0.6683296419335901,0.5402103436334481
832,1.1271974860741716,0.04485766691163914,-0.6791436392928537,-0.6188480224536341,-0.2792593464727469,0.04828014004206812,-0.8537602701492095,0.3282117095225767,-0.7797991014534961,-0.21210195282566258,-0.6770924564781413,0.5345565788347282
833,1.0782329732892837,0.029007365047502516,-0.6717669447715136,-0.6145491636781624,-0.3214006049755027,0.014410498209179385,-0.8550533315419585,0.32211062092705484,-0.7768889706997518,-0.16261709451746448,-0.6827934913978052,0.5295488679833223
834,0.9993517549868878,-0.03892163033195593,-0.6619226771133618,-0.6127686172072926,-0.3696436958925812,0.02334214149695627,-0.854301847785645,0.3193188834202854,-0.7613418204344578,-0.1102008088449075,-0.6873027819171633,0.5247641175543778
835,0.8905880521865192,-0.1526391153878498,-0.6516705816280611,-0.6127118112839459,-0.4248284862257573,0.07331104495785733,-0.8509369460751659,0.32009392153040683,-0.7311387573680412,-0.05743886209010474,-0.6926913389625194,0.5197791771814484
836,0.7549257269875346,-0.2912061430981039,-0.6411453792836245,-0.613281362362281,-0.48738043162624833,0.15065678879806338,-0.8455886410917717,0.32021209693014163,-0.6832852352702192,-0.0054878683121341405,-0.6985867270121382,0.5141708355299601
837,0.5975848257892278,-0.4338290560970765,-0.6304501714042918,-0.6135318201688778,-0.5515294893258716,0.24179931063959575,-0.8397705701065238,0.316214841146509,-0.6155137263893293,0.04344331767321958,-0.7028155960338033,0.507816800648251
838,0.42568070715827905,-0.5645031091323132,-0.6200367826448736,-0.6134407760056996,-0.6082912043384678,0.3368394403653924,-0.8345781561723896,0.3100958279230753,-0.530143919324373,0.08093488097070486,-0.7039308717271413,0.5022598210237635
839,0.25337405379612254,-0.6689666000000598,-0.6104623034869822,-0.6133014480935451,-0.6480480595365691,0.4271753858775512,-0.8295555504153691,0.3056956434315943,-0.4311800897896868,0.0965363247385136,-0.70320136594399,0.4995877962350476
840,0.09654775029084357,-0.7397105604739249,-0.6012513182674563,-0.6132775324680467,-0.6596754146219024,0.5064139063677737,-0.8239457109274128,0.30486260859791076,-0.32314579645419333,0.08722055477495161,-0.7024556323096269,0.4999523021880613
841,-0.027691376601153096,-0.780306435088452,-0.5902336354800811,-0.6133196700287488,-0.6324385786110909,0.5717846303492778,-0.8181165722533802,0.30617242861022653,-0.21150340144034055,0.06214731164706512,-0.7024327070792379,0.5003260720798249
842,-0.10074068683997128,-0.7960051157776383,-0.5754997356046275,-0.6133620009967169,-0.5658467140945351,0.6216029817247261,-0.8136654873352155,0.3079044101609882,-0.10208636173531146,0.031094679142115174,-0.70268095918758,0.4977166177434187
843,-0.10689637551635073,-0.798084421665119,-0.5590135811655551,-0.6133690983404461,-0.46781725160779575,0.6611275500159673,-0.8119205184024746,0.30840744978383083,-0.0037635494639350195,-0.000915947701526588,-0.7027697860514713,0.4921888637116386
844,-0.05041796003024967,-0.8010750521518543,-0.5448326718984744,-0.6133221159670639,-0.34773367752671075,0.6993700276686351,-0.8123641042888385,0.30607108431418933,0.07269624313749673,-0.03144223965397361,-0.7027218400931604,0.48546379475819434
845,0.05624288074799412,-0.814098757274444,-0.5348254161700257,-0.6132434107947665,-0.2200022703487761,0.741622894946336,-0.8138375415684104,0.30057869269422055,0.11928018962863823,-0.0589517962745654,-0.702714487994354,0.4791156346538666
846,0.19845676971311454,-0.832322345828075,-0.5251927646842014,-0.6132605958315379,-0.10023659369809378,0.7835447960629696,-0.8149800634520203,0.29493101405347283,0.13672414656083678,-0.08418070258252223,-0.7027870192783154,0.4743002970240974
847,0.35730396652206886,-0.8489124162504605,-0.511551366545909,-0.6134962113719814,-0.000702729123751951,0.8194661897513608,-0.8141033497397279,0.2924460305114582,0.12762535946192813,-0.10812922594298018,-0.7027539693390884,0.4720312806454426
848,0.5135321255721396,-0.86050694318087,-0.4947767277132135,-0.6137063397902232,0.07063932206296655,0.847002965786692,-0.8098313361301452,0.2929454505947462,0.09824916649726992,-0.13020425118632997,-0.7024667713988997,0.47203433459985666
849,0.6500671086913425,-0.8666332600555525,-0.48012150125488134,-0.6133420465579345,0.10766942569679969,0.8665056034939073,-0.8038666202618469,0.29334090098458027,0.058681289269144545,-0.14848643009403,-0.7022941344634771,0.4729633647888454
850,0.7513075580158725,-0.8676025515701791,-0.471635716638758,-0.6122727208326587,0.1151340455422763,0.8790048750606416,-0.7995358986852855,0.29094803209076286,0.01777603672266292,-0.16165996384710937,-0.7028760998690289,0.4736150449261727
851,0.8090849574584846,-0.8665969172099215,-0.4678572764641148,-0.6121320604264474,0.10240729981988975,0.8879946485743553,-0.7987109268388004,0.2851152566536147,-0.023529854437381596,-0.17106595385449963,-0.7040690438166738,0.47350982633832983
852,0.8401292694028578,-0.8674787334547522,-0.46595261714920283,-0.614949046517162,0.07818522143758244,0.897522779381885,-0.7996429887562082,0.2757586926728229,-0.06704701067684599,-0.17869122748736685,-0.7037927828253722,0.47238724327299814
853,0.8659697799331949,-0.8718969438979182,-0.46492909751225403,-0.6205526800369148,0.04974433994592355,0.9086448601986478,-0.8001537809419804,0.2643988655024475,-0.11338902827379754,-0.1850699562386897,-0.6998954810488272,0.4711828849334574
854,0.8965692291529781,-0.8786930758057125,-0.46612901864661027,-0.6259816086818899,0.02383304548409398,0.9186212361321652,-0.7999041213880886,0.2545912554505068,-0.16108589579914412,-0.18889382952197514,-0.6936745042675139,0.4723493607451447
855,0.9292772032833946,-0.8863494621948633,-0.4706110089080959,-0.6285028719264709,0.0027470840103858544,0.9250493531747861,-0.8000094819533251,0.2487286119344404,-0.20856721859216737,-0.1892200553201017,-0.6891553645953669,0.47725611139503893
856,0.9612170174019273,-0.8921453098265529,-0.476503201781675,-0.6281389944136445,-0.014253287447966584,0.9294530636286013,-0.8010196369680675,0.24047030868665045,-0.25539790382393346,-0.18837453354730774,-0.6889361992804605,0.47930154406082637
857,0.9919113902561585,-0.8928828985171712,-0.4807335445080707,-0.6260570809104665,-0.027665854051358078,0.9349594195704675,-0.8011652215872872,0.21988645631692785,-0.3018229002436193,-0.19001582204045356,-0.6898620604859094,0.468610988796029
858,1.021737722713499,-0.8879133144409984,-0.48168041665159,-0.6240452419004489,-0.036984201110405644,0.9421514948532886,-0.798203307748862,0.1798253795037381,-0.3481860031664724,-0.19543896661605184,-0.6875286799642636,0.43820081434437885
859,1.04997205481009,-0.8815690731577434,-0.48056270966952763,-0.6250974688346719,-0.0415417366474795,0.9466333762260871,-0.7924376947669431,0.1185842356178944,-0.39509919208843536,-0.20131420125755065,-0.6815240995173001,0.38675463558853196
860,1.0739401037612946,-0.8783944715832723,-0.4789281927313409,-0.6319746097155375,-0.04195937046183579,0.9440472076760205,-0.7871573375429827,0.03515794975222081,-0.4430525900037254,-0.20408413407864184,-0.6761159614257154,0.31379875421237086
861,1.0910332661840478,-0.8787069712133336,-0.47832771605482904,-0.6431162781152457,-0.04023545637081802,0.9371558188993855,-0.7852191923839458,-0.07067692128054404,-0.4886044437391917,-0.20375606877986283,-0.6749095453557565,0.22102857987322205
862,1.1014496410586796,-0.8801023474825035,-0.48031360683168817,-0.6541798464791596,-0.03839372381268336,0.9333061131850858,-0.7858421596993465,-0.19863848120536998,-0.5243917717471752,-0.20263254564725225,-0.6758967585167249,0.11153680544188387
863,1.1070745451988047,-0.8807043111403283,-0.4854440638756169,-0.6618114292222325,-0.03822209855730365,0.9370326061803605,-0.7868957807355653,-0.3445397993486098,-0.5445889088436219,-0.20238768258915377,-0.6749977236132191,-0.010716116032822695
864,1.109356051510344,-0.8804067588256582,-0.4912064065608612,-0.6658538332368015,-0.04139889396694744,0.9439476842004441,-0.787123527106263,-0.49215741190963685,-0.5524807220933046,-0.20263685893008473,-0.670349580355321,-0.13916085081672605
865,1.1083810812912034,-0.8794719110119826,-0.4945975097886002,-0.6668105397923939,-0.04751548381240261,0.9481438620072367,-0.7868004660443715,-0.6230492061490792,-0.5543524589797919,-0.2026329843086222,-0.6639707862660575,-0.26643565651799006
866,1.1040638609766087,-0.8787785942509367,-0.4948630297711911,-0.6661987915129844,-0.05264753668810599,0.9481260228773094,-0.7863557583064927,-0.7209663866609333,-0.554543424108672,-0.20238418627363633,-0.6580778083848767,-0.3786934553259462
867,1.0980213517847393,-0.8798123509640483,-0.4934613341388108,-0.6665333318968119,-0.0528836957254011,0.9467406453075051,-0.7862162736475475,-0.7718182951075766,-0.5541587289333304,-0.20264169677669816,-0.6529845230937925,-0.4557058571793971
868,1.0935277882230778,-0.8836699459376084,-0.4919442178846247,-0.6698513121799571,-0.04773456329843609,0.9464374367564716,-0.7868064547755392,-0.761617168735211,-0.5539354640391991,-0.2037741344771817,-0.6479229839849107,-0.47836025442041763
869,1.0935691939759922,-0.8893746971764482,-0.4918634710748095,-0.6755894885126174,-0.038642716430874004,0.9467636051944678,-0.7879268805367395,-0.6764341443298243,-0.5539838938043715,-0.20407870042354745,-0.6424777102792657,-0.43447507212967473
870,1.09931059272332,-0.8953161366640489,-0.4947390086024422,-0.6823706800517687,-0.027448112859872448,0.9463862102783728,-0.7877187930918172,-0.502707672223184,-0.5540554551844847,-0.2012488349834632,-0.6372040196224086,-0.3142891890341203
871,1.1113007676658844,-0.9006225116120747,-0.5003301392100701,-0.6886902460765453,-0.017012221734293845,0.9453959544376747,-0.7842155142200766,-0.24615007020271293,-0.5540039873278505,-0.1953402216680866,-0.6327338178111895,-0.12224598523952634
872,1.1277893241334884,-0.9055322036213773,-0.5057511189773726,-0.6928524612248417,-0.0101699961523035,0.9460228068932193,-0.7783208324534245,0.058570192518422076,-0.5539871992853728,-0.18995779077036995,-0.6282537226341515,0.11587205784106328
873,1.143409430682735,-0.910373204308177,-0.5082449233856133,-0.6935387953650883,-0.0060196151384049375,0.9502250171096807,-0.7733742391749433,0.37467936236696314,-0.5541979680621748,-0.18842554971863196,-0.6217239687073376,0.3721947141656844
874,1.1531057800256042,-0.9154578604935272,-0.507930971570305,-0.6926906342488743,-0.00033238018346287874,0.9562438755456757,-0.771895940687769,0.6677369174177036,-0.5544348740332394,-0.18931011438933262,-0.6118575959963416,0.6161222970480589
875,1.1575502672768572,-0.9210888582983118,-0.5063519024581443,-0.6938552710056292,0.009851006307256273,0.9604881401217538,-0.7726844743111841,0.9044891208963967,-0.554119966820617,-0.18883010138654718,-0.6006541588308193,0.8157374110013734
876,1.1604726615569991,-0.9270641595190435,-0.5050591405875826,-0.6987371326063991,0.021213538074258544,0.9610799446208347,-0.7736047450590391,1.060190001103019,-0.5530187680389617,-0.18473641289206685,-0.5909344883165024,0.9477326796923752
877,1.1646574274935027,-0.9320035224627956,-0.5056009457131615,-0.7047114482289465,0.028724481848925395,0.9601720737188879,-0.7736778164542966,1.1299366581642567,-0.5527159585692337,-0.17839639127593132,-0.584382999987673,1.0089241920847511
878,1.1703503293657527,-0.9344606334646279,-0.5093554340256533,-0.7089993980978512,0.030225101554735883,0.9602950063162339,-0.7733785914042611,1.113080370194963,-0.5553400972405483,-0.17165996507578551,-0.5812550964483333,1.00022242312423
879,1.1773052741689674,-0.9344921569383376,-0.515194562975275,-0.7156550950675383,0.02756654104431461,0.9610773645938998,-0.7732089587928354,1.030054376472809,-0.560987323711678,-0.16589577847415934,-0.5813560045089774,0.9406699617754776
880,1.183766763907758,-0.9333017297471365,-0.5200777662128682,-0.7339470583111974,0.022814674081335116,0.9599332791226558,-0.7732405749823297,0.917380202729911,-0.5665263470218052,-0.1621051874582905,-0.582130657892211,0.863146548010654
881,1.1866681837986268,-0.9321291306127529,-0.5217338165420683,-0.7704535326563191,0.017393052446912194,0.9552597911120078,-0.7733712998987762,0.8068258564687902,-0.568903033584277,-0.1609014538311303,-0.5800950492290979,0.7948692995770967
882,1.1838684641584245,-0.9322410819899686,-0.5209463882781953,-0.8212090570771363,0.012422237071492278,0.9493353167420953,-0.7734807224730724,0.7108814437150212,-0.5684788322154664,-0.16148233569557224,-0.5743108649659059,0.7405927179942717
883,1.1775630809978341,-0.9348682084293561,-0.5192162579173702,-0.8800465330413609,0.008132335685258668,0.9452874237112788,-0.7734149880273852,0.6372997690831261,-0.5674835026455687,-0.16271437912348438,-0.5686308421870885,0.699790362669215
884,1.1711195488446873,-0.939939784562137,-0.5181586519853197,-0.9487963119902225,0.0027750347749743395,0.9444870791339481,-0.7730645712948502,0.5866018235279306,-0.567398852953719,-0.16344366554200848,-0.5669564130907514,0.6708453540015266
885,1.1660321008780907,-0.9458715254234391,-0.5195219102757748,-1.038590330566366,-0.005497290977346692,0.9462622026467647,-0.7728396756218285,0.5508975005745546,-0.567623882538417,-0.16249247458681945,-0.5679907527853129,0.6508725567132844
886,1.161170498118285,-0.9512518419342065,-0.524462713713594,-1.158038199598429,-0.016165765158220154,0.9499057608538032,-0.7734675746327078,0.5229482986565884,-0.5672711413559053,-0.15892796932311298,-0.5672596841169952,0.6370347677821215
887,1.1554635051795807,-0.956238589869649,-0.5304906814496805,-1.2972111143549616,-0.026959957134553045,0.955197477594553,-0.7748813555665547,0.5023619772614958,-0.566706766556905,-0.15331609157093837,-0.5622330634906842,0.6272207909940319
888,1.1498499906579054,-0.9615724796326695,-0.5337736868119975,-1.4391818260597762,-0.036460922181910306,0.9620866066115862,-0.7747180194434319,0.49129560118484017,-0.5674431402030257,-0.1467876286147475,-0.5561003499867592,0.6196026189655371
889,1.1462172718669505,-0.9672980580120506,-0.5332485835231457,-1.5649270375393016,-0.04652328919636922,0.9692864922925414,-0.7704214552407672,0.489483418385259,-0.5707338466366428,-0.14055579775264238,-0.5528917201308587,0.6132613602708505
890,1.14547720613298,-0.9722156209170204,-0.5327980586242842,-1.6517054803127924,-0.059663665925948614,0.97330433861213,-0.763671340155464,0.49232770124485303,-0.5763802403706825,-0.13597909467020403,-0.5531088551114732,0.60889960829907
891,1.146282508793307,-0.9750676047184883,-0.5363127405259861,-1.6781168311473815,-0.07570334006681231,0.9709535063234113,-0.760002485690048,0.49503568052468416,-0.5837569846012207,-0.13424318185688358,-0.5540420330165028,0.6072437283675908
892,1.1470339792750812,-0.9753270114264185,-0.542490275820699,-1.6405494828517424,-0.09133625498847958,0.9645563373303804,-0.7633825446687855,0.49542411334558256,-0.5928492456147099,-0.13459709210471554,-0.5536296013923974,0.6075357921204207
893,1.1471133738523467,-0.9728978687424966,-0.5469705261496725,-1.5458711079554934,-0.10366350427972099,0.9596785822496745,-0.7700954847214274,0.49284853122773375,-0.6045695514655369,-0.13514961114591684,-0.5532527002206106,0.6081439478883428
894,1.1466625533429113,-0.9681050460095691,-0.5472881796497286,-1.3983117679663064,-0.11338021258555654,0.9595135162288007,-0.7743574408876981,0.4875038739465214,-0.619611545062071,-0.13479668228349667,-0.5552204680225566,0.6080378244702156
895,1.1459884997976926,-0.9624380887458056,-0.5464024204031651,-1.194325780845201,-0.12254375837321006,0.9604836490643015,-0.7742951700326188,0.48188360564272753,-0.6360386517004597,-0.13468302035578347,-0.5601523621524539,0.6079054706021756
896,1.1459685653966576,-0.9574920928972452,-0.5480645721957071,-0.9295932783583127,-0.1324804446926069,0.9580649381216906,-0.7733125133648897,0.4787626883936655,-0.6505420191829087,-0.13631702859495184,-0.5663877422719451,0.6086478980927755
897,1.147557566911795,-0.9529925570241969,-0.5531056217700718,-0.6109381036423062,-0.14317185362689094,0.9521907628867831,-0.7748636688474118,0.4786357884482816,-0.6613915994215905,-0.14067622039984415,-0.5722832195405215,0.6095096597487147
898,1.149482436374335,-0.9469774427073101,-0.5597205997049598,-0.2552426424762043,-0.15438834140069718,0.9468178635536262,-0.78009422343948,0.4799393302306772,-0.6709751348555943,-0.14825891710757297,-0.5774718471961627,0.6082401544776488
899,1.1476874178106382,-0.9379771219786814,-0.5661479267905347,0.1151010037452906,-0.1651676427214362,0.9451017090314913,-0.789134927926969,0.4811296545833425,-0.6821351850058378,-0.1589674301339231,-0.5821443259770867,0.6033892118835283
900,1.138960573944858,-0.9270260601922489,-0.5712508628291582,0.4543846897099594,-0.1740982711548713,0.945915432519348,-0.8007511544236294,0.4810877613622494,-0.6940041142025373,-0.170082928101867,-0.5867581529185706,0.5973743523839585
901,1.1270742744993048,-0.9158488514528687,-0.5740878674188086,0.7107599115840392,-0.18034249980139536,0.9469470227670129,-0.8109534204649342,0.4788326042538368,-0.7024660588394126,-0.17821151197492957,-0.5923061296791565,0.5936549579297611
902,1.118706601285555,-0.9053549274283789,-0.5745353874250627,0.8526523550082118,-0.18478997620973,0.9470594422304339,-0.8157749355745199,0.4741740597715352,-0.704572936622629,-0.18291449799292936,-0.5995834353425887,0.5933619420924938
903,1.1172267180690125,-0.8953317897668479,-0.57359561126093,0.8763906704101437,-0.18865024563194785,0.9467328177050397,-0.8154838836594379,0.4680105033529656,-0.703239274966295,-0.18782038763502476,-0.6062592738846939,0.5944215646451292
904,1.119236937858357,-0.8854622648759755,-0.5723691127856096,0.7846628277552483,-0.19313127325055024,0.9465099807252185,-0.8131310795407714,0.4613843026339105,-0.7030232678641873,-0.1962850950513328,-0.607949925821351,0.5948062360116089
905,1.1207438282148658,-0.875257758792885,-0.5720789620026367,0.6124013052601534,-0.1994394986898444,0.9465239653140545,-0.8114323339564279,0.45582027547918313,-0.7066053047406023,-0.20742833524497672,-0.6026871018282279,0.5945699493298596
906,1.1206727250231165,-0.864157630095841,-0.5739987125078077,0.4090290293792246,-0.20843349979455716,0.9467222847742388,-0.8119103679228509,0.45305240531549384,-0.7139369907296957,-0.2184670403610079,-0.5961247189294581,0.594701606798149
907,1.1199647595276438,-0.8525184995914235,-0.578573732618329,0.21327880073088815,-0.2192416914077319,0.9469535765034031,-0.8157494057182892,0.4533360212610064,-0.7245144129868799,-0.22818376726186945,-0.5951242814252925,0.5954069912915604
908,1.119469267739863,-0.8426497307347122,-0.5844864331637839,0.040984015652210895,-0.2304635659271852,0.9468579848420617,-0.8217704886335857,0.4537776090195157,-0.7358120684825339,-0.23871253736867268,-0.6006092275277491,0.5952156708861115
909,1.1195810408831262,-0.8367854444698077,-0.5902699810300086,-0.09585525565342572,-0.24115358119058145,0.9461342294026827,-0.8264879890823704,0.4513135199280147,-0.7443007914696702,-0.25238918647140185,-0.6077069346657513,0.5925588676052932
910,1.120557406667635,-0.8329287266013392,-0.5954534766817933,-0.196940058924592,-0.25105623256507914,0.9455899638244701,-0.8273046611443828,0.4459128582796584,-0.7487107791995561,-0.26859122585844175,-0.6125181312966463,0.5873810716331466
911,1.1215390111209291,-0.8261241666138904,-0.6002625141333204,-0.27015423220713497,-0.2598133471899432,0.9468082641869012,-0.8264249284144457,0.43966553690013765,-0.7533674691518923,-0.28462737787082776,-0.617067907741128,0.5806850800337282
912,1.1204220922191281,-0.813945687596411,-0.6050044221634986,-0.3227490699714347,-0.2656980756657991,0.9508091291739796,-0.8274736821990282,0.4341726798041988,-0.7630463354122535,-0.2980911463199566,-0.6251136072277,0.5737464966324709
913,1.1156844525100647,-0.8027356521108951,-0.6102148546064625,-0.35926598849834174,-0.26629607311473097,0.9566524232092759,-0.8319910450282045,0.4292333163533217,-0.7757289378831558,-0.3076838603049044,-0.6368168009948258,0.5686909799208607
914,1.109672889907082,-0.8003799793978938,-0.6164212271997216,-0.38367416348058603,-0.26121711419006294,0.9629928878148034,-0.838496751571431,0.4242793767146342,-0.7837021603033261,-0.312400756342779,-0.6471297959587701,0.5676838000732364
915,1.106140064187471,-0.8067255799027914,-0.6226864507060871,-0.39995981528254737,-0.25500230523996087,0.9687255415695532,-0.8452926720793212,0.4191026050662161,-0.7814790231317131,-0.3127843102724946,-0.6513349456320413,0.5692593407242413
916,1.1063353581451671,-0.8130431232976768,-0.6265110607751248,-0.4121273480038779,-0.2525931823652501,0.9730017373774827,-0.8508265319425011,0.4138786052969861,-0.7740584817105848,-0.3110276363755642,-0.65046784323524,0.5680784535870628
917,1.1069748853783827,-0.8118876597139163,-0.6262310710389368,-0.42354071479379013,-0.25359738271850074,0.9750903469488003,-0.8536212097647006,0.40875519112810155,-0.769187391301654,-0.3093008007194022,-0.6482585686763256,0.5599474294616432
918,1.1046093153608016,-0.8051731474278921,-0.6251946385292478,-0.43403762896019604,-0.25333850068947994,0.9748377355568806,-0.8534813488101071,0.4036245663422626,-0.7694898958370646,-0.3092050404965866,-0.647356702647628,0.5480079666542642
919,1.0991867835843216,-0.7979763241814289,-0.628418138183598,-0.4422649343857786,-0.24858578456949965,0.9722908794554946,-0.8530052725541956,0.398295585514125,-0.7704672529809684,-0.31212343903355166,-0.6480221416398158,0.5378652668999162
920,1.0927440321921595,-0.7928297640960744,-0.6377823478149418,-0.4478834243681497,-0.24241411090987308,0.9677172753988778,-0.8549911456212934,0.39285660225557556,-0.7677215519838942,-0.31779846913597853,-0.6502536371793598,0.532060603476382
921,1.0869183302623664,-0.7881090221967283,-0.6500478209976577,-0.45221052927450905,-0.2393767009609981,0.9617440645527666,-0.8600212711454519,0.3878522810346162,-0.7618385922621779,-0.32329514226630507,-0.6547574269996441,0.5281308731927952
922,1.0820443475499242,-0.7821301328193107,-0.6617782418963629,-0.4566291487746014,-0.24011569610722916,0.9551176793750796,-0.8671143424728016,0.38368926036732287,-0.7557771264424586,-0.3257648283089986,-0.6627387627352054,0.523431300443374
923,1.0781580108905229,-0.7761874304724621,-0.672068854655542,-0.46171941178097137,-0.24035047497527454,0.9493770831734947,-0.8747476447902208,0.3791171892008024,-0.7510939414029764,-0.32542445931102937,-0.6742258988378882,0.5178902335365562
924,1.0740883006523574,-0.773175037717532,-0.6813767615833161,-0.4676276676148102,-0.23633780451688174,0.9464847113944661,-0.8796865210290893,0.37199633269588234,-0.746010254539682,-0.3241415704188137,-0.6852501834741714,0.5128200262233056
925,1.0674637653728283,-0.7740015318106807,-0.6893360281428393,-0.4739426163322944,-0.23012240080891322,0.9469256412143274,-0.8785165461518828,0.36157403503736485,-0.73838994393197,-0.3234145412929621,-0.6911636266773978,0.508606379863853
926,1.0567967461966985,-0.7744735982851302,-0.6934486676868751,-0.4788418644507437,-0.22613966987542666,0.9474077800779387,-0.8723258970248515,0.3506561306004889,-0.7280478608766955,-0.3237598027947699,-0.6913373524719499,0.5032382157139909
927,1.045495787221945,-0.7699949351049475,-0.6910187346870919,-0.4804507792644913,-0.22621936863338166,0.944300320026606,-0.8669160061871785,0.3424398241476029,-0.716364392118397,-0.3254241078689342,-0.689349632709903,0.4945120938592723
928,1.0385180017010132,-0.762634842667924,-0.6816412235892099,-0.47972939410879833,-0.2269760346922169,0.9382317857252874,-0.8685072548418682,0.3373189726200488,-0.7047266312318455,-0.32672196534925835,-0.6895887684149887,0.4833050055133409
929,1.037638501430777,-0.759980702948479,-0.6668076706428842,-0.4799844046966906,-0.22469948136638876,0.9333567664539544,-0.8843610698686465,0.3333666971940464,-0.6943662815865801,-0.3243682866234212,-0.699679593980173,0.47304405951611
930,1.0395128971539778,-0.7673227819460682,-0.6495388186255712,-0.48369378476873615,-0.2192605983563297,0.932617912537652,-0.9219847090216434,0.3289054986700422,-0.6864473468154438,-0.31614630780909536,-0.7282569525875229,0.4663072076475378
931,1.0406451136520407,-0.7798506576435218,-0.6388915478235176,-0.48964755920734876,-0.21291830442966211,0.9335529045717338,-0.9829957168221738,0.3235670790807976,-0.6810099316069768,-0.3044174130319906,-0.7805363273715727,0.4618755311038336
932,1.0404537604935227,-0.7902883826893452,-0.6452150133731298,-0.49572239793089473,-0.20738998738562278,0.9323799021085688,-1.0598486701032719,0.3173436866344851,-0.6765985597236235,-0.292659445779069,-0.8564126772948358,0.45758878237653117
933,1.0399497688968182,-0.7958420356037719,-0.6695819262460642,-0.5009525392628611,-0.2024849344350421,0.927708294041386,-1.145314244518292,0.3111394193834517,-0.6718188673242347,-0.2822807800877574,-0.9552401526809235,0.45244210409156516
934,1.0398364866680523,-0.799371719105077,-0.7013628722109724,-0.5058324809768052,-0.19763512439588082,0.9211639776362045,-1.2415963404084531,0.30700866289444384,-0.6665169447249144,-0.27207917805094206,-1.0756847892829609,0.44688815048169256
935,1.039953090762048,-0.803711855699294,-0.7300438914723019,-0.5108751826522516,-0.19255014609180712,0.9145092375453263,-1.355636024034714,0.30651097002109423,-0.6611033365735289,-0.26100171287715873,-1.2160595549518676,0.4414214453280604
936,1.040009384634929,-0.8091011289439057,-0.7509012262132577,-0.5160914839938061,-0.18723024134216062,0.9091279676197949,-1.4859081961813159,0.30739454003244826,-0.6558477568760299,-0.2501157302510905,-1.3732514006960248,0.43619254024546195
937,1.039963451447165,-0.8147134281902488,-0.7615911837390527,-0.5212868029112563,-0.18175052442166417,0.906239885824049,-1.6108992673267506,0.3058605370191688,-0.6506970591543932,-0.24135089284199082,-1.5408013756216556,0.4312090283722692
938,1.039993768000299,-0.8200148254492999,-0.7597081867629402,-0.5263898752969123,-0.17652051703746358,0.906023534763086,-1.706492325191223,0.30052529429881125,-0.6455566579256098,-0.23549834407647685,-1.7108296082185448,0.4262923830255665
939,1.0401956017003766,-0.8250452353546456,-0.7427122363615589,-0.5315701731411361,-0.17205031674610835,0.9066362697083281,-1.7524584910496446,0.29470513157177697,-0.6403707015748012,-0.2311328419290831,-1.8617214849771107,0.4209034506398905
940,1.040247363553742,-0.8299256331339536,-0.7081052562128635,-0.536985358844829,-0.16791575524593047,0.9062277772214493,-1.731513732007353,0.29194900665194246,-0.6351130907200507,-0.2266614694985689,-1.9614602942081556,0.41460634869351837
941,1.0397241007007767,-0.8349511304303163,-0.6540494356271938,-0.5423388288376401,-0.1621532669215565,0.9055322445339988,-1.6329278836321877,0.29226829995624515,-0.6297962668639966,-0.22149233718383662,-1.9833657407102288,0.40863068070609
942,1.038988712424593,-0.8405281099738812,-0.5791309391780718,-0.5470433771635648,-0.15299720762112856,0.906938424571412,-1.469599542170571,0.29340916610628415,-0.6245819154556143,-0.21567480454708482,-1.9211540113563688,0.40527194431255276
943,1.039532388813253,-0.8466036083964713,-0.4840028806782319,-0.5511004915621989,-0.14192072799279898,0.911713116332203,-1.2596748337933001,0.29371288193633316,-0.6196576620967391,-0.20956529764987714,-1.7734520239941365,0.4054970837310784
944,1.0427147648864403,-0.8517087813859398,-0.37564312230562463,-0.5563336634013991,-0.1321820835877639,0.9175954642966684,-1.0174114661625078,0.2934615141229724,-0.614805239457457,-0.20443084247340318,-1.5464282972271444,0.4061406085061593
945,1.048125773067618,-0.854183499979753,-0.2622910926455225,-0.5647920686619897,-0.1258278883008674,0.9217144396900513,-0.7527017402522804,0.2932870141796071,-0.6092893866780626,-0.20165689127393144,-1.2547180705908383,0.40342231097798253
946,1.0544974658321091,-0.8541279655760037,-0.15333245002473192,-0.5758066672218171,-0.12163751541570252,0.9226283382735668,-0.4745588887856885,0.2933489986320901,-0.6026651672844656,-0.2013950708015536,-0.9125731580973285,0.3974509107706854
947,1.0606084210195592,-0.8533651636001004,-0.059274634416559724,-0.5860481800684926,-0.11787880933242621,0.9202942940807787,-0.18827847610791754,0.2933448235179602,-0.5967998108052461,-0.20258949873756463,-0.5294618463898807,0.392141107316532
948,1.065360195512613,-0.8533802534287533,0.011245066383751825,-0.5928372290391736,-0.11326904898031612,0.9151081511201475,0.10197560129950539,0.2930797990828921,-0.5945511584067086,-0.20405031443110283,-0.11340983861362201,0.3906383614535354
949,1.0677429580431497,-0.8536204519286837,0.0591216151155631,-0.5972790122691017,-0.10691707893547611,0.909356361150267,0.37771180941445487,0.29299212186765455,-0.5961601824721161,-0.20417250392952005,0.3081169759593526,0.39147197757378616
950,1.0678544973716115,-0.852928862887918,0.08817879688717446,-0.6016297588103563,-0.09817394140960864,0.9058765342190848,0.5964846930478931,0.2936964502573398,-0.5962466441268963,-0.2012575158843953,0.6751514698220795,0.3917791351961262
951,1.0666697790258661,-0.8516783376844166,0.10070212831519422,-0.6068926536122679,-0.08740288076033483,0.9055817970538754,0.7170877387437266,0.2947254080383661,-0.5892437198279835,-0.19552632968099695,0.928341811676655,0.3908690681603065
952,1.0653010057028727,-0.8525276342634365,0.09667742161166686,-0.6121981528769634,-0.07526770670330733,0.9065096108034257,0.7310745516525233,0.29399484642802,-0.5771323024359036,-0.19006798055892432,1.0428607246459576,0.39129696297554234
953,1.065316045807256,-0.8576928227135497,0.07638797201172015,-0.616736268129742,-0.06335332917176398,0.9067219794344229,0.6478417098593423,0.2897231601992152,-0.5674421634209976,-0.1877971372426737,1.012710690141714,0.39539692481504113
954,1.0683434494969155,-0.8642016569737979,0.04411822202695484,-0.6214498981519836,-0.054502793951302496,0.9064212433055951,0.485712261627629,0.2837113152262962,-0.5654098594599776,-0.188258733789842,0.8519282317281985,0.40149370998151135
955,1.0739945987648132,-0.8665410798520825,0.006112639238539437,-0.6281406883313889,-0.05114234843597236,0.9068583126485875,0.28520228998553104,0.27951598605329625,-0.5671708007196703,-0.1893426628677884,0.6248969776706426,0.40594608127696985
956,1.0793058552183878,-0.8621641035048745,-0.03352054813323216,-0.6376915575657708,-0.05188798932921255,0.9081649460126807,0.08892971774940317,0.2789674802498979,-0.5668302895230791,-0.18963355892609907,0.4014245025863881,0.4067551534577204
957,1.0815776478111825,-0.8554493865121653,-0.07566324473390736,-0.6488390765686808,-0.05362925450294711,0.9078582760326482,-0.0826734476093818,0.27986063228582503,-0.5621359677981578,-0.18935539721755554,0.21164713096804946,0.4057659094257935
958,1.081148037832501,-0.8514863138681171,-0.12184166657164186,-0.660066698954252,-0.05423817897226444,0.9033940322035119,-0.2272045136242572,0.2796280998811087,-0.555276623081578,-0.18895840564757696,0.0534624695901537,0.40523549082267757
959,1.0796580756724978,-0.8514178428039739,-0.1726753115702165,-0.6705996472219006,-0.05374262448713594,0.8967489854818403,-0.3438871871435687,0.2787631388222409,-0.548553867745648,-0.18880861004313731,-0.07618218312545227,0.40548986585637387
960,1.0786029213363661,-0.853391632240232,-0.22809547063643684,-0.6802261355778905,-0.05233037863223641,0.8933313164464793,-0.43630775797810106,0.28008195832420774,-0.5432095605043273,-0.1892081225079746,-0.180405065910472,0.40538926540576664
961,1.079162905518024,-0.8562476913422404,-0.28697345117817513,-0.6883718762591418,-0.04850315199898523,0.8967244816991441,-0.5090942478916203,0.2852140355019913,-0.5400421962444437,-0.19010616234659014,-0.26234430043763646,0.4043838298513216
962,1.0823626603906422,-0.8616741712684534,-0.34430801321812643,-0.6930643538072433,-0.039541770236828554,0.9034184097467838,-0.5657036192157534,0.29116703634282987,-0.5392948198896282,-0.19014740455379003,-0.3252600511020829,0.40424991890935125
963,1.0876940578692613,-0.8718767580629013,-0.3942913795815715,-0.6921092289174116,-0.02433539694116752,0.9083491709088263,-0.6081826126581877,0.293994948525967,-0.5400758802372003,-0.187721571597363,-0.37255944946521974,0.40722066834268955
964,1.093566870884866,-0.884705479844213,-0.43391477164918685,-0.6864296675822974,-0.007624570369006692,0.9092574009561918,-0.6384499949608047,0.2933628139651387,-0.5413430304631364,-0.18266976111862293,-0.4075314715573299,0.41300655610460574
965,1.098806035420349,-0.8929717416971038,-0.46340729101049166,-0.6805551644523643,0.004679953638496066,0.9071280556514147,-0.6581492540786815,0.29311294040951735,-0.5418982376701961,-0.17651202087512857,-0.4326733369690665,0.4183998507839859
966,1.1037834043796286,-0.8909643149264129,-0.4835921014904082,-0.678422879882283,0.010697166059426942,0.9030547381206336,-0.6688337263646945,0.2965689507911012,-0.5404339628951386,-0.1706803476564368,-0.4501769760116667,0.42057761866844023
967,1.109182544518008,-0.8836066936876107,-0.4977934619228138,-0.6791711812182859,0.01312155073950974,0.8976940604721618,-0.673526250192084,0.3025085825410298,-0.5361890121292842,-0.16550797219537747,-0.46218946750366036,0.4200284220621827
968,1.1148129030655451,-0.8797480262694054,-0.5102418401609801,-0.6801582902881775,0.014459188241502469,0.891543057445748,-0.6778913548252928,0.30803152663266076,-0.5303639942329289,-0.16091252761383598,-0.47077842438469686,0.41847734150129123
969,1.1194884685167878,-0.8835964413685427,-0.5225578909873214,-0.6800575508757128,0.01459441695836343,0.8854438091342451,-0.6871451235309981,0.3122214371878465,-0.5245656829267371,-0.15639944326382582,-0.4778297558195566,0.41746355611953057
970,1.1220630732504324,-0.8911119460143165,-0.531728070565571,-0.6798816321907122,0.012445164788137213,0.8808512093173205,-0.699107218108126,0.3176879107520389,-0.5194060614042169,-0.1507439308780691,-0.4834584088812203,0.4181925243569853
971,1.121967141428833,-0.8977664885233355,-0.5347556911929481,-0.6806752191968855,0.007771651504353575,0.8790851105634065,-0.7072745474490045,0.3269822418588123,-0.5143358560647984,-0.14275361606193604,-0.4867441531095991,0.42166977141960504
972,1.1188592751843771,-0.9027087369691298,-0.5336888222066939,-0.6813511763599186,0.001846239519865101,0.8794389825401773,-0.7081364052301442,0.3383519700414627,-0.5088840114190561,-0.13233559342181034,-0.4873745221973517,0.42720545112850467
973,1.1133762916132135,-0.9072414273730616,-0.5335294789189937,-0.6795748633301596,-0.003980913999391689,0.8800198288243742,-0.7065311995455418,0.34752537648772464,-0.5035045907665264,-0.12004223148073534,-0.48673821468899825,0.43311699181322316
974,1.1079645459038632,-0.9122812091831749,-0.5375016383903304,-0.6743662381341834,-0.00919854744576831,0.8797091896593029,-0.7084147440648815,0.352364620407649,-0.499020549906914,-0.1071880243390524,-0.48643661851866504,0.43831575740858714
975,1.1050773183036926,-0.9175923608333,-0.5437682723246046,-0.6685655688288273,-0.013799236100304419,0.8795897030530738,-0.7142907232158979,0.35676950265403223,-0.49661333600291063,-0.0971892822395827,-0.48668776185365,0.4434039007621488
976,1.1050460807949196,-0.9227622509652534,-0.5497195071993201,-0.6655191760425007,-0.018106007192397803,0.8811046733301052,-0.719909999562801,0.36539015605151054,-0.49816385474434616,-0.09368547445827334,-0.48650374720301137,0.4492024868061545
977,1.1068681721406157,-0.9278041657520937,-0.5546944699079617,-0.6656263786588374,-0.02338214027151989,0.8853181923419151,-0.7218627225873415,0.3772758005664222,-0.5053585303178474,-0.0976402226263588,-0.48539521570998484,0.4551318075490638
978,1.109068799688198,-0.9331137638587793,-0.5597820254766498,-0.6666407899538711,-0.031000650266960784,0.8929539094656322,-0.7210142579164414,0.3864473705242331,-0.5164879651535589,-0.10761487456194947,-0.485180360215449,0.4593545945699939
979,1.1087717196982132,-0.9381741083395092,-0.5656834200907731,-0.6667461314005206,-0.04108415973760664,0.903981289851365,-0.7193636430696213,0.38850293380084583,-0.5275569471005421,-0.12195570564544862,-0.4882254977594735,0.4605501236254661
980,1.1029813119686604,-0.9383001067198499,-0.5710758502263039,-0.6664845684952238,-0.0525738455135017,0.9150300642422239,-0.7185128307087172,0.3869418188767321,-0.535373296845407,-0.138424958898034,-0.49423325686295605,0.45992328722186254
981,1.0922972176080061,-0.9276859111701411,-0.5741008280037118,-0.6670276785836812,-0.06429166706513642,0.9217685159332166,-0.7195507205222945,0.3874074288878618,-0.5396224682136933,-0.15465817692770095,-0.49946475021721043,0.45936190798713517
982,1.0809731913453677,-0.9027745313324044,-0.5743669359009276,-0.6680667849204728,-0.074705711447873,0.9188849234455386,-0.7232873059610517,0.39213710506372657,-0.5406421744631444,-0.16993627525076474,-0.5006975814588207,0.4595590603446864
983,1.0727961087802134,-0.8630872123478156,-0.5734908674825346,-0.6672670473514122,-0.08221027078817167,0.8997262420107178,-0.7288706609001837,0.39870593906347607,-0.5399243426602348,-0.18579230421929102,-0.4997624862614472,0.45957244124167634
984,1.0681687532826876,-0.8081825277564615,-0.5730416595391846,-0.6627049683953387,-0.08698240329520088,0.8580088301908521,-0.7347634686530754,0.40464471435485994,-0.5402509217280165,-0.2030022409153828,-0.5005736534807239,0.4586302179728623
985,1.0663593898333679,-0.7362502484799448,-0.5731625070942205,-0.6565839749963257,-0.09184316702381204,0.7908996139520533,-0.7400537089596076,0.4096478812519142,-0.5439102190474127,-0.21553581777558684,-0.505083990914448,0.45809608024665405
986,1.0663601996801106,-0.6448876308029096,-0.5733580875160366,-0.6529444057170458,-0.09950932215665051,0.6971368657841066,-0.7450429883067153,0.4143797461977289,-0.5497627415938341,-0.21434403257948004,-0.5114402087543894,0.46028172558705294
987,1.0667105996597555,-0.535343792936014,-0.5733472455862867,-0.653320262333645,-0.11005236939095381,0.579340262352265,-0.7501377739282336,0.419335784492912,-0.5553903997475658,-0.1963227773790646,-0.5174960776094867,0.4657770640723818
988,1.0661344916423674,-0.4166006655957293,-0.5733083829733574,-0.6539240320311365,-0.12223187216887267,0.4483262642639265,-0.755364352984505,0.42464451587910795,-0.5598949959641002,-0.17097685930806042,-0.5227010878566524,0.4715194146533389
989,1.0655396638453214,-0.2985872643146042,-0.573448679827973,-0.6506791801749274,-0.13441667070186789,0.31586075265117375,-0.7605100771769862,0.4303409680772913,-0.5652233244889768,-0.1488334461062274,-0.5275080612850731,0.4742361057980861
990,1.0670530238506613,-0.19075697064424194,-0.573592157428019,-0.6445166034100682,-0.14407054279047804,0.1925023974515918,-0.7655009687045096,0.4358563526035427,-0.5734246017250686,-0.13291008247226788,-0.5323734879698148,0.4739416662833571
991,1.071717012423491,-0.1022325197299974,-0.573296411911552,-0.6398496239335741,-0.1487104807796817,0.08797024929378837,-0.7706848494470685,0.4402019304947688,-0.5841197758484475,-0.12100117833902953,-0.5377185541424426,0.472936783770352
992,1.07757278126244,-0.04311035001474485,-0.5725084632692587,-0.6394574490869211,-0.14870280454595658,0.011995536110441242,-0.7764409805808288,0.44242959794768,-0.5953662416485319,-0.10995322467683676,-0.5438963667409634,0.47288033821583225
993,1.0822979528167918,-0.026785664190846825,-0.5725037821454035,-0.6403837459931545,-0.14665310137262194,-0.02559235300209439,-0.7822023213754592,0.4417565808145304,-0.6057990584718332,-0.09377898281199916,-0.5500015795727136,0.47311598930883597
994,1.0863799617055125,-0.06666433623083623,-0.5747885674611912,-0.6385942188445387,-0.1449880142765076,-0.015421141128892181,-0.7865170729467822,0.4375206808446871,-0.6160083872363233,-0.06619214132524881,-0.5539522381544313,0.47256197865714583
995,1.092855133214951,-0.15864624055809592,-0.5796279884264439,-0.6333141457325604,-0.1451948219003357,0.03962565557042873,-0.788231404042584,0.4312618470184669,-0.6269270231493205,-0.0285073039397607,-0.5544046328240306,0.471701534792082
996,1.1036415002495477,-0.28005579751366877,-0.5859703691114707,-0.6272275084418665,-0.14847680188078288,0.123660012347067,-0.7877320671714003,0.4268567063594031,-0.6381190063488317,0.009895664919343409,-0.5536510340876309,0.4726784793836794
997,1.1149623081886733,-0.40916225516387383,-0.59262433817054,-0.6225317554978824,-0.15418678058771543,0.2210741715893885,-0.7858700656546835,0.4271063917658836,-0.6476835920992907,0.04092448077919673,-0.5549927672074839,0.4770848311735509
998,1.121444712892416,-0.5342953341993955,-0.597982522771546,-0.617854041952054,-0.1593985534709069,0.32122088676817967,-0.7842941459966714,0.4283197371972778,-0.6541262132886848,0.06564852228370659,-0.5596959442187504,0.48305985792533523
999,1.1216882983869467,-0.647201579107128,-0.6003235862629058,-0.6106368668402534,-0.16151248553943592,0.41516728492518773,-0.7857591615043327,0.42466015447836425,-0.6587231251705389,0.08816686188904552,-0.5662044435084203,0.48758803445434173
1000,1.1201085194726697,-0.7395022382142122,-0.5997938673166324,-0.6002702788300557,-0.16102312903231983,0.49593936997550053,-0.7926195330052733,0.4144311728142362,-0.6637291685588894,0.10688365970181664,-0.5732214561602714,0.4889143076836847
1001,1.120860474182088,-0.8026106178677196,-0.5995713717694466,-0.5893070729576657,-0.15968078613431191,0.5597404025198665,-0.8036686759601077,0.4026592156902089,-0.6698025946651184,0.11095533596818208,-0.5829015352999839,0.4873311019783696
1002,1.1220840231861182,-0.8297781225434148,-0.6026991480316627,-0.5804360267311003,-0.1588968322688057,0.6042038051952741,-0.8161074458244044,0.3944325691279267,-0.6747475926857075,0.09041346761978668,-0.5989233800351718,0.4833603934154422
1003,1.1189473673922365,-0.8312242602246593,-0.608452336143816,-0.5749439209289889,-0.15941445801982085,0.6373734639107682,-0.8276805189373795,0.3897835977442049,-0.6763688771470506,0.05101793428330313,-0.6213798570072374,0.47790957812732865
1004,1.1105341355669278,-0.8262439512387886,-0.6140911466171936,-0.5733630861393884,-0.16187736846349882,0.6728558992344041,-0.8372806909494692,0.386038205125484,-0.6757059400699637,0.006943603876194064,-0.6428815706693043,0.47209168996028755
1005,1.1054281295083792,-0.8283189827101213,-0.6183065483523593,-0.5748238742114435,-0.16666589746835983,0.7184705824320006,-0.8440786228474877,0.38131340841611716,-0.675790231738294,-0.03192204878146932,-0.6557518774618893,0.46668076659797986
1006,1.1128958818220616,-0.8359786771783904,-0.6234644225882737,-0.5749213291043959,-0.17398879308923437,0.7672351856389418,-0.8489099808179293,0.37579653294962584,-0.6789229752468168,-0.06676096273102092,-0.6603268215086732,0.4615866733565064
1007,1.1305460915330408,-0.845554250510676,-0.6322742137438324,-0.5690237776002847,-0.184660869110431,0.8103050282810422,-0.8537346656943566,0.3700026986308783,-0.685063309372044,-0.10032452467531952,-0.6623536665293039,0.4565847131205898
1008,1.1465517370781615,-0.8556195214404732,-0.6436307126052282,-0.557891603733521,-0.2014353852727299,0.8462592486327563,-0.8596550157185189,0.3645255710013862,-0.6937083684867997,-0.13274436929143257,-0.666302878047599,0.45145495558022897
1009,1.1502883759791451,-0.8665948090512926,-0.6532878242612823,-0.546724869982238,-0.22731960856737746,0.8797895625932947,-0.8649568223649569,0.3600234880186892,-0.7040682757409575,-0.16199509618567395,-0.6722262601293048,0.44598139528780056
1010,1.1372119835476928,-0.8784273946593149,-0.6576900226128066,-0.5395898320352109,-0.26217646845760684,0.9140649065494677,-0.8674604620898027,0.35653316934111745,-0.7150590520000051,-0.1864485146981959,-0.6792570915806959,0.44016153057315555
1011,1.1043402670437934,-0.8889128066926725,-0.6564770741213944,-0.5353936051829234,-0.3026471967206536,0.9453069630467237,-0.8672456299646658,0.35155034324401463,-0.7251922928196889,-0.20635686773822998,-0.6857195239611549,0.4348624279399857
1012,1.048439046163424,-0.895345306082719,-0.6501269239702835,-0.5317533840914924,-0.34643160154930264,0.9680726588110974,-0.866657424015809,0.3419916167061496,-0.7308250651276412,-0.2224329109373443,-0.6891264026055941,0.43111115941274647
1013,0.96594549520543,-0.896702837781335,-0.6399946330452845,-0.5271529708911643,-0.39765234694398677,0.9806866535741514,-0.8674491208116952,0.3272234737428836,-0.7275757921630351,-0.23472629510071613,-0.6880975895030785,0.4277218971009136
1014,0.854300168407571,-0.8940758013613372,-0.6285357457870492,-0.5211634676030155,-0.4624386938995292,0.9862008392375597,-0.8678975305817506,0.3096861663268532,-0.7110104973913516,-0.24245469842612424,-0.6870024551901857,0.4207323714849193
1015,0.7183532865685207,-0.8888122486233627,-0.6179128772637177,-0.5138296379625318,-0.5385719175054065,0.987783999511785,-0.8652372340768587,0.2901545906929264,-0.6766068467900599,-0.24511442607529652,-0.6919155623196108,0.4056206463627288
1016,0.5662182879092771,-0.8830846748548408,-0.6078722622272961,-0.5078927837599336,-0.6103798772855755,0.9873872695429501,-0.8593449225856192,0.25701021574475347,-0.6205872569597574,-0.2444094758749977,-0.7035445108722136,0.37530861402875765
1017,0.4073003717030977,-0.879390638214151,-0.597182326600057,-0.5071708676002432,-0.6615489502023336,0.9864606079881958,-0.8540313655236936,0.19363552568422113,-0.5469349151502648,-0.24293881770764927,-0.7146057618001539,0.32170469377927763
1018,0.2537327005024179,-0.8788152869917814,-0.5857783885062932,-0.5124586680356583,-0.6810913583679937,0.986040814213016,-0.8527748533582141,0.09130916166630532,-0.4642017365412713,-0.24242623754910658,-0.7182828799673971,0.24042996412675446
1019,0.11812196158066017,-0.8797142346466817,-0.5758549128703774,-0.5187063542978971,-0.6609035928187974,0.9863696752417351,-0.8537922071362289,-0.043412295911759755,-0.37859663877719135,-0.24290020216179598,-0.716768058151849,0.13428127184178312
1020,0.01474438161338076,-0.8802635262281298,-0.5695431228611046,-0.5207407393588466,-0.5979754503171264,0.9874868792680409,-0.8527697036608848,-0.20207098494019726,-0.28927394998544326,-0.24410570278547106,-0.7165906109848246,0.007086297606620219
1021,-0.04091908049015015,-0.8801458149000748,-0.5653069409909229,-0.5195979531592199,-0.5024311715222736,0.9881596584598765,-0.8476855536284511,-0.3744039177926392,-0.19444639984193038,-0.24475919467293458,-0.7213031364187694,-0.1349048044175533
1022,-0.03723095657832704,-0.8800031480401015,-0.5592755549906672,-0.520267566400856,-0.38643279532291447,0.9863455013196062,-0.8416981967282134,-0.5489961233200834,-0.1000425466789586,-0.2429227071231423,-0.7277149749522677,-0.2838972608262279
1023,0.023431156571865126,-0.8802053697765941,-0.5492210058456285,-0.5255910486699864,-0.26103242099012447,0.9811707675203997,-0.8384458638266218,-0.7104553733430407,-0.019561693283060136,-0.2377687111882359,-0.7318972514485754,-0.42906808665125856
1024,0.1352974473400973,-0.880244536675939,-0.5380434155558302,-0.5316604496322642,-0.13633584837226298,0.9753685736638814,-0.8384742394550008,-0.8313088091128931,0.03519388429871549,-0.23189050059439775,-0.7323899692653303,-0.5504291065782297
1025,0.2858121288809014,-0.8795060274412935,-0.5294813096418379,-0.5335416264909623,-0.022753473897376093,0.9722307448381425,-0.8400865573202736,-0.882450328930023,0.0629744579597375,-0.22842455151610738,-0.7295233946404079,-0.6264262081670489
1026,0.45452189940347537,-0.8786942455048059,-0.5242846130570307,-0.5319282141612363,0.06786102846822158,0.972268214659937,-0.8415715966315862,-0.8493082324763154,0.06598764317118785,-0.22816084558266972,-0.7241000889666563,-0.6393670547927427
1027,0.6204973244247739,-0.8797975458293134,-0.5202941178261069,-0.5329919812495405,0.12351120393817419,0.973284969876243,-0.8413423264005644,-0.7314587474377666,0.047459164599176644,-0.2296052637565803,-0.7184226342473781,-0.5753184000581516
1028,0.7626108548931941,-0.8842040784173134,-0.5156143769575171,-0.5414120317428852,0.14239888307135515,0.9734372789201405,-0.8379239649030417,-0.5310722667897365,0.012273886977943061,-0.23116668489505532,-0.7150483972277999,-0.4256891402070089
1029,0.8597997571621001,-0.8900735183530147,-0.5102483870945284,-0.5533710541909826,0.13635485979453457,0.9731759053179897,-0.8320866193430599,-0.2602436832476151,-0.03422083305161763,-0.23124191479809292,-0.7146817128218056,-0.2075165868451611
1030,0.9066647775896722,-0.8945901753093587,-0.5047797869622973,-0.5625159435746082,0.1176937176508656,0.9736343519460396,-0.8270143977667445,0.06558516724005675,-0.08366826742324472,-0.22825884049013717,-0.7160342915666017,0.054176654905413166
1031,0.9274590352805877,-0.8960154500337925,-0.49953986453311333,-0.5669971653576816,0.09531932964273003,0.9746191515167596,-0.8253386188305049,0.4155670925633089,-0.12602401676103644,-0.2225138610175683,-0.7176663227311842,0.3298933111935422
1032,0.9482859645729569,-0.8942116365040859,-0.4944846877373868,-0.5716582463405147,0.07659930283878191,0.973964763546147,-0.8260214592570202,0.7359650135641356,-0.15658521359553718,-0.21707984213246082,-0.7178479206881093,0.5834904187070138
1033,0.9784578906809609,-0.88938852345458,-0.48952347939820373,-0.5810395275820734,0.06516769717096059,0.9697855689999691,-0.826798103688521,0.9754000271235144,-0.18564963524150563,-0.21484275014238471,-0.714782755579229,0.7804850323040994
1034,1.0164937068733828,-0.883536324743898,-0.48443134283221406,-0.5927537559792067,0.056738030292709137,0.9637969238026862,-0.8266489335119799,1.116998805791673,-0.22559118507995235,-0.21531450467300775,-0.7087707391461675,0.9043947461285277
1035,1.0595981443790272,-0.879510620543322,-0.4789194684951365,-0.6010407712098238,0.04642458283864948,0.9594692257287971,-0.826547301032733,1.160807277906203,-0.27790577910940145,-0.21635958231637373,-0.7034642559078931,0.9475938771937203
1036,1.1013616284065082,-0.8787930614654297,-0.4731191548617328,-0.6040497220322086,0.034824190666210106,0.9586874771892272,-0.8274044807941043,1.1169893689552182,-0.3338691872136068,-0.21658276324040562,-0.7022313892360592,0.9152943327453441
1037,1.1348425283125443,-0.8796811790726672,-0.46813215502182826,-0.6090040126003842,0.026417687247176785,0.9596505833563723,-0.8280096755785511,1.0187913243492364,-0.3856293506675249,-0.21632308244422543,-0.7032859959097297,0.8421929579599673
1038,1.1576614200840436,-0.8801454386114669,-0.46515016067878395,-0.6240753798237675,0.024194507973010662,0.9601681851556695,-0.8260534030106854,0.901796820623755,-0.4316489818404408,-0.21613484069967107,-0.7021691592609167,0.7656253284704242
1039,1.1721772551635963,-0.8799087031481346,-0.4646891713833807,-0.6526775254282582,0.025651680084700805,0.9599240408564088,-0.8207454643594655,0.788398705728699,-0.47233872904601426,-0.21615736522560178,-0.6967780647991799,0.7010341697992037
1040,1.180829669095612,-0.8800166628306029,-0.46675512112865675,-0.6946324614824858,0.02716454158644432,0.9600166182320217,-0.8149958179416973,0.6910323700350285,-0.507274761687913,-0.21621673201992836,-0.6907681773978589,0.6473358944395614
1041,1.1852893751145244,-0.8809627059624424,-0.4711239309261483,-0.7509005710074954,0.02723401892810263,0.9609752178709566,-0.8120656925680914,0.6185850708928146,-0.5347292339546224,-0.21619000980122763,-0.6883470579230593,0.6033354377340568
1042,1.186961930737069,-0.8810817788547005,-0.4767689615539888,-0.8269696537010717,0.02672282491875125,0.9611001114417431,-0.812211774519948,0.5677536703717085,-0.5531343818984705,-0.2161709070328779,-0.689129261407686,0.5689271184798691
1043,1.1871055533700234,-0.8782862782270107,-0.4824993624584109,-0.9291676724500751,0.026480271885446032,0.9582556998815356,-0.8133526270915593,0.5324889049044429,-0.5634342851968636,-0.21629514626709478,-0.6891550875117648,0.5441979082368855
1044,1.186731046441043,-0.8727493410604354,-0.4877517085422518,-1.057694423617334,0.026554513708949876,0.9526559958833184,-0.8138009853363279,0.5087070599864664,-0.5679245006688849,-0.216459630344868,-0.6854807266832487,0.52747468653238
1045,1.1867206879373364,-0.8672452334194386,-0.49268446860774295,-1.205698848389819,0.02670354715410405,0.9472183936726911,-0.813583447593306,0.49458591347441605,-0.5688063038204133,-0.21628648445707074,-0.6793365124127442,0.515059232242472
1046,1.1869176542539315,-0.8643549528697578,-0.49751978913451717,-1.3646182653932202,0.026763407180221164,0.9445977410451604,-0.8131293169584423,0.4879935493270823,-0.5679947623907382,-0.2155796239942636,-0.6729005069469794,0.503655113749981
1047,1.186571874068881,-0.8646340160081998,-0.5026227152129276,-1.5179456724712177,0.026707573120695913,0.9449731007317035,-0.8128662392629473,0.4841857027062763,-0.5672949337320401,-0.21532673995025872,-0.6673487655924117,0.4930531952646269
1048,1.1855797825301224,-0.8678773992284381,-0.5084025784430961,-1.6462105758044627,0.026541076124347206,0.9476055009301595,-0.8132199489526,0.4774918477283736,-0.5673090386190521,-0.21694782227713663,-0.662701691558201,0.4841887989373519
1049,1.185667826693401,-0.8732280301099153,-0.5144942244002433,-1.7290918012615901,0.026450086824134078,0.9519737291155532,-0.8143352877234978,0.4661850807226512,-0.5675572293611645,-0.22117630014377432,-0.6586967909417365,0.4776969714307049
1050,1.1887602726972286,-0.8786804132426876,-0.5191656387562035,-1.7447757234543881,0.02672672402610986,0.95794355755036,-0.8146924477992374,0.45550050775595924,-0.567622582736203,-0.22753275977901924,-0.6537745717174949,0.47367949133381176
1051,1.1943624114213425,-0.8821994404024551,-0.5207950749582785,-1.6736773109993133,0.027328592171014847,0.9652198139115609,-0.8121841998284219,0.4507979525729207,-0.5675687880050219,-0.23523157613877274,-0.6459227880787577,0.47211510390166767
1052,1.1997371167533466,-0.8826393585713843,-0.5202978838953465,-1.5204034395072714,0.02726065840205255,0.9714708616678643,-0.8066155542885233,0.45148890565388483,-0.5675980838794333,-0.24163268580578132,-0.6350170175510601,0.47228508646541095
1053,1.202456923051949,-0.8793743468638846,-0.5200661540247654,-1.3036491349769126,0.025497132437996978,0.9731809967356438,-0.8010799373483828,0.453520125150586,-0.5677188686861744,-0.24301847408300464,-0.624178930956836,0.4730645477601987
1054,1.2019965242965822,-0.8730155578885572,-0.5212076308551481,-1.0350967308350265,0.0237594855972333,0.9688087516402168,-0.7986480303691644,0.45402735990254495,-0.5676499555304693,-0.2379735230951836,-0.6164977377818796,0.47353200578330784
1055,1.1984212681482744,-0.8675839604427872,-0.5212200699544037,-0.706509576454628,0.02630945664441999,0.9623243029695883,-0.7990426150041101,0.45356072889193155,-0.5671793791176508,-0.23149918893308882,-0.6116612812733678,0.473343660769694
1056,1.1927763224823167,-0.8674604083447073,-0.5172095612760383,-0.30877691434703025,0.0359095625617449,0.9584551710808044,-0.8001147598390664,0.45321451008610997,-0.5669023503820679,-0.22936142059954828,-0.6074558975331084,0.4723178752455163
1057,1.1875731190661836,-0.8727534668635365,-0.5106037920686795,0.11902464085036299,0.04777644200761234,0.9583448174918522,-0.8003768819242714,0.4532811924232302,-0.5678262064227206,-0.23093830559461762,-0.6023880375869876,0.4714631138359373
1058,1.185155436609087,-0.8797568529532959,-0.5066893270822102,0.4947905953517119,0.054990509047357666,0.9599363953456601,-0.800123121693212,0.4533373245456909,-0.5697536985963333,-0.22990402766452633,-0.5969002858118363,0.4728505172787747
1059,1.1854044503044345,-0.8854163357996219,-0.5093973854635631,0.7482731154911407,0.055353900775228934,0.9612501637338754,-0.7999123813081943,0.4530988769525783,-0.5694160907243365,-0.2215729206699547,-0.5917002744494017,0.4777585544375805
1060,1.1869510623871011,-0.8901934497602364,-0.5159910026793927,0.8690147699251438,0.053519494821013903,0.9611541178160022,-0.799919694901847,0.45301788705609686,-0.563307949113687,-0.20949121507914537,-0.5866941653885939,0.4837534635829701
1061,1.1883290369782822,-0.8955007854545188,-0.5219466951650013,0.8636244700835932,0.05393436303074238,0.9587716784438858,-0.7999996029708596,0.45372565949606947,-0.5522788635283041,-0.19942601831688545,-0.5811189682899013,0.48741815130931215
1062,1.1878563687193264,-0.901389071682972,-0.526073031848765,0.7541790999894202,0.05503278004924373,0.9540278705121092,-0.8000287030919909,0.45470918688499573,-0.540929502399792,-0.193698217808472,-0.5747085634444906,0.48767697228128803
1063,1.1839858708683302,-0.9060550536461539,-0.5317146692371844,0.5838112666820638,0.05234609961468923,0.9479389390673703,-0.8000135182361643,0.4538976806310877,-0.5331008824852973,-0.18993716811561406,-0.5693051481050028,0.4866417929530035
1064,1.177971057237114,-0.9078701392191163,-0.5417605300165841,0.3946476119362133,0.04358882052903246,0.9416060181403071,-0.7999931382869201,0.4495895000058592,-0.5286604771830709,-0.18569103166547998,-0.567210085169492,0.48635130306430663
1065,1.1733821634807342,-0.907466206816262,-0.5533601868444757,0.2103300285024091,0.03158131611347547,0.9361795950325084,-0.7999883927301872,0.4436172376702289,-0.5263699062837671,-0.1803819633848802,-0.568007747562285,0.48662747239443627
1066,1.172710999981679,-0.9064806572257307,-0.5611197833569114,0.046219565057795425,0.01972276400002896,0.932828029154752,-0.7999975189014527,0.439380148009892,-0.5255886030845716,-0.17427067772116078,-0.5679209919628991,0.48630965909584895
1067,1.1735923534655903,-0.9060715776664683,-0.562441537998754,-0.08799306562205869,0.009277672016329027,0.9320377663692188,-0.800014974605115,0.43862873011895936,-0.5265305012079607,-0.16803543100531204,-0.5637692032510001,0.4852746712767002
1068,1.1724303440913961,-0.9063789283093291,-0.5606346331260087,-0.19446568666406247,-0.00013093628309361982,0.9328605007496444,-0.800019894707032,0.4396296868350129,-0.529464120357809,-0.16322473765536566,-0.5575590556349661,0.4855914029853638
1069,1.1678375012678206,-0.9073394802395066,-0.5595119750273112,-0.2769296637042123,-0.009173889287913427,0.934158723440275,-0.7999857810210524,0.4403318588519682,-0.5345668431588336,-0.16132909571828144,-0.5533320435424842,0.48935005443708
1070,1.1613713999851742,-0.907936108215612,-0.5597772681813887,-0.34008944063918317,-0.01948610682443412,0.9346942372237311,-0.7999312255945825,0.440251826249854,-0.5419705155365195,-0.16168806095096336,-0.5528907747545008,0.49536654196675406
1071,1.1547463815239007,-0.906492006756892,-0.5599836848882849,-0.3893222825902323,-0.0328660889168867,0.9331593064223709,-0.7999582013086969,0.4399905503131208,-0.5515582426921868,-0.16215353102093413,-0.5538895612388662,0.5001921437304031
1072,1.1493212382848277,-0.902067630419989,-0.5593144683905077,-0.4285644331478383,-0.048892685280636054,0.9288438310059512,-0.8001484376470666,0.4399843054862006,-0.5626107053767707,-0.16144272935662926,-0.5538198376650187,0.5014610307155086
1073,1.1462901518094208,-0.8962329884930256,-0.5592035158086701,-0.4568882244134936,-0.06446971863325339,0.9230409337336714,-0.8002738497712704,0.4400462179517095,-0.5742964096335231,-0.16126599423705457,-0.5531979755408477,0.5005799487190229
1074,1.145939585422337,-0.8910063530706069,-0.561492709120623,-0.47251528699834805,-0.07685618648529738,0.9174144062495639,-0.7999205239066298,0.4398769690490609,-0.5854073211268745,-0.1638708540541579,-0.5543587872113357,0.4996926648856391
1075,1.14657433359459,-0.8864833123718904,-0.5664511488491198,-0.4778534244860026,-0.08663252351812013,0.9124195649637971,-0.799129025084517,0.43962579883392494,-0.5944249039612777,-0.16927649988961593,-0.5586750735651139,0.49965642873641447
1076,1.1463929674503315,-0.8807302835297617,-0.5726880460808671,-0.4797284632386841,-0.09569400436671743,0.9072363200513589,-0.799230260362039,0.43991534935444115,-0.6004148567897493,-0.17515036978956527,-0.5647332347501021,0.49997071881549354
1077,1.1457785210180311,-0.8721285190537794,-0.5788290457086941,-0.4839715908736756,-0.1054170457811079,0.9013095663198573,-0.8017099102736223,0.4410388643911872,-0.6049855683005188,-0.179673216089732,-0.5706952285649478,0.5001466577244836
1078,1.1467254228335437,-0.8612953931097606,-0.5840199383408177,-0.48986686019792564,-0.11618240705711148,0.8958539823498771,-0.8066980051026237,0.4413782913245166,-0.6104201904230188,-0.18442325648177615,-0.5759357345773856,0.50011107626032
1079,1.1506188148421166,-0.8496026028732289,-0.5875833141633915,-0.4945027617731429,-0.1280956076615152,0.8926630814468842,-0.8131105275506391,0.4387023224253505,-0.6187382411272626,-0.1920915289028848,-0.5809154808620912,0.4999324461458776
1080,1.1564424169751222,-0.838357420202993,-0.5889164303192578,-0.496029998776443,-0.139390999024771,0.892259687324738,-0.8197291486489845,0.4329480423466105,-0.6315986542764737,-0.20303893225499625,-0.5860440996024033,0.49976173459944806
1081,1.1626396270800026,-0.8287621743190952,-0.5875368469460794,-0.49431663203901216,-0.14711003237576156,0.8931147820067223,-0.8249318266208987,0.4275534687933831,-0.6501670757135053,-0.21386371673248414,-0.5913360762949847,0.4998828926863682
1082,1.1681941973945207,-0.8218302784568235,-0.5831761061418154,-0.4895745867831562,-0.15039871866735427,0.8936540081608257,-0.827036310318677,0.42579270690002036,-0.6719700180922868,-0.22126074165012857,-0.5966965828038907,0.5004884492886909
1083,1.1727325537552256,-0.816947560865489,-0.5774081043895631,-0.48372027525122496,-0.15500012422753578,0.893582799656869,-0.8264514830681561,0.4265671088603615,-0.6928332557171766,-0.22590266961819033,-0.6020200405858978,0.5008318298218475
1084,1.1757847411334597,-0.8126338937209869,-0.5727861677810855,-0.47957491390904333,-0.16765252391711252,0.8932881510810887,-0.826362328347791,0.4264514327846417,-0.7100614048177579,-0.23057746235843024,-0.6071866040605124,0.4996670172141388
1085,1.1760157170943633,-0.8078095212692358,-0.5710957683167834,-0.4787215584761375,-0.18857845873877674,0.8930989702407607,-0.8296209797595571,0.4230674719926993,-0.7244030135545066,-0.23666292571870665,-0.6121388315621813,0.4960610743681407
1086,1.1717573709889701,-0.8024238251874592,-0.5721646369418198,-0.4796022486815718,-0.21146711622674175,0.8931818077842871,-0.8354020665667428,0.41672982899002897,-0.7370242706923162,-0.2419340644694684,-0.6172637255677623,0.489881650452429
1087,1.1626473906547146,-0.7966158986799816,-0.5755110561600103,-0.48025940875508294,-0.23066803601030778,0.8936429126415827,-0.8413378826237782,0.40816386850308023,-0.7480350847893085,-0.24381125345833765,-0.6231541952291999,0.48116178387536956
1088,1.1508540055475527,-0.7910209646498003,-0.5805559025361612,-0.4801729409313235,-0.2454471282691202,0.894010535598061,-0.8491791244053345,0.39798420839859733,-0.7567115335599798,-0.24307047059348028,-0.6324847135767804,0.470613475417738
1089,1.1387674841182198,-0.7866805395578154,-0.5866402843695879,-0.47999993569750077,-0.25664919120704,0.8933395896743991,-0.8688820586954136,0.38671477304972113,-0.7627157491052313,-0.24323568470160084,-0.6520696751157719,0.45950474586618323
1090,1.1279710074875287,-0.7845293977567188,-0.5937255127166065,-0.4801994173589963,-0.26426795852172946,0.8914370991686924,-0.91041650981692,0.3750935800993904,-0.7673756804896598,-0.2469562844586511,-0.6887891192267267,0.4488408726173703
1091,1.1195171924338871,-0.7850215753939543,-0.6042941662849647,-0.48028790259843923,-0.26695463994376684,0.8912124984522518,-0.9725985253623192,0.3647365163446824,-0.7724082844042162,-0.25301204756042206,-0.7445810308187693,0.43849675351093786
1092,1.113824341128827,-0.7884570126864913,-0.6213997712691618,-0.4795781806497539,-0.26368179383729434,0.8962625650355345,-1.0470377192363036,0.35742131309461017,-0.7781338636472578,-0.2592352195370703,-0.8181907931255364,0.42807037866145703
1093,1.1092728812946713,-0.7939823992068805,-0.6457037011248162,-0.4786226216580484,-0.25736127547866167,0.9066995182392531,-1.1300290894107952,0.3527780388057613,-0.7830444663712748,-0.2645944068766022,-0.9112203980261266,0.41748751248016286
1094,1.1039106279412325,-0.79930531187326,-0.6748822216175616,-0.4795204378370928,-0.2529767389672256,0.9182872842131554,-1.2325422215071975,0.3477567471015992,-0.7856602074547409,-0.2694762525993244,-1.0341572910492847,0.40708294075848034
1095,1.0978907740284478,-0.8022630557573472,-0.7064361385288405,-0.4839247883035345,-0.25306302588651985,0.9269901193078757,-1.3671752637743433,0.3396182013271476,-0.7856206104353,-0.2743391677264045,-1.1983607046505789,0.39708230610340933
1096,1.0936010594727659,-0.8021504541759353,-0.7379469378553,-0.4898926466342142,-0.25390666007968593,0.9319076370361777,-1.5216380420894133,0.3287949866655749,-0.7830676284755915,-0.2795265729042237,-1.3976724509918803,0.38681860950066155
1097,1.092859684539184,-0.7988626274457922,-0.7670047180721258,-0.49403483136662396,-0.2511024014993137,0.9334206672807442,-1.6597361561324162,0.3170064899731515,-0.778406824106432,-0.28532980522790585,-1.6091095691211024,0.3752752418987091
1098,1.0936591508695896,-0.7932304519390042,-0.7883912848910006,-0.49471733775236304,-0.2450272318070438,0.9327472743005496,-1.7480264525933735,0.30573675448036275,-0.7726205829308171,-0.2914175941824476,-1.807928703546431,0.36295795799686426
1099,1.09267189505163,-0.7878784056293497,-0.7914956406321965,-0.49368463811426655,-0.24004784692689804,0.9327061583860932,-1.7708600191238701,0.296010760366224,-0.7667382175455647,-0.29626336656971825,-1.9642115438280696,0.3532978408328429
1100,1.088313110860839,-0.7853939808738395,-0.765941072679847,-0.49293301502087294,-0.23930504126488886,0.9359883971735206,-1.7181331342445547,0.28870293224968824,-0.7613497521024142,-0.2983729336498329,-2.0468053113193263,0.34963241755411606
1101,1.0819979204383996,-0.7856406282416732,-0.7109368524456054,-0.49297296236308624,-0.24027268468598023,0.9417812239930715,-1.5906681319698215,0.28357038209923696,-0.7567132805021987,-0.29815520200145923,-2.039653442535964,0.35047952152507666
1102,1.0754023095107361,-0.7867566785177041,-0.6317643207865369,-0.4933739026930369,-0.2390020706814374,0.9470529750036526,-1.4048554157430748,0.27966241668799935,-0.752681745645313,-0.2972242417567768,-1.9482116040634263,0.3513049064913969
1103,1.0698426047688299,-0.7872793344792971,-0.5344429461436783,-0.49371209799697896,-0.23416036171808371,0.9493936210696576,-1.1769071882840638,0.27583930657614997,-0.7475689769970719,-0.2968253290756916,-1.7788601356498874,0.34861122615128287
1104,1.0664242296487165,-0.7870386012418162,-0.4269391390366845,-0.49362980249162064,-0.22783512683676987,0.9483853600235012,-0.9125717935509028,0.2704219691800295,-0.7393797490123089,-0.2970271699938407,-1.5324663274357686,0.3421930030271832
1105,1.0656495420167296,-0.7861427192273125,-0.3175759406571339,-0.49283043329025,-0.222081886741818,0.94406011912542,-0.6128188580085344,0.2617462935355242,-0.7284131182829798,-0.2976568208518278,-1.2074110367198077,0.3325226419484826
1106,1.0662984203035137,-0.7854391480586644,-0.2144349261364053,-0.4920748576890077,-0.2170839301249119,0.93804421386904,-0.28719481221948634,0.25068546635735994,-0.717842926721401,-0.2981198223855319,-0.8121563231401282,0.32129058717584347
1107,1.0668893137475786,-0.7864910421861224,-0.12536388878571314,-0.4931477416424332,-0.2122139210344724,0.9335076093314673,0.03631899450405031,0.24056922692574456,-0.7105287575254492,-0.2974136137317122,-0.3767967548353182,0.31136656040147126
1108,1.066892362000246,-0.7904349132861427,-0.05681432626086116,-0.4973184368391598,-0.20709341158968989,0.9327646560626014,0.3272789930395178,0.23401072604605402,-0.7058577885554267,-0.29459062640618877,0.06480452261787178,0.30491747004490893
1109,1.06667925041789,-0.796168158854257,-0.008428193040304281,-0.50311973756864,-0.20186772854960705,0.9336174435969137,0.5541947256916893,0.22960979774417803,-0.7017382438944677,-0.2890554795751132,0.46624294820982437,0.30042164592210924
1110,1.0665890618626672,-0.8019214798990335,0.02220764114957407,-0.5082822815342487,-0.19672906311202887,0.9325240039881799,0.6848514777310674,0.22477298615836075,-0.6968189248860641,-0.280345682391689,0.7724110558808064,0.29526768285999433
1111,1.066624133981521,-0.806956508107922,0.035829053943621715,-0.512466503436391,-0.19163403731913156,0.9279917760943843,0.6981861584696463,0.21884334280518944,-0.6913213559867841,-0.26932017677885844,0.9395974279722548,0.28899452353281524
1112,1.0666835366985588,-0.8120586297484231,0.03069250673690594,-0.5181849794935646,-0.18637602834550515,0.9215573068332,0.6100365567083619,0.21402612772084317,-0.685666214140775,-0.2587906524460821,0.9623303986476357,0.2843192904046094
1113,1.0667039983912576,-0.81792606131019,0.005764523103612496,-0.5276650816239085,-0.18090871493360808,0.9149503028004897,0.44420323912762993,0.21238385740257842,-0.68027311197574,-0.2513506775599653,0.844420711938858,0.28364334385247797
1114,1.0666799142014707,-0.8235506922798083,-0.03259294922889244,-0.5389482617987803,-0.17574278628309523,0.9094871741596081,0.23299923648267404,0.2129445642053446,-0.6755608841699152,-0.24654211707800208,0.6235187174895486,0.2847202397522615
1115,1.0666178628881815,-0.8270986772724238,-0.07443860954287648,-0.548049180338428,-0.17145726052824325,0.9062802276952453,0.01750564061043386,0.2132663269621468,-0.671494322320165,-0.24242493260979533,0.3721304455521367,0.28305462617102567
1116,1.066588709241305,-0.8277405138208441,-0.11405859628260728,-0.5531761997175294,-0.1672840100482894,0.9056955267044011,-0.1663194844097291,0.2123336674330542,-0.6663634408500019,-0.23762243982116785,0.1543771995329717,0.2769550591692456
1117,1.066696374747633,-0.8269635202978403,-0.15549250138611526,-0.5576015336573105,-0.1609900922969142,0.9063902019297275,-0.3112058218882976,0.2124261743283973,-0.6581443201484083,-0.23207308011008476,-0.017451806715691454,0.2711972950452018
1118,1.0669121332357567,-0.8264821552292699,-0.2036753166273223,-0.5650563871966662,-0.150986710341334,0.9068634012350139,-0.41921690217997293,0.21603511029383396,-0.6471731212591433,-0.22594961069290243,-0.14786547747918685,0.27109359843925346
1119,1.0668709540392844,-0.8266206559956326,-0.25681269765488024,-0.5756933334028222,-0.13978794019887025,0.9067775263035498,-0.4954014403639951,0.22206919212153448,-0.6366170246913707,-0.2201546002636597,-0.24294157987209275,0.2766697175069649
1120,1.0662148110962084,-0.8266595258013261,-0.30805811438046055,-0.5869782190900023,-0.13132724178734867,0.9066683146915032,-0.5493689448172838,0.2267474832799518,-0.6292972869118505,-0.21613853001706004,-0.31114557366831463,0.2839824417648674
1121,1.0656129958181817,-0.8262012604841033,-0.35156211427083633,-0.5971035720459834,-0.126673156256478,0.9068742902303155,-0.5903866643463479,0.22752736915992697,-0.6246269346641095,-0.21487086566162042,-0.3607673362098923,0.28991488403551147
1122,1.0666032641626424,-0.826122401500856,-0.38558267246311195,-0.6071667387200055,-0.12198319577264134,0.9069327872122854,-0.6216526464489665,0.226647927495494,-0.6206342965209437,-0.21550795220957508,-0.3969493773562817,0.29473473598822864
1123,1.0703192042495777,-0.8275848646983741,-0.4094141155949874,-0.6188375069820296,-0.11343396849613958,0.9062376727242992,-0.6433524676444736,0.22739139738960706,-0.6159368312677236,-0.2167922646039024,-0.423267095191118,0.29946778145054537
1124,1.0760229060334094,-0.8315529690053045,-0.4251699186434741,-0.6310113983101271,-0.10219862068195752,0.9053764353343066,-0.6565447125729884,0.23146966041194286,-0.6103460564148733,-0.2175172832389713,-0.442524579795847,0.3046142201352876
1125,1.0824697736978526,-0.8387649102214871,-0.43818969315212736,-0.639409158975445,-0.09231609990798485,0.9063025030512576,-0.6643551617718562,0.23879753488792052,-0.6039132676999904,-0.21653485739649556,-0.455770317338319,0.31007279133987653
1126,1.0884406201908006,-0.8494239974651836,-0.45310106136681855,-0.6407965422248934,-0.0862581637736893,0.9105170442829094,-0.6700784337769766,0.24892816345992816,-0.597926535511532,-0.21294680854059755,-0.4638791841030601,0.3156687240611477
1127,1.0927509049520154,-0.8606134779994915,-0.4692246205614977,-0.6392181149651812,-0.08206264906820494,0.916373723823457,-0.6752680009415558,0.259842877494283,-0.594529700340295,-0.20732855399208888,-0.4687739937406321,0.32098505359961604
1128,1.0944291151432108,-0.8682857788818575,-0.4839314936473413,-0.6413668066902942,-0.077134063978963,0.9210736033015494,-0.6801799730078554,0.2689573585923876,-0.5947228318558749,-0.2008011814320814,-0.4731583576767237,0.3255258290772959
1129,1.094108349071744,-0.8703165067731585,-0.4956251806188468,-0.6503320625229454,-0.07134757756700891,0.9227394132882568,-0.6850658203275568,0.2750028632684383,-0.5954314273791158,-0.19457440595301537,-0.47884034031913947,0.32970093596635724
1130,1.093158910055898,-0.8679593154333795,-0.5045263188693974,-0.6628723510657393,-0.06681399177765442,0.9211145052534254,-0.6902712978827915,0.27902085826034856,-0.5928128016921197,-0.19001193414877174,-0.48435597243212186,0.3355100766552409
1131,1.0926450768626652,-0.8628539632752423,-0.5110760751669196,-0.675302777971986,-0.0652053534355149,0.916298883938022,-0.6961294325875766,0.28233843882333526,-0.5867732170396868,-0.18829906083914502,-0.4875671467189201,0.34478591691871685
1132,1.0929379852892962,-0.8570840420186012,-0.5160838387501454,-0.685933975229414,-0.06579675041814634,0.9103348302121651,-0.7020362759636425,0.2868038972665479,-0.5815244051484119,-0.1886638576974581,-0.4879322696748257,0.35605167546967575
1133,1.0942113621426026,-0.8529890107999442,-0.5205720933033822,-0.694233600614988,-0.06717439874512483,0.9063880137108428,-0.7063528287411465,0.29456509648689105,-0.5805916006631309,-0.18920134397781743,-0.4866733724087724,0.36591456195720273
1134,1.0951394649354331,-0.851963778738275,-0.5253585560076364,-0.700114470151313,-0.06802733444588539,0.9060986018218374,-0.7077828547907205,0.3060248576015469,-0.5816768385381952,-0.18882149218258099,-0.48514744918054137,0.37225822149271964
1135,1.0932659770253943,-0.8527928120160893,-0.5306897170163681,-0.7046765908840604,-0.0671906169417533,0.9068667973508343,-0.7072630577579909,0.31676908738525605,-0.580243826903164,-0.1887173199775115,-0.48495843614561046,0.3765469274458213
1136,1.0874280612349079,-0.8538503150969363,-0.5366666767920276,-0.7091863974771909,-0.06371321163970221,0.9054806364227475,-0.7065004473018283,0.32183360218339185,-0.5746467220510566,-0.19030944678427403,-0.48777145217177376,0.3807955438762974
1137,1.0814911556785725,-0.8541729130139927,-0.5424929716838129,-0.7142312830358726,-0.058240194380007715,0.9008199564866143,-0.7064137554058062,0.3213557931550158,-0.5688072749165565,-0.19197965434550981,-0.4934667345920548,0.38588262150815994
1138,1.0804009126759582,-0.8533855401035677,-0.5465749929307133,-0.7197955699205446,-0.05217043686981149,0.8936223666786903,-0.7066243551380641,0.32000386475384174,-0.5668566767903679,-0.18941087029327275,-0.4989898726754633,0.3916775278706945
1139,1.0852083810710877,-0.8516477313580697,-0.5477858394924059,-0.7256750188549798,-0.04655987546728363,0.8852840939229903,-0.7066845739932736,0.3218659415121214,-0.5678373759766364,-0.1798443767757054,-0.5013757396197492,0.3978278687055773
1140,1.0922307261821627,-0.8514043334360384,-0.5471962105260892,-0.7309204442284357,-0.04167745520261108,0.8798417722569488,-0.7066183086395065,0.32775175329888373,-0.5674229841047262,-0.16786506605632356,-0.50096454150042,0.4031514812237399
1141,1.0980395335779394,-0.8556806882476063,-0.5464670305576217,-0.7343867492293161,-0.03760079073443059,0.8819642979222778,-0.7067010796964289,0.3375196091758142,-0.5628386739264479,-0.16000437543338525,-0.49986274531926894,0.40625949178655424
1142,1.1027889618113673,-0.8651844424466607,-0.5463985726259551,-0.7353985681093829,-0.033207467700141935,0.8920002019313776,-0.7069803974122555,0.3492807043389721,-0.5566934123881876,-0.15881585756116468,-0.49953586878235706,0.4067780691184723
1143,1.1080819668034763,-0.8774852563829184,-0.5466258321040973,-0.7339165200436089,-0.026472210113239792,0.9044485871951751,-0.7069295268532784,0.358780845759851,-0.5526357766325388,-0.16146725606100265,-0.4998102575777423,0.40570767099178595
1144,1.114248178050745,-0.8900056396234323,-0.5467492725754561,-0.7300439421520281,-0.016319407388260817,0.9143314554083348,-0.7060272887016747,0.3623113136961357,-0.5520290550895958,-0.1651530356824539,-0.5002610925999921,0.40420181361136753
1145,1.119085916751097,-0.9007221601550432,-0.546721982999065,-0.7245963477507856,-0.005303761348411438,0.9235255551470165,-0.7052352791506261,0.3613746843071197,-0.5537236307885537,-0.17005818899133504,-0.5004630168813883,0.40381850582978795
1146,1.1203850891626423,-0.9078612607297328,-0.5466532685668825,-0.7187032575187606,0.003251763278985309,0.9369219866766626,-0.7067006659123122,0.35977502849170867,-0.5562270511501092,-0.17768606384857955,-0.49999024386574764,0.4062857790092228
1147,1.1194941882247282,-0.9103128425171663,-0.5466224348138744,-0.7131936562377599,0.008530559516490841,0.9552349100584683,-0.7116407993431495,0.3597230133690607,-0.5567658895287656,-0.18824495993020857,-0.49885590316754536,0.41182340829183867
1148,1.1201523272099232,-0.9083522232813298,-0.5466445672192397,-0.7082649394763056,0.012671767742864102,0.9704131601416772,-0.7175384177381239,0.3600747108137901,-0.5521193147373659,-0.19922190379810525,-0.49877537466815314,0.41749472557640316
1149,1.1247094523246681,-0.9022020393744663,-0.5467202635222455,-0.7039590104736452,0.017623369546375306,0.9736695419851994,-0.721047398294777,0.3594419628291574,-0.5417789347373424,-0.2079090657478969,-0.5018016165841107,0.42020956258141356
1150,1.130725200742117,-0.8892061018543742,-0.5467684920844377,-0.6993497030000921,0.023061011775918027,0.9608459112782902,-0.7212566636564091,0.35868406529255237,-0.5302215389299523,-0.21346324443766926,-0.5075950557189702,0.41996180703860336
1151,1.1348322814107035,-0.8647279799802472,-0.5466520936309811,-0.6928450217884884,0.027776008101527593,0.9309685480804715,-0.7201403603130438,0.36020615485529045,-0.5220556056676486,-0.21632379477966832,-0.5129812688332192,0.41886683401733954
1152,1.1356023360075715,-0.824951507355054,-0.5463693212951124,-0.6834886784529685,0.030266444480493784,0.8830747738139972,-0.719564396739069,0.36525526529506824,-0.5173172316999276,-0.21612010892491432,-0.5151587049795194,0.4185362199084047
1153,1.1337099619781152,-0.7689164641631507,-0.5463721728411512,-0.6724808714891501,0.02848747016806798,0.8160301448635,-0.71970877193347,0.37112804698984786,-0.5131471131769179,-0.20970554468380795,-0.51461360718837,0.4187681852854553
1154,1.1298833022897707,-0.6962897782288712,-0.5471585901989499,-0.6614324790377079,0.0207056233082423,0.7287037409915077,-0.7201164585315566,0.37441060151638356,-0.5076554737910682,-0.19351945029088685,-0.5130734616645889,0.4189983201792867
1155,1.1245502734430661,-0.6076071814565644,-0.5480146490267496,-0.6510298211729151,0.00930822380552344,0.6209492109163504,-0.7203808277620343,0.3744325153931438,-0.5021814820632775,-0.16807381069255684,-0.5120741413839562,0.41900482661502053
1156,1.1180396128889813,-0.5043163978192435,-0.5469543172044878,-0.6409887004001403,-0.0007469669968016067,0.49365371493784826,-0.7201864401168372,0.37340323788894136,-0.4986610943999201,-0.13815569708915187,-0.5128087310408435,0.41892554975096236
1157,1.1114320337801027,-0.3898807434383755,-0.5425441453691988,-0.630979335051612,-0.0064192827970535205,0.3501615036066208,-0.7193454863240555,0.3732359896121701,-0.49792820307962987,-0.10789320835147001,-0.5162702597273647,0.41889144663801364
1158,1.1071312278402423,-0.27840488458055834,-0.5366570768017384,-0.6206740522604265,-0.0105982388115987,0.20680907126702838,-0.7188527259537949,0.3735097628269936,-0.4996563595275183,-0.07676656831225905,-0.521802292750292,0.4189043951839197
1159,1.1072045487488018,-0.18750727821283097,-0.5322566178784903,-0.6097566436052113,-0.017166790402953408,0.08420727327204758,-0.7203819231028223,0.3730400199966953,-0.5034556938204503,-0.042725211716158056,-0.5278002670048205,0.41892322497668294
1160,1.1087741001378841,-0.13092050822864584,-0.5310187503520312,-0.5986215372296829,-0.027205422658931767,-0.0028145153568294662,-0.7247877210255398,0.37197266791245437,-0.5088898917982103,-0.00567656298779185,-0.5331742724084508,0.41892574494282103
1161,1.106007555521574,-0.11613519234723065,-0.5325513630551306,-0.5888038994949761,-0.03904463034973741,-0.04871271519373789,-0.7306980515000896,0.37259021656193375,-0.5154984265456632,0.031327073627809135,-0.5382502490836811,0.41892028156256167
1162,1.0959456800321845,-0.14874820914290354,-0.5362697321570544,-0.5817253920999101,-0.05093714647173584,-0.04988056944694753,-0.736438253767362,0.37692839608842466,-0.5221467198096423,0.06529796113483056,-0.5435552782690289,0.41891697555258
1163,1.0841904117324683,-0.2223647827667487,-0.5415339287420698,-0.576858134685934,-0.061327187397228644,-0.012618108472598274,-0.7415422672739296,0.383063421443813,-0.5265164755392309,0.09638529670476526,-0.5490027082009955,0.41891751941794847
1164,1.0776491033658298,-0.32423919998382045,-0.5476742932374951,-0.5726426539575608,-0.06874864415595308,0.05153169858966179,-0.7465807034073,0.38697987094615177,-0.5266085739024234,0.1263959671043052,-0.5539794601144711,0.41891913283605603
1165,1.0775962580153016,-0.44188432316334064,-0.553833544252383,-0.5679098417169284,-0.07345841765088157,0.1327036887814038,-0.7519551177704408,0.3868047321269868,-0.5251162434147024,0.15566385738789376,-0.5582658852784086,0.41891977489272303
1166,1.079853516661823,-0.5636060349421315,-0.558685112399568,-0.5624920085251454,-0.07836931412724057,0.2253553545311315,-0.7572152939102272,0.38607931017285707,-0.5275732009003952,0.18079524338633754,-0.563367623675981,0.41891935914298617
1167,1.0807546918622881,-0.6777091425832618,-0.560927221335394,-0.5564285518595783,-0.08627358374020325,0.32426885800196764,-0.761718635586617,0.3889038080838607,-0.5370430915442563,0.19779448628593907,-0.5711934256883656,0.4189181566843879
1168,1.0803644108036081,-0.7704879751486043,-0.5608419452236453,-0.5506207282802101,-0.09693537777331043,0.4186599465254338,-0.7659843739291184,0.3948898770421367,-0.548989941520556,0.20221384543979978,-0.5817966059564764,0.41891735997532453
1169,1.0799162824896065,-0.826599324664881,-0.5600014064676452,-0.5466717796587925,-0.10855841801753197,0.49321051551943834,-0.772008618615715,0.39999323710271695,-0.5576570083894925,0.18923734268663572,-0.592871906824035,0.41891891192377234
1170,1.0799733685775608,-0.8376047603635612,-0.5596849495193242,-0.5456339802619072,-0.11966707704801877,0.5383629802501319,-0.7813916982531388,0.4012338653163146,-0.5622395017929231,0.15634841532648236,-0.6024993271699959,0.4189231145662727
1171,1.080049012636092,-0.8230485052994295,-0.5598424100354245,-0.54625980098907,-0.1296108024852075,0.56827619476065,-0.7924642963800963,0.40034348882658793,-0.5669250331254923,0.11032848511828681,-0.6123379482020177,0.4189235777372086
1172,1.0796756193309982,-0.809105233546943,-0.5600929767877606,-0.5467577352268069,-0.13785826145504188,0.6027198415358698,-0.8022321871414113,0.40016907594031814,-0.5752936517301908,0.060204041769637555,-0.6254843145072444,0.41891269312107887
1173,1.0793848361716558,-0.8075766465658206,-0.5601893630753313,-0.5465512237220527,-0.14377814242512116,0.6489742546177452,-0.808844145481492,0.4010952055041172,-0.5864507780958023,0.011700084028182671,-0.6423435660702266,0.4188992156244695
1174,1.0802390719538368,-0.8124257655768289,-0.5600500030574193,-0.5465716108438977,-0.14665751454947462,0.698818904085397,-0.8126297775732566,0.40045031903115175,-0.5980106497877156,-0.033555957985164184,-0.6581951631537235,0.4189122089859214
1175,1.083265418377419,-0.8173982420486354,-0.5596759999443305,-0.5475219256180045,-0.1464478514592598,0.7442235263670411,-0.8141702455903004,0.3960303368261358,-0.6086255761483071,-0.07437039808845869,-0.6682270745149848,0.41896798265386803
1176,1.0893867778384612,-0.8221232588077179,-0.5595441883389337,-0.5479855185374735,-0.14583489060306745,0.7847637913749279,-0.8141279186345074,0.3899584118716064,-0.6186926745807758,-0.11072223021867207,-0.6729249357114107,0.4189906423296795
1177,1.0993490049613281,-0.8285985626394299,-0.5603143977386436,-0.5457054321552076,-0.14812756634434973,0.8230764037749427,-0.8132154982737546,0.3860855384268273,-0.6287512980636326,-0.14306165063513662,-0.6760497417358413,0.4188685487510489
1178,1.111024140979456,-0.8378985294748719,-0.5616012088114086,-0.5402403536082384,-0.1537203059968279,0.8604989688720982,-0.8122689791880894,0.3859669953516179,-0.6390918774163109,-0.17155349974218947,-0.6804501564568602,0.41866100423342945
1179,1.1198014513155183,-0.8493217681534352,-0.5610223738703174,-0.5346203383015998,-0.15927877358390322,0.8958721954740286,-0.8124808931982097,0.3867652866767151,-0.6498604020193539,-0.19581523110290625,-0.6861792099745825,0.41875390646217614
1180,1.1222998207455837,-0.8618559448035797,-0.556367220766295,-0.5319824839214441,-0.16170733773359564,0.9277501187733459,-0.815050189867612,0.3853270660982304,-0.6609088281590075,-0.21549350439455753,-0.6927455074554149,0.4194671079380255
1181,1.1209691213385895,-0.8732382098945538,-0.5498854254004772,-0.5322717714034126,-0.16125534794697133,0.9546228099141129,-0.8200212967491497,0.380507989328251,-0.671246123898649,-0.2312570324781134,-0.6988855954823217,0.41996343394417723
1182,1.1198233347427822,-0.8804190056085981,-0.5466349447182394,-0.533422821152845,-0.1595894624405168,0.9749406987639619,-0.8263764956646392,0.3724295527081154,-0.6797512850387399,-0.24441810908250441,-0.7026257364505653,0.41867729450280694
1183,1.1203102459576566,-0.8818436699858653,-0.5497655871071804,-0.5338648304910824,-0.15833385444776393,0.9881444041311356,-0.8329629584075775,0.36180651597004315,-0.6857592321331234,-0.25598247148220565,-0.702798496134367,0.41463111220913546
1184,1.120302087937477,-0.8805014879625893,-0.5565421641672287,-0.5336127010629911,-0.15901607543262838,0.9966617038916322,-0.838192521982721,0.3510826752535117,-0.6890450171177229,-0.26600133808752424,-0.702030019909466,0.40865437556370743
1185,1.11803565108531,-0.8800794749946224,-0.563233468550395,-0.5329911013236976,-0.16294219897445658,1.0033884533807524,-0.8403987605281504,0.342920339313719,-0.6896812850080296,-0.27433126686764625,-0.7039610475103012,0.4019260214881015
1186,1.1166762136580637,-0.8809268093036402,-0.5684443677485472,-0.532585573480071,-0.1688071316879395,1.0092283096287245,-0.8399004176710549,0.33770109206608684,-0.6891776694563398,-0.2804954953089178,-0.7094018358326272,0.3958456738939026
1187,1.1216977560286634,-0.8801784266173754,-0.5730293030022126,-0.5332328737555951,-0.17353578657526264,1.0131664992573217,-0.8397243175312318,0.3336102441560462,-0.6895019976744301,-0.2836962827358171,-0.7153013340810637,0.3920254719986766
1188,1.1354546854126883,-0.8757184743546899,-0.5778133497029272,-0.5351626747537828,-0.17589568496779515,1.0144463207645482,-0.842652902052724,0.32902843920304475,-0.6924842588670779,-0.28369052340768797,-0.718631595020994,0.3914679389116697
1189,1.1531293294601446,-0.8697238097948728,-0.583032759230418,-0.5355923380662143,-0.1808879355301315,1.0139503970704713,-0.8482879339362919,0.32372450600447,-0.6997327963036676,-0.28300529029947186,-0.718542496218099,0.3921585923497527
1190,1.1687610115305473,-0.8656411486917125,-0.5887353979716963,-0.5308830699324755,-0.19471246651819132,1.013052111912949,-0.8548324262924352,0.3178628161398956,-0.7125026390330592,-0.2849628253202065,-0.7151488894198292,0.3911905743202309
1191,1.1742338599156634,-0.8649541109631501,-0.5944971382518762,-0.520597436365723,-0.221142139535935,1.012678976960822,-0.8608226692439357,0.3101843475024144,-0.7288761185821783,-0.290350175098894,-0.7094056017066085,0.38704232316555576
1192,1.1597711184603303,-0.8662607168323248,-0.5992002306984884,-0.509003329503898,-0.2613671936757445,1.013103035284344,-0.8654896551016792,0.2973379831616967,-0.7451786752370769,-0.29622814084480076,-0.703978336398585,0.380228554848266
1193,1.1178656952097838,-0.8679301180673641,-0.6017602155185069,-0.5003176567579006,-0.3156302799862243,1.0143531995174893,-0.8681748199696685,0.2764274628178492,-0.7573261660568978,-0.2996194331560097,-0.701507563857753,0.37139186004046865
1194,1.0500330413703978,-0.8683459879647099,-0.6018090757944506,-0.4953088416620435,-0.37959192668133757,1.0149184173978445,-0.8685272915356529,0.2495792341508493,-0.7601599499819234,-0.299644159246312,-0.7017946263118775,0.36089305229330426
1195,0.9599384893221641,-0.8659049624693432,-0.5993267682840127,-0.4930775071925089,-0.44732993554155104,1.0125505089236477,-0.8664007373958049,0.22134788339381362,-0.7485183577899833,-0.29643972316152223,-0.7027549130531866,0.3489601328094221
1196,0.8494754444528109,-0.8603985853493054,-0.5946480256769507,-0.49268748889416647,-0.5132064639888538,1.0067812920296946,-0.8619458397720015,0.19610470782304681,-0.7208465683261477,-0.2908531500821066,-0.7028934415492273,0.33663161345913845
1197,0.7183361463189057,-0.8547998944106404,-0.588911627708381,-0.49314350122426626,-0.5720626347068487,1.0012135907365631,-0.8562365022585973,0.17776684615426416,-0.6789237615752384,-0.285334941075059,-0.7026779459641662,0.32679669796284216
1198,0.5676613187680166,-0.8522888051122938,-0.5833077885040897,-0.4934905622311034,-0.6184442584615069,0.9996617875876345,-0.8504966791746392,0.16981190829912376,-0.624087632371367,-0.28240293189211124,-0.7029152213689457,0.32235291408273115
1199,0.4093905290331825,-0.8526914412485471,-0.5781669915154685,-0.49346724972980327,-0.6435944992201813,1.00088869680717,-0.8452516047161354,0.17033403385525644,-0.5549066779623544,-0.2823565849243549,-0.7033770585774526,0.3226452172440232
1200,0.2599569528320589,-0.8533296922282677,-0.5731777647836138,-0.493330018034791,-0.6369093604402133,0.9998852072196915,-0.8403371257475694,0.1734075854297899,-0.4691947500247677,-0.28383891038797415,-0.7028140686788751,0.3243658931045452
1201,0.1346886143958049,-0.8524919926815897,-0.5680833698412416,-0.49328548588730065,-0.5917644996539515,0.993746941082384,-0.8355212340521435,0.1744049632733257,-0.37002303610427045,-0.2853787639698848,-0.7000492251604704,0.3249242582186201
1202,0.04664293792970163,-0.8522091263829531,-0.5628827415484647,-0.49331330692597414,-0.5123498455228219,0.9875717276560264,-0.8303812583832151,0.17378186088278633,-0.26853687585861347,-0.2852337843053424,-0.6944769374955571,0.32457542488474794
1203,0.007893165108327627,-0.8552574012182041,-0.557633679614519,-0.4933428251417772,-0.4048932027717101,0.9880436019802926,-0.8244550983621706,0.17312074714626485,-0.17585319378448772,-0.28168662627754304,-0.685693301094079,0.3242053115455084
1204,0.021518989430180782,-0.8612695400805177,-0.5524123376497363,-0.49334427572715195,-0.27988312006941574,0.9948914409203579,-0.8182807690738582,0.17308825866783886,-0.09666299156957184,-0.2755710896169211,-0.6746173225661988,0.3241871234246423
1205,0.08442258435546955,-0.8663002353363385,-0.5473157596868614,-0.4933344362672227,-0.15158104836571978,0.9999277556873353,-0.8138609713542575,0.17330863113759182,-0.03225800366178118,-0.27062468881359036,-0.6641053293706998,0.32431049521964556
1206,0.1904612226445657,-0.8671427061911624,-0.5423820077731806,-0.4933299268479625,-0.03379723024053172,0.9964596888160403,-0.8128864251483074,0.17340962772344568,0.016004698882968196,-0.2698392725799653,-0.6567631377286841,0.32436703643158626
1207,0.32347811730171616,-0.866125037453809,-0.537292447154923,-0.49333143678312275,0.0622761394726318,0.9892133849451489,-0.8136627056966144,0.1733758099994222,0.04651589647538319,-0.27084673451791275,-0.6520000419497363,0.32434810414442833
1208,0.46529404207369573,-0.867575085157759,-0.5316060676295531,-0.4933338287660819,0.1263216206188173,0.9870402164092699,-0.8128954676219136,0.17332223722245194,0.05775853252299108,-0.2693434477956297,-0.6477117903947165,0.3243181123730428
1209,0.6010710501947157,-0.872968135085231,-0.5256153007362879,-0.49333419322906935,0.1543014560570461,0.9928634694202908,-0.8087268234301307,0.17331407441582844,0.05069349058161361,-0.2638773946751165,-0.6425921952113064,0.32431354263020123
1210,0.7196745246924381,-0.8787962512509111,-0.5208927935978059,-0.4933335237337141,0.15089730692184009,0.9992505998369657,-0.8024884448374343,0.1733290689730486,0.02847476753207196,-0.2579779295768179,-0.6371154478767546,0.32432193704369056
1211,0.8116117903937838,-0.8814282736529765,-0.5189381323987577,-0.4933331020678378,0.12238198070275423,0.9986068826843516,-0.795905042001147,0.17333851294164257,-0.0050925618066572365,-0.2552971669567897,-0.6319336873929509,0.3243272238531657
1212,0.8760049891037597,-0.8810177977281494,-0.519229692135286,-0.4933331658280246,0.08229355426126421,0.9921433346278556,-0.7902619451045544,0.17333708491714406,-0.043529770833890244,-0.2556996813404297,-0.6268994073203994,0.3243264242475589
1213,0.915193798647237,-0.8798983819674467,-0.5200818242246915,-0.4933333510336207,0.04749484952655733,0.9861422528227088,-0.7865310030483291,0.173332936903441,-0.07970239608224808,-0.2568684211020205,-0.621294748133475,0.32432410249713806
1214,0.9359425103373523,-0.8796828473747315,-0.5203052141011462,-0.4933333984752177,0.027715423507252524,0.9847363271685902,-0.7853072971238221,0.17333187436322295,-0.11275017985980043,-0.25716735927028306,-0.6149622085888315,0.3243235086267914
1215,0.9529667761002656,-0.8799387032928765,-0.5201079340888287,-0.4933333556447328,0.01685802489871712,0.9860052219339545,-0.7859251080178717,0.17333283362926036,-0.1510310685222596,-0.25689709627009194,-0.6096955302918974,0.3243240455162735
1216,0.9804716264201894,-0.8799285660869235,-0.519920711179776,-0.4933333186034378,0.007106928108138288,0.9871040459582493,-0.7874325513505186,0.17333366323593877,-0.20221705601945855,-0.25666479972805806,-0.6076021252139925,0.32432450703950255
1217,1.0181475546597574,-0.8796957836098098,-0.5199074263452316,-0.49333331928309365,-0.0037091143245165494,0.9870853334072474,-0.78842192300039,0.1733336480138174,-0.26187439569990006,-0.25667050802888364,-0.6081977307869585,0.32432449575486705
1218,1.0568117843992701,-0.8799733532214863,-0.5199962454232046,-0.4933333329674513,-0.013606345352231687,0.98667768564932,-0.7870032112922479,0.17333334152792254,-0.31946194511508313,-0.25675462697510093,-0.6082558069720021,0.3243243285621836
1219,1.088906819194153,-0.8810653272646126,-0.5201003890426665,-0.49333333808638885,-0.020903166883559365,0.9865190485752016,-0.7819771673382755,0.1733332268800734,-0.36854097053371176,-0.2567799603459659,-0.6050426217127524,0.3243242779656021
1220,1.1121530523800875,-0.881276207403209,-0.5201028688040423,-0.49333333557286607,-0.025370739595299452,0.9865922956261252,-0.775969764389284,0.17333328317495458,-0.413037435072573,-0.2567628841700216,-0.5991706149210676,0.3243243118409514
1221,1.1254005910906344,-0.8784145538480016,-0.5198851496719902,-0.49333333248430744,-0.02713416830010723,0.9867014363503165,-0.7728343918821774,0.17333335234880184,-0.45810058341220355,-0.25676099360536203,-0.5923650403704875,0.3243243162804104
1222,1.130662990483635,-0.872651958801577,-0.5196153188630431,-0.49333333220351167,-0.02701600624475643,0.9867330325455851,-0.7734067381657976,0.17333335863773053,-0.5024825462516639,-0.25678244535160966,-0.5861537844091369,0.32432427456788887
1223,1.133083195607888,-0.8673419810911639,-0.5198474153416761,-0.4933333331649335,-0.02664367619073275,0.9866848147747092,-0.7737744153111896,0.17333333710495216,-0.5395146798393984,-0.25676882284924624,-0.5817530708090383,0.3243243008645962
1224,1.1370880212715393,-0.8655104132831504,-0.5209201981073682,-0.49333333366581716,-0.027283741532211348,0.9865771847016965,-0.770203302822338,0.17333332588675857,-0.5638866919796517,-0.2566794068600249,-0.580143901183789,0.32432447489647553
1225,1.1426857540510118,-0.8661775984414968,-0.5214131871100093,-0.49333333353899567,-0.02771595434644643,0.9865381580335695,-0.7640929106179972,0.1733333287271552,-0.5770498581256881,-0.25663592154454734,-0.5805134775416785,0.32432455962350837
1226,1.1484629476651804,-0.8666080779968793,-0.5191410746595116,-0.49333333329323414,-0.025793363822621772,0.98674152377641,-0.7594613014592618,0.17333333423142774,-0.5823188456704121,-0.25683000271170875,-0.5811344594036376,0.32432418167369786
1227,1.153674546848629,-0.8657133330570108,-0.5136374946004281,-0.49333333324584044,-0.020861553766974756,0.9870970453960634,-0.7585961870244033,0.17333333529289538,-0.5828139040963816,-0.257183003311593,-0.5810098666846631,0.3243234941493689
1228,1.1586457883640022,-0.865846062291,-0.5080180246510646,-0.49333333330978485,-0.014989219757516093,0.9869649605193836,-0.7596196442540732,0.17333333386074518,-0.581381879857424,-0.257053517033772,-0.5808973300243631,0.32432374633289707
1229,1.1637536890486604,-0.8694978723584111,-0.5055635836210196,-0.4933333333553989,-0.010263706820594362,0.9857872481400156,-0.760182061701804,0.17333333283913452,-0.5805748031382734,-0.25588016079520054,-0.5816886802207841,0.3243260316566248
1230,1.1689634977053733,-0.8755020020914115,-0.5060087308594015,-0.49333333335110136,-0.005851807642752876,0.9849001905367945,-0.7599255902427393,0.1733333329353867,-0.5807348693973516,-0.25499499781628976,-0.5824798169889852,0.3243277556812879
1231,1.1740170934047875,-0.8801890639434345,-0.5066619862696289,-0.4933333333324158,0.0008611678672878336,0.9869357305893091,-0.7600173346824414,0.17333333335388337,-0.5811383176546272,-0.25702516955893173,-0.5809916288649583,0.3243238019418848
1232,1.1788698701437685,-0.8811448722842105,-0.5058834499434084,-0.4933333333268015,0.011134032359312712,0.9929613759199618,-0.7610234737026826,0.17333333347962557,-0.5812770411232369,-0.2630514832403719,-0.5759583118222497,0.32431390925786907
1233,1.1840496499949855,-0.8802622649283791,-0.5056626875403687,-0.4933333333307713,0.02213851283377733,0.9987935416112979,-0.7611490174974124,0.17333333339071494,-0.5811731488800775,-0.2689634857274721,-0.569983343410435,0.32431401721664216
1234,1.1901001411464673,-0.8802180167012761,-0.5086190884808146,-0.4933333333346925,0.030431245737969268,0.999348718903912,-0.7581434368247821,0.1733333333028938,-0.5809336461117789,-0.26975162473770375,-0.5664757294372866,0.32434168765679605
1235,1.1961173627959962,-0.8810960045533021,-0.5144207645890836,-0.49333333333479773,0.03550604199141313,0.9940945832613199,-0.7523603672782392,0.1733333333005351,-0.5807892205266653,-0.2646709945128383,-0.5663017588399555,0.32437171439175777
1236,1.199919194888251,-0.8802729499153437,-0.519654500225451,-0.49333333333344404,0.039677278411448635,0.9872505451106522,-0.7471087393123459,0.1733333333308537,-0.5810708961594981,-0.25742926009916817,-0.5674421589355408,0.3243342386103745
1237,1.2001414953378031,-0.8757732796045683,-0.5214667197414635,-0.4933333333328642,0.0448464505801868,0.9823223544194737,-0.7452252039369468,0.17333333334383935,-0.5818322309548797,-0.25133384010452736,-0.5680169607402377,0.3241990758553668
1238,1.1993496323194108,-0.8697750642949799,-0.5207794913904481,-0.49333333333308627,0.05031099998767773,0.9777940963509524,-0.745870468215805,0.1733333333388671,-0.5819479527467941,-0.24642605423199843,-0.5678634615062371,0.3241599810743385
1239,1.2011714060722156,-0.8658103033396009,-0.5197597668965103,-0.4933333333334072,0.05456833409263102,0.9705124106125207,-0.7468918506353679,0.17333333333168036,-0.580004311535056,-0.24166472466139288,-0.5674377107679425,0.32447834787754015
1240,1.2064929844236458,-0.8653191417457533,-0.5195946642415542,-0.4933333333334495,0.05629503454087615,0.9598155248313962,-0.7470699830312448,0.17333333333073234,-0.5754846988110801,-0.23649080165640676,-0.5671576105883387,0.324954314832407
1241,1.2122956789142951,-0.866400810287904,-0.5199057246169664,-0.49333333333335627,0.05443818462255081,0.9490210254917594,-0.7467661406871645,0.17333333333282017,-0.5690795008850084,-0.23111610064854662,-0.5673751757483135,0.32465160338754545
1242,1.215548467185261,-0.8670444896352403,-0.5202022459800992,-0.49333333333330076,0.04811464498025839,0.94140374390746,-0.7464685098159084,0.17333333333406262,-0.5617439916775642,-0.22579731069795972,-0.5682967989503859,0.3228905695922382
1243,1.2155230793756504,-0.8669304237413094,-0.5202430753055463,-0.49333333333331064,0.037691263017303085,0.9366688231625445,-0.7464230491663596,0.17333333333384246,-0.5558064620844386,-0.22057524993175548,-0.5688135886257483,0.321877716406396
1244,1.2126027629519678,-0.8666290473454835,-0.5199192362438392,-0.49333333333333657,0.024177184127477283,0.9326431024881847,-0.7467418471231789,0.17333333333326073,-0.5542203812618912,-0.2153771000937744,-0.5670953803985098,0.32532732077027543
1245,1.2075505920205303,-0.8665394504439079,-0.5193968887690144,-0.4933333333333443,0.012433553311780445,0.9278155365849405,-0.7472663529086042,0.17333333333308779,-0.5581785604960595,-0.21015191576368145,-0.5623375957656306,0.3323984864582431
1246,1.202002936760744,-0.8666141933603446,-0.5195243759754447,-0.49333333333333784,0.016614561997875404,0.9223657428335497,-0.7471468408040327,0.17333333333323206,-0.5648638177344385,-0.20490575280423887,-0.5563876016797753,0.3308736138536517
1247,1.1977210906714804,-0.8667374966596875,-0.5212544466282368,-0.49333333333332724,0.052249667679068544,0.9167320884516291,-0.7454242244277639,0.17333333333347004,-0.5709047039863012,-0.1996533909193843,-0.5515123672759138,0.30679393984156444
1248,1.1964663472516086,-0.8667935809068301,-0.525539849492497,-0.4933333333333224,0.13486832784866623,0.911352940656796,-0.741139417398098,0.1733333333335783,-0.5729297702609205,-0.19440960981305544,-0.5499788616890164,0.24620070130704436
1249,1.2,-0.8666666666666667,-0.5333333333333333,-0.49333333333333335,0.27999999999999997,0.9066666666666666,-0.7333333333333333,0.17333333333333334,-0.5675675675675675,-0.1891891891891892,-0.5540540540540542,0.13513513513513514
